story_id,sent_idx,n_words,sentence
conv_000cdfd292524cb2af708e5da4c2f0ae,0,12,"Mira, who woke one morning to find that her shadow had disappeared."
conv_000cdfd292524cb2af708e5da4c2f0ae,1,26,"She noticed it first while brushing her teeth, the bathroom light casting clear illumination all around her but leaving no dark silhouette on the tiles below."
conv_000cdfd292524cb2af708e5da4c2f0ae,2,11,"She waved her hand, stepped closer to the mirror, even jumped—nothing."
conv_000cdfd292524cb2af708e5da4c2f0ae,3,16,"The absence felt more profound than she expected, like losing a limb she'd never consciously used."
conv_000cdfd292524cb2af708e5da4c2f0ae,4,15,"At breakfast, her coffee sat on the table without the familiar dark pool beside it."
conv_000cdfd292524cb2af708e5da4c2f0ae,5,15,"Her roommate didn't notice at first, chattering about weekend plans while spreading jam on toast."
conv_000cdfd292524cb2af708e5da4c2f0ae,6,25,"But when Mira stood to refill her mug, casting no darkness across the sunny kitchen floor, the jar slipped from her roommate's fingers and shattered."
conv_000cdfd292524cb2af708e5da4c2f0ae,7,13,"Strawberry preserves spread like blood across the linoleum, glittering with shards of glass."
conv_000cdfd292524cb2af708e5da4c2f0ae,8,23,"""Mira, your—where is your—"" Her roommate's voice cracked, unable to finish the sentence, as if naming the absence might make it more real."
conv_000cdfd292524cb2af708e5da4c2f0ae,9,28,"Mira knelt to clean the mess, watching her roommate's shadow bend and stretch across the sticky red pool while her own hands moved through the light like ghosts."
conv_000cdfd292524cb2af708e5da4c2f0ae,10,9,"""I don't know,"" she whispered, gathering glass fragments carefully."
conv_000cdfd292524cb2af708e5da4c2f0ae,11,8,"""It was just gone when I woke up."""
conv_000cdfd292524cb2af708e5da4c2f0ae,12,8,"Her roommate backed against the counter, eyes wide."
conv_000cdfd292524cb2af708e5da4c2f0ae,13,4,"""Should we call someone?"
conv_000cdfd292524cb2af708e5da4c2f0ae,14,2,A doctor?
conv_000cdfd292524cb2af708e5da4c2f0ae,15,2,"The police?"""
conv_000cdfd292524cb2af708e5da4c2f0ae,16,8,Mira laughed—a brittle sound that surprised them both.
conv_000cdfd292524cb2af708e5da4c2f0ae,17,5,"""And tell them what exactly?"
conv_000cdfd292524cb2af708e5da4c2f0ae,18,13,"That I've been robbed of something that shouldn't exist in the first place?"""
conv_000cdfd292524cb2af708e5da4c2f0ae,19,11,She dumped the glass into the trash with a sharp clatter.
conv_000cdfd292524cb2af708e5da4c2f0ae,20,14,"But even as she spoke, Mira felt the wrongness settling deeper into her bones."
conv_000cdfd292524cb2af708e5da4c2f0ae,21,16,"Outside, pedestrians hurried past their ground-floor window, each trailing their faithful dark companions across the sidewalk."
conv_000cdfd292524cb2af708e5da4c2f0ae,22,14,"Mira pressed her palm against the glass, watching her hand remain stubbornly singular, unechoed."
conv_000cdfd292524cb2af708e5da4c2f0ae,23,19,"Then she saw it—across the street, her shadow stood pressed against a brick wall, perfectly still, watching her back."
conv_000cdfd292524cb2af708e5da4c2f0ae,24,9,"It raised one hand in a slow, deliberate wave."
conv_000cdfd292524cb2af708e5da4c2f0ae,25,5,Mira's blood turned to ice.
conv_000cdfd292524cb2af708e5da4c2f0ae,26,8,Her own hand remained frozen against the window.
conv_000cdfd292524cb2af708e5da4c2f0ae,27,19,"The shadow peeled itself from the brick like wet paper, stretching and flowing across the pavement toward their building."
conv_000cdfd292524cb2af708e5da4c2f0ae,28,5,Her roommate grabbed her shoulder.
conv_000cdfd292524cb2af708e5da4c2f0ae,29,17,"""Mira, it's coming—"" But Mira was already moving toward the door, some deep instinct pulling her forward."
conv_000cdfd292524cb2af708e5da4c2f0ae,30,11,"She had to meet it, had to understand what it wanted."
conv_000cdfd292524cb2af708e5da4c2f0ae,31,23,"The shadow slipped through the crack beneath the door before she could turn the handle, pooling on the entryway floor like spilled ink."
conv_000cdfd292524cb2af708e5da4c2f0ae,32,19,"It rose slowly, taking her shape but wrong—taller, sharper at the edges, its form flickering with something almost alive."
conv_000cdfd292524cb2af708e5da4c2f0ae,33,16,"When it spoke, the voice was hers but hollow, as though echoing up from a well."
conv_000cdfd292524cb2af708e5da4c2f0ae,34,5,"""You never listened,"" it said."
conv_000cdfd292524cb2af708e5da4c2f0ae,35,15,"""Always rushing, always bright, never sitting still in the quiet dark where I could rest."""
conv_000cdfd292524cb2af708e5da4c2f0ae,36,17,"Mira's throat tightened as understanding bloomed—all those sleepless nights fueled by caffeine and ambition, the relentless chase"
conv_01d1444f684c48af9cc5978f92742c23,0,16,"Margot Chen, who discovered on her thirty-seventh birthday that she could hear the thoughts of plants."
conv_01d1444f684c48af9cc5978f92742c23,1,27,"It started with the fiddle-leaf fig in her apartment—a persistent whisper that sounded like *thirsty, thirsty, always thirsty* even though she'd watered it just two days prior."
conv_01d1444f684c48af9cc5978f92742c23,2,46,"She'd dismissed it as stress, perhaps the wine she'd had with lunch, but then the spider plant joined in with a chorus of *cramped roots, need space, splitting at the seams* and Margot found herself on her knees, hands trembling as she unpotted the poor thing."
conv_01d1444f684c48af9cc5978f92742c23,3,19,"The roots had indeed wound themselves into a desperate tangle, pale and compressed like thoughts left too long unspoken."
conv_01d1444f684c48af9cc5978f92742c23,4,36,"As she gently teased them apart, transferring the plant to a larger ceramic pot, the relief that flooded through her felt oddly secondhand—as if the gratitude wasn't her own but borrowed from something green and growing."
conv_01d1444f684c48af9cc5978f92742c23,5,33,"The spider plant seemed to sigh, its leaves perking almost imperceptibly, and Margot sat back on her heels, dirt under her fingernails, wondering if she was losing her mind or discovering something impossible."
conv_01d1444f684c48af9cc5978f92742c23,6,29,"The question was answered that evening when she walked past the community garden on Bleecker Street and was overwhelmed by a cacophony of voices—hundreds of them, layered and overlapping."
conv_01d1444f684c48af9cc5978f92742c23,7,9,"The tomato vines pleaded for support, their stems aching."
conv_01d1444f684c48af9cc5978f92742c23,8,13,The basil shrieked about aphids with the urgency of someone being devoured alive.
conv_01d1444f684c48af9cc5978f92742c23,9,24,"Somewhere in the back, an ancient oak rumbled about the construction next door, its foundations disturbed, the vibrations like needles through its deepest roots."
conv_01d1444f684c48af9cc5978f92742c23,10,16,"Margot pressed her palms to her temples, stumbling backward until she collided with the wrought-iron fence."
conv_01d1444f684c48af9cc5978f92742c23,11,6,"A hand steadied her elbow—firm, calloused."
conv_01d1444f684c48af9cc5978f92742c23,12,37,"""First time?"" a voice asked, and Margot looked up into the weathered face of a woman who might have been sixty or eighty, her silver hair twisted into a braid threaded with what looked like living vines."
conv_01d1444f684c48af9cc5978f92742c23,13,1,"""I—what?"""
conv_01d1444f684c48af9cc5978f92742c23,14,21,"Margot managed, though the garden's chorus had softened to a murmur, as if the plants themselves were holding their breath, waiting."
conv_01d1444f684c48af9cc5978f92742c23,15,10,"The woman smiled, revealing a gap between her front teeth."
conv_01d1444f684c48af9cc5978f92742c23,16,16,"""The Listening,"" she said simply, as though it were the most natural thing in the world."
conv_01d1444f684c48af9cc5978f92742c23,17,7,"""Runs in certain bloodlines, skips generations sometimes."
conv_01d1444f684c48af9cc5978f92742c23,18,7,"Your grandmother—she had it too, didn't she?"""
conv_01d1444f684c48af9cc5978f92742c23,19,3,Margot's breath caught.
conv_01d1444f684c48af9cc5978f92742c23,20,32,"Her grandmother, who'd died when Margot was twelve, had spent every waking hour in her greenhouse, speaking softly to orchids and roses, and everyone had called her eccentric, lonely, a bit touched."
conv_01d1444f684c48af9cc5978f92742c23,21,31,"But Margot remembered now—the way her grandmother's fingers had moved over leaves like reading braille, the knowing look in her eyes when a plant was suffering before any visible signs appeared."
conv_01d1444f684c48af9cc5978f92742c23,22,38,"""She never told me,"" Margot whispered, though even as she said it, she remembered the last afternoon they'd spent together, her grandmother's papery hand covering hers in the greenhouse, guiding her palm to rest against a dying magnolia."
conv_01d1444f684c48af9cc5978f92742c23,23,1,"""Listen"
conv_02fdeabba72446648a887222c6b4a9a0,0,17,"Mira, who woke one morning to find that every mirror in her apartment had turned to water."
conv_02fdeabba72446648a887222c6b4a9a0,1,29,"She discovered it by accident, reaching out to wipe away what she thought was condensation, only to watch her fingers plunge through the silvered surface with a gentle splash."
conv_02fdeabba72446648a887222c6b4a9a0,2,36,"The water rippled outward in perfect circles, catching the morning light in ways that seemed impossible—refracting colors she had no names for, deep purples bleeding into golds that didn't exist in any rainbow she'd ever seen."
conv_02fdeabba72446648a887222c6b4a9a0,3,20,"Mira pulled her hand back slowly, watching droplets cling to her fingertips before evaporating into tiny wisps of prismatic steam."
conv_02fdeabba72446648a887222c6b4a9a0,4,15,"The steam curled upward, forming shapes that almost looked deliberate—a bird, a face, a door."
conv_02fdeabba72446648a887222c6b4a9a0,5,7,"She blinked, and they dissolved into nothing."
conv_02fdeabba72446648a887222c6b4a9a0,6,15,"Behind her, the bathroom mirror rippled unbidden, and she caught movement in its watery surface."
conv_02fdeabba72446648a887222c6b4a9a0,7,4,Not her reflection—something else.
conv_02fdeabba72446648a887222c6b4a9a0,8,21,"A figure stood in a room that wasn't her bathroom, surrounded by shelves of books that seemed to breathe and shift."
conv_02fdeabba72446648a887222c6b4a9a0,9,7,"The figure turned, and Mira's breath caught."
conv_02fdeabba72446648a887222c6b4a9a0,10,23,"It was her, but older—perhaps twenty years older—with silver threading through her hair and a scar along her jaw that Mira didn't have."
conv_02fdeabba72446648a887222c6b4a9a0,11,26,"The other Mira pressed her palm against the water from the opposite side, and suddenly the apartment fell silent—no hum of traffic, no distant voices, nothing."
conv_02fdeabba72446648a887222c6b4a9a0,12,24,"The older Mira's lips moved, forming words that rippled across the liquid mirror's surface like sonar waves: ""Don't trust the reflections in standing water."
conv_02fdeabba72446648a887222c6b4a9a0,13,6,"Only the moving ones tell truth."""
conv_02fdeabba72446648a887222c6b4a9a0,14,10,Her eyes held an urgency that made Mira's chest tighten.
conv_02fdeabba72446648a887222c6b4a9a0,15,17,"Before she could respond, the older woman glanced sharply to her left, fear flashing across her face."
conv_02fdeabba72446648a887222c6b4a9a0,16,17,"She mouthed one more word—""Run""—before something dark swept across the watery mirror from behind her, obscuring everything."
conv_02fdeabba72446648a887222c6b4a9a0,17,24,"The surface went black, then shattered into a thousand droplets that hung suspended in mid-air for one impossible heartbeat before crashing to the floor."
conv_02fdeabba72446648a887222c6b4a9a0,18,20,"Mira stumbled backward, her heart hammering as the droplets hissed against the tile, evaporating instantly into that strange prismatic steam."
conv_02fdeabba72446648a887222c6b4a9a0,19,13,The bathroom mirror was solid again—ordinary glass reflecting only her own terrified face.
conv_02fdeabba72446648a887222c6b4a9a0,20,36,"But in the corner of the reflection, she noticed something new: a thin crack running from edge to edge, and within it, the faintest shimmer of movement—water, still flowing beneath the glass like a hidden river."
conv_02fdeabba72446648a887222c6b4a9a0,21,10,"Mira's phone buzzed violently on the counter, making her jump."
conv_02fdeabba72446648a887222c6b4a9a0,22,12,The screen showed a text from an unknown number: a single image.
conv_02fdeabba72446648a887222c6b4a9a0,23,21,"Her hands trembled as she opened it—a photograph of herself, asleep in her bed, taken from the doorway of her bedroom."
conv_02fdeabba72446648a887222c6b4a9a0,24,1,Tonight.
conv_02fdeabba72446648a887222c6b4a9a0,25,8,The timestamp read 2:47 AM—three hours from now.
conv_02fdeabba72446648a887222c6b4a9a0,26,10,"Below the image, a message appeared: ""The mirrors are doors."
conv_02fdeabba72446648a887222c6b4a9a0,27,3,They've been watching.
conv_02fdeabba72446648a887222c6b4a9a0,28,8,"Lock them before midnight or they'll cross through."""
conv_02fdeabba72446648a887222c6b4a9a0,29,4,Mira's blood ran cold.
conv_02fdeabba72446648a887222c6b4a9a0,30,26,"She looked around her apartment at every reflective surface—the darkened television screen, the glass-fronted cabinets, the polished kettle—and realized with creeping horror that she was surrounded."
conv_02fdeabba72446648a887222c6b4a9a0,31,2,The apartment
conv_0388f204ccd644f39221d0d8afff6d09,0,11,a lighthouse keeper named Mara who stopped believing in the sea.
conv_0388f204ccd644f39221d0d8afff6d09,1,31,"It wasn't that the ocean had disappeared—she could still hear it crashing against the rocks below, still smell the salt carried on the wind that whipped through her hair each morning."
conv_0388f204ccd644f39221d0d8afff6d09,2,38,"But somewhere between the endless rotation of light and dark, the mechanical rhythm of tending the lamp, and the solitary meals eaten while staring at the same four walls, the sea had become nothing more than background noise."
conv_0388f204ccd644f39221d0d8afff6d09,3,21,"A vast, indifferent thing that simply existed beyond her windowpanes, no more meaningful than wallpaper or the ticking of a clock."
conv_0388f204ccd644f39221d0d8afff6d09,4,7,Until the morning she found the bottle.
conv_0388f204ccd644f39221d0d8afff6d09,5,36,"It had wedged itself between two rocks in the tidal pool below the lighthouse, and something about the way the dawn light caught its green glass made her climb down for the first time in months."
conv_0388f204ccd644f39221d0d8afff6d09,6,22,"Her boots slipped on the wet stones, and the cold spray shocked her awake in a way the coffee never did anymore."
conv_0388f204ccd644f39221d0d8afff6d09,7,16,"The bottle was heavier than she expected, sealed with wax that had somehow survived its journey."
conv_0388f204ccd644f39221d0d8afff6d09,8,48,"Inside, she could see a rolled paper, and when she held it up to the rising sun, faint handwriting appeared through the glass—not a message asking for rescue or declaring love, but a single question that made her breath catch: ""Do you still remember why you came here?"""
conv_0388f204ccd644f39221d0d8afff6d09,9,16,"The words struck something deep in her chest, like a bell that hadn't rung in years."
conv_0388f204ccd644f39221d0d8afff6d09,10,24,"Mara sank onto the rocks, clutching the bottle as memories flooded back—her younger self arriving with dreams of solitude that felt romantic, not suffocating."
conv_0388f204ccd644f39221d0d8afff6d09,11,22,"She'd imagined herself as a guardian of something sacred, keeping watch over travelers who needed her light to find their way home."
conv_0388f204ccd644f39221d0d8afff6d09,12,20,"The sea had been alive then, full of stories and mysteries, each wave a whispered secret she strained to hear."
conv_0388f204ccd644f39221d0d8afff6d09,13,37,"She broke the wax seal with trembling fingers and unrolled the paper, finding not just that one question, but dozens more beneath it, written in different hands, different inks—some faded nearly to nothing, others bold and fresh."
conv_0388f204ccd644f39221d0d8afff6d09,14,7,"""What did you hope to find here?"""
conv_0388f204ccd644f39221d0d8afff6d09,15,10,"""When did you last feel the pull of the tide?"""
conv_0388f204ccd644f39221d0d8afff6d09,16,6,"""Have you forgotten how to listen?"""
conv_0388f204ccd644f39221d0d8afff6d09,17,33,"Each question seemed written specifically for her, as though generations of lighthouse keepers had all faced this same hollow emptiness and left their wondering behind for the next soul who would need it."
conv_0388f204ccd644f39221d0d8afff6d09,18,22,"At the bottom, in the freshest ink of all, were five words and a blank space waiting: ""What will you do now?"
conv_0388f204ccd644f39221d0d8afff6d09,19,1,_
conv_0388f204ccd644f39221d0d8afff6d09,20,1,_
conv_0388f204ccd644f39221d0d8afff6d09,21,1,_
conv_0388f204ccd644f39221d0d8afff6d09,22,1,_
conv_0388f204ccd644f39221d0d8afff6d09,23,1,_
conv_0388f204ccd644f39221d0d8afff6d09,24,1,"_"""
conv_0388f204ccd644f39221d0d8afff6d09,25,22,"Mara stood slowly, the bottle clutched against her chest, and looked out at the sea—really looked—for the first time in so long."
conv_0388f204ccd644f39221d0d8afff6d09,26,6,The water wasn't indifferent at all.
conv_0388f204ccd644f39221d0d8afff6d09,27,38,"It had been waiting, patient as only the ocean can be, for her to remember that lighthouses were never meant to keep the keeper safe from the world—they were meant to keep the world safe from the darkness."
conv_0388f204ccd644f39221d0d8afff6d09,28,24,"She pulled a pencil from her pocket, one she'd used countless times to mark mechanical readings in her log, and pressed the paper against"
conv_052cfef2e39e4d5e8ec74772babb6fb8,0,18,a young girl named Aria who lived in a small village surrounded by a vast and mysterious forest.
conv_052cfef2e39e4d5e8ec74772babb6fb8,1,29,"The villagers believed that the forest was enchanted, and many strange tales had been passed down through the generations about the creatures and spirits that dwelled within its depths."
conv_052cfef2e39e4d5e8ec74772babb6fb8,2,44,"Aria had always been fascinated by these stories, and she would often sneak away from her chores to explore the forest's edge, her curiosity and sense of adventure driving her to uncover the secrets that lay hidden beneath the whispering leaves and twisted branches."
conv_052cfef2e39e4d5e8ec74772babb6fb8,3,74,"One day, as she wandered deeper into the forest than she had ever gone before, the trees seemed to grow taller and the path behind her disappeared from view, leaving Aria to navigate through a sea of ferns and wildflowers that swayed gently in the breeze, their delicate petals and leaves shimmering like a thousand tiny lanterns in the dappled light that filtered through the canopy above, casting intricate patterns on the forest floor."
conv_052cfef2e39e4d5e8ec74772babb6fb8,4,443,"As she walked, the silence was broken by the soft chirping of birds and the rustling of small creatures through the underbrush, and Aria began to feel a sense of peace and tranquility wash over her, as if the forest itself was embracing her, welcoming her into its ancient and mystical heart, where the pulse of the land seemed to beat in time with her own, and the trees loomed above her like sentinels, their gnarled branches tangling together in a canopy of twisted limbs that seemed to reach out to her, drawing her deeper into the forest's depths, where a faint humming noise began to vibrate through the air, a gentle thrumming that resonated deep within Aria's chest, and she felt herself being pulled towards the sound, her feet moving of their own accord, until she came upon a clearing, and in the center of it, a magnificent tree unlike any she had ever seen, its trunk glowing with a soft, ethereal light that seemed to emanate from within the tree itself, illuminating the delicate, crystalline structures that covered its bark, refracting the light into a kaleidoscope of colors that danced across the forest floor, casting a mesmerizing glow over the clearing, and Aria, entranced by the beauty of the tree, reached out a hand to touch its radiant trunk, feeling a sudden jolt of energy course through her body, as if the tree was alive and had awakened to her presence, and she felt a surge of knowledge and memories flood her mind, visions of ancient civilizations and forgotten lore, of mystical creatures and powerful magic, all swirling together in a vortex of revelation that left her breathless and stunned, yet somehow, inexplicably, she felt a deep sense of recognition, as if she had finally uncovered a long-forgotten part of herself, a hidden truth that had been waiting to be unearthed, and with this realization, the tree's glow intensified, and Aria felt herself being drawn into its heart, where she discovered a reflection of her own soul, shining bright with a light that had been within her all along, waiting to be unleashed, and as she gazed into the depths of her own soul, Aria understood that she was a part of something much greater than herself, a delicate web of life that connected every living thing, and with this understanding, she felt a sense of unity and belonging that she had never known before, and as the tree's light faded, Aria found herself back in the forest, but everything was different now, the trees seemed taller and closer, the creatures of the forest looked at her with a newfound sense"
conv_07895a6494a74fd3bbbf1c629d890e9d,0,25,"an old oak tree that stood watch at the edge of a sleepy village, its roots curling deep into earth churned by centuries of footsteps."
conv_07895a6494a74fd3bbbf1c629d890e9d,1,24,"Villagers often said the tree watched over them like a silent guardian, its sprawling branches sheltering stories no human ear had heard in generations."
conv_07895a6494a74fd3bbbf1c629d890e9d,2,41,"On quiet evenings, children dared each other to touch its gnarled trunk, claiming that if you pressed your palm to the bark and closed your eyes, you’d feel faint heartbeats, as if the oak’s memories were pulsing faintly through your fingers."
conv_07895a6494a74fd3bbbf1c629d890e9d,3,38,"Elders, with a knowing twinkle, spoke softly about the wishes they’d entrusted to those ancient roots—hopes whispered between chores, grief pressed into the soft moss clinging to its base, and promises tied with ribbons to the low-hanging branches."
conv_07895a6494a74fd3bbbf1c629d890e9d,4,29,"On the warmest night of midsummer, the villagers would gather for a festival beneath its leafy canopy, lanterns strung from limb to limb glowing like fireflies in the twilight."
conv_07895a6494a74fd3bbbf1c629d890e9d,5,20,Musicians played lilting tunes as laughter mingled with the scent of wild thyme and spiced bread drifting from picnic baskets.
conv_07895a6494a74fd3bbbf1c629d890e9d,6,21,"That night, a hush fell when Old Marta, the village’s storyteller, leaned on her walking stick and approached the tree’s trunk."
conv_07895a6494a74fd3bbbf1c629d890e9d,7,18,"She pressed her gnarled hand gently to the bark and closed her eyes, the crowd holding their breath."
conv_07895a6494a74fd3bbbf1c629d890e9d,8,19,"Slowly, she began to murmur a tale—a story she said the tree had whispered to her in her dreams."
conv_07895a6494a74fd3bbbf1c629d890e9d,9,21,"It was a tale of a wanderer who, ages ago, sought refuge beneath the oak’s young branches on a storm-lashed night."
conv_07895a6494a74fd3bbbf1c629d890e9d,10,17,"The wanderer, lost and weary, had spoken his secret fears aloud as rain drummed on the leaves."
conv_07895a6494a74fd3bbbf1c629d890e9d,11,15,"The oak, listening, cradled him with its branches, keeping him dry and warm until morning."
conv_07895a6494a74fd3bbbf1c629d890e9d,12,41,"In gratitude, the wanderer left behind a silver locket, burying it beneath the roots and sealing a pact: the oak would guard not just him, but all who sought shelter—carrying their hopes, sorrows, and wishes for as long as it stood."
conv_07895a6494a74fd3bbbf1c629d890e9d,13,10,"Marta’s voice faded, and silence hung thick in the air."
conv_07895a6494a74fd3bbbf1c629d890e9d,14,21,"Then, as if in answer, a gentle breeze rustled through the oak’s leaves, the lantern light dancing on the villagers’ faces."
conv_07895a6494a74fd3bbbf1c629d890e9d,15,13,"In that moment, every villager felt a quiet comfort settle in their bones."
conv_07895a6494a74fd3bbbf1c629d890e9d,16,16,"Children huddled close to parents, and old Marta smiled, her hand still resting on the bark."
conv_07895a6494a74fd3bbbf1c629d890e9d,17,26,"Someone began to sing a soft, familiar melody, and soon others joined in, filling the air with voices woven together like the roots beneath their feet."
conv_07895a6494a74fd3bbbf1c629d890e9d,18,13,"The old oak seemed to sigh contentedly, leaves shimmering in the lantern light."
conv_07895a6494a74fd3bbbf1c629d890e9d,19,22,"Long after the last song faded, villagers lingered, each sure their wish and story would be remembered—held safe by the ancient guardian."
conv_07895a6494a74fd3bbbf1c629d890e9d,20,15,"As dawn painted the sky with gold and rose, the villagers drifted home, hearts light."
conv_07895a6494a74fd3bbbf1c629d890e9d,21,21,"Beneath the oak’s sheltering branches, hope and memory remained, wrapped around the roots with every whispered secret, every song and sorrow."
conv_07895a6494a74fd3bbbf1c629d890e9d,22,37,"And so, the old oak stood watch, century after century—a steadfast keeper of all their stories, holding the soul of the village in its heartwood, gently guiding those who still dared to dream beneath its timeless shade."
conv_07895a6494a74fd3bbbf1c629d890e9d,23,29,"And whenever the wind danced through the leaves, the villagers would remember: the old oak was listening, always ready to welcome new hopes into the ever-growing tapestry of its"
conv_1135e4a162c64105aaf2934e6fecd74b,0,20,"Margot Chen, a clockmaker who lived above her shop on a narrow cobblestone street that time seemed to have forgotten."
conv_1135e4a162c64105aaf2934e6fecd74b,1,45,"Every morning at precisely 7:43, she would unlock the door with its brass bell that announced visitors with a cheerful *ting*, and every evening at 6:17, she would lock it again, though no one could quite remember her ever explaining why those particular minutes mattered."
conv_1135e4a162c64105aaf2934e6fecd74b,2,21,"The shop itself was a labyrinth of ticking, a symphony of gears and pendulums that somehow never fell out of harmony."
conv_1135e4a162c64105aaf2934e6fecd74b,3,50,"Customers who entered seeking repairs often found themselves staying longer than intended, mesmerized by the walls lined with timepieces from every era imaginable—grandfather clocks that towered like sentinels, pocket watches displayed under glass domes, cuckoo clocks that announced the hours with carved wooden birds emerging to sing their mechanical songs."
conv_1135e4a162c64105aaf2934e6fecd74b,4,23,"But it was the clock in the back corner that drew the most curious gazes, though Margot never spoke of it to anyone."
conv_1135e4a162c64105aaf2934e6fecd74b,5,22,"It stood motionless, its hands frozen at 11:34, its face cracked down the middle like a mirror that had witnessed something terrible."
conv_1135e4a162c64105aaf2934e6fecd74b,6,15,"One autumn afternoon, a stranger entered the shop just as the bells were striking four."
conv_1135e4a162c64105aaf2934e6fecd74b,7,33,"He was tall and weathered, with silver threading through his dark hair, and he moved through the maze of clocks with unsettling familiarity, as though he'd walked this path a thousand times before."
conv_1135e4a162c64105aaf2934e6fecd74b,8,14,"Margot's hands stilled over the pocket watch she'd been repairing, her tweezers trembling slightly."
conv_1135e4a162c64105aaf2934e6fecd74b,9,21,"The stranger stopped directly before the broken clock in the corner, and without turning said, ""You kept it all these years."""
conv_1135e4a162c64105aaf2934e6fecd74b,10,7,His voice carried the weight of decades.
conv_1135e4a162c64105aaf2934e6fecd74b,11,18,"Margot set down her tools carefully, each movement deliberate, buying time she suddenly wished she had more of."
conv_1135e4a162c64105aaf2934e6fecd74b,12,13,"""I kept my promise,"" she replied quietly, her eyes never leaving his back."
conv_1135e4a162c64105aaf2934e6fecd74b,13,9,"""Though I hoped I'd never have to explain why."""
conv_1135e4a162c64105aaf2934e6fecd74b,14,23,"The stranger finally turned, and his face held the same expression she remembered from that November night twenty years ago—half regret, half relief."
conv_1135e4a162c64105aaf2934e6fecd74b,15,14,"""Then you know why I've come back,"" he said, reaching into his coat pocket."
conv_1135e4a162c64105aaf2934e6fecd74b,16,20,"He withdrew an ornate key, its brass surface etched with intricate patterns that matched the frozen clock's decorative face perfectly."
conv_1135e4a162c64105aaf2934e6fecd74b,17,5,Margot felt her breath catch.
conv_1135e4a162c64105aaf2934e6fecd74b,18,27,"""Thomas,"" she whispered, and the name seemed to echo through the shop, causing the surrounding clocks to hesitate in their rhythms for just a heartbeat before resuming."
conv_1135e4a162c64105aaf2934e6fecd74b,19,23,"""The clock can't stay broken forever,"" Thomas said, stepping closer with the key extended between them like an offering, or perhaps a question."
conv_1135e4a162c64105aaf2934e6fecd74b,20,25,"Margot looked from the key to his eyes, searching for the man she'd once known beneath the years that had carved themselves into his features."
conv_1135e4a162c64105aaf2934e6fecd74b,21,10,"""If we start it again,"" she said slowly, ""everything changes."
conv_1135e4a162c64105aaf2934e6fecd74b,22,15,"Everyone we've protected, all the moments we've held suspended—they'll all come flooding back at once."""
conv_1135e4a162c64105aaf2934e6fecd74b,23,13,"Her hand hovered near the key, trembling with the weight of two decades."
conv_1135e4a162c64105aaf2934e6fecd74b,24,5,"Thomas nodded, his jaw tight."
conv_1135e4a162c64105aaf2934e6fecd74b,25,2,"""I know."
conv_1135e4a162c64105aaf2934e6fecd74b,26,9,"But keeping time frozen has its own price, Margot."
conv_11c2622ee391485c9913d2f1479b665b,0,16,"two unlikely friends, a wise old owl named Oliver and a curious young rabbit called Rosie."
conv_11c2622ee391485c9913d2f1479b665b,1,20,"They met one chilly autumn evening under a large oak tree, where Rosie had sought shelter from the sudden drizzle."
conv_11c2622ee391485c9913d2f1479b665b,2,13,"Oliver, perched high above, noticed the small rabbit huddled beneath the thick branches."
conv_11c2622ee391485c9913d2f1479b665b,3,11,"""Why so glum down there, little one?"" he called out gently."
conv_11c2622ee391485c9913d2f1479b665b,4,13,"Rosie looked up, her ears perking at the sound of his soothing voice."
conv_11c2622ee391485c9913d2f1479b665b,5,11,"""I'm just a bit cold and wet,"" she replied, shivering slightly."
conv_11c2622ee391485c9913d2f1479b665b,6,6,"""The rain caught me by surprise."""
conv_11c2622ee391485c9913d2f1479b665b,7,7,"Oliver fluttered down gracefully, landing beside her."
conv_11c2622ee391485c9913d2f1479b665b,8,12,"""Well, you're welcome to share my cozy nest up in the tree."
conv_11c2622ee391485c9913d2f1479b665b,9,6,"It’s dry and warm,"" he offered."
conv_11c2622ee391485c9913d2f1479b665b,10,8,"Rosie hesitated for a moment, then smiled gratefully."
conv_11c2622ee391485c9913d2f1479b665b,11,7,"""That would be wonderful, thank you, Oliver!"""
conv_11c2622ee391485c9913d2f1479b665b,12,15,"She followed him up the gnarled trunk, her paws finding footholds among the rough bark."
conv_11c2622ee391485c9913d2f1479b665b,13,16,"Once they reached the nest, Rosie curled up in the soft lining of leaves and twigs."
conv_11c2622ee391485c9913d2f1479b665b,14,12,"The warmth was a delightful contrast to the cool, damp air outside."
conv_11c2622ee391485c9913d2f1479b665b,15,15,"""You know,"" Oliver began, settling next to her, ""this old oak has seen many seasons."
conv_11c2622ee391485c9913d2f1479b665b,16,9,"It’s a good place to learn about the world."""
conv_11c2622ee391485c9913d2f1479b665b,17,5,Rosie’s eyes sparkled with curiosity.
conv_11c2622ee391485c9913d2f1479b665b,18,7,"""Can you tell me a story, Oliver?"
conv_11c2622ee391485c9913d2f1479b665b,19,14,"Maybe something about the forest or its secrets?"" she asked, her ears twitching eagerly."
conv_11c2622ee391485c9913d2f1479b665b,20,13,"Oliver closed his eyes, thinking for a moment, before he started to speak."
conv_11c2622ee391485c9913d2f1479b665b,21,18,"""Long ago, when the forest was much younger, there was a hidden grove known as the Whispering Glade."
conv_11c2622ee391485c9913d2f1479b665b,22,25,"It was said that if you listened carefully, you could hear the spirits of the forest speaking through the rustling leaves and the gentle breeze."
conv_11c2622ee391485c9913d2f1479b665b,23,16,"Many animals came seeking wisdom and guidance,"" Oliver continued, his voice taking on a mystical quality."
conv_11c2622ee391485c9913d2f1479b665b,24,16,"""But to find the Whispering Glade, one needed not only courage but also a pure heart."
conv_11c2622ee391485c9913d2f1479b665b,25,24,"Those who approached with selfish intentions never found it, while those who were true and kind were often rewarded with profound insights and blessings."""
conv_11c2622ee391485c9913d2f1479b665b,26,9,"Rosie listened intently, her imagination soaring with the tale."
conv_11c2622ee391485c9913d2f1479b665b,27,16,"""Do you think the Whispering Glade still exists, Oliver?"" she asked, her eyes wide with wonder."
conv_11c2622ee391485c9913d2f1479b665b,28,9,"""Oh, I believe it does,"" he replied, nodding slowly."
conv_11c2622ee391485c9913d2f1479b665b,29,13,"""The forest holds many secrets, and the Whispering Glade is one of them."
conv_11c2622ee391485c9913d2f1479b665b,30,15,"Perhaps one day, if you show the right spirit, you might even find it yourself."""
conv_11c2622ee391485c9913d2f1479b665b,31,7,Rosie felt a warm thrill of excitement.
conv_11c2622ee391485c9913d2f1479b665b,32,10,"""I would love to try,"" she said, her resolve growing."
conv_11c2622ee391485c9913d2f1479b665b,33,10,"""For now, though, let’s enjoy the peace of this moment."""
conv_11c2622ee391485c9913d2f1479b665b,34,17,"They sat in comfortable silence, the gentle sounds of the forest lulling them into a peaceful state."
conv_11c2622ee391485c9913d2f1479b665b,35,23,"As the rain outside began to ease, the two friends felt a deep connection, knowing that their journey together was only just beginning."
conv_11c2622ee391485c9913d2f1479b665b,36,24,"Under the shelter of the old oak tree, they shared stories and dreams, each one weaving a thread in the tapestry of their friendship."
conv_11c2622ee391485c9913d2f1479b665b,37,28,"As the sky cleared and the first stars appeared, Rosie and Oliver made a pact to explore the forest together, seeking the wonders and mysteries that lay ahead."
conv_11c2622ee391485c9913d2f1479b665b,38,18,"Hand in paw, they ventured forth, ready to face whatever adventures awaited them in the vast, enchanting forest."
conv_11c2622ee391485c9913d2f1479b665b,39,8,"And so, their tale began, a story of"
conv_13f71095fd0a4a1d8a69de1414e8a7b7,0,31,"a small, peculiar village nestled deep in the misty hills, where every sunrise was greeted not by the cheerful songs of birds, but by the haunting sound of a silver bell."
conv_13f71095fd0a4a1d8a69de1414e8a7b7,1,27,"The residents believed the bell kept something at bay—a shadow that writhed between the trees at the edge of the forest, never quite seen but always felt."
conv_13f71095fd0a4a1d8a69de1414e8a7b7,2,15,"No outsiders visited the village, and few villagers dared tread beyond the worn cobblestone paths."
conv_13f71095fd0a4a1d8a69de1414e8a7b7,3,21,"They whispered stories to their children at night, cautioning them never to follow the bell’s echo if it rang after sunset."
conv_13f71095fd0a4a1d8a69de1414e8a7b7,4,24,"“Once you step past the old boundary stones,” old Mrs. Liddell would warn, her voice a trembling hush, “the bell can’t protect you anymore."
conv_13f71095fd0a4a1d8a69de1414e8a7b7,5,7,"Out there, the shadow knows your name.”"
conv_13f71095fd0a4a1d8a69de1414e8a7b7,6,23,"One chilly evening, as fog pressed thick against the windows, young Eliora sat by the hearth, her curiosity burning brighter than the firelight."
conv_13f71095fd0a4a1d8a69de1414e8a7b7,7,23,"She’d always wondered if the stories were really true, or if the adults simply clung to superstition in hopes of keeping everyone safe."
conv_13f71095fd0a4a1d8a69de1414e8a7b7,8,20,"When she caught Thomas lingering near the window, eyes narrowed in concentration, she understood at once what he was thinking."
conv_13f71095fd0a4a1d8a69de1414e8a7b7,9,12,"With a conspiratorial glance, she crossed the room to stand beside him."
conv_13f71095fd0a4a1d8a69de1414e8a7b7,10,6,"“You hear it too, don’t you?”"
conv_13f71095fd0a4a1d8a69de1414e8a7b7,11,13,"she whispered, as the silver bell’s chime echoed faintly through the swirling fog."
conv_13f71095fd0a4a1d8a69de1414e8a7b7,12,7,"Thomas nodded, his voice barely a breath."
conv_13f71095fd0a4a1d8a69de1414e8a7b7,13,3,“It’s different tonight.
conv_13f71095fd0a4a1d8a69de1414e8a7b7,14,1,Closer.”
conv_13f71095fd0a4a1d8a69de1414e8a7b7,15,32,"Their hearts thudded as, beyond the glass, something dark unfurled at the edge of the circle of lantern light—a shadow flickering, oddly shaped, as if it wore a cloak made of midnight."
conv_13f71095fd0a4a1d8a69de1414e8a7b7,16,10,"Eliora’s breath caught as the bell tolled once—sharper, more urgent."
conv_13f71095fd0a4a1d8a69de1414e8a7b7,17,8,"The shadow hesitated at the boundary stones, wavering."
conv_13f71095fd0a4a1d8a69de1414e8a7b7,18,20,"Thomas took a trembling step back, but Eliora, seized by a strange mix of fear and fascination, stepped forward instead."
conv_13f71095fd0a4a1d8a69de1414e8a7b7,19,29,"The mist parted just enough for her to see—within the flicker of the lantern’s glow—a pair of pale, searching eyes looking back at her from beneath the shadow’s hood."
conv_13f71095fd0a4a1d8a69de1414e8a7b7,20,19,"Time seemed to stretch; the bell’s echo faded, replaced by a silence so deep it pressed on her chest."
conv_13f71095fd0a4a1d8a69de1414e8a7b7,21,11,"Then, a voiceless whisper curled into her mind: **“Let me in.”"
conv_13f71095fd0a4a1d8a69de1414e8a7b7,22,14,"** Eliora’s hand hovered over the windowsill, the cold glass damp beneath her fingers."
conv_13f71095fd0a4a1d8a69de1414e8a7b7,23,13,"She was rooted to the spot, Thomas’s frantic whisper barely reaching her ears."
conv_13f71095fd0a4a1d8a69de1414e8a7b7,24,8,The thing outside seemed to sense her hesitation.
conv_13f71095fd0a4a1d8a69de1414e8a7b7,25,21,"Its eyes glimmered with a strange longing, and for a heartbeat Eliora wondered if loneliness was something even shadows could carry."
conv_13f71095fd0a4a1d8a69de1414e8a7b7,26,9,"But Thomas’s hand closed around hers, steady and desperate."
conv_13f71095fd0a4a1d8a69de1414e8a7b7,27,10,"“We have to be stronger than the stories,” he pleaded."
conv_13f71095fd0a4a1d8a69de1414e8a7b7,28,25,"The thing beyond the stones began to retreat, its form blurring with the mist as the silver bell shivered out one final, thinly hopeful note."
conv_13f71095fd0a4a1d8a69de1414e8a7b7,29,21,"Eliora squeezed Thomas’s hand, her curiosity untamed but her resolve now grounded in something deeper—companionship, and the wisdom of old warnings."
conv_13f71095fd0a4a1d8a69de1414e8a7b7,30,41,"As the dawn broke and golden light dissolved the last traces of the shadow, Eliora and Thomas realized that though the bell’s warning would always sound, it was courage and the strength of friends that truly kept the darkness at bay."
conv_13f71095fd0a4a1d8a69de1414e8a7b7,31,7,"And as the village awoke, bathed in"
conv_145de5a68d014da88f143860a2aed6fd,0,12,"Margot, who discovered she could taste colors whenever she touched old books."
conv_145de5a68d014da88f143860a2aed6fd,1,18,"It started the day she inherited her grandmother's bookshop in the narrow, cobblestoned streets of Prague's Old Town."
conv_145de5a68d014da88f143860a2aed6fd,2,26,"The shop had been shuttered for three months following her grandmother's passing, and when Margot pushed open the weathered door, a cascade of sensations overwhelmed her."
conv_145de5a68d014da88f143860a2aed6fd,3,22,"Dust motes danced in the amber afternoon light, and the musty scent of aging paper wrapped around her like a forgotten embrace."
conv_145de5a68d014da88f143860a2aed6fd,4,29,"She reached out to steady herself against the nearest shelf, her fingers brushing the cracked leather spine of a volume whose gilt lettering had long since faded to shadow."
conv_145de5a68d014da88f143860a2aed6fd,5,31,"The moment her skin made contact, her mouth flooded with the sharp tang of copper and burnt orange—autumn leaves and woodsmoke compressed into a single, startling flavor that made her gasp."
conv_145de5a68d014da88f143860a2aed6fd,6,11,"Margot jerked her hand back, her heart hammering against her ribs."
conv_145de5a68d014da88f143860a2aed6fd,7,17,"She stared at the book as if it had bitten her, then cautiously extended her fingertips again."
conv_145de5a68d014da88f143860a2aed6fd,8,36,"This time she was prepared for the sensation—that impossible, vivid taste that had nothing to do with her tongue and everything to do with something deeper, some synesthetic bridge her grandmother's shop had awakened in her."
conv_145de5a68d014da88f143860a2aed6fd,9,36,"The copper-orange flavor bloomed again, but now she detected layers beneath it: the honeyed gold of candlelight, a flash of crimson like crushed berries, the deep indigo of midnight that tasted oddly of anise and rain."
conv_145de5a68d014da88f143860a2aed6fd,10,20,"Margot pulled the book from the shelf with trembling hands, cradling it as though it might dissolve at any moment."
conv_145de5a68d014da88f143860a2aed6fd,11,31,"The cover bore no title, only an embossed symbol she didn't recognize—a key intertwined with what looked like a spiral of stars or perhaps letters from an alphabet she'd never seen."
conv_145de5a68d014da88f143860a2aed6fd,12,33,"As she traced the symbol with her thumb, a new taste emerged—silver and mint, cold as December wind yet somehow comforting, familiar in a way that tugged at memories she couldn't quite grasp."
conv_145de5a68d014da88f143860a2aed6fd,13,28,"Her grandmother's face flickered through her mind, that knowing smile she'd worn in those final weeks, as if she'd been keeping a secret too precious to speak aloud."
conv_145de5a68d014da88f143860a2aed6fd,14,23,"Margot carried the book to the wooden counter where her grandmother had spent countless hours, its surface worn smooth by decades of use."
conv_145de5a68d014da88f143860a2aed6fd,15,30,"She set the book down gently and noticed for the first time an envelope tucked beneath the cash register, her name written across it in her grandmother's elegant, slanting script."
conv_145de5a68d014da88f143860a2aed6fd,16,10,"Margot's fingers hesitated above it, then slipped the envelope free."
conv_145de5a68d014da88f143860a2aed6fd,17,9,"Inside, a single page, cream-colored and heavy with intention."
conv_145de5a68d014da88f143860a2aed6fd,18,35,"Her grandmother's words seemed to shimmer in the fading light: *My dearest Margot, if you're reading this, then the gift has awakened in you as it did in me, and in my mother before me."
conv_145de5a68d014da88f143860a2aed6fd,19,17,"The books remember, darling—every hand that held them, every heart that loved them, every moment they witnessed."
conv_145de5a68d014da88f143860a2aed6fd,20,8,What you taste is their memory made manifest.
conv_145de5a68d014da88f143860a2aed6fd,21,26,"This shop is not merely a collection of stories, but a keeper of souls, a bridge between what was and what still yearns to be known."
conv_145de5a68d014da88f143860a2aed6fd,22,8,You alone can hear what they whisper now.
conv_145de5a68d014da88f143860a2aed6fd,23,5,"Trust the flavors, follow where"
conv_1547fb2c3c8a489186d0682465ab3451,0,19,"a young girl named Sophia who lived in a small village surrounded by vast, rolling hills and dense forests."
conv_1547fb2c3c8a489186d0682465ab3451,1,32,"She had always been fascinated by the stories her grandmother told her about the magical creatures that lived deep within the forest, where the trees grew tallest and the underbrush was thickest."
conv_1547fb2c3c8a489186d0682465ab3451,2,30,"According to her grandmother, the forest was home to ancient beings with mystical powers, and Sophia longed to catch a glimpse of them, to see if the stories were true."
conv_1547fb2c3c8a489186d0682465ab3451,3,44,"She would often sneak away from her chores and wander into the forest, her heart pounding with excitement and a hint of fear as she ventured deeper into the woods, the trees seeming to close in around her like sentinels guarding a secret world."
conv_1547fb2c3c8a489186d0682465ab3451,4,58,"The rustle of leaves and the snapping of twigs beneath her feet were the only sounds that broke the silence, and Sophia felt as though she was being watched, her senses heightened as she scanned her surroundings, her eyes darting from the gnarled trunk of an ancient oak to the delicate wildflowers that swayed in the gentle breeze."
conv_1547fb2c3c8a489186d0682465ab3451,5,44,"Suddenly, a faint humming noise caught her attention, a soft, melodic sound that seemed to emanate from a nearby thicket, and Sophia felt an inexplicable pull, as if the humming was calling to her, drawing her closer to the thicket with an otherworldly allure."
conv_1547fb2c3c8a489186d0682465ab3451,6,92,"She approached the thicket cautiously, her hand reaching out to part the tangled branches, and as she did, the humming grew louder, swirling around her like a vortex of sound, until she pushed aside the final branch and stepped into a small, secluded clearing, where a figure sat on a moss-covered stone, its back to Sophia, surrounded by a halo of soft, ethereal light that seemed to pulse in time with the humming noise, which had now grown so loud that it was almost palpable, vibrating through every cell in Sophia's body."
conv_1547fb2c3c8a489186d0682465ab3451,7,173,"The figure slowly began to turn, its movement almost imperceptible, and Sophia felt her breath catch in her throat as she saw the figure's face, a face that was both familiar and yet utterly strange, with eyes that shone like stars in the fading light, eyes that seemed to hold a deep wisdom and a profound sadness, and yet, as they met Sophia's gaze, they sparkled with a hint of mirth, a fleeting glimmer of amusement that danced across the figure's face, and Sophia felt a jolt of recognition, as if she had seen those eyes before, though she couldn't quite place where, and the figure, as if sensing her confusion, smiled, a gentle, enigmatic smile that deepened the mystery, and spoke in a voice that was like a soft breeze on a summer's day, a voice that carried the scent of wildflowers and the whispers of ancient secrets, saying a single word, a word that was both a question and a statement, a word that held the power to change everything: ""Remember."""
conv_1547fb2c3c8a489186d0682465ab3451,8,102,"And as Sophia heard that word, the world around her began to shift and ripple, like the surface of a pond disturbed by a thrown stone, and memories long forgotten began to rise to the surface, memories of a life beyond the village, of a time before the forest, of a world where magic was woven into the very fabric of existence, and Sophia's eyes widened as she recalled the truth, that she was not just a simple village girl, but a guardian, a keeper of ancient secrets and a wielder of forgotten powers, and as the memories flooded back, Sophia felt"
conv_1547fb2c3c8a489186d0682465ab3451,9,2,her true
conv_1a4cdabdded94039ac38c6be264efe9f,0,26,a small town where the sky sometimes shimmered with mysterious green light and the townsfolk kept secrets older than the largest oak tree in the park.
conv_1a4cdabdded94039ac38c6be264efe9f,1,18,It begins on the night when twelve-year-old Eli Turner realized that the light wasn't just a pretty spectacle.
conv_1a4cdabdded94039ac38c6be264efe9f,2,22,"He watched from his attic window, clutching the journal he'd found in the hollow of the old oak tree just hours before."
conv_1a4cdabdded94039ac38c6be264efe9f,3,15,"The shimmering green waves rippled over the rooftops, illuminating the town in an ethereal glow."
conv_1a4cdabdded94039ac38c6be264efe9f,4,27,"In the journal, scrawled between notes about moon phases and detailed sketches of animal tracks, Eli found a warning: “When the sky dances green, old truths waken."
conv_1a4cdabdded94039ac38c6be264efe9f,5,8,Beware the beckoning shadows near the Willow Bridge.
conv_1a4cdabdded94039ac38c6be264efe9f,6,6,All things hidden seek the light.”
conv_1a4cdabdded94039ac38c6be264efe9f,7,13,Those words pulsed with a strange weight as the green shimmer grew stronger.
conv_1a4cdabdded94039ac38c6be264efe9f,8,10,"Eli shivered, but curiosity tugged at him stronger than fear."
conv_1a4cdabdded94039ac38c6be264efe9f,9,6,He glanced at his dusty clock—midnight.
conv_1a4cdabdded94039ac38c6be264efe9f,10,20,"As the light intensified, spilling ghostly patterns across his walls, Eli knew he couldn’t ignore the journal’s warning—or its invitation."
conv_1a4cdabdded94039ac38c6be264efe9f,11,9,"He crept downstairs, careful not to wake his mother."
conv_1a4cdabdded94039ac38c6be264efe9f,12,25,"With the journal pressed to his chest, Eli stepped outside, the night air cool and laced with the scent of wet earth and distant honeysuckle."
conv_1a4cdabdded94039ac38c6be264efe9f,13,14,The green light painted twisting shadows as he made his way toward Willow Bridge.
conv_1a4cdabdded94039ac38c6be264efe9f,14,12,"Each footstep felt heavier, as if the air itself resisted his progress."
conv_1a4cdabdded94039ac38c6be264efe9f,15,16,"Silence pressed in around him, broken only by the soft whisper of wind through the willows."
conv_1a4cdabdded94039ac38c6be264efe9f,16,17,"When he reached the bridge, the green glow pooled beneath the arches like mist, swirling and shifting."
conv_1a4cdabdded94039ac38c6be264efe9f,17,14,"Eli hesitated, heart pounding, but the words from the journal echoed in his mind."
conv_1a4cdabdded94039ac38c6be264efe9f,18,15,"He crossed to the center of the bridge, the boards creaking softly beneath his shoes."
conv_1a4cdabdded94039ac38c6be264efe9f,19,5,The air sizzled with anticipation.
conv_1a4cdabdded94039ac38c6be264efe9f,20,16,"Suddenly, something in the swirling glow moved—shapes, barely visible, drifting just at the edge of sight."
conv_1a4cdabdded94039ac38c6be264efe9f,21,16,"Eli strained to see, his breath catching as the shapes seemed to coalesce into faint figures."
conv_1a4cdabdded94039ac38c6be264efe9f,22,14,"One of them, taller and clearer than the others, extended a hand toward Eli."
conv_1a4cdabdded94039ac38c6be264efe9f,23,10,"Its outline glimmered with energy, eyes shining like emerald flames."
conv_1a4cdabdded94039ac38c6be264efe9f,24,7,The journal grew warm in his hands.
conv_1a4cdabdded94039ac38c6be264efe9f,25,17,"Without fully understanding why, Eli opened the journal to the page marked with a pressed willow leaf."
conv_1a4cdabdded94039ac38c6be264efe9f,26,20,"The figure’s gaze locked on the page, and as Eli traced the words—""All things hidden seek the light""—the figure nodded."
conv_1a4cdabdded94039ac38c6be264efe9f,27,11,"The green shimmer surged, and Eli felt a rush of wind."
conv_1a4cdabdded94039ac38c6be264efe9f,28,16,"Suddenly, the shapes took on solidity—revealing old townsfolk from forgotten photographs, faces both haunting and kind."
conv_1a4cdabdded94039ac38c6be264efe9f,29,17,"Their secrets, bound to the shimmering sky, filled the air as gentle voices whispered: “Thank you, Eli."
conv_1a4cdabdded94039ac38c6be264efe9f,30,2,You remembered.”
conv_1a4cdabdded94039ac38c6be264efe9f,31,15,"The figures smiled, their forms growing brighter until they became part of the light itself."
conv_1a4cdabdded94039ac38c6be264efe9f,32,10,"The green glow dimmed, returning the sky to midnight blue."
conv_1a4cdabdded94039ac38c6be264efe9f,33,14,"Eli stood alone on the bridge, the journal cool and silent in his hands."
conv_1a4cdabdded94039ac38c6be264efe9f,34,8,A deep sense of peace settled over him.
conv_1a4cdabdded94039ac38c6be264efe9f,35,25,"He looked back at the old oak tree, feeling its silent approval and knowing he had honored the secrets and stories that shaped his town."
conv_1a4cdabdded94039ac38c6be264efe9f,36,14,"As he made his way home beneath the returning stars, Eli felt lighter, changed."
conv_1a4cdabdded94039ac38c6be264efe9f,37,33,"From then on, whenever the sky shimmered green, Eli would smile, remembering what he’d learned—and knowing that some mysteries were meant to be shared, if one was brave enough to seek them beneath"
conv_1b0e1bf3782340208c862eb1953a6489,0,23,"Ella, a young woman with a heart full of dreams and a spirit as wild as the untamed forests she loved to explore."
conv_1b0e1bf3782340208c862eb1953a6489,1,15,Ella lived in a small village nestled at the foot of the towering Grey Mountains.
conv_1b0e1bf3782340208c862eb1953a6489,2,25,"The villagers often spoke of the mystical creatures that roamed the dense woods, but Ella was drawn to these tales rather than frightened by them."
conv_1b0e1bf3782340208c862eb1953a6489,3,21,"She spent her days wandering through the forest, her eyes and ears always open for any sign of the legendary beasts."
conv_1b0e1bf3782340208c862eb1953a6489,4,27,"One crisp autumn morning, as the leaves painted the ground in hues of gold and crimson, Ella ventured deeper into the forest than she ever had before."
conv_1b0e1bf3782340208c862eb1953a6489,5,19,"The path she followed twists and turns, leading her to a hidden glade bathed in a soft, ethereal light."
conv_1b0e1bf3782340208c862eb1953a6489,6,23,"In the center of the clearing stood an ancient oak tree, its branches reaching out like the arms of a wise old guardian."
conv_1b0e1bf3782340208c862eb1953a6489,7,22,"As Ella approached, she noticed that the tree’s bark was etched with intricate symbols and runes, glowing faintly under the dappled sunlight."
conv_1b0e1bf3782340208c862eb1953a6489,8,22,"Curiosity piqued, Ella reached out to touch the symbols, and as her fingers brushed against the bark, the air around her shimmered."
conv_1b0e1bf3782340208c862eb1953a6489,9,20,"A gentle breeze whispered through the leaves, and the symbols on the tree began to pulse with a brighter light."
conv_1b0e1bf3782340208c862eb1953a6489,10,15,"Suddenly, the ground beneath Ella’s feet trembled, and the air filled with a mysterious energy."
conv_1b0e1bf3782340208c862eb1953a6489,11,14,"The oak tree seemed to come alive, its branches swaying as if in greeting."
conv_1b0e1bf3782340208c862eb1953a6489,12,25,"From the heart of the tree, a figure emerged—a graceful, ethereal being with hair as golden as the sun and eyes that sparkled like starlight."
conv_1b0e1bf3782340208c862eb1953a6489,13,10,"The being stepped forward, her presence both calming and awe-inspiring."
conv_1b0e1bf3782340208c862eb1953a6489,14,14,"“Welcome, Ella,” she said in a voice that resonated with the wisdom of ages."
conv_1b0e1bf3782340208c862eb1953a6489,15,8,"“I am Elara, guardian of this sacred place."
conv_1b0e1bf3782340208c862eb1953a6489,16,18,You have been chosen to embark on a journey that will test your courage and strengthen your spirit.
conv_1b0e1bf3782340208c862eb1953a6489,17,12,"The forest is in peril, and only you can restore the balance."
conv_1b0e1bf3782340208c862eb1953a6489,18,7,Are you willing to accept this challenge?”
conv_1b0e1bf3782340208c862eb1953a6489,19,10,Ella’s heart raced with a mix of excitement and trepidation.
conv_1b0e1bf3782340208c862eb1953a6489,20,8,"She took a deep breath, her resolve firming."
conv_1b0e1bf3782340208c862eb1953a6489,21,11,"“Yes, I am ready,” she replied, her voice steady and clear."
conv_1b0e1bf3782340208c862eb1953a6489,22,9,"Elara smiled, a warm light spreading across her face."
conv_1b0e1bf3782340208c862eb1953a6489,23,5,“Then let your journey begin.
conv_1b0e1bf3782340208c862eb1953a6489,24,15,"Follow the path that leads north, and trust in the signs that will guide you."
conv_1b0e1bf3782340208c862eb1953a6489,25,9,The forest and its creatures will be your allies.
conv_1b0e1bf3782340208c862eb1953a6489,26,9,"Go now, and may the spirits watch over you.”"
conv_1b0e1bf3782340208c862eb1953a6489,27,16,"With those words, Elara faded back into the ancient oak, leaving Ella alone in the glade."
conv_1b0e1bf3782340208c862eb1953a6489,28,20,"The young woman took one last look at the tree, feeling a deep connection to the forest and its mysteries."
conv_1b0e1bf3782340208c862eb1953a6489,29,25,"With a determined step, Ella set off along the northern path, her heart filled with purpose and her spirit alight with the promise of adventure."
conv_1b0e1bf3782340208c862eb1953a6489,30,17,"The journey ahead was unknown, but Ella was ready to face whatever challenges lay in her path."
conv_1b0e1bf3782340208c862eb1953a6489,31,22,"As she walked, the forest seemed to whisper words of encouragement, and the rustling leaves felt like the gentle touch of friends."
conv_1b0e1bf3782340208c862eb1953a6489,32,18,"The sun began to set, casting long shadows and painting the sky in shades of orange and pink."
conv_1b0e1bf3782340208c862eb1953a6489,33,14,Ella found a cozy spot by a babbling brook to rest for the night.
conv_1b0e1bf3782340208c862eb1953a6489,34,16,"She built a small fire and settled down, the flickering flames casting dancing shadows around her."
conv_1b0e1bf3782340208c862eb1953a6489,35,12,"As she drifted off to sleep, the sounds of the forest lullaby"
conv_23a11cb8a62046a39c8eaeb4b4f1a0fc,0,16,"Margot Chen, who discovered on her forty-third birthday that she could hear the thoughts of plants."
conv_23a11cb8a62046a39c8eaeb4b4f1a0fc,1,19,"It started with the fiddle-leaf fig in her living room, which had been slowly dying despite her best efforts."
conv_23a11cb8a62046a39c8eaeb4b4f1a0fc,2,35,"That morning, as she poured her coffee and glanced at its drooping leaves, she heard it—not with her ears, but somewhere deeper, like a whisper pressed directly into her mind: *thirsty, always thirsty, roots drowning."
conv_23a11cb8a62046a39c8eaeb4b4f1a0fc,3,1,*
conv_23a11cb8a62046a39c8eaeb4b4f1a0fc,4,21,"Margot froze, coffee pot still tilted in her hand, watching the dark liquid overflow her mug and pool across the counter."
conv_23a11cb8a62046a39c8eaeb4b4f1a0fc,5,19,"The fig's voice—if it could be called a voice—pulsed with a desperate, alien clarity that made her skin prickle."
conv_23a11cb8a62046a39c8eaeb4b4f1a0fc,6,17,"She set down the pot with trembling hands and approached the plant, kneeling before its ceramic pot."
conv_23a11cb8a62046a39c8eaeb4b4f1a0fc,7,31,"Her fingers touched the soil, finding it paradoxically damp yet compacted, a sodden mass that held water like a sponge but offered no oxygen, no room for the roots to breathe."
conv_23a11cb8a62046a39c8eaeb4b4f1a0fc,8,9,"*Drowning,* the fig whispered again, and now Margot understood."
conv_23a11cb8a62046a39c8eaeb4b4f1a0fc,9,15,"She'd been killing it with kindness, overwatering out of guilt each time a leaf yellowed."
conv_23a11cb8a62046a39c8eaeb4b4f1a0fc,10,11,"""I'm sorry,"" she murmured aloud, feeling foolish yet compelled to respond."
conv_23a11cb8a62046a39c8eaeb4b4f1a0fc,11,14,"The fig's presence in her mind shifted—not quite forgiveness, but a patient, vegetative acceptance."
conv_23a11cb8a62046a39c8eaeb4b4f1a0fc,12,35,"She rushed to find a larger pot, fresh soil, anything to help, but as her hands touched the bag of potting mix in the garage, another voice bloomed in her consciousness—this one wilder, more insistent."
conv_23a11cb8a62046a39c8eaeb4b4f1a0fc,13,24,"The tomato plants outside in her neglected garden, their voices a chaotic chorus: *hungry, splitting, give us calcium, our fruits are tearing themselves apart."
conv_23a11cb8a62046a39c8eaeb4b4f1a0fc,14,1,*
conv_23a11cb8a62046a39c8eaeb4b4f1a0fc,15,27,"Margot stumbled outside, still in her bathrobe, and saw them clearly now—the blossom-end rot blackening the bottoms of nearly ripe tomatoes, the plants' anguish radiating like heat."
conv_23a11cb8a62046a39c8eaeb4b4f1a0fc,16,9,"Around her, the entire garden erupted into声—声 into sound."
conv_23a11cb8a62046a39c8eaeb4b4f1a0fc,17,24,"The roses screamed about aphids, the lavender hummed contentedly in the morning sun, the maple tree in the corner groaned about its diseased branch."
conv_23a11cb8a62046a39c8eaeb4b4f1a0fc,18,37,"The cacophony overwhelmed her, dozens of botanical voices clamoring for attention, each with its own needs and pain and joy, until Margot pressed her palms against her temples and sank to her knees in the dewy grass."
conv_23a11cb8a62046a39c8eaeb4b4f1a0fc,19,7,"""Please,"" she whispered, ""one at a time."""
conv_23a11cb8a62046a39c8eaeb4b4f1a0fc,20,4,"And miraculously, they listened."
conv_23a11cb8a62046a39c8eaeb4b4f1a0fc,21,20,"The voices dimmed to a manageable murmur, and the maple tree spoke first, its voice ancient and patient as oak."
conv_23a11cb8a62046a39c8eaeb4b4f1a0fc,22,7,"*The branch—northeast side, third from the trunk."
conv_23a11cb8a62046a39c8eaeb4b4f1a0fc,23,4,It poisons me slowly.
conv_23a11cb8a62046a39c8eaeb4b4f1a0fc,24,10,"Cut it away, and I will thrive for another century."
conv_23a11cb8a62046a39c8eaeb4b4f1a0fc,25,1,*
conv_23a11cb8a62046a39c8eaeb4b4f1a0fc,26,20,"Margot looked up at the gnarled giant that had shaded her home since before she'd bought it, seeing now the"
conv_24be5ad5ae8b490a89787a75511dc012,0,16,"a young woman named Sophia, who lived in a small village nestled between two great mountains."
conv_24be5ad5ae8b490a89787a75511dc012,1,21,"The villagers believed that the mountains held many secrets, and that the wind whispers ancient tales to those who listened closely."
conv_24be5ad5ae8b490a89787a75511dc012,2,28,"Sophia was one such listener, often wandering to the foot of the mountains at dawn and dusk, when the wind was said to carry the whispers most clearly."
conv_24be5ad5ae8b490a89787a75511dc012,3,30,"She would sit at the base of the larger mountain, her back against the cold stone, and close her eyes, letting the gentle breeze carry the whispers to her ears."
conv_24be5ad5ae8b490a89787a75511dc012,4,45,"At first, the whispers had been indistinct, a soft murmuring that seemed to come from all directions at once, but as Sophia continued to listen, she began to pick out words and phrases, and eventually, entire sentences that seemed to be speaking directly to her."
conv_24be5ad5ae8b490a89787a75511dc012,5,49,"The words were always cryptic, but they filled Sophia with a sense of wonder and curiosity, and she found herself looking forward to these daily listening sessions, as if the mountains were sharing a great mystery with her, and she was slowly unraveling the threads of a long-forgotten legend."
conv_24be5ad5ae8b490a89787a75511dc012,6,89,"The villagers had always spoken of an ancient civilization that once thrived in the mountains, a people with knowledge and power that had been lost to the sands of time, and Sophia couldn't help but feel that the whispers were connected to this lost civilization, that the mountains were sharing with her the remnants of their forgotten lore, and that she was being drawn into a world of ancient magic and mystery, where the boundaries between reality and myth blurred like the mist that shrouded the mountains at dawn."
conv_24be5ad5ae8b490a89787a75511dc012,7,87,"As she listened, Sophia began to experience strange visions, fleeting glimpses of a world that was both familiar and yet utterly alien, where towering spires pierced the sky and ancient forests stretched as far as the eye could see, and where creatures with eyes that shone like stars and skin that seemed to be woven from the very fabric of the mountains themselves moved with a quiet purpose, as if they were guarding secrets that only the most attentive of listeners, like Sophia, could begin to discern."
conv_24be5ad5ae8b490a89787a75511dc012,8,58,"The visions were fragmented and ephemeral, but they left Sophia with a sense of longing, a deep and abiding yearning to step into the world that the mountains were showing her, to walk among the ancient trees and to follow the creatures with star-like eyes, to see where they would lead her and what secrets they would reveal."
conv_24be5ad5ae8b490a89787a75511dc012,9,212,"The longing grew stronger with each passing day, until Sophia could no longer resist its pull, and she felt herself being drawn into the heart of the mountains, as if the whispers and visions had been merely a prelude to a greater journey, one that would take her to the very core of the mystical world that had been unfolding before her, a journey that would require her to leave behind the familiarity of her village and embark into the unknown, where the ancient magic that had been calling to her would finally be revealed in all its glory, and Sophia would discover the truth about herself, the mountains, and the secrets that had been hidden for so long, secrets that would change her life forever, and as she stepped across the threshold, the mountains seemed to whisper a final message in her ear, a message that only she could hear, a message that spoke directly to her heart, and in that moment, Sophia knew that she had finally found what she had been searching for, and that nothing would ever be the same again, for she had unlocked the door to a new world, a world of wonder and enchantment, where the boundaries of reality were stretched and the magic of"
conv_25b3327db15a448db32cb8f42d05655e,0,14,a little girl named Clara who lived at the edge of a wild forest.
conv_25b3327db15a448db32cb8f42d05655e,1,30,"The trees outside her window whispered secrets whenever the moon was high, and Clara often wondered what would happen if she followed those whispers into the depths of the woods."
conv_25b3327db15a448db32cb8f42d05655e,2,29,"One blustery night, as wind rattled against the panes and her parents snored in the next room, Clara slipped quietly from her bed and tiptoed across the creaking floorboards."
conv_25b3327db15a448db32cb8f42d05655e,3,21,"She wrapped herself in her softest scarf, careful not to wake the old tabby curled at the foot of her bed."
conv_25b3327db15a448db32cb8f42d05655e,4,19,"With each step, her heart thudded louder—was it her nerves, or the call of the forest urging her on?"
conv_25b3327db15a448db32cb8f42d05655e,5,14,"She eased open the window, cold air stinging her cheeks and tangling her curls."
conv_25b3327db15a448db32cb8f42d05655e,6,14,Clara swung her legs over the sill and dropped onto the dew-soaked grass below.
conv_25b3327db15a448db32cb8f42d05655e,7,14,"The moonlight painted silver ribbons across her path, illuminating every pebble and fallen leaf."
conv_25b3327db15a448db32cb8f42d05655e,8,13,Clara took a steadying breath and followed the shimmering trail into the darkness.
conv_25b3327db15a448db32cb8f42d05655e,9,13,"The trees seemed to lean closer, their branches arching overhead in tangled canopies."
conv_25b3327db15a448db32cb8f42d05655e,10,13,"The whispers grew clearer—softer now, like a song woven of wind and memory."
conv_25b3327db15a448db32cb8f42d05655e,11,10,"Clara pressed onward, her eyes adjusting to the dim light."
conv_25b3327db15a448db32cb8f42d05655e,12,11,"Suddenly, the song faded, replaced by a gentle tinkling—almost like laughter."
conv_25b3327db15a448db32cb8f42d05655e,13,15,"Ahead, nestled in the roots of an ancient oak, she glimpsed a faint golden glow."
conv_25b3327db15a448db32cb8f42d05655e,14,25,"Clara crept closer, her breath held tight in her chest, until she saw the source: a circle of tiny, luminous creatures dancing hand in hand."
conv_25b3327db15a448db32cb8f42d05655e,15,19,"They spun and dipped, their wings shimmering in the golden light, and their laughter was like the softest bells."
conv_25b3327db15a448db32cb8f42d05655e,16,20,"One of them, not much bigger than Clara’s thumb with hair spun of moonlight, noticed her watching from the shadows."
conv_25b3327db15a448db32cb8f42d05655e,17,10,"With a mischievous curtsy, the little fairy beckoned Clara forward."
conv_25b3327db15a448db32cb8f42d05655e,18,14,"Hesitant but mesmerized, Clara stepped nearer, and the circle parted to let her in."
conv_25b3327db15a448db32cb8f42d05655e,19,18,"As soon as her toes touched the glowing moss, a rush of warmth surged up through her feet."
conv_25b3327db15a448db32cb8f42d05655e,20,10,"The fairies clasped her hands, whirling her into their dance."
conv_25b3327db15a448db32cb8f42d05655e,21,11,"Spinning faster, Clara's worries dissolved as laughter bubbled out of her."
conv_25b3327db15a448db32cb8f42d05655e,22,9,"Together, they danced until the stars began to fade."
conv_25b3327db15a448db32cb8f42d05655e,23,37,"As dawn gilded the treetops, the fairies gently guided Clara back to the edge of the wood, singing a promise in voices as light as morning mist: “Return if ever you feel alone; we will find you.”"
conv_25b3327db15a448db32cb8f42d05655e,24,22,"With a last twirl, Clara crossed the dewy grass and slipped back through her window just as sunlight spilled across her room."
conv_25b3327db15a448db32cb8f42d05655e,25,11,Her scarf sparkled with golden threads—a memory of the night’s magic.
conv_25b3327db15a448db32cb8f42d05655e,26,12,"Smiling, Clara crawled into bed, her heart full of wonder and wildness."
conv_25b3327db15a448db32cb8f42d05655e,27,30,"She listened as the forest songs faded to daytime hush, knowing she would never forget—and that the world would always hold hidden wonders for those brave enough to seek them."
conv_25b3327db15a448db32cb8f42d05655e,28,29,"As sleep finally claimed her, a faint tinkling of laughter echoed in her dreams, and somewhere in the forest, the fairies danced on, waiting for their friend to return."
conv_25b3327db15a448db32cb8f42d05655e,29,28,"For Clara, the line between dream and reality was forever blurred—and every night, hope shimmered just outside her window, carried on moonlight whispers and the promise of adventure."
conv_25b3327db15a448db32cb8f42d05655e,30,20,"And from that night on, Clara knew the wild forest was not just a place of mystery, but of friendship"
conv_272a28c1cb76483fb0bcc11661b06dbc,0,21,"a quiet village nestled between emerald hills, where the mornings arrived wrapped in mist and the evenings sparkled beneath lantern light."
conv_272a28c1cb76483fb0bcc11661b06dbc,1,27,"In this village lived a young woman named Mira, whose laughter was as bright and effervescent as the brook that ran through the heart of the valley."
conv_272a28c1cb76483fb0bcc11661b06dbc,2,20,"Mira tended the gardens behind her cottage, coaxing wildflowers and herbs to life with her gentle hands and whispered songs."
conv_272a28c1cb76483fb0bcc11661b06dbc,3,30,"It was said that the flowers bloomed more brilliantly in Mira’s presence, and the villagers often came to her for bundles of lavender or sprigs of rosemary tied with twine."
conv_272a28c1cb76483fb0bcc11661b06dbc,4,13,"Mira never charged for these gifts; instead, she asked for stories in return."
conv_272a28c1cb76483fb0bcc11661b06dbc,5,36,"Each evening, as the fading sun glanced off the thatched rooftops, neighbors gathered in Mira’s garden, sipping herbal tea while sharing tales from their travels, family legends, and even rumors about the woods beyond the hills."
conv_272a28c1cb76483fb0bcc11661b06dbc,6,16,"Mira listened with keen delight, her eyes shining as she pictured distant lands and mysterious happenings."
conv_272a28c1cb76483fb0bcc11661b06dbc,7,19,"One night, as old Calder spoke of lights glimpsed deep in the woods, a hush fell over the group."
conv_272a28c1cb76483fb0bcc11661b06dbc,8,7,"Mira leaned forward, heart thudding with curiosity."
conv_272a28c1cb76483fb0bcc11661b06dbc,9,36,"Calder, his gnarled hands clasped around his mug, whispered, ""They say the lights dance among the trees when the moon is new, and if you follow their path, you may find what your heart most desires."""
conv_272a28c1cb76483fb0bcc11661b06dbc,10,5,Mira’s cheeks flushed with wonder.
conv_272a28c1cb76483fb0bcc11661b06dbc,11,29,"That night, as the lanterns in her garden winked out one by one and the hush of midnight settled, Mira stood at her gate, staring towards the dark woods."
conv_272a28c1cb76483fb0bcc11661b06dbc,12,8,The air was cool and perfumed with jasmine.
conv_272a28c1cb76483fb0bcc11661b06dbc,13,14,"A sense of longing tugged at her, stronger than she had ever felt before."
conv_272a28c1cb76483fb0bcc11661b06dbc,14,26,"Steeling her courage, she stepped into the moonless night, following the memory of Calder’s tale and the faintest shimmer that seemed to glimmer between the trunks."
conv_272a28c1cb76483fb0bcc11661b06dbc,15,21,"The woods closed gently behind her as she walked, every sound sharper and every shadow alive with the promise of discovery."
conv_272a28c1cb76483fb0bcc11661b06dbc,16,13,The shimmer grew brighter—tiny orbs of silvery light weaving through the branches ahead.
conv_272a28c1cb76483fb0bcc11661b06dbc,17,15,"Mira followed, her breath quickening, until she reached a clearing bathed in an otherworldly glow."
conv_272a28c1cb76483fb0bcc11661b06dbc,18,18,"The orbs circled a solitary tree at the clearing’s center, its white blossoms luminescent in the strange light."
conv_272a28c1cb76483fb0bcc11661b06dbc,19,10,"Mira approached the tree, entranced, feeling the hush grow deeper."
conv_272a28c1cb76483fb0bcc11661b06dbc,20,20,"As she reached out, a gentle voice drifted from the blossoms: “What do you seek, child of dreams and dawn?”"
conv_272a28c1cb76483fb0bcc11661b06dbc,21,9,"Mira’s heart fluttered, her courage both tested and steadied."
conv_272a28c1cb76483fb0bcc11661b06dbc,22,22,"“I seek the story hidden beneath these hills,” she whispered, “the one that lingers in the mist and trembles in my heart.”"
conv_272a28c1cb76483fb0bcc11661b06dbc,23,13,"The orbs swirled closer, their light weaving into delicate patterns around Mira’s hands."
conv_272a28c1cb76483fb0bcc11661b06dbc,24,16,"The tree’s petals began to drift downward, each one glowing softly as it touched Mira’s skin."
conv_272a28c1cb76483fb0bcc11661b06dbc,25,18,"The gentle voice spoke again: “You are the keeper of our songs, Mira, and now our secrets too."""
conv_272a28c1cb76483fb0bcc11661b06dbc,26,27,"As the last blossom settled, images and memories unfurled inside Mira—dreams of the land, laughter of old storytellers, wisdom whispered in the rustling leaves and swirling streams."
conv_272a28c1cb76483fb0bcc11661b06dbc,27,15,"Mira felt herself aglow with understanding, as if the village’s heart had opened to her."
conv_272a28c1cb76483fb0bcc11661b06dbc,28,19,"When she returned at dawn, the mist seemed to bow before her, and the villagers greeted her with wonder."
conv_272a28c1cb76483fb0bcc11661b06dbc,29,18,"From that day, stories flowed from Mira like the stream itself—binding past and future, flower and root, morning"
conv_292771c4d36a4702b327c98371d9c388,0,16,"two friends, Mia and Leo, who grew up in the small, quiet town of Willow Creek."
conv_292771c4d36a4702b327c98371d9c388,1,25,"They spent their childhood exploring the woods behind Mia’s house, building forts, and following the winding river that cut through the heart of the forest."
conv_292771c4d36a4702b327c98371d9c388,2,20,"As they grew older, their adventures became more daring, but nothing could ever prepare them for what was to come."
conv_292771c4d36a4702b327c98371d9c388,3,28,"One summer evening, while wandering deeper into the woods than they had ever gone before, they stumbled upon an old, weathered map half-buried under a pile of leaves."
conv_292771c4d36a4702b327c98371d9c388,4,20,The map was covered in intricate symbols and faded lines that seemed to lead to various points around Willow Creek.
conv_292771c4d36a4702b327c98371d9c388,5,22,"Intrigued, Mia and Leo decided to follow the map’s clues, hoping it would lead them to some hidden treasure or forgotten secret."
conv_292771c4d36a4702b327c98371d9c388,6,28,"Their first clue directed them to the old mill on the outskirts of town, a place that had been abandoned for years and was said to be haunted."
conv_292771c4d36a4702b327c98371d9c388,7,24,"Undeterred by the local legends, they made their way there after dark, flashlights in hand, hearts pounding with excitement and a hint of fear."
conv_292771c4d36a4702b327c98371d9c388,8,14,"The old mill loomed before them, its wooden structure creaking in the night breeze."
conv_292771c4d36a4702b327c98371d9c388,9,20,"They pushed open the heavy, rusted door and stepped inside, the smell of damp wood and mold filling their nostrils."
conv_292771c4d36a4702b327c98371d9c388,10,20,"The beam of their flashlights danced across the walls, revealing cobwebs and shadows that seemed to move on their own."
conv_292771c4d36a4702b327c98371d9c388,11,17,"In the center of the main room, they found a large, ornate chest, partially buried under debris."
conv_292771c4d36a4702b327c98371d9c388,12,22,"With trembling hands, Mia and Leo worked together to uncover it, their excitement growing with each piece of wood they moved aside."
conv_292771c4d36a4702b327c98371d9c388,13,5,"Finally, the chest was free."
conv_292771c4d36a4702b327c98371d9c388,14,13,They exchanged a nervous glance before Leo reached out to lift the lid.
conv_292771c4d36a4702b327c98371d9c388,15,12,"Inside, they found a collection of ancient artifacts and a leather-bound journal."
conv_292771c4d36a4702b327c98371d9c388,16,23,"The journal contained detailed accounts of a secret society that had once thrived in Willow Creek, dedicated to protecting hidden knowledge and treasures."
conv_292771c4d36a4702b327c98371d9c388,17,14,"As they flipped through the pages, the weight of the discovery settled over them."
conv_292771c4d36a4702b327c98371d9c388,18,20,"This wasn’t just any treasure; it was a piece of history, a connection to a past they never knew existed."
conv_292771c4d36a4702b327c98371d9c388,19,23,"Determined to uncover more, Mia and Leo vowed to keep the secret and continue their quest, following the map to its final destination."
conv_292771c4d36a4702b327c98371d9c388,20,22,"Little did they know, their adventure was only beginning, and the secrets of Willow Creek ran much deeper than they ever imagined."
conv_292771c4d36a4702b327c98371d9c388,21,28,"With the journal as their guide and the map as their compass, they set out to unravel the mysteries that lay hidden in the heart of their hometown."
conv_292771c4d36a4702b327c98371d9c388,22,18,"Each step brought them closer to the truth, and with it, a bond that would only grow stronger."
conv_292771c4d36a4702b327c98371d9c388,23,24,"As they delved deeper into the past, they discovered that the town they thought they knew had layers of secrets waiting to be uncovered."
conv_292771c4d36a4702b327c98371d9c388,24,22,"Together, Mia and Leo were ready to face whatever challenges lay ahead, knowing that their friendship and determination would see them through."
conv_292771c4d36a4702b327c98371d9c388,25,20,"The adventure of a lifetime was just beginning, and the secrets of Willow Creek would never be the same again."
conv_292771c4d36a4702b327c98371d9c388,26,18,"Hand in hand, they ventured forward, ready to write their own chapter in the history of their hometown."
conv_292771c4d36a4702b327c98371d9c388,27,28,"The forest, the river, and the old mill would always hold special memories, but now, they held the promise of new discoveries and the thrill of the unknown."
conv_292771c4d36a4702b327c98371d9c388,28,27,"As the sun rose over Willow Creek, casting a golden glow over the town, Mia and Leo felt a sense of purpose they had never experienced before."
conv_292771c4d36a4702b327c98371d9c388,29,3,Their journey was
conv_2b6a9fdd2b264202b6fbc798e053f3c0,0,24,"a peculiar little village, nestled deep within the misty valleys, where the trees leaned in close as if to share secrets with the wind."
conv_2b6a9fdd2b264202b6fbc798e053f3c0,1,28,"At the edge of the village stood a crooked house, its shingles green with moss and its windows twinkling with the glow of lanterns, even in the daytime."
conv_2b6a9fdd2b264202b6fbc798e053f3c0,2,15,"The villagers never spoke of who lived there, not openly, and certainly not after dusk."
conv_2b6a9fdd2b264202b6fbc798e053f3c0,3,14,"Some said that an old clockmaker, Mister Corvus, called the crooked house his home."
conv_2b6a9fdd2b264202b6fbc798e053f3c0,4,21,"Others whispered about shadows in the windows when the moon was high, fluttery shapes that didn’t belong to birds or bats."
conv_2b6a9fdd2b264202b6fbc798e053f3c0,5,23,"Children dared each other to toss pebbles at the crooked house’s gate, though none lingered long enough to hear if the pebbles landed."
conv_2b6a9fdd2b264202b6fbc798e053f3c0,6,31,"One autumn evening, when the air was crisp and the fog rolled in thick as wool, brave little Tessa tiptoed down the winding path, her heart pounding like a distant drum."
conv_2b6a9fdd2b264202b6fbc798e053f3c0,7,23,"She clutched her worn satchel tight, inside which nestled her father’s broken pocket watch—a gift she hoped the mysterious Mister Corvus could fix."
conv_2b6a9fdd2b264202b6fbc798e053f3c0,8,22,"With every creak of the gate, her courage wavered, but she pressed on, guided by a faint chime drifting from the house."
conv_2b6a9fdd2b264202b6fbc798e053f3c0,9,10,"Tessa reached the porch, her breath mingling with the mist."
conv_2b6a9fdd2b264202b6fbc798e053f3c0,10,4,"She knocked, and waited."
conv_2b6a9fdd2b264202b6fbc798e053f3c0,11,24,"The door creaked open, revealing not a frightening figure, but an old man with kind eyes and silver hair that sprang in wild tufts."
conv_2b6a9fdd2b264202b6fbc798e053f3c0,12,27,"He wore a waistcoat peppered with pins and gears, and in his hands he held a tiny, mechanical bird that fluttered its wings with a whispery tintinnabulation."
conv_2b6a9fdd2b264202b6fbc798e053f3c0,13,11,"“Ah, you must be Tessa,” he said with a soft smile."
conv_2b6a9fdd2b264202b6fbc798e053f3c0,14,4,“I've been expecting you.”
conv_2b6a9fdd2b264202b6fbc798e053f3c0,15,9,"Tessa blinked, startled—she hadn't told anyone she was coming."
conv_2b6a9fdd2b264202b6fbc798e053f3c0,16,22,"The old man beckoned her inside, where shelves overflowed with clocks, mysterious trinkets, and jars brimming with cogs that glittered like starlight."
conv_2b6a9fdd2b264202b6fbc798e053f3c0,17,14,The air hummed softly with countless ticking and the gentle whirs of hidden mechanisms.
conv_2b6a9fdd2b264202b6fbc798e053f3c0,18,10,Tessa’s fear gave way to wonder as she gazed around.
conv_2b6a9fdd2b264202b6fbc798e053f3c0,19,9,"“You brought something for me to mend, didn’t you?”"
conv_2b6a9fdd2b264202b6fbc798e053f3c0,20,11,"Mister Corvus asked, his eyes twinkling behind spectacles streaked with dust."
conv_2b6a9fdd2b264202b6fbc798e053f3c0,21,15,"Tessa nodded and handed him the battered pocket watch, her voice barely above a whisper."
conv_2b6a9fdd2b264202b6fbc798e053f3c0,22,5,“It belonged to my father.
conv_2b6a9fdd2b264202b6fbc798e053f3c0,23,14,He said it held a secret—a song only the right hands could coax out.”
conv_2b6a9fdd2b264202b6fbc798e053f3c0,24,12,"Mister Corvus turned the watch over, inspecting it with a knowing smile."
conv_2b6a9fdd2b264202b6fbc798e053f3c0,25,10,"“Every heart and every timepiece has its melody,” he murmured."
conv_2b6a9fdd2b264202b6fbc798e053f3c0,26,6,He reached for his smallest screwdriver.
conv_2b6a9fdd2b264202b6fbc798e053f3c0,27,26,"With Tessa watching wide-eyed, he carefully opened the watch—inside, not just springs and gears, but a tiny sliver of faded parchment lay tucked behind the mechanisms."
conv_2b6a9fdd2b264202b6fbc798e053f3c0,28,20,Mister Corvus lifted it gently and read the words aloud: “For the daughter with courage to seek the song within.”
conv_2b6a9fdd2b264202b6fbc798e053f3c0,29,21,"As he spoke, the pocket watch began to play—a tune sweet and familiar to Tessa, echoing memories of laughter and love."
conv_2b6a9fdd2b264202b6fbc798e053f3c0,30,15,Tears sparkled in her eyes as the melody wrapped around her like a long-lost embrace.
conv_2b6a9fdd2b264202b6fbc798e053f3c0,31,21,"Mister Corvus smiled gently and said, “Your father’s music will always guide you, Tessa, whenever you are brave enough to listen.”"
conv_2b6a9fdd2b264202b6fbc798e053f3c0,32,16,"The watch’s song lingered in the air, mingling with the soft ticking of a hundred clocks."
conv_2b6a9fdd2b264202b6fbc798e053f3c0,33,6,"With gratitude and wonder, Tessa stepped"
conv_30e43acd01e24513a5f6f65aa3fc5f50,0,20,"a young girl named Aria, who lived in a small village nestled in the rolling hills of a verdant valley."
conv_30e43acd01e24513a5f6f65aa3fc5f50,1,20,"The villagers lived simple lives, farming the land and raising livestock, their days filled with the gentle rhythms of nature."
conv_30e43acd01e24513a5f6f65aa3fc5f50,2,40,"Aria, with her wild curly hair and bright green eyes, was a beloved member of the community, often helping her mother with the household chores and learning the traditional recipes that had been passed down through generations of village women."
conv_30e43acd01e24513a5f6f65aa3fc5f50,3,42,"She was especially fond of assisting the village elder, a wise and kindly woman named Elara, who was renowned for her deep understanding of the natural world and her skill in harnessing the healing properties of the valley's unique plants and herbs."
conv_30e43acd01e24513a5f6f65aa3fc5f50,4,50,"Elara's small cottage on the outskirts of the village was a treasure trove of strange and wondrous things, filled with jars of dried flowers, baskets of freshly gathered herbs, and shelves lined with ancient tomes bound in worn leather, their pages filled with the collective knowledge of the valley's ancestors."
conv_30e43acd01e24513a5f6f65aa3fc5f50,5,438,"Aria was fascinated by the mysterious artifacts that adorned the shelves, each one imbued with its own unique energy and history, and Elara would often regale her with stories of their origins and the secrets they held, from the delicate crystal vial filled with the essence of moonlight, said to possess the power to heal the deepest of wounds, to the small, ornate box crafted from the wood of a ancient tree, said to hold the whispers of the forest and grant the listener visions of the past and present, its intricate carvings seeming to shimmer and dance in the flickering candlelight that illuminated Elara's cottage, casting a warm, ethereal glow over the space and transporting Aria to a realm beyond the mundane, where the boundaries between reality and myth blurred, and the very air was alive with the magic that pulsed through the valley like a lifeblood, a magic that Aria felt stirring deep within her own soul, as if it were awakening a part of her that had long been dormant, a part that was connected to the land and its ancient secrets, and she felt an inexplicable longing to step beyond the threshold of the cottage and into the mystical world that lay beyond, a world where the trees whispered secrets to the wind, and the creatures of the forest moved with a quiet purpose, as if they were being guided by a hidden force, one that Aria felt herself being drawn to, like a thread being gently pulled, leading her deeper into the heart of the valley, where the moon dipped into the darkness of the forest, casting a silver glow over the landscape, and the trees grew taller and closer together, forming a canopy of leaves that filtered the light and cast dappled shadows on the forest floor, creating a sense of mystery and enchantment that seemed to wrap itself around Aria like a gentle cloak, as she walked deeper into the woods, the silence growing thicker around her, until she came to a clearing, where a great stone monument stood, covered in moss and lichen, its surface etched with ancient runes that seemed to shimmer with a soft, otherworldly light, as if the monument was a gateway to a hidden realm, and Aria, feeling an irresistible pull, reached out a trembling hand to touch the stone, and as her fingers made contact with the runes, the light grew brighter, and the air around her began to vibrate with an intense, pulsating energy, as if the very fabric of reality was being parted, and Aria felt herself being drawn into the heart of"
conv_31e18dd54ab64e43899d86184657e442,0,17,"Elena Marquez, a lighthouse keeper who discovered she could hear the thoughts of ships lost at sea."
conv_31e18dd54ab64e43899d86184657e442,1,25,"It started on a Tuesday morning when the fog rolled in thick and suffocating, pressing against the windows of the keeper's cottage like wet wool."
conv_31e18dd54ab64e43899d86184657e442,2,28,"Elena was pouring her coffee when she heard it—not with her ears, but somewhere deeper, behind her sternum: a desperate, wordless plea that tasted of salt and rust."
conv_31e18dd54ab64e43899d86184657e442,3,2,*Help us.
conv_31e18dd54ab64e43899d86184657e442,4,4,We're turning in circles.*
conv_31e18dd54ab64e43899d86184657e442,5,18,"The voice wasn't quite a voice—more like an emotion with consonants, a feeling that had learned to speak."
conv_31e18dd54ab64e43899d86184657e442,6,21,"Elena dropped her mug, watching the dark liquid spread across the wooden floor in a shape that resembled a compass rose."
conv_31e18dd54ab64e43899d86184657e442,7,26,"She pressed her palms against her temples, but the sensation only grew stronger, more insistent, like fingers tapping morse code against the inside of her skull."
conv_31e18dd54ab64e43899d86184657e442,8,2,*Three-seven-two degrees.
conv_31e18dd54ab64e43899d86184657e442,9,2,"No, wait—*"
conv_31e18dd54ab64e43899d86184657e442,10,30,"The thought dissolved into static confusion, and Elena realized with a jolt that she was sensing the navigator's panic, his trembling hands hovering over instruments that had stopped making sense."
conv_31e18dd54ab64e43899d86184657e442,11,22,"She stumbled to the lighthouse tower, her breath coming in ragged gasps as she climbed the spiral stairs two at a time."
conv_31e18dd54ab64e43899d86184657e442,12,35,"The beam was already rotating, cutting through the fog in its eternal rhythm, but Elena knew it wasn't enough—not for a ship whose compass had gone mad, whose crew was drowning in their own uncertainty."
conv_31e18dd54ab64e43899d86184657e442,13,34,"She grabbed the radio with shaking hands and switched to the emergency channel, but before she could speak, another voice bloomed in her chest—this one older, weary, carrying the weight of decades at sea."
conv_31e18dd54ab64e43899d86184657e442,14,5,*I've seen this fog before.
conv_31e18dd54ab64e43899d86184657e442,15,1,1987.
conv_31e18dd54ab64e43899d86184657e442,16,3,Lost six men.*
conv_31e18dd54ab64e43899d86184657e442,17,27,"The memory wasn't hers, yet she could taste the bitterness of it, feel the phantom cold of those long-ago waves against skin that had never been hers."
conv_31e18dd54ab64e43899d86184657e442,18,17,"Elena's voice cracked as she spoke into the radio: ""Vessel in distress, this is Broken Point Light."
conv_31e18dd54ab64e43899d86184657e442,19,4,"I have your position."""
conv_31e18dd54ab64e43899d86184657e442,20,31,"She didn't know how she knew, but suddenly the coordinates were there in her mind, clear as her own name—latitude and longitude burned into her consciousness like they'd been carved there."
conv_31e18dd54ab64e43899d86184657e442,21,12,"The radio crackled back: ""Broken Point, this is the cargo vessel *Persephone*."
conv_31e18dd54ab64e43899d86184657e442,22,12,"How did you—"" The captain's voice faltered, confusion and hope tangled together."
conv_31e18dd54ab64e43899d86184657e442,23,10,Elena didn't wait to explain what she couldn't understand herself.
conv_31e18dd54ab64e43899d86184657e442,24,8,"""Captain, you're two miles northeast of the rocks."
conv_31e18dd54ab64e43899d86184657e442,25,11,Your compass is caught in the magnetic anomaly off the point.
conv_31e18dd54ab64e43899d86184657e442,26,8,Trust my bearing instead—come to heading one-eight-five degrees.
conv_31e18dd54ab64e43899d86184657e442,27,5,"I'll keep talking you through."""
conv_31e18dd54ab64e43899d86184657e442,28,24,"As she spoke, Elena felt the ship's relief wash through her like a wave breaking, a collective exhale from every soul aboard the *Persephone*."
conv_31e18dd54ab64e43899d86184657e442,29,36,"She stayed at the radio for the next forty minutes, her voice steady even as tears streamed down her face, guiding them through the fog with coordinates she shouldn't have known, past dangers she'd never mapped."
conv_31e18dd54ab64e43899d86184657e442,30,27,"When the *Persephone* finally emerged from the fog bank into clear morning light, Elena felt the crew's gratitude like warmth flooding back into frozen limbs—and then, gradually,"
conv_339a89acf32545fa80f53e02c9fd766b,0,12,a small village nestled deep within the heart of an ancient forest.
conv_339a89acf32545fa80f53e02c9fd766b,1,16,"The villagers lived in harmony with nature, their lives intertwined with the rhythms of the seasons."
conv_339a89acf32545fa80f53e02c9fd766b,2,19,"Among them was a young girl named Elara, known for her curious spirit and deep connection to the woods."
conv_339a89acf32545fa80f53e02c9fd766b,3,19,"She often wandered into the forest, listening to the whispers of the trees and learning the secrets they held."
conv_339a89acf32545fa80f53e02c9fd766b,4,17,"One day, while exploring a particularly dense part of the forest, Elara stumbled upon a hidden clearing."
conv_339a89acf32545fa80f53e02c9fd766b,5,17,"In the center of the clearing stood a magnificent tree, its bark shimmering with an iridescent glow."
conv_339a89acf32545fa80f53e02c9fd766b,6,8,"The leaves whispered her name, drawing her closer."
conv_339a89acf32545fa80f53e02c9fd766b,7,16,"As she approached, she noticed a small, intricately carved door at the base of the tree."
conv_339a89acf32545fa80f53e02c9fd766b,8,12,"The door was slightly ajar, revealing a warm, inviting light from within."
conv_339a89acf32545fa80f53e02c9fd766b,9,17,"Heart pounding with a mix of excitement and curiosity, Elara pushed the door open and stepped inside."
conv_339a89acf32545fa80f53e02c9fd766b,10,20,"The interior was unlike anything she had ever seen—a vast, enchanted cavern filled with glowing flowers and gentle, flowing streams."
conv_339a89acf32545fa80f53e02c9fd766b,11,11,"In the center, a crystal-clear pool reflected the radiant light above."
conv_339a89acf32545fa80f53e02c9fd766b,12,20,"As Elara approached the pool, she felt a sudden breeze, and the air around her seemed to hum with energy."
conv_339a89acf32545fa80f53e02c9fd766b,13,13,"A soft, melodic voice whispered in her ear, ""Welcome, child of the forest."
conv_339a89acf32545fa80f53e02c9fd766b,14,4,"You have been chosen."""
conv_339a89acf32545fa80f53e02c9fd766b,15,8,"Startled, Elara turned around, but saw no one."
conv_339a89acf32545fa80f53e02c9fd766b,16,13,"The voice continued, ""Listen carefully, for the forest has a task for you."
conv_339a89acf32545fa80f53e02c9fd766b,17,16,"A dark force threatens to consume the balance of nature, and only you can restore harmony."
conv_339a89acf32545fa80f53e02c9fd766b,18,10,Seek out the three sacred stones hidden throughout the forest.
conv_339a89acf32545fa80f53e02c9fd766b,19,13,Each stone holds a piece of the ancient magic that protects our realm.
conv_339a89acf32545fa80f53e02c9fd766b,20,11,"With them, you will have the power to vanquish the darkness."
conv_339a89acf32545fa80f53e02c9fd766b,21,11,"But beware, for the path is fraught with challenges and dangers."
conv_339a89acf32545fa80f53e02c9fd766b,22,13,Trust in the wisdom of the forest and the guidance of the spirits.
conv_339a89acf32545fa80f53e02c9fd766b,23,8,"Are you ready to accept this quest, Elara?"""
conv_339a89acf32545fa80f53e02c9fd766b,24,22,"The young girl took a deep breath, feeling the weight of the responsibility but also the burning desire to protect her home."
conv_339a89acf32545fa80f53e02c9fd766b,25,7,"""I am ready,"" she replied with determination."
conv_339a89acf32545fa80f53e02c9fd766b,26,11,"The air around her shimmered, and a gentle light enveloped her."
conv_339a89acf32545fa80f53e02c9fd766b,27,18,"When it faded, she found herself back in the clearing, the door of the enchanted tree now closed."
conv_339a89acf32545fa80f53e02c9fd766b,28,25,"With a renewed sense of purpose, Elara set off into the forest, her heart filled with courage and her mind focused on the task ahead."
conv_339a89acf32545fa80f53e02c9fd766b,29,25,"She knew the journey would be difficult, but she was determined to find the three sacred stones and save her village from the impending darkness."
conv_339a89acf32545fa80f53e02c9fd766b,30,17,"As she ventured deeper into the forest, the trees seemed to part before her, guiding her path."
conv_339a89acf32545fa80f53e02c9fd766b,31,15,"The animals of the forest watched over her, their eyes gleaming with a protective light."
conv_339a89acf32545fa80f53e02c9fd766b,32,24,"Elara felt a sense of kinship with every living thing around her, as if the forest itself was whispering words of encouragement and strength."
conv_339a89acf32545fa80f53e02c9fd766b,33,17,"With each step, she grew more confident, knowing that the spirits of the forest were with her."
conv_339a89acf32545fa80f53e02c9fd766b,34,19,"As the sun began to set, casting a golden glow through the canopy, Elara came across a small stream."
conv_339a89acf32545fa80f53e02c9fd766b,35,18,"By its side, she found the first of the sacred stones, glowing faintly with a warm, amber light."
conv_339a89acf32545fa80f53e02c9fd766b,36,23,"It pulsed with the heartbeat of the forest, and as she touched it, she felt a surge of energy coursing through her body."
conv_339a89acf32545fa80f53e02c9fd766b,37,14,"The stone seemed to recognize her, and she knew it was hers to carry."
conv_339a89acf32545fa80f53e02c9fd766b,38,7,"With the first stone in hand, Elara"
conv_3cd6a9b2f37747109eaa80d6ec7ce875,0,18,"a young girl named Sophia, who lived in a small village surrounded by rolling hills and dense forests."
conv_3cd6a9b2f37747109eaa80d6ec7ce875,1,25,"She was a curious and adventurous child, with a heart full of wonder and a mind full of questions about the world beyond her village."
conv_3cd6a9b2f37747109eaa80d6ec7ce875,2,31,"Sophia spent most of her days exploring the surrounding countryside, discovering hidden streams and secret meadows, and talking to the villagers who lived in the small cottages that dotted the landscape."
conv_3cd6a9b2f37747109eaa80d6ec7ce875,3,50,"There was Old Man Jenkins, who told tales of far-off lands and exotic creatures, and Mrs. Thompson, who taught Sophia about the healing properties of the plants that grew in the forest, showing her which ones to use for fever, which ones for wounds, and which ones to avoid altogether."
conv_3cd6a9b2f37747109eaa80d6ec7ce875,4,30,"Sophia's favorite place to visit was the old oak tree that stood at the edge of the forest, its gnarled branches twisted and tangled in a way that seemed magical."
conv_3cd6a9b2f37747109eaa80d6ec7ce875,5,51,"The tree was said to hold the secrets of the forest, and Sophia would often sit at its base, listening to the whispers of the wind as it rustled through the leaves, and feeling the gentle vibrations of the tree's energy, as if it were sharing its ancient wisdom with her."
conv_3cd6a9b2f37747109eaa80d6ec7ce875,6,44,"It was on one of these afternoons, as the sun was beginning to set, casting a warm orange glow over the forest, that Sophia noticed a small door hidden in the trunk of the tree, partially concealed by a tangle of vines and moss."
conv_3cd6a9b2f37747109eaa80d6ec7ce875,7,31,"The door was tiny, no larger than a shoebox, and it had a small brass handle in the shape of an acorn, which seemed to be beckoning her to open it."
conv_3cd6a9b2f37747109eaa80d6ec7ce875,8,51,"Sophia's heart skipped a beat as she reached out a trembling hand to grasp the acorn handle, feeling a surge of excitement and trepidation as she turned it and pulled the door open, revealing a small, dimly lit room that seemed to be nestled within the heart of the tree itself."
conv_3cd6a9b2f37747109eaa80d6ec7ce875,9,71,"The air inside was thick with the scent of old books and wood polish, and the walls were lined with shelves that stretched all the way up to the vaulted ceiling, laden with tomes bound in worn leather and adorned with strange symbols that glowed softly in the faint light that emanated from a series of delicate, crystal orbs that hung from the ceiling, casting a mystical glow over the room."
conv_3cd6a9b2f37747109eaa80d6ec7ce875,10,30,"As Sophia stepped inside, her eyes widened in wonder at the sheer scale of the library, and the vast array of knowledge that seemed to be contained within its walls."
conv_3cd6a9b2f37747109eaa80d6ec7ce875,11,35,"She wandered deeper into the room, running her fingers over the spines of the books, feeling the raised letters and intricate tooling that adorned the covers, and breathing in the musty scent of aged parchment."
conv_3cd6a9b2f37747109eaa80d6ec7ce875,12,52,"As she delved deeper into the stacks, the silence of the room was suddenly broken by the soft whisper of pages turning, and Sophia turned to see a figure cloaked in shadow, seated at a desk in the far corner of the room, surrounded by piles of open books and scattered papers."
conv_3cd6a9b2f37747109eaa80d6ec7ce875,13,29,"The figure slowly looked up, revealing a pair of piercing green eyes that seemed to bore into Sophia's very soul, as if searching for something hidden deep within her."
conv_3cd6a9b2f37747109eaa80d6ec7ce875,14,30,"The eyes were framed by a face that was both familiar and yet utterly strange, with high cheekbones and a small, enigmatic smile that seemed to hold a thousand secrets."
conv_3cd6a9b2f37747109eaa80d6ec7ce875,15,39,"As Sophia stood there, frozen in wonder, the figure slowly rose from its seat, its movements elegance personified, and began to walk towards her, the soft rustle of its robes the only sound breaking the silence of the room."
conv_3cd6a9b2f37747109eaa80d6ec7ce875,16,6,"Sophia felt her heart beating faster,"
conv_3ef9d32d64f54bdf9885057da0285cef,0,19,"a young girl named Sophia, who lived in a small village nestled in the rolling hills of the countryside."
conv_3ef9d32d64f54bdf9885057da0285cef,1,28,"She was known throughout the village for her striking green eyes and her long, curly brown hair that cascaded down her back like a waterfall of chestnut hues."
conv_3ef9d32d64f54bdf9885057da0285cef,2,42,"Sophia was a kind and gentle soul, loved by all who knew her, and she spent her days tending to the village gardens, where she would carefully nurture the most vibrant and exotic flowers to bloom in every color of the rainbow."
conv_3ef9d32d64f54bdf9885057da0285cef,3,66,"The villagers would often marvel at her talent, as she coaxed even the most reluctant blossoms into radiant life, and they would whisper to one another about the special gift she seemed to possess, a magic that went beyond mere gardening skills, a magic that seemed to emanate from her very presence, and which brought a sense of peace and tranquility to all who surrounded her."
conv_3ef9d32d64f54bdf9885057da0285cef,4,33,"As she worked among the flowers, her hands would move with a quiet reverence, as if she were not just tending to the plants, but communing with the very essence of nature itself."
conv_3ef9d32d64f54bdf9885057da0285cef,5,437,"The air around her would fill with the sweet scent of blooming flowers, and the soft hum of bees as they flitted from petal to petal, collecting nectar and pollen, and the gentle rustle of leaves in the breeze would create a soothing melody that seemed to harmonize with the rhythm of Sophia's heartbeat, as if she were a part of the natural world itself, a living embodiment of the land and all its secrets, and the villagers would watch her with a sense of wonder, feeling as though they were witnessing a mystical dance, one that wove together the threads of earth and sky, of growth and decay, of life and death, and they would feel their own spirits lift and soar as they breathed in the fragrance of the blossoms and the fresh earth, and felt the warmth of the sun on their skin, and the gentle touch of the breeze in their hair, and they would be filled with a deep sense of connection to the world around them, as if the boundaries between themselves and the natural world had dissolved, and they had become one with the land, the air, the water, and the very essence of existence, and in this state of unity, they would feel a profound sense of peace and understanding, as if they had finally come home to a place they had always known, but had forgotten, and Sophia, with her gentle smile and her eyes that shone like emeralds in the sunlight, would be the guardian of this sacred place, the keeper of its secrets, and the weaver of its magic, and as the villagers gazed upon her, they would see not just a young girl, but a symbol of the divine, a embodiment of the mysteries and wonders that lay just beyond the edge of everyday life, and they would feel their hearts overflowing with a sense of awe and reverence, as they realized that Sophia was a doorway to the infinite, a bridge between the mundane and the mystical, and that through her, they could catch a glimpse of the eternal and the infinite, and experience the beauty and the wonder that lay at the very heart of existence, and in this moment, they would know that they were a part of something much greater than themselves, something that transcended time and space, and that Sophia's presence had awakened them to this profound truth, and as the truth settled deep within their souls, they would feel a sense of transformation taking place, as if their very essence was being rewritten, and they would emerge from this"
conv_423a3b9f2e0640e789caf6a9f5e374b9,0,10,a small village nestled between rolling hills and dense forests.
conv_423a3b9f2e0640e789caf6a9f5e374b9,1,17,"The village, known as Greenhaven, was a peaceful place where everyone knew each other’s names and faces."
conv_423a3b9f2e0640e789caf6a9f5e374b9,2,21,"The villagers lived simple lives, tending to their farms and gardens, and gathering in the town square for the weekly market."
conv_423a3b9f2e0640e789caf6a9f5e374b9,3,19,"One day, as the sun began to set, casting long shadows across the cobblestone streets, a mysterious traveler arrived."
conv_423a3b9f2e0640e789caf6a9f5e374b9,4,23,"Cloaked in a deep blue robe, the traveler moved quietly through the village, stopping only to observe the villagers with a curious gaze."
conv_423a3b9f2e0640e789caf6a9f5e374b9,5,22,"Word of the stranger spread quickly, and by the time night fell, the local inn was buzzing with speculation and whispered tales."
conv_423a3b9f2e0640e789caf6a9f5e374b9,6,25,"Elderly villagers shared stories of old prophecies and forgotten magic, while the younger ones wondered if the traveler might bring news from beyond the hills."
conv_423a3b9f2e0640e789caf6a9f5e374b9,7,28,"As the fire in the inn’s hearth crackled, a young girl named Elara, known for her adventurous spirit, decided she would uncover the truth behind the mysterious visitor."
conv_423a3b9f2e0640e789caf6a9f5e374b9,8,19,"With a determined nod to her friends, Elara slipped out of the inn and into the cool night air."
conv_423a3b9f2e0640e789caf6a9f5e374b9,9,14,"The moon hung low and full, casting a silvery glow over the quiet village."
conv_423a3b9f2e0640e789caf6a9f5e374b9,10,17,"She made her way to the edge of the forest, where she had last seen the traveler."
conv_423a3b9f2e0640e789caf6a9f5e374b9,11,19,"The path was narrow and winding, but Elara moved with the confidence of someone who knew these woods well."
conv_423a3b9f2e0640e789caf6a9f5e374b9,12,19,"As she approached a clearing, she saw the traveler standing by an ancient oak tree, their back to her."
conv_423a3b9f2e0640e789caf6a9f5e374b9,13,17,"Taking a deep breath, Elara stepped forward, her heart pounding with a mix of excitement and curiosity."
conv_423a3b9f2e0640e789caf6a9f5e374b9,14,14,"""Excuse me,"" she called out softly, ""I couldn’t help but notice you’re new here."
conv_423a3b9f2e0640e789caf6a9f5e374b9,15,4,My name is Elara.
conv_423a3b9f2e0640e789caf6a9f5e374b9,16,13,"Is there something you need, or perhaps a story you’d like to share?"""
conv_423a3b9f2e0640e789caf6a9f5e374b9,17,18,"The traveler turned slowly, revealing a kind face and eyes that seemed to hold the wisdom of ages."
conv_423a3b9f2e0640e789caf6a9f5e374b9,18,10,"""Hello, Elara,"" the traveler said, their voice calm and soothing."
conv_423a3b9f2e0640e789caf6a9f5e374b9,19,4,"""My name is Arin."
conv_423a3b9f2e0640e789caf6a9f5e374b9,20,8,I come bearing a message for your village.
conv_423a3b9f2e0640e789caf6a9f5e374b9,21,15,"A great change is coming, one that will test the strength and unity of Greenhaven."
conv_423a3b9f2e0640e789caf6a9f5e374b9,22,11,"But first, I seek to understand the heart of this place."
conv_423a3b9f2e0640e789caf6a9f5e374b9,23,10,"Can you tell me more about Greenhaven and its people?"""
conv_423a3b9f2e0640e789caf6a9f5e374b9,24,7,"Elara smiled, feeling a sense of pride."
conv_423a3b9f2e0640e789caf6a9f5e374b9,25,10,"""Greenhaven is a place of deep bonds and shared histories."
conv_423a3b9f2e0640e789caf6a9f5e374b9,26,19,"We care for each other like family, and our traditions are woven into the fabric of our daily lives."
conv_423a3b9f2e0640e789caf6a9f5e374b9,27,32,"Every spring, we hold the Festival of Lights to celebrate the return of the sun, and in the fall, the Harvest Festival brings us together to share the bounty of the land."
conv_423a3b9f2e0640e789caf6a9f5e374b9,28,19,"Our village is built on trust and cooperation, and we face challenges together, no matter how big or small."
conv_423a3b9f2e0640e789caf6a9f5e374b9,29,7,"What is the message you bring, Arin?"
conv_423a3b9f2e0640e789caf6a9f5e374b9,30,7,"How can we prepare for this change?"""
conv_423a3b9f2e0640e789caf6a9f5e374b9,31,10,"Arin nodded thoughtfully, a look of understanding in their eyes."
conv_423a3b9f2e0640e789caf6a9f5e374b9,32,12,"""The change I speak of is a test of that very spirit."
conv_423a3b9f2e0640e789caf6a9f5e374b9,33,20,"A dark force is gathering beyond the hills, threatening the peace of not just Greenhaven, but all the lands around."
conv_423a3b9f2e0640e789caf6a9f5e374b9,34,14,"To stand against it, your village must unite in ways it never has before."
conv_423a3b9f2e0640e789caf6a9f5e374b9,35,16,The strength of your bonds and the courage of your hearts will be your greatest weapons.
conv_423a3b9f2e0640e789caf6a9f5e374b9,36,10,I am here to guide you and help you prepare.
conv_423a3b9f2e0640e789caf6a9f5e374b9,37,13,"Together, we can ensure that the light of Greenhaven shines brightly, even in"
conv_462717bcc40d4415847da0610f472914,0,19,"Eliana, a young woman with a heart as vast as the ocean and dreams that stretched beyond the stars."
conv_462717bcc40d4415847da0610f472914,1,17,She lived in a small coastal village where the sea whispered secrets to those who listened closely.
conv_462717bcc40d4415847da0610f472914,2,5,Eliana was one such listener.
conv_462717bcc40d4415847da0610f472914,3,23,"Every evening, she would sit on the old wooden pier, her feet dangling above the water, lost in the symphony of the waves."
conv_462717bcc40d4415847da0610f472914,4,21,"It was during one of these evenings that she noticed something peculiar—a faint, glowing light beneath the surface of the water."
conv_462717bcc40d4415847da0610f472914,5,23,"Curiosity piqued, Eliana leaned closer, her eyes widening as the light began to pulse rhythmically, almost as if it were communicating with her."
conv_462717bcc40d4415847da0610f472914,6,11,"She reached out tentatively, her fingers brushing against the cool water."
conv_462717bcc40d4415847da0610f472914,7,21,"Suddenly, the light surged upward, breaking the surface and revealing a small, intricately carved seashell that shimmered with an otherworldly glow."
conv_462717bcc40d4415847da0610f472914,8,13,"Eliana picked up the shell, feeling a strange warmth spread through her hand."
conv_462717bcc40d4415847da0610f472914,9,23,"As she held it close, a gentle voice seemed to whisper from within, speaking of ancient secrets and forgotten realms beneath the sea."
conv_462717bcc40d4415847da0610f472914,10,22,"The voice urged her to follow the tides, promising that the path ahead would lead her to truths she could hardly imagine."
conv_462717bcc40d4415847da0610f472914,11,18,"Heart racing, Eliana clutched the seashell tightly and made a silent vow to uncover the mysteries it held."
conv_462717bcc40d4415847da0610f472914,12,21,"The next morning, she set out on a journey that would take her far from the familiar shores of her village."
conv_462717bcc40d4415847da0610f472914,13,19,"With the seashell as her guide, she followed the coastline, her steps growing more determined with each passing mile."
conv_462717bcc40d4415847da0610f472914,14,29,"The sun rose and set, casting golden hues over the rolling waves, and the seashell pulsed softly in her pocket, a constant reminder of the adventure that awaited her."
conv_462717bcc40d4415847da0610f472914,15,19,"As night fell, Eliana found shelter under the branches of an ancient tree, its roots dipping into the sea."
conv_462717bcc40d4415847da0610f472914,16,24,"She lay down, the seashell still in her hand, and drifted into a dream filled with visions of underwater cities and creatures of myth."
conv_462717bcc40d4415847da0610f472914,17,18,"When dawn broke, she awoke with a renewed sense of purpose, ready to face whatever challenges lay ahead."
conv_462717bcc40d4415847da0610f472914,18,14,"The journey was long and fraught with unexpected obstacles, but Eliana's resolve never wavered."
conv_462717bcc40d4415847da0610f472914,19,31,"Guided by the seashell and her unwavering curiosity, she encountered mysterious islands, navigated treacherous waters, and even befriended a pod of dolphins that led her through a maze of coral reefs."
conv_462717bcc40d4415847da0610f472914,20,12,Each step brought her closer to the heart of the ocean's secrets.
conv_462717bcc40d4415847da0610f472914,21,22,"One day, as the seashell’s glow intensified, Eliana found herself at the entrance of a hidden cave, its mouth shrouded in mist."
conv_462717bcc40d4415847da0610f472914,22,12,The air inside was thick with the scent of salt and magic.
conv_462717bcc40d4415847da0610f472914,23,11,"She stepped cautiously into the darkness, the seashell illuminating her path."
conv_462717bcc40d4415847da0610f472914,24,10,"Deeper within, the cave opened into a vast, luminescent cavern."
conv_462717bcc40d4415847da0610f472914,25,14,"In the center, a crystalline pool glowed with the same light as the seashell."
conv_462717bcc40d4415847da0610f472914,26,23,"As Eliana approached, the water rippled, and a figure emerged from the depths—a graceful mermaid with eyes as deep as the ocean itself."
conv_462717bcc40d4415847da0610f472914,27,32,"The mermaid spoke in a voice that echoed with the wisdom of centuries, explaining that the seashell was a key to a lost realm where the boundaries between dream and reality blurred."
conv_462717bcc40d4415847da0610f472914,28,24,"She told Eliana of a great treasure, not of gold or jewels, but of knowledge and harmony, hidden within the heart of the ocean."
conv_4a6a4f5ea2f54cbeb47af1cc5ce458ac,0,22,"a small, ancient village nestled between two towering mountains, where the air was always crisp and the sky a deep, unending blue."
conv_4a6a4f5ea2f54cbeb47af1cc5ce458ac,1,19,"The villagers lived in harmony with nature, their lives centered around the seasons and the rhythms of the land."
conv_4a6a4f5ea2f54cbeb47af1cc5ce458ac,2,30,"Every morning, the villagers would gather at the village square, where the oldest and wisest among them, known as the Elders, would share stories and wisdom passed down through generations."
conv_4a6a4f5ea2f54cbeb47af1cc5ce458ac,3,20,"Among these villagers was a young girl named Lila, who had a curious mind and a heart full of dreams."
conv_4a6a4f5ea2f54cbeb47af1cc5ce458ac,4,21,"Lila was always the first to arrive at the square, eager to learn and soak in every word the Elders spoke."
conv_4a6a4f5ea2f54cbeb47af1cc5ce458ac,5,19,"She was particularly fascinated by the tales of the Mountain Spirits, mythical beings said to inhabit the peaks above."
conv_4a6a4f5ea2f54cbeb47af1cc5ce458ac,6,14,These spirits were believed to control the weather and protect the village from harm.
conv_4a6a4f5ea2f54cbeb47af1cc5ce458ac,7,14,Lila often wondered what it would be like to meet one of these spirits.
conv_4a6a4f5ea2f54cbeb47af1cc5ce458ac,8,22,"One day, after a particularly stormy night, the village woke to find a mysterious, shimmering stone at the edge of the forest."
conv_4a6a4f5ea2f54cbeb47af1cc5ce458ac,9,17,"The stone glowed with an otherworldly light, and whispers of its appearance spread quickly through the village."
conv_4a6a4f5ea2f54cbeb47af1cc5ce458ac,10,17,"Lila, driven by curiosity and a sense of adventure, decided to investigate the stone on her own."
conv_4a6a4f5ea2f54cbeb47af1cc5ce458ac,11,20,"As she approached the forest’s edge, the air grew cooler, and the trees seemed to whisper secrets in the wind."
conv_4a6a4f5ea2f54cbeb47af1cc5ce458ac,12,16,"Heart pounding with excitement and a touch of fear, Lila reached out to touch the stone."
conv_4a6a4f5ea2f54cbeb47af1cc5ce458ac,13,22,"As her fingers brushed against its surface, the stone pulsed with a warm light, and the air around her began to shimmer."
conv_4a6a4f5ea2f54cbeb47af1cc5ce458ac,14,14,"Suddenly, the ground beneath her feet trembled, and the trees rustled as if alive."
conv_4a6a4f5ea2f54cbeb47af1cc5ce458ac,15,19,"From the depths of the forest, a figure emerged—a tall, ethereal being with eyes that sparkled like the stars."
conv_4a6a4f5ea2f54cbeb47af1cc5ce458ac,16,21,"The spirit’s voice was a gentle breeze, whispering, “Child of the village, you have shown great courage to approach the stone."
conv_4a6a4f5ea2f54cbeb47af1cc5ce458ac,17,7,"I am Eir, Guardian of the Mountains."
conv_4a6a4f5ea2f54cbeb47af1cc5ce458ac,18,4,What do you seek?”
conv_4a6a4f5ea2f54cbeb47af1cc5ce458ac,19,6,"Lila, though awestruck, found her voice."
conv_4a6a4f5ea2f54cbeb47af1cc5ce458ac,20,17,"""I seek to understand, to learn about the world beyond our village, and to help my people."
conv_4a6a4f5ea2f54cbeb47af1cc5ce458ac,21,4,"Can you guide me?"""
conv_4a6a4f5ea2f54cbeb47af1cc5ce458ac,22,11,"Eir smiled, a warm and reassuring smile that calmed Lila’s fears."
conv_4a6a4f5ea2f54cbeb47af1cc5ce458ac,23,22,"“I can show you wonders beyond your wildest dreams, but remember, true wisdom comes from the heart and the choices you make."
conv_4a6a4f5ea2f54cbeb47af1cc5ce458ac,24,8,Are you ready to embark on this journey?”
conv_4a6a4f5ea2f54cbeb47af1cc5ce458ac,25,7,"Lila nodded, her eyes shining with determination."
conv_4a6a4f5ea2f54cbeb47af1cc5ce458ac,26,21,"Hand in hand, they stepped into the unknown, the forest around them coming alive with the magic of the Mountain Spirits."
conv_4a6a4f5ea2f54cbeb47af1cc5ce458ac,27,23,"The village watched in wonder as the young girl and the guardian disappeared into the mist, leaving behind a trail of glowing light."
conv_4a6a4f5ea2f54cbeb47af1cc5ce458ac,28,40,"And so, the legend of Lila and the Mountain Spirit was born, a tale that would be told for generations to come, inspiring all who heard it to embrace their curiosity and face the unknown with courage and open hearts."
conv_4a6a4f5ea2f54cbeb47af1cc5ce458ac,29,31,"The village thrived, knowing that within each of them lay the potential for greatness, just like the brave young girl who dared to dream and explore the mysteries of the world."
conv_4a6a4f5ea2f54cbeb47af1cc5ce458ac,30,22,"And whenever the villagers looked up at the mountains, they remembered Lila and the timeless wisdom she brought back to their community."
conv_4a6a4f5ea2f54cbeb47af1cc5ce458ac,31,31,"The stone at the edge of the forest continued to glow, a symbol of the bond between the village and the Mountain Spirits, a reminder that the journey of a thousand"
conv_4f8a0b7e568d40eba7e40164ecf1db73,0,21,# The Lighthouse at World's End Mara had always been drawn to edges—the places where one thing ended and another began.
conv_4f8a0b7e568d40eba7e40164ecf1db73,1,22,"So when she inherited her great-aunt's lighthouse on a windswept peninsula that locals called ""the last shoulder of land,"" she didn't hesitate."
conv_4f8a0b7e568d40eba7e40164ecf1db73,2,24,"The journey took three days by train, then bus, then finally a rickety fishing boat that cut through waters the color of old pewter."
conv_4f8a0b7e568d40eba7e40164ecf1db73,3,36,"The lighthouse keeper who'd been maintaining it in her great-aunt's absence was a weathered man named Callum who spoke in fragments, as if words were a precious resource he'd learned to ration over decades of solitude."
conv_4f8a0b7e568d40eba7e40164ecf1db73,4,17,"He met her at the dock with a lantern already lit, though it was only late afternoon."
conv_4f8a0b7e568d40eba7e40164ecf1db73,5,10,"""Fog comes quick here,"" he said, shouldering her single bag."
conv_4f8a0b7e568d40eba7e40164ecf1db73,6,16,"""You'll learn to read the air like a book—taste the salt change, feel the pressure drop."
conv_4f8a0b7e568d40eba7e40164ecf1db73,7,9,"Your great-aunt could predict a storm three days out."""
conv_4f8a0b7e568d40eba7e40164ecf1db73,8,22,"He led her up the winding path carved into the cliff face, where tufts of sea grass clung stubbornly to the rock."
conv_4f8a0b7e568d40eba7e40164ecf1db73,9,27,"The lighthouse rose before them like a pale finger pointing accusingly at the sky, its white paint peeling in long strips that flapped in the constant wind."
conv_4f8a0b7e568d40eba7e40164ecf1db73,10,21,"Up close, Mara could see the dark stone beneath, older than she'd imagined—volcanic rock, maybe, or something dredged from deeper waters."
conv_4f8a0b7e568d40eba7e40164ecf1db73,11,24,"Inside, the air smelled of lamp oil, salt-damp wood, and something else—a mineral scent she couldn't quite place, like the inside of a geode."
conv_4f8a0b7e568d40eba7e40164ecf1db73,12,17,Callum set her bag down and gestured toward a narrow spiral staircase that corkscrewed upward into shadow.
conv_4f8a0b7e568d40eba7e40164ecf1db73,13,8,"""Your aunt's quarters are on the second landing."
conv_4f8a0b7e568d40eba7e40164ecf1db73,14,13,The light chamber's at the top—needs winding every four hours through the night.
conv_4f8a0b7e568d40eba7e40164ecf1db73,15,8,"I'll show you the mechanism before I go."""
conv_4f8a0b7e568d40eba7e40164ecf1db73,16,15,"He paused, his hand resting on the iron banister, fingers tracing an arc of rust."
conv_4f8a0b7e568d40eba7e40164ecf1db73,17,6,"""There's something else you should know."
conv_4f8a0b7e568d40eba7e40164ecf1db73,18,12,"Some nights, you'll see lights out on the water—not ships, not exactly."
conv_4f8a0b7e568d40eba7e40164ecf1db73,19,8,"Your aunt, she had a theory about them."""
conv_4f8a0b7e568d40eba7e40164ecf1db73,20,10,"He glanced toward the window, where the gray sea churned."
conv_4f8a0b7e568d40eba7e40164ecf1db73,21,12,"""Said they were older than the lighthouse, older than the land itself."
conv_4f8a0b7e568d40eba7e40164ecf1db73,22,25,"Said they were the reason this lighthouse was built here in the first place—not to warn ships away from the rocks, but to answer something."""
conv_4f8a0b7e568d40eba7e40164ecf1db73,23,13,Mara felt a chill that had nothing to do with the damp air.
conv_4f8a0b7e568d40eba7e40164ecf1db73,24,2,"""Answer what?"""
conv_4f8a0b7e568d40eba7e40164ecf1db73,25,14,"Callum's eyes met hers, and in them she saw something between warning and wonder."
conv_4f8a0b7e568d40eba7e40164ecf1db73,26,9,"""That's what you're here to find out, I suppose."""
conv_4f8a0b7e568d40eba7e40164ecf1db73,27,15,He pulled a worn leather journal from his coat and placed it in her hands.
conv_4f8a0b7e568d40eba7e40164ecf1db73,28,15,"The cover was water-stained and warm, as if someone had been holding it moments before."
conv_4f8a0b7e568d40eba7e40164ecf1db73,29,3,"""Your aunt's log."
conv_4f8a0b7e568d40eba7e40164ecf1db73,30,25,"She stopped writing three days before she passed—left it open to a page with just one line: 'Tonight, I'll finally go down to meet them.'"""
conv_4f8a0b7e568d40eba7e40164ecf1db73,31,16,"Mara opened the journal with trembling fingers, finding that final entry in her great-aunt's spidery handwriting."
conv_4f8a0b7e568d40eba7e40164ecf1db73,32,8,"The ink had run in places, whether from"
conv_59e7ea5807ff4367bf49dd3541d68e49,0,22,"Mara, a quiet traveler who wandered from one forgotten village to the next, always searching for something she could never quite name."
conv_59e7ea5807ff4367bf49dd3541d68e49,1,23,"Her pack was light—just a worn cloak, a small notebook filled with sketches and half-written poems, and a tin whistle with faded engravings."
conv_59e7ea5807ff4367bf49dd3541d68e49,2,22,"She never stayed long in any one place, following the thread of some distant promise she once heard whispered in her dreams."
conv_59e7ea5807ff4367bf49dd3541d68e49,3,15,"Though strangers often regarded her with polite curiosity, Mara rarely spoke more than was necessary."
conv_59e7ea5807ff4367bf49dd3541d68e49,4,18,"Instead, she listened—to creaking branches, river songs, and the stories that flickered in the quiet pauses between conversations."
conv_59e7ea5807ff4367bf49dd3541d68e49,5,26,"One evening, as dusk folded itself over the sleepy hamlet of Willow’s End, Mara found herself drawn to the crumbling stone bridge at the village's edge."
conv_59e7ea5807ff4367bf49dd3541d68e49,6,11,"Below, the narrow stream reflected the last gold wash of sunlight."
conv_59e7ea5807ff4367bf49dd3541d68e49,7,17,"As she leaned over the mossy parapet, a faint, plaintive melody drifted up from beneath the bridge."
conv_59e7ea5807ff4367bf49dd3541d68e49,8,5,"Mara stilled, her breath catching."
conv_59e7ea5807ff4367bf49dd3541d68e49,9,25,"It was the same tune she’d heard in her dreams for as long as she could remember—a song both haunting and hopeful, echoing with longing."
conv_59e7ea5807ff4367bf49dd3541d68e49,10,18,"Compelled by something deeper than curiosity, Mara crept down the bank, pushing aside tangled brambles and slick stones."
conv_59e7ea5807ff4367bf49dd3541d68e49,11,12,"The music grew louder, weaving through the hush of water and dusk."
conv_59e7ea5807ff4367bf49dd3541d68e49,12,11,"At the shadowed mouth of the bridge, she paused, heart pounding."
conv_59e7ea5807ff4367bf49dd3541d68e49,13,15,"In the gloom, she saw a figure—small and hunched, fingers dancing over a silver flute."
conv_59e7ea5807ff4367bf49dd3541d68e49,14,14,"The figure's eyes met hers, pale and bright as the crescent moon rising overhead."
conv_59e7ea5807ff4367bf49dd3541d68e49,15,5,"For a moment, neither spoke."
conv_59e7ea5807ff4367bf49dd3541d68e49,16,18,"The music faltered and silenced, and the figure—whose features seemed touched by both childhood and age—lowered the flute."
conv_59e7ea5807ff4367bf49dd3541d68e49,17,12,"“You found your way,” the figure murmured, voice like wind in reeds."
conv_59e7ea5807ff4367bf49dd3541d68e49,18,12,"Mara swallowed, clutching her notebook to her chest, uncertain but drawn onward."
conv_59e7ea5807ff4367bf49dd3541d68e49,19,10,"“Did you call me here?” she asked softly, voice trembling."
conv_59e7ea5807ff4367bf49dd3541d68e49,20,7,"The figure nodded, eyes gentle yet piercing."
conv_59e7ea5807ff4367bf49dd3541d68e49,21,3,“The song remembers.
conv_59e7ea5807ff4367bf49dd3541d68e49,22,12,It brings those who need to listen—and those who need to remember.”
conv_59e7ea5807ff4367bf49dd3541d68e49,23,9,The figure gestured for Mara to sit beside them.
conv_59e7ea5807ff4367bf49dd3541d68e49,24,14,"As she settled on the cool stone, the figure offered her the silver flute."
conv_59e7ea5807ff4367bf49dd3541d68e49,25,7,"“The melody began with you,” they whispered."
conv_59e7ea5807ff4367bf49dd3541d68e49,26,3,"“Play, and remember.”"
conv_59e7ea5807ff4367bf49dd3541d68e49,27,9,"Mara hesitated, then raised the flute to her lips."
conv_59e7ea5807ff4367bf49dd3541d68e49,28,21,"As she played, her fingers instinctively found the tune, notes pouring from her as though she’d known them all her life."
conv_59e7ea5807ff4367bf49dd3541d68e49,29,19,"Memories unfurled—laughter by firelight, arms around her shoulders, the shimmering faces of friends she had feared lost to time."
conv_59e7ea5807ff4367bf49dd3541d68e49,30,11,"The melody bridged past and present, stitching together longing and homecoming."
conv_59e7ea5807ff4367bf49dd3541d68e49,31,22,"When at last the final note faded into the night, Mara felt something inside her settle—like a door, long closed, quietly unlocking."
conv_59e7ea5807ff4367bf49dd3541d68e49,32,9,"The figure smiled, setting a warm hand over hers."
conv_59e7ea5807ff4367bf49dd3541d68e49,33,19,"Without words, Mara understood: her quest was not for a place, but for belonging, woven from memory and song."
conv_59e7ea5807ff4367bf49dd3541d68e49,34,16,The hush around them felt full and gentle now—as if the land itself welcomed her home.
conv_59e7ea5807ff4367bf49dd3541d68e49,35,13,"Mara lingered a moment longer on the stone, warmth blooming in her chest."
conv_59e7ea5807ff4367bf49dd3541d68e49,36,19,"When she rose, the bridge and the figure had faded into night but the melody echoed in her heart."
conv_59e7ea5807ff4367bf49dd3541d68e49,37,24,"From that night onward, Mara wandered not as one lost, but as one who carried her home within her—a song threading through every step,"
conv_5e251a7c51a949a983e10fa3b1d5a65f,0,14,"a weathered map-maker named Elsie, who lived at the edge of the Willowmire Marshes."
conv_5e251a7c51a949a983e10fa3b1d5a65f,1,19,"Each morning, the mists curled about her cottage, and the dawn calls of hidden birds echoed through the reeds."
conv_5e251a7c51a949a983e10fa3b1d5a65f,2,24,"Elsie’s windows fogged with the damp, but inside, her fingers moved deftly across vellum, tracing the delicate lines of forgotten byways and secret pools."
conv_5e251a7c51a949a983e10fa3b1d5a65f,3,18,"She drew what she had seen and what she had imagined, mapping out not just directions, but dreams."
conv_5e251a7c51a949a983e10fa3b1d5a65f,4,30,The people of the neighboring villages often came to her with requests—perhaps a route to a lost ancestor’s grave or the location of a thicket where healing herbs grew wild.
conv_5e251a7c51a949a983e10fa3b1d5a65f,5,38,"For a small token, a loaf of bread or a jar of honey, Elsie would listen closely, her wise eyes shining as she asked questions about landmarks, river-bends, odd stones, or the whisper of willows in the wind."
conv_5e251a7c51a949a983e10fa3b1d5a65f,6,18,"Sometimes the details were puzzling—stories of lights flickering over the water, or paths that shifted in the moonlight."
conv_5e251a7c51a949a983e10fa3b1d5a65f,7,42,"Elsie learned long ago how to tease meaning from myth, sketching little warnings on her maps: a curl of gray ink where marshfire danced, a tiny symbol of a half-seen eye for places where it felt as if you were being watched."
conv_5e251a7c51a949a983e10fa3b1d5a65f,8,23,"Her maps were filled with notes in the margin—a scrap of local legend here, a caution there, always written in her tidy script."
conv_5e251a7c51a949a983e10fa3b1d5a65f,9,22,"One spring, a stranger arrived: a young man in a weather-stained cloak, clutching a letter and carrying nothing but a battered satchel."
conv_5e251a7c51a949a983e10fa3b1d5a65f,10,15,"He paused at Elsie’s gate, uncertainty in his eyes, before knocking softly on her door."
conv_5e251a7c51a949a983e10fa3b1d5a65f,11,15,"When Elsie answered, he offered her the letter—bearing the seal of the Royal Cartography Guild."
conv_5e251a7c51a949a983e10fa3b1d5a65f,12,26,"Inside, the message was brief but urgent: strange, shifting boundaries had been reported around Willowmire, and the guild needed her expertise to chart what was happening."
conv_5e251a7c51a949a983e10fa3b1d5a65f,13,15,"The young man—whose name was Rowan—explained further, his voice trembling with both excitement and fear."
conv_5e251a7c51a949a983e10fa3b1d5a65f,14,15,"“Borders are blurring, paths change overnight, entire ponds vanish or appear where none were before."
conv_5e251a7c51a949a983e10fa3b1d5a65f,15,8,The King fears an old magic is awakening.
conv_5e251a7c51a949a983e10fa3b1d5a65f,16,13,I was told…only the map-maker of Willowmire could find sense in the chaos.”
conv_5e251a7c51a949a983e10fa3b1d5a65f,17,12,Elsie studied Rowan’s earnest face and the trembling letter in his hands.
conv_5e251a7c51a949a983e10fa3b1d5a65f,18,14,"She nodded gravely, her heart thrumming with a strange mix of worry and exhilaration."
conv_5e251a7c51a949a983e10fa3b1d5a65f,19,15,"“Marshes always change,” she said softly, “but not like this—not by mere water or wind.”"
conv_5e251a7c51a949a983e10fa3b1d5a65f,20,17,"With practiced movements, she gathered her old walking staff and rolled up a fresh sheet of vellum."
conv_5e251a7c51a949a983e10fa3b1d5a65f,21,10,She handed Rowan a lantern and beckoned him to follow.
conv_5e251a7c51a949a983e10fa3b1d5a65f,22,15,"As they stepped into the swirling mists, the world felt suspended between waking and dream."
conv_5e251a7c51a949a983e10fa3b1d5a65f,23,10,"Strange lights flickered at the marsh’s edge, making Rowan gasp."
conv_5e251a7c51a949a983e10fa3b1d5a65f,24,5,"Elsie, however, only smiled gently."
conv_5e251a7c51a949a983e10fa3b1d5a65f,25,6,"“Come,” she said, her voice low."
conv_5e251a7c51a949a983e10fa3b1d5a65f,26,8,“The marsh hides its secrets from the fearful.
conv_5e251a7c51a949a983e10fa3b1d5a65f,27,8,"Tonight, we walk where true maps are born.”"
conv_5e251a7c51a949a983e10fa3b1d5a65f,28,16,"Together, they ventured forward—past shimmering lights and uncertain water, their reflections stretching into the shifting fog."
conv_5e251a7c51a949a983e10fa3b1d5a65f,29,21,"At a certain willow, said to mark the heart of old magic, Elsie knelt and pressed her hand to the root."
conv_5e251a7c51a949a983e10fa3b1d5a65f,30,14,The ground seemed to hum; the willow’s branches swayed as if beckoning them closer.
conv_5e251a7c51a949a983e10fa3b1d5a65f,31,10,"Elsie whispered an ancient rhyme and, with Rowan watching in"
conv_5eaea7f6b22e45d58a8dc6d7dc13cfea,0,19,"a girl named Elara, who lived in the quiet town of Harthill, nestled between emerald hills and silver streams."
conv_5eaea7f6b22e45d58a8dc6d7dc13cfea,1,20,Elara was known for her curiosity and the small notebook she kept tucked into the pocket of her patched coat.
conv_5eaea7f6b22e45d58a8dc6d7dc13cfea,2,30,"She wrote about everything—the colors of sunrise over the creek, the names of wildflowers blooming in the meadows, and the odd stories the townsfolk would whisper at the market stalls."
conv_5eaea7f6b22e45d58a8dc6d7dc13cfea,3,20,"Her favorite entry, however, was about an old oak tree on the hill with a hollow shaped like a heart."
conv_5eaea7f6b22e45d58a8dc6d7dc13cfea,4,15,"Some claimed it was haunted, others said it was the secret meeting place of faeries."
conv_5eaea7f6b22e45d58a8dc6d7dc13cfea,5,24,"Elara visited the tree often, pressing her palm to the bark and peering into the heart-shaped hollow, hoping to catch a glimpse of magic."
conv_5eaea7f6b22e45d58a8dc6d7dc13cfea,6,30,"One crisp autumn afternoon, as scarlet leaves spun around her boots, she noticed something different—a faint golden glow pulsed from deep within the hollow, unlike anything she had seen before."
conv_5eaea7f6b22e45d58a8dc6d7dc13cfea,7,12,"Heart pounding, Elara leaned closer, her breath misting in the chill air."
conv_5eaea7f6b22e45d58a8dc6d7dc13cfea,8,17,"She reached inside carefully, her fingers brushing against something smooth and warm—like polished stone radiating gentle heat."
conv_5eaea7f6b22e45d58a8dc6d7dc13cfea,9,9,"When she pulled it from the hollow, she gasped."
conv_5eaea7f6b22e45d58a8dc6d7dc13cfea,10,16,"Cradled in her palm was a peculiar amulet, shimmering with swirling flecks of gold and blue."
conv_5eaea7f6b22e45d58a8dc6d7dc13cfea,11,10,The patterns within the stone shifted like a tiny storm.
conv_5eaea7f6b22e45d58a8dc6d7dc13cfea,12,27,"As she turned it over, she noticed a strange inscription along the edge—a series of delicate runes, looping and curling in a script she'd never seen before."
conv_5eaea7f6b22e45d58a8dc6d7dc13cfea,13,25,"Entranced, Elara barely noticed the breeze stirring the leaves until a soft whisper reached her ear, as if the wind itself were speaking to her."
conv_5eaea7f6b22e45d58a8dc6d7dc13cfea,14,12,"""Return what is lost,"" it sighed, the words threading through the branches."
conv_5eaea7f6b22e45d58a8dc6d7dc13cfea,15,15,"Elara shivered, clutching the amulet tightly, her curiosity battling with a sudden ripple of fear."
conv_5eaea7f6b22e45d58a8dc6d7dc13cfea,16,13,Was this what the stories meant—was the tree trying to tell her something?
conv_5eaea7f6b22e45d58a8dc6d7dc13cfea,17,16,"As she looked back at the hollow, the golden glow pulsed brighter, almost urging her closer."
conv_5eaea7f6b22e45d58a8dc6d7dc13cfea,18,25,"Gathering her courage, Elara slipped the amulet back into the heart-shaped hollow, feeling the stone draw from her hand as if pulled by invisible threads."
conv_5eaea7f6b22e45d58a8dc6d7dc13cfea,19,22,"The glowing deepened, swirling around the amulet, and in that moment, the bark parted with a gentle sigh, revealing a hidden doorway."
conv_5eaea7f6b22e45d58a8dc6d7dc13cfea,20,9,Beyond it shimmered a passage of light and shadows.
conv_5eaea7f6b22e45d58a8dc6d7dc13cfea,21,20,"Elara’s heart raced—as she stepped through, she wondered if she was finally about to discover the truth behind the legends."
conv_5eaea7f6b22e45d58a8dc6d7dc13cfea,22,25,"The world on the other side sparkled in ways she had only imagined—where every leaf sang, and faint, playful laughter echoed from behind silvery trunks."
conv_5eaea7f6b22e45d58a8dc6d7dc13cfea,23,23,"In this place, Elara finally understood: the heart-shaped hollow had always been a doorway, waiting for someone curious and brave enough to listen."
conv_5eaea7f6b22e45d58a8dc6d7dc13cfea,24,16,"The faeries, tiny and shimmering, danced around her in greeting, their songs weaving welcome and gratitude."
conv_5eaea7f6b22e45d58a8dc6d7dc13cfea,25,42,"Elara smiled, her notebook snug in her pocket, ready to fill its pages with stories no one in Harthill had ever heard—tales of magic, courage, and the wonders that awaited those who dared to listen to the whispers of the ordinary world."
conv_5eaea7f6b22e45d58a8dc6d7dc13cfea,26,33,"When she finally returned home through the heart-shaped hollow, the memory of that enchanted realm glowed quietly inside her, lighting her days and inspiring the whole town with stories of hope and possibility."
conv_5eaea7f6b22e45d58a8dc6d7dc13cfea,27,22,"The oak tree stood watch, proud and silent, its secret safe with Elara—guardian of magic, teller of truths, and now, the storyteller"
conv_5f83922b1e334cfcb374e90c11c81c1e,0,19,"a young girl named Emilia, who lived in a small village surrounded by vast, rolling hills and dense forests."
conv_5f83922b1e334cfcb374e90c11c81c1e,1,33,"The villagers often whispered about the strange occurrences and unexplained events that took place in the dead of night, when the moon was full and the stars twinkled like diamonds in the sky."
conv_5f83922b1e334cfcb374e90c11c81c1e,2,23,"They would speak of disembodied voices, eerie shadows that darted across the windows, and an unsettling feeling of being watched by unseen eyes."
conv_5f83922b1e334cfcb374e90c11c81c1e,3,34,"Emilia's curiosity was piqued by these tales, and she often found herself wandering to the edge of the village, gazing out into the darkness, as if daring the unknown to reveal itself to her."
conv_5f83922b1e334cfcb374e90c11c81c1e,4,33,"The villagers would caution her, telling her of the dangers that lurked beyond the village borders, of the dark creatures that roamed the forest and the malevolent spirits that dwelled in the shadows."
conv_5f83922b1e334cfcb374e90c11c81c1e,5,23,"But Emilia was not one to be easily swayed by fear, and she felt an inexplicable pull to the mysterious and the unknown."
conv_5f83922b1e334cfcb374e90c11c81c1e,6,30,"She would often sneak out of her small cottage and make her way into the forest, the trees looming above her like sentinels as she walked deeper into the darkness."
conv_5f83922b1e334cfcb374e90c11c81c1e,7,54,"The rustling of leaves and snapping of twigs beneath her feet served as a reminder that she was not alone, and Emilia's heart would quicken with a mix of excitement and trepidation as she pushed deeper into the forest, the moonlight filtering through the canopy above her, casting dappled shadows on the forest floor."
conv_5f83922b1e334cfcb374e90c11c81c1e,8,31,"She had wandered farther than she ever had before, and the trees seemed to be growing taller and the underbrush thicker, as if the forest itself was closing in around her."
conv_5f83922b1e334cfcb374e90c11c81c1e,9,31,"Emilia's senses were on high alert, her ears straining to pick up any sound that might indicate she was not alone, her eyes scanning the darkness for any sign of movement."
conv_5f83922b1e334cfcb374e90c11c81c1e,10,27,"Suddenly, a faint humming noise caught her attention, and she turned to follow the sound, her feet carrying her towards a small clearing deep in the forest."
conv_5f83922b1e334cfcb374e90c11c81c1e,11,38,"The humming grew louder, a low, vibrating melody that seemed to be emanating from a magnificent tree at the center of the clearing, its trunk glowing with a soft, ethereal light that pulsed in time with the humming."
conv_5f83922b1e334cfcb374e90c11c81c1e,12,45,"Emilia felt herself drawn to the tree, as if by an unseen force, and she reached out a hand to touch the glowing trunk, feeling a sudden jolt of energy and a sense of connection to the natural world that she had never experienced before."
conv_5f83922b1e334cfcb374e90c11c81c1e,13,36,"The humming grew louder still, and the light began to swirl and dance around her, enveloping her in a warm, golden radiance that seemed to be imbuing her with a deep sense of peace and understanding."
conv_5f83922b1e334cfcb374e90c11c81c1e,14,45,"As she stood there, bathed in the light, Emilia felt her mind expanding, as if the secrets of the universe were being revealed to her, and she saw the intricate web of life that connected all things, from the tiniest insect to the mightiest tree."
conv_5f83922b1e334cfcb374e90c11c81c1e,15,37,"In this moment of profound clarity, Emilia understood that she was a part of something much greater than herself, and that the mysteries of the forest were not to be feared, but to be embraced and respected."
conv_5f83922b1e334cfcb374e90c11c81c1e,16,50,"As the light began to fade, Emilia felt a sense of sadness, but also a sense of gratitude and wonder, for she knew that she had been given a rare gift, a glimpse into the hidden harmony of the world, and that her life would never be the same again."
conv_5f83922b1e334cfcb374e90c11c81c1e,17,7,"With a sense of awe and reverence,"
conv_61b8da5870584552bbd7133619cd3436,0,27,"a small silver key, no bigger than a child's thumb, that was found wedged between the floorboards of a musty old bookstore on the edge of town."
conv_61b8da5870584552bbd7133619cd3436,1,27,"The shop was famous for its crooked shelves and precarious towers of forgotten novels, but the key caught Nora’s attention just as she was about to leave."
conv_61b8da5870584552bbd7133619cd3436,2,21,"She knelt in the pool of amber sunlight streaming beneath a stained-glass window, her fingers brushing away dust and paper scraps."
conv_61b8da5870584552bbd7133619cd3436,3,8,The key was surprisingly cold in her palm.
conv_61b8da5870584552bbd7133619cd3436,4,28,"As she stood, she noticed something odd behind the counter—a narrow door she hadn’t seen before, almost blending into the shelves overflowing with yellowed encyclopedias and faded atlases."
conv_61b8da5870584552bbd7133619cd3436,5,14,"Its handle bore a tiny, intricate lock—just the size for the little silver key."
conv_61b8da5870584552bbd7133619cd3436,6,11,"Nora hesitated, glancing around to make sure the shopkeeper wasn't watching."
conv_61b8da5870584552bbd7133619cd3436,7,18,"Her heart thudded as she slipped quietly behind the counter, the key gripped tight in her damp palm."
conv_61b8da5870584552bbd7133619cd3436,8,16,"She slid it into the lock; it fit perfectly, clicking into place with a gentle snap."
conv_61b8da5870584552bbd7133619cd3436,9,5,"Slowly, she turned the key."
conv_61b8da5870584552bbd7133619cd3436,10,16,"The door creaked open, releasing a faint scent of lavender and something older, like rain-soaked parchment."
conv_61b8da5870584552bbd7133619cd3436,11,21,"Inside was a set of narrow winding stairs spiraling down into darkness, their wooden steps worn smooth by centuries of footsteps."
conv_61b8da5870584552bbd7133619cd3436,12,11,"On the wall hung a lantern, its glass mottled and cloudy."
conv_61b8da5870584552bbd7133619cd3436,13,21,"As Nora lifted the lantern from its hook, it flickered to life with a pale yellow glow, as if welcoming her."
conv_61b8da5870584552bbd7133619cd3436,14,18,"Each step she took down the staircase made the wood groan under her feet, echoing in the silence."
conv_61b8da5870584552bbd7133619cd3436,15,17,"The air grew cooler and heavier as she descended, carrying the scent of old ink and secrets."
conv_61b8da5870584552bbd7133619cd3436,16,26,"At the bottom of the stairs, Nora found herself in a low-ceilinged room lined with shelves overflowing with even older, stranger books than the ones above."
conv_61b8da5870584552bbd7133619cd3436,17,24,"In the center stood a large oak desk, carved with unfamiliar symbols, and behind it sat an elderly woman wrapped in a midnight-blue shawl."
conv_61b8da5870584552bbd7133619cd3436,18,16,Her eyes sparkled as she looked up at Nora and gestured for her to come closer.
conv_61b8da5870584552bbd7133619cd3436,19,15,"Nora swallowed her nerves and approached the desk, the lantern’s glow trembling in her hand."
conv_61b8da5870584552bbd7133619cd3436,20,12,"The old woman smiled, her voice a whisper soft as turning pages."
conv_61b8da5870584552bbd7133619cd3436,21,14,"“You brought the key,” she said, nodding to the silver glint in Nora’s fingers."
conv_61b8da5870584552bbd7133619cd3436,22,7,“Not many find what’s meant for them.
conv_61b8da5870584552bbd7133619cd3436,23,8,That is the first magic of this place.”
conv_61b8da5870584552bbd7133619cd3436,24,6,She motioned for Nora to sit.
conv_61b8da5870584552bbd7133619cd3436,25,16,“Within these walls are stories that have not yet been told—and some waiting to be found.”
conv_61b8da5870584552bbd7133619cd3436,26,10,"She slid a tattered book toward Nora, its cover blank."
conv_61b8da5870584552bbd7133619cd3436,27,16,"“Your story begins here,” the old woman said gently, “with a secret only you can write.”"
conv_61b8da5870584552bbd7133619cd3436,28,14,"As Nora sat, the silver key shimmered and melted into words on the page."
conv_61b8da5870584552bbd7133619cd3436,29,33,"The lantern’s light grew brighter, filling the room, and she realized she was not simply reading, but writing herself into a new world—a world conjured with every thought, question, and hope she held."
conv_61b8da5870584552bbd7133619cd3436,30,15,The old woman’s eyes gleamed with approval as the first lines unfolded beneath Nora’s fingertips.
conv_61b8da5870584552bbd7133619cd3436,31,29,"She understood at last: the key had opened a door not just into the hidden room, but into her own story—one she could shape with newfound courage and possibility."
conv_61b8da5870584552bbd7133619cd3436,32,17,"Outside, the bookstore carried on as always, but within the lantern’s glow, Nora smiled—knowing the real adventure"
conv_628470d6e6cb42949e29a2c7866a28ab,0,19,"a young woman named Sophia, who lived in a small village nestled in the rolling hills of the countryside."
conv_628470d6e6cb42949e29a2c7866a28ab,1,19,"She was a curious and adventurous soul, with a heart full of wonder and a mind full of questions."
conv_628470d6e6cb42949e29a2c7866a28ab,2,21,"Sophia spent most of her days exploring the surrounding hills and forests, collecting wildflowers and watching the clouds drift lazily by."
conv_628470d6e6cb42949e29a2c7866a28ab,3,38,"She felt a deep connection to the natural world, and often found herself lost in thought as she wandered through the trees, listening to the songs of the birds and the rustle of leaves in the gentle breeze."
conv_628470d6e6cb42949e29a2c7866a28ab,4,22,"The villagers would often smile and wave as she passed by, accustomed to Sophia's wanderings and her deep love of the land."
conv_628470d6e6cb42949e29a2c7866a28ab,5,23,"They knew her to be a kind and gentle soul, with a special gift for healing and understanding the secrets of the earth."
conv_628470d6e6cb42949e29a2c7866a28ab,6,31,"The village elder, a wise and aged woman named Elara, had taken Sophia under her wing, teaching her the ancient ways of herbalism and the intricate balance of the natural world."
conv_628470d6e6cb42949e29a2c7866a28ab,7,47,"Elara's own eyes, cloudy with age and wisdom, would light up with a warm smile as Sophia demonstrated a profound understanding of the subtle energies that flowed through the plants and the land, and the way she could coax even the most reluctant blooms into vibrant life."
conv_628470d6e6cb42949e29a2c7866a28ab,8,27,"It was as if Sophia had a direct line to the heartbeat of the earth itself, and the rhythms of nature seemed to resonate deeply within her."
conv_628470d6e6cb42949e29a2c7866a28ab,9,38,"As she worked alongside Elara, tending to the village gardens and harvesting the medicinal herbs that grew in abundance, Sophia began to sense that there was more to her connection to the earth than she could yet understand."
conv_628470d6e6cb42949e29a2c7866a28ab,10,31,"She felt an inexplicable pull, a gentle yet insistent tug that seemed to be drawing her towards a hidden truth, a secret that lay just beyond the edge of her perception."
conv_628470d6e6cb42949e29a2c7866a28ab,11,40,"It was as if the land itself was whispering to her, guiding her towards a mysterious and ancient place, a place where the veil between the worlds was thin and the secrets of the earth were waiting to be unveiled."
conv_628470d6e6cb42949e29a2c7866a28ab,12,47,"The whispers grew louder, the pull stronger, until Sophia could feel the thrum of the earth's energy coursing through her veins, beckoning her to follow a winding path that disappeared into the darkness of a nearby forest, a path that few in the village dared to tread."
conv_628470d6e6cb42949e29a2c7866a28ab,13,42,"The trees seemed to loom above her, their branches like skeletal fingers reaching out to snare her, yet Sophia felt an eerie sense of belonging, as if she had been summoned to this place for a purpose she could not yet comprehend."
conv_628470d6e6cb42949e29a2c7866a28ab,14,32,"With a deep breath, she stepped onto the path, the trees closing in around her like sentinels, their leaves whispering an otherworldly melody that seemed to match the beating of her heart."
conv_628470d6e6cb42949e29a2c7866a28ab,15,76,"The air grew thick with an expectant hush, as if the very forest itself was holding its breath in anticipation of what was to come, and Sophia felt herself being drawn deeper into the woods, the darkness enfolding her like a shroud, until she stumbled upon a clearing, where a massive ancient tree towered above the underbrush, its trunk twisted and gnarled with age, its branches stretching towards the sky like a gateway to the heavens."
conv_628470d6e6cb42949e29a2c7866a28ab,16,27,"The tree seemed to be pulsing with a soft, ethereal light, as if the very essence of the forest had been distilled into this one, majestic being."
conv_628470d6e6cb42949e29a2c7866a28ab,17,48,"Sophia felt an overwhelming sense of wonder and awe as she reached out a trembling hand to touch the trunk, and as her fingers made contact with the rough bark, a surge of energy coursed through her, filling her with visions of the past and present, and revealing"
conv_6553a073e7d2443dab881a908afab5eb,0,19,# The Lighthouse at World's End The lighthouse keeper's daughter could see storms coming three days before they arrived.
conv_6553a073e7d2443dab881a908afab5eb,1,9,"It wasn't magic—at least, that's what she told herself."
conv_6553a073e7d2443dab881a908afab5eb,2,36,"It was the way the gulls changed their flight patterns, how the waves began to pulse with a different rhythm, the peculiar weight that settled into her bones like an ache that spoke of distant thunder."
conv_6553a073e7d2443dab881a908afab5eb,3,32,"Her father had taught her to read the signs when she was small enough to perch on his shoulders, her tiny fingers gripping his weathered cap as he pointed toward the horizon."
conv_6553a073e7d2443dab881a908afab5eb,4,3,"""See there, Mira?"
conv_6553a073e7d2443dab881a908afab5eb,5,7,The way the light bends just so?
conv_6553a073e7d2443dab881a908afab5eb,6,10,"That's the sky pulling water up into itself, gathering strength."""
conv_6553a073e7d2443dab881a908afab5eb,7,20,"She remembered how his voice would drop to a whisper then, as if sharing a secret the sea might overhear."
conv_6553a073e7d2443dab881a908afab5eb,8,6,"""Three days, and she'll come howling."""
conv_6553a073e7d2443dab881a908afab5eb,9,21,"Now, standing alone on the gallery that circled the lighthouse, Mira felt that old familiar ache settling deep into her marrow."
conv_6553a073e7d2443dab881a908afab5eb,10,2,Three days.
conv_6553a073e7d2443dab881a908afab5eb,11,20,"The storm she sensed brewing far beyond the curve of the earth felt different though—heavier, almost deliberate in its approach."
conv_6553a073e7d2443dab881a908afab5eb,12,17,"Her father had been gone two years now, claimed by a winter squall he hadn't seen coming."
conv_6553a073e7d2443dab881a908afab5eb,13,11,"Or perhaps he had, and simply chose to face it anyway."
conv_6553a073e7d2443dab881a908afab5eb,14,20,"She'd found his journal tucked beneath his bunk afterward, the final entry dated the morning he'd taken the boat out."
conv_6553a073e7d2443dab881a908afab5eb,15,15,"The words were simple, almost peaceful: ""Some storms aren't meant to be weathered from shore."""
conv_6553a073e7d2443dab881a908afab5eb,16,40,"She'd read that line a hundred times, searching for hidden meaning, for some explanation of why he'd rowed out into gray water under a troubled sky with nothing but his oilskin coat and that strange, distant look in his eyes."
conv_6553a073e7d2443dab881a908afab5eb,17,26,"The same look, she realized now with a chill that had nothing to do with the wind, that she'd caught in her own reflection this morning."
conv_6553a073e7d2443dab881a908afab5eb,18,9,The mirror had shown her father's eyes staring back.
conv_6553a073e7d2443dab881a908afab5eb,19,20,"Down at the dock, the fishermen were already hauling their boats higher up the beach, securing what could be secured."
conv_6553a073e7d2443dab881a908afab5eb,20,10,They trusted her warnings as they had trusted her father's.
conv_6553a073e7d2443dab881a908afab5eb,21,28,"But none of them could feel what she felt now—the way this approaching storm seemed to carry something within it, like a message wrapped in wind and rain."
conv_6553a073e7d2443dab881a908afab5eb,22,19,"Old Thomas paused in his work, shading his eyes as he looked up at her silhouette against the lighthouse."
conv_6553a073e7d2443dab881a908afab5eb,23,9,"Even from this distance, she could sense his unease."
conv_6553a073e7d2443dab881a908afab5eb,24,17,"He'd been her father's closest friend, had helped her keep the light burning these past two years."
conv_6553a073e7d2443dab881a908afab5eb,25,10,"Now he raised one hand—not a wave, but a question."
conv_6553a073e7d2443dab881a908afab5eb,26,14,"She descended the iron stairs, their familiar clang echoing through the tower's hollow core."
conv_6553a073e7d2443dab881a908afab5eb,27,25,"By the time she reached the rocky shore, Thomas had left his boat and was walking toward her, his gait uneven on the slick stones."
conv_6553a073e7d2443dab881a908afab5eb,28,22,"He stopped a few feet away, close enough that she could see the worry carved deep into the lines around his mouth."
conv_6553a073e7d2443dab881a908afab5eb,29,7,"""You're thinking of going out,"" he said."
conv_6553a073e7d2443dab881a908afab5eb,30,3,Not a question.
conv_6553a073e7d2443dab881a908afab5eb,31,3,"""Like he did."""
conv_6553a073e7d2443dab881a908afab5eb,32,17,"Mira's hand drifted to her coat pocket where her father's compass rested, its weight a constant reminder."
conv_6553a073e7d2443dab881a908afab5eb,33,13,"The brass was warm against her palm, warmer than it should have been."
conv_6553a073e7d2443dab881a908afab5eb,34,3,"""The storm,"" she"
conv_6e1aba5fd20f4bbfbec7436ea83c6a0d,0,18,"a young girl named Emilia, who lived in a small village surrounded by a dense and mystical forest."
conv_6e1aba5fd20f4bbfbec7436ea83c6a0d,1,30,"The villagers often whispered about the strange occurrences and unexplained events that took place within the forest's depths, where the trees seemed to twist and writhe in the flickering sunlight."
conv_6e1aba5fd20f4bbfbec7436ea83c6a0d,2,33,"Emilia's curiosity was piqued by these whispers, and she often found herself standing at the edge of the forest, feeling an inexplicable pull to venture into the shadows that lay beyond the treeline."
conv_6e1aba5fd20f4bbfbec7436ea83c6a0d,3,31,"The villagers had warned her of the dangers that lurked within, telling tales of dark creatures and ancient magic that could lure the unwary deeper into the forest, never to return."
conv_6e1aba5fd20f4bbfbec7436ea83c6a0d,4,37,"Yet, Emilia felt an eerie connection to the forest, as if it was calling to her, and she couldn't shake the feeling that there was something within its depths that was meant specifically for her to discover."
conv_6e1aba5fd20f4bbfbec7436ea83c6a0d,5,33,"One day, as she stood at the forest's edge, the trees seemed to lean in, their branches tangling together in a way that formed a pathway, inviting her to step into the shadows."
conv_6e1aba5fd20f4bbfbec7436ea83c6a0d,6,28,"The air was filled with the sweet scent of blooming flowers, and the soft rustle of leaves seemed to whisper her name, drawing her closer to the threshold."
conv_6e1aba5fd20f4bbfbec7436ea83c6a0d,7,44,"As she hesitated, a gentle breeze caressed her face, carrying the faint whisper of a melody that seemed to resonate deep within her soul, and Emilia felt her feet move of their own accord, carrying her across the threshold and into the forest's depths."
conv_6e1aba5fd20f4bbfbec7436ea83c6a0d,8,52,"The trees loomed above her, their branches creaking softly in time with the melody, which seemed to grow louder and more vibrant with each step, until Emilia found herself walking along a winding path that was overgrown with wildflowers and moss, the soft earth sponging gently beneath her feet as she walked."
conv_6e1aba5fd20f4bbfbec7436ea83c6a0d,9,69,"The melody swelled, filling the air with a joyful, lilting quality that seemed to match the rhythm of her heartbeat, and Emilia felt her spirit lift, as if she was being drawn into a world of enchantment and wonder, where the very trees and flowers seemed to be alive and watching her, their petals and leaves unfolding like tiny wings, as if to welcome her to this mystical realm."
conv_6e1aba5fd20f4bbfbec7436ea83c6a0d,10,213,"A soft, ethereal light began to emanate from the trees, illuminating a clearing ahead, where a magnificent tree with a trunk of crystal and branches of silver stood tall, its leaves shimmering with a light that seemed to hold the essence of a thousand stars, and Emilia felt her breath catch in her throat as she approached the tree, feeling the melody reach a crescendo, and the air vibrate with an otherworldly energy, as if the tree was a gateway to a realm beyond the mortal world, and Emilia, with a sense of wonder and trepidation, reached out a hand to touch the crystal trunk, and as she did, the tree began to glow with an intense, pulsing light, and the melody reached a final, soaring note, and Emilia felt herself being drawn into the tree's radiant heart, where she was enveloped by a warm, golden light that seemed to fill her very being, and in that moment, she knew that she had discovered the secret of the forest, and that her life would never be the same, for she had been transformed by the magic of the tree, and as the light faded, Emilia found herself standing in a world that was familiar yet changed, with the trees and flowers seeming to"
conv_6f7b4058431b47a49069aa04afdcc338,0,16,"a small, amber-eyed fox named Lira who lived on the edge of the Whispering Pines Forest."
conv_6f7b4058431b47a49069aa04afdcc338,1,19,"Lira wasn't an ordinary fox; she had a knack for finding lost things—keys, ribbons, even the occasional forgotten dream."
conv_6f7b4058431b47a49069aa04afdcc338,2,27,"Whenever someone in the nearby village lost something important, they would leave a small trinket on the mossy stone by the old willow tree as a signal."
conv_6f7b4058431b47a49069aa04afdcc338,3,24,"Lira always knew when a new trinket had arrived, as the willow's branches would shiver and hum with a magic only she could sense."
conv_6f7b4058431b47a49069aa04afdcc338,4,22,"The song of the willow guided her to each tiny item, no matter how well it was hidden in the forest's depths."
conv_6f7b4058431b47a49069aa04afdcc338,5,17,"One misty morning, Lira padded through the dew-damp grass, ears pricked as the willow’s melody trembled urgently."
conv_6f7b4058431b47a49069aa04afdcc338,6,20,"This time, the trinket waiting on the stone was unusual: a silver locket etched with crescent moons and twining vines."
conv_6f7b4058431b47a49069aa04afdcc338,7,11,"Lira sniffed it cautiously, the cold metal tingling beneath her nose."
conv_6f7b4058431b47a49069aa04afdcc338,8,18,"She felt a faint pulse, as if something inside the locket was alive—or perhaps longing to be found."
conv_6f7b4058431b47a49069aa04afdcc338,9,10,"The willow’s song grew softer, more secretive, urging her onward."
conv_6f7b4058431b47a49069aa04afdcc338,10,20,Lira tucked the locket carefully into her satchel of found things and slipped into the shadowy heart of the forest.
conv_6f7b4058431b47a49069aa04afdcc338,11,15,"The trees stood watchful and silent, and the air shimmered with a strange, restless magic."
conv_6f7b4058431b47a49069aa04afdcc338,12,21,"For the first time, Lira sensed she was being watched—not by a villager or another creature, but by the forest itself."
conv_6f7b4058431b47a49069aa04afdcc338,13,15,"Every step seemed to echo, the roots curling gently around her paws, guiding her deeper."
conv_6f7b4058431b47a49069aa04afdcc338,14,6,"Suddenly, the path split into two."
conv_6f7b4058431b47a49069aa04afdcc338,15,27,"From the left came the scent of wild honey and warm leaves; from the right, a whispering wind carried the faintest trace of salt and old sorrow."
conv_6f7b4058431b47a49069aa04afdcc338,16,8,"Lira paused, nose twitching, tail flicking with indecision."
conv_6f7b4058431b47a49069aa04afdcc338,17,12,"She clutched the silver locket tighter, trusting its pulse to guide her."
conv_6f7b4058431b47a49069aa04afdcc338,18,18,"With a deep breath, she chose the path to the right, stepping cautiously toward the cool, sorrowful breeze."
conv_6f7b4058431b47a49069aa04afdcc338,19,10,"The underbrush thickened, and the light grew bluish and dim."
conv_6f7b4058431b47a49069aa04afdcc338,20,8,"Ahead, the ground broadened into a damp clearing."
conv_6f7b4058431b47a49069aa04afdcc338,21,11,"At its center stood a tall, ancient stone, half-swallowed by moss."
conv_6f7b4058431b47a49069aa04afdcc338,22,13,In its base was a hollow just the right size for the locket.
conv_6f7b4058431b47a49069aa04afdcc338,23,3,Lira’s heart hammered.
conv_6f7b4058431b47a49069aa04afdcc338,24,12,"The wind grew still, and the clearing seemed to hold its breath."
conv_6f7b4058431b47a49069aa04afdcc338,25,13,"Lira padded forward, her paws barely making a sound on the soft earth."
conv_6f7b4058431b47a49069aa04afdcc338,26,16,"She placed the locket carefully into the hollow, and the stone pulsed with gentle, silvery light."
conv_6f7b4058431b47a49069aa04afdcc338,27,19,A soft warmth spread through the clearing as if the lost sorrow within the locket was finally at rest.
conv_6f7b4058431b47a49069aa04afdcc338,28,18,"From the moss at the base of the stone, delicate blue flowers unfurled, their petals shimmering like moonlight."
conv_6f7b4058431b47a49069aa04afdcc338,29,13,"A voice, gentle as falling leaves, drifted through the clearing, “Thank you, Lira."
conv_6f7b4058431b47a49069aa04afdcc338,30,6,What was lost is now remembered.”
conv_6f7b4058431b47a49069aa04afdcc338,31,15,"The forest seemed to sigh in relief, and the willow’s melody turned bright and joyful."
conv_6f7b4058431b47a49069aa04afdcc338,32,27,"Lira smiled to herself, tail waving, knowing her gift had made a difference not only for the villagers but for the secret heart of the forest itself."
conv_6f7b4058431b47a49069aa04afdcc338,33,22,"With her satchel a little lighter and her own heart a little fuller, Lira turned homeward through the hush of the trees."
conv_6f7b4058431b47a49069aa04afdcc338,34,11,"The blue flowers glowed softly behind her, marking a new beginning—and"
conv_707f254a59ed4e7197458f3c8ff2db0c,0,16,"Ella, a young woman with a heart full of dreams and a mind brimming with curiosity."
conv_707f254a59ed4e7197458f3c8ff2db0c,1,14,"She lived in a small, quiet village nestled between rolling hills and dense forests."
conv_707f254a59ed4e7197458f3c8ff2db0c,2,14,"Despite its simplicity, Ella found her village to be a place of endless wonder."
conv_707f254a59ed4e7197458f3c8ff2db0c,3,22,"Every morning, she would wake up to the gentle chirping of birds and the soft light of dawn filtering through her window."
conv_707f254a59ed4e7197458f3c8ff2db0c,4,18,"The air was always crisp and fresh, carrying with it the scent of blooming wildflowers and damp earth."
conv_707f254a59ed4e7197458f3c8ff2db0c,5,12,"After a quick breakfast, Ella would set out on her daily explorations."
conv_707f254a59ed4e7197458f3c8ff2db0c,6,20,"Today, her curiosity led her to the edge of the forest, where an old, gnarled tree stood as a sentinel."
conv_707f254a59ed4e7197458f3c8ff2db0c,7,10,"Legends whispered that this tree held secrets, ancient and profound."
conv_707f254a59ed4e7197458f3c8ff2db0c,8,17,Its bark was etched with symbols that seemed to shift and change when viewed from different angles.
conv_707f254a59ed4e7197458f3c8ff2db0c,9,15,"Ella, drawn by the mystery, approached the tree and ran her fingers over the symbols."
conv_707f254a59ed4e7197458f3c8ff2db0c,10,12,"They felt warm under her touch, almost as if they were alive."
conv_707f254a59ed4e7197458f3c8ff2db0c,11,15,"Suddenly, a soft breeze rustled through the leaves, and the symbols began to glow faintly."
conv_707f254a59ed4e7197458f3c8ff2db0c,12,10,Ella’s heart raced with excitement and a touch of fear.
conv_707f254a59ed4e7197458f3c8ff2db0c,13,13,"She took a deep breath and stepped closer, her eyes narrowing in concentration."
conv_707f254a59ed4e7197458f3c8ff2db0c,14,23,"As she focused on the glowing symbols, they began to form a pattern, a message perhaps, or a map leading to something unknown."
conv_707f254a59ed4e7197458f3c8ff2db0c,15,14,"The air around her grew cooler, and a sense of anticipation filled the clearing."
conv_707f254a59ed4e7197458f3c8ff2db0c,16,24,Ella realized that this was more than just a curious discovery; it was the beginning of an adventure that could change her life forever.
conv_707f254a59ed4e7197458f3c8ff2db0c,17,15,"With a determined smile, she decided to follow the mysterious path laid out before her."
conv_707f254a59ed4e7197458f3c8ff2db0c,18,15,"Gathering her courage, Ella stepped into the forest, ready to uncover whatever secrets lay ahead."
conv_707f254a59ed4e7197458f3c8ff2db0c,19,18,"The trees seemed to part slightly as she walked, guiding her deeper into the heart of the forest."
conv_707f254a59ed4e7197458f3c8ff2db0c,20,11,"The path, once obscured by undergrowth, now appeared clear and inviting."
conv_707f254a59ed4e7197458f3c8ff2db0c,21,10,"As Ella ventured further, the sounds of the forest changed."
conv_707f254a59ed4e7197458f3c8ff2db0c,22,21,The usual chorus of birds and insects was replaced by a whispering wind that seemed to carry secrets of its own.
conv_707f254a59ed4e7197458f3c8ff2db0c,23,17,"The ground beneath her feet felt softer, almost cushioned, as if the forest itself was protecting her."
conv_707f254a59ed4e7197458f3c8ff2db0c,24,8,"The light dimmed, but Ella’s resolve remained strong."
conv_707f254a59ed4e7197458f3c8ff2db0c,25,20,"She followed the glowing symbols that now appeared on the ground, leading her deeper into the heart of the forest."
conv_707f254a59ed4e7197458f3c8ff2db0c,26,15,"Each step brought a new sense of purpose, and the air grew thicker with magic."
conv_707f254a59ed4e7197458f3c8ff2db0c,27,14,"Suddenly, the path opened into a hidden glade, bathed in a mystical, golden light."
conv_707f254a59ed4e7197458f3c8ff2db0c,28,11,"In the center stood a stone altar, surrounded by glowing crystals."
conv_707f254a59ed4e7197458f3c8ff2db0c,29,14,"Ella approached the altar, her heart pounding with a mix of awe and trepidation."
conv_707f254a59ed4e7197458f3c8ff2db0c,30,16,"As she reached out to touch one of the crystals, a vision flashed before her eyes."
conv_707f254a59ed4e7197458f3c8ff2db0c,31,18,"She saw visions of ancient times, of a powerful guardian who had protected the land from dark forces."
conv_707f254a59ed4e7197458f3c8ff2db0c,32,11,"The guardian spoke to her, imparting wisdom and a sacred mission."
conv_707f254a59ed4e7197458f3c8ff2db0c,33,24,"Ella was chosen to restore balance to the world, to find and unite the lost relics that held the power to protect their land."
conv_707f254a59ed4e7197458f3c8ff2db0c,34,10,"With a renewed sense of duty, Ella accepted the challenge."
conv_707f254a59ed4e7197458f3c8ff2db0c,35,14,"She knew the path ahead would be fraught with danger, but she was ready."
conv_707f254a59ed4e7197458f3c8ff2db0c,36,18,"As the vision faded, the crystals pulsed one last time, imbuing her with a newfound strength and clarity."
conv_707f254a59ed4e7197458f3c8ff2db0c,37,15,"Ella took a deep breath, feeling the weight of her destiny settle upon her shoulders."
conv_707f254a59ed4e7197458f3c8ff2db0c,38,13,"With a determined heart, she left the glade, ready to embark on her"
conv_7797d9bff9bd4f9b95d96c326f277474,0,13,"a small, unassuming village nestled deep within the heart of an ancient forest."
conv_7797d9bff9bd4f9b95d96c326f277474,1,24,"The village, known as Eldoria, was home to people who lived in harmony with nature, relying on the forest for their sustenance and shelter."
conv_7797d9bff9bd4f9b95d96c326f277474,2,15,"The villagers were skilled in herbal medicine, woodcraft, and storytelling, traditions passed down through generations."
conv_7797d9bff9bd4f9b95d96c326f277474,3,25,"At the center of Eldoria stood a grand oak tree, its branches sprawling wide and its leaves a vibrant green even in the coldest months."
conv_7797d9bff9bd4f9b95d96c326f277474,4,16,"This tree, known as the Heartwood, was the focal point of the village’s life and lore."
conv_7797d9bff9bd4f9b95d96c326f277474,5,21,It was said that the tree whispered secrets of the past and predictions of the future to those who listened closely.
conv_7797d9bff9bd4f9b95d96c326f277474,6,29,"One evening, as the sun dipped below the horizon, casting a golden hue over the village, a young girl named Elara approached the Heartwood with a sense of wonder."
conv_7797d9bff9bd4f9b95d96c326f277474,7,16,"She had always been drawn to the tree, feeling a deep connection to its ancient wisdom."
conv_7797d9bff9bd4f9b95d96c326f277474,8,16,"Elara placed her hands on the rough bark, closing her eyes and taking a deep breath."
conv_7797d9bff9bd4f9b95d96c326f277474,9,22,"As she did, she felt a warm tingling sensation spreading through her body, and in her mind, she heard a gentle voice."
conv_7797d9bff9bd4f9b95d96c326f277474,10,14,"“Elara,” the voice whispered, “the time has come for you to embrace your destiny."
conv_7797d9bff9bd4f9b95d96c326f277474,11,11,"A great challenge lies ahead, one that only you can face.”"
conv_7797d9bff9bd4f9b95d96c326f277474,12,14,"Elara opened her eyes, her heart racing with a mix of fear and excitement."
conv_7797d9bff9bd4f9b95d96c326f277474,13,13,"She knew she had to be brave, but she couldn’t help feeling overwhelmed."
conv_7797d9bff9bd4f9b95d96c326f277474,14,31,"As she stood there, contemplating the words of the Heartwood, a soft breeze rustled through the leaves, carrying with it the scent of wildflowers and the distant call of a nightingale."
conv_7797d9bff9bd4f9b95d96c326f277474,15,10,"Elara took another deep breath, feeling a surge of determination."
conv_7797d9bff9bd4f9b95d96c326f277474,16,15,"She knew she had to prepare, to learn more about the challenge that awaited her."
conv_7797d9bff9bd4f9b95d96c326f277474,17,24,"With a final nod to the Heartwood, she turned and made her way back to her small cottage at the edge of the village."
conv_7797d9bff9bd4f9b95d96c326f277474,18,17,"Inside, she found her grandmother, an elder respected for her knowledge of ancient lore and herbal remedies."
conv_7797d9bff9bd4f9b95d96c326f277474,19,18,"Elara shared the vision and the words of the Heartwood, her voice trembling with both fear and resolve."
conv_7797d9bff9bd4f9b95d96c326f277474,20,14,"Her grandmother listened intently, her eyes filled with a mixture of pride and concern."
conv_7797d9bff9bd4f9b95d96c326f277474,21,12,"When Elara finished, her grandmother placed a reassuring hand on her shoulder."
conv_7797d9bff9bd4f9b95d96c326f277474,22,10,"“The path ahead is uncertain, but you are not alone."
conv_7797d9bff9bd4f9b95d96c326f277474,23,21,"I will teach you what I know, and together we will uncover the secrets that will help you face this challenge.”"
conv_7797d9bff9bd4f9b95d96c326f277474,24,9,"With her grandmother’s support, Elara felt a newfound strength."
conv_7797d9bff9bd4f9b95d96c326f277474,25,17,"They spent the next few days poring over ancient texts, gathering herbs, and practicing the old ways."
conv_7797d9bff9bd4f9b95d96c326f277474,26,13,"As the moon waxed full, Elara felt herself growing more confident and prepared."
conv_7797d9bff9bd4f9b95d96c326f277474,27,22,"On the night of the full moon, she returned to the Heartwood, ready to embrace her destiny and face whatever lay ahead."
conv_7797d9bff9bd4f9b95d96c326f277474,28,23,"The air was charged with a mystical energy, and the forest seemed to hold its breath as Elara approached the tree once more."
conv_7797d9bff9bd4f9b95d96c326f277474,29,14,"Placing her hands on the Heartwood, she closed her eyes and focused her mind."
conv_7797d9bff9bd4f9b95d96c326f277474,30,14,"The whispers grew louder, guiding her deeper into the mysteries of the ancient forest."
conv_7797d9bff9bd4f9b95d96c326f277474,31,20,"As the night wore on, Elara’s understanding deepened, and she began to see visions of the challenges that awaited her."
conv_7797d9bff9bd4f9b95d96c326f277474,32,12,"She saw trials of courage, wisdom, and compassion, each more daunting than"
conv_7a911b33d930428b9119a670406e96b1,0,15,"Maeve Holloway, who discovered on her thirty-third birthday that her shadow had stopped following her."
conv_7a911b33d930428b9119a670406e96b1,1,25,"It happened first in the bathroom mirror that morning—the fluorescent light flickered overhead, and when she glanced down at the tiled floor, there was nothing."
conv_7a911b33d930428b9119a670406e96b1,2,13,Just white hexagonal tiles stretching beneath her feet like a honeycomb of emptiness.
conv_7a911b33d930428b9119a670406e96b1,3,4,She waved her hand.
conv_7a911b33d930428b9119a670406e96b1,4,4,The tiles remained bare.
conv_7a911b33d930428b9119a670406e96b1,5,7,"Maeve backed against the sink, heart hammering."
conv_7a911b33d930428b9119a670406e96b1,6,11,"Outside the bathroom window, the October sky hung gray and heavy."
conv_7a911b33d930428b9119a670406e96b1,7,16,"She could hear her roommate Iris clattering dishes in the kitchen, humming something off-key and cheerful."
conv_7a911b33d930428b9119a670406e96b1,8,9,"Maeve steadied her breathing, then stepped into the hallway."
conv_7a911b33d930428b9119a670406e96b1,9,26,"The morning light slanted through the living room windows, and there—on the hardwood floor—should have been her silhouette stretching long and dark toward the kitchen doorway."
conv_7a911b33d930428b9119a670406e96b1,10,22,"But there was only Iris's shadow, bobbing and swaying to her humming, a solitary shape that seemed too vivid now, too present."
conv_7a911b33d930428b9119a670406e96b1,11,7,"Maeve froze, her hand gripping the doorframe."
conv_7a911b33d930428b9119a670406e96b1,12,7,"Iris turned, spatula in hand, and smiled."
conv_7a911b33d930428b9119a670406e96b1,13,4,"""Coffee's ready, birthday girl!"""
conv_7a911b33d930428b9119a670406e96b1,14,19,"But her eyes flickered downward, just for a moment, to where Maeve's shadow should have pooled against the floorboards."
conv_7a911b33d930428b9119a670406e96b1,15,7,"The smile faltered, tightened at the corners."
conv_7a911b33d930428b9119a670406e96b1,16,3,"""You feeling okay?"""
conv_7a911b33d930428b9119a670406e96b1,17,9,"Iris asked, her voice pitched slightly higher than usual."
conv_7a911b33d930428b9119a670406e96b1,18,21,"She set the spatula down carefully, too carefully, as if any sudden movement might shatter the fragile normalcy of the moment."
conv_7a911b33d930428b9119a670406e96b1,19,18,"Maeve forced herself to step fully into the kitchen, watching Iris's face for recognition, for alarm, for anything."
conv_7a911b33d930428b9119a670406e96b1,20,13,"But Iris only poured coffee into two mugs, her movements deliberate and measured."
conv_7a911b33d930428b9119a670406e96b1,21,15,"""I had the strangest dream about you last night,"" she said, not meeting Maeve's eyes."
conv_7a911b33d930428b9119a670406e96b1,22,12,"""You were standing at a crossroads, and there were two of you."
conv_7a911b33d930428b9119a670406e96b1,23,7,"One walked north, one walked south, and..."""
conv_7a911b33d930428b9119a670406e96b1,24,6,"She trailed off, finally looking up."
conv_7a911b33d930428b9119a670406e96b1,25,11,"Her gaze held something Maeve couldn't quite name—knowledge, perhaps, or guilt."
conv_7a911b33d930428b9119a670406e96b1,26,2,"""And what?"""
conv_7a911b33d930428b9119a670406e96b1,27,8,"Maeve pressed, her voice barely above a whisper."
conv_7a911b33d930428b9119a670406e96b1,28,7,Iris's fingers trembled against the coffee mug.
conv_7a911b33d930428b9119a670406e96b1,29,12,"""And you had to choose which one was real,"" she said softly."
conv_7a911b33d930428b9119a670406e96b1,30,13,"""But here's the thing, Maeve—in the dream, neither of them cast a shadow."
conv_7a911b33d930428b9119a670406e96b1,31,4,"They were both already..."""
conv_7a911b33d930428b9119a670406e96b1,32,10,"She stopped, setting down her mug with a soft clink."
conv_7a911b33d930428b9119a670406e96b1,33,12,"""Already free,"" she finished, the word hanging between them like a confession."
conv_7a911b33d930428b9119a670406e96b1,34,14,"Maeve felt something shift inside her chest—not fear anymore, but a strange, weightless recognition."
conv_7a911b33d930428b9119a670406e96b1,35,25,"She looked down at the empty space beside her feet, then back at Iris, who was watching her with eyes that suddenly seemed ancient, knowing."
conv_7a911b33d930428b9119a670406e96b1,36,5,"""How long have you known?"""
conv_7a911b33d930428b9119a670406e96b1,37,3,Maeve asked quietly.
conv_7a911b33d930428b9119a670406e96b1,38,6,"Iris smiled then, sad and tender."
conv_7a911b33d930428b9119a670406e96b1,39,6,"""Since the day you moved in."
conv_7a911b33d930428b9119a670406e96b1,40,11,"I've been waiting three years for you to shed it completely."""
conv_7a911b33d930428b9119a670406e96b1,41,13,"She reached across the counter, her hand passing through a shaft of sunlight."
conv_7a911b33d930428b9119a670406e96b1,42,4,"""A shadow is just"
conv_7d762b87dbd44caea8f4fa1416239173,0,19,"a young girl named Sophia who lived in a small village surrounded by vast, rolling hills and dense forests."
conv_7d762b87dbd44caea8f4fa1416239173,1,28,"She was a curious and adventurous child, with a wild heart and a mind full full of wonder and a deep connection to the natural world around her."
conv_7d762b87dbd44caea8f4fa1416239173,2,29,"Sophia spent most of her days exploring the hills and forests, discovering hidden streams and secret glades, and learning the secrets of the plants and animals that lived there."
conv_7d762b87dbd44caea8f4fa1416239173,3,19,"She could identify the different birds by their songs, and knew which berries were sweetest and safest to eat."
conv_7d762b87dbd44caea8f4fa1416239173,4,55,"The villagers often sought her out for guidance on how to use the forest's resources to heal their ailments, and Sophia's knowledge of the natural world had been passed down to her from her grandmother, a wise and respected elder who had spent her own life studying the ancient traditions and remedies of the forest."
conv_7d762b87dbd44caea8f4fa1416239173,5,42,"Sophia's grandmother had taught her how to make medicines from the roots and leaves of the forest plants, and how to use the positions of the stars and the phases of the moon to determine the best times for harvesting and planting."
conv_7d762b87dbd44caea8f4fa1416239173,6,32,"As Sophia grew older, she began to realize that her grandmother's teachings were not just about the physical world, but also about the spiritual and mystical forces that flowed through the land."
conv_7d762b87dbd44caea8f4fa1416239173,7,54,"Her grandmother had spoken of the forest as a living, breathing entity, inhabited by spirits and energies that could be communicated with and honored, and Sophia had begun to sense the truth of this, feeling the forest as a vibrant, pulsing presence that seemed to stir and respond to her own emotions and intentions."
conv_7d762b87dbd44caea8f4fa1416239173,8,71,"She had started to experience strange and vivid dreams, filled with symbols and imagery that seemed to be connected to the forest and its rhythms, and she would often wake up with a sense of longing and disorientation, as if she had been called to a place beyond the edge of the village, a place where the trees grew taller and the moonlight filtered through the leaves in a silver glow."
conv_7d762b87dbd44caea8f4fa1416239173,9,55,"The call was gentle but insistent, and Sophia felt an inexplicable pull to follow it, to leave the familiar comforts of the village and venture into the unknown, where the trees whispered secrets to the wind and the creatures of the forest watched her with eyes that seemed to hold a deep and ancient wisdom."
conv_7d762b87dbd44caea8f4fa1416239173,10,238,"The wind itself seemed to be whispering her name, drawing her deeper into the forest, where the shadows danced and the trees loomed like sentinels, guarding a threshold that Sophia felt she was being summoned to cross, a threshold that would lead her to a place where the very fabric of reality seemed to be woven and unwoven, a place of mystery and transformation, where the old stories and legends came alive, and the secrets of the forest would be revealed to her in all their glory and terror, a place where Sophia would be forced to confront the deepest desires and fears of her own heart, and where she would emerge transformed, remade by the ancient magic that dwelled within the forest, her spirit infused with the wild and mystical energies that pulsed through the trees, and her soul forever changed by the encounter, carrying with her the memories and wisdom of the forest, and the knowledge that she would always be a part of it, connected to its rhythms and cycles, a thread in the intricate web of life that bound the forest and all its creatures together, and as she finally returned to the village, Sophia knew that she would never see the world in the same way again, that her journey had awakened a part of her that would forever be attuned to the whispers of the forest, and that she would carry the"
conv_82c64af3c66e49f0af6f2ea136288acd,0,26,"a small village nestled deep within a forest, where the trees whispered secrets and the air was always tinged with the scent of pine and earth."
conv_82c64af3c66e49f0af6f2ea136288acd,1,21,"The villagers lived simple lives, tending to their gardens and livestock, and gathering around the central square for news and celebrations."
conv_82c64af3c66e49f0af6f2ea136288acd,2,24,"At the heart of the village stood an ancient oak tree, its gnarled branches reaching skyward like the arms of a wise old guardian."
conv_82c64af3c66e49f0af6f2ea136288acd,3,22,"It was said that the tree held the spirits of the village’s ancestors, who watched over the community with a protective gaze."
conv_82c64af3c66e49f0af6f2ea136288acd,4,24,"One evening, as the sun dipped below the horizon, casting long shadows through the forest, a young girl named Elara approached the oak tree."
conv_82c64af3c66e49f0af6f2ea136288acd,5,14,"She carried a small, worn notebook and a pencil, her face lit with determination."
conv_82c64af3c66e49f0af6f2ea136288acd,6,19,"Elara had been chosen as the new village scribe, tasked with recording the stories and history of the village."
conv_82c64af3c66e49f0af6f2ea136288acd,7,14,"She stood before the ancient oak, took a deep breath, and opened her notebook."
conv_82c64af3c66e49f0af6f2ea136288acd,8,13,"""Great Oak,"" she whispered, ""guide my words and help me honor our past."""
conv_82c64af3c66e49f0af6f2ea136288acd,9,15,"As she spoke, the leaves rustled softly, almost as if the tree itself was listening."
conv_82c64af3c66e49f0af6f2ea136288acd,10,32,"Elara began to write, her hand moving steadily across the page, capturing the tales of the village elders, the legends of brave heroes, and the daily joys and struggles of the people."
conv_82c64af3c66e49f0af6f2ea136288acd,11,14,"Hours passed, and the moon rose high, casting a silvery glow over the village."
conv_82c64af3c66e49f0af6f2ea136288acd,12,20,"Elara’s writing flowed like the river nearby, each word a tribute to the rich tapestry of life in the village."
conv_82c64af3c66e49f0af6f2ea136288acd,13,17,"As the night deepened, she felt a sense of peace and connection to the generations before her."
conv_82c64af3c66e49f0af6f2ea136288acd,14,18,"When the first light of dawn painted the sky, Elara closed her notebook, her heart full of gratitude."
conv_82c64af3c66e49f0af6f2ea136288acd,15,21,She knew that the stories she had written would keep the spirit of the village alive for many years to come.
conv_82c64af3c66e49f0af6f2ea136288acd,16,30,"With a final nod to the ancient oak, she made her way back to her home, the weight of her new responsibility balanced by the warmth of the community’s trust."
conv_82c64af3c66e49f0af6f2ea136288acd,17,32,"The village continued to thrive, its legacy preserved in the pages of Elara’s notebook, a testament to the enduring power of storytelling and the unbreakable bond between the past and the present."
conv_82c64af3c66e49f0af6f2ea136288acd,18,27,"And so, the village lived on, a place where every leaf and stone held a story, and every heart carried the echoes of those who came before."
conv_82c64af3c66e49f0af6f2ea136288acd,19,24,"The ancient oak stood tall, a silent witness to the cycles of life, its roots deeply entwined with the very soul of the village."
conv_82c64af3c66e49f0af6f2ea136288acd,20,34,"As seasons changed and years passed, the stories Elara wrote became a source of inspiration and strength for all who heard them, weaving a fabric of unity and hope that bound the villagers together."
conv_82c64af3c66e49f0af6f2ea136288acd,21,20,"In the shadow of the great oak, the village flourished, a living testament to the power of memory and community."
conv_82c64af3c66e49f0af6f2ea136288acd,22,40,"And Elara, now an elder herself, would often return to the ancient oak, her heart filled with pride and a deep sense of fulfillment, knowing that the stories she had recorded had become a part of the village’s timeless legacy."
conv_82c64af3c66e49f0af6f2ea136288acd,23,29,"As she sat beneath the oak’s sprawling branches, the wind carried whispers of the past, reminding her that the cycle of life and storytelling would continue, generation after generation."
conv_82c64af3c66e49f0af6f2ea136288acd,24,26,"The village, with its rich tapestry of tales, stood as a beacon of resilience and tradition, a place where the past and present intertwined in harmony."
conv_82c64af3c66e49f0af6f2ea136288acd,25,26,"And so, under the watchful eye of the ancient oak, the village remained a sanctuary of stories, where the spirits of ancestors and the dreams of"
conv_84882a79161947c39f9842b344c773f2,0,9,a lighthouse keeper who could hear the ocean's dreams.
conv_84882a79161947c39f9842b344c773f2,1,27,"Mara had lived alone on the rocky point for three years, ever since the automated systems had failed during the Great Storm and someone needed to stay."
conv_84882a79161947c39f9842b344c773f2,2,13,"The company said they'd send a replacement, but that was thirty months ago."
conv_84882a79161947c39f9842b344c773f2,3,4,She didn't mind anymore.
conv_84882a79161947c39f9842b344c773f2,4,14,Not since she'd discovered that the waves whispered secrets when the moon was full.
conv_84882a79161947c39f9842b344c773f2,5,11,"At first, Mara thought the isolation had finally gotten to her."
conv_84882a79161947c39f9842b344c773f2,6,25,"The voices seemed to bubble up from the depths during high tide, speaking in a language that wasn't quite words but somehow made perfect sense."
conv_84882a79161947c39f9842b344c773f2,7,37,"They told her about shipwrecks from centuries past, of sailors who'd sung their last songs to the indifferent stars, of treasure chests split open on the seabed with gold coins scattered like seeds that would never grow."
conv_84882a79161947c39f9842b344c773f2,8,11,"But last night, the ocean's dream had been different—urgent, almost pleading."
conv_84882a79161947c39f9842b344c773f2,9,16,"It showed her a ship that hadn't sunk yet, one that would arrive with tomorrow's fog."
conv_84882a79161947c39f9842b344c773f2,10,20,"The dream had been so vivid: a research vessel with red sails, carrying something the ocean desperately wanted to protect."
conv_84882a79161947c39f9842b344c773f2,11,4,Or perhaps to reclaim.
conv_84882a79161947c39f9842b344c773f2,12,4,Mara couldn't tell which.
conv_84882a79161947c39f9842b344c773f2,13,25,"She'd woken before dawn, her pillow damp with salt spray though all the windows were closed, the taste of copper and brine on her tongue."
conv_84882a79161947c39f9842b344c773f2,14,16,"Now she stood at the lighthouse railing, scanning the horizon as morning broke grey and heavy."
conv_84882a79161947c39f9842b344c773f2,15,20,"The fog was rolling in exactly as the ocean had promised, thick as wool and smelling of things long forgotten."
conv_84882a79161947c39f9842b344c773f2,16,19,"Through her binoculars, she caught a flash of crimson—there, cutting through the mist like a wound in the world."
conv_84882a79161947c39f9842b344c773f2,17,14,"The research vessel emerged slowly, its red sails hanging limp in the windless morning."
conv_84882a79161947c39f9842b344c773f2,18,19,"Something about it seemed wrong, too deliberate in its approach, as though it knew exactly where to find her."
conv_84882a79161947c39f9842b344c773f2,19,11,"Mara's hand moved instinctively to the lighthouse horn, but she hesitated."
conv_84882a79161947c39f9842b344c773f2,20,15,"The ocean's whisper rose again, more insistent now, wrapping around her thoughts like cold fingers."
conv_84882a79161947c39f9842b344c773f2,21,19,"""Let them come,"" it seemed to say, though the words felt like they were forming inside her own chest."
conv_84882a79161947c39f9842b344c773f2,22,17,"She watched the crew move on deck—three figures in yellow rain gear, their movements stiff and synchronized."
conv_84882a79161947c39f9842b344c773f2,23,40,"One of them looked up at the lighthouse, and even from this distance, Mara could see that their face was wrong somehow—too smooth, too blank, like a mask of skin stretched over something that had never learned to be human."
conv_84882a79161947c39f9842b344c773f2,24,3,Her breath caught.
conv_84882a79161947c39f9842b344c773f2,25,15,"The ocean's voice swelled into a roar inside her skull: ""They're taking the dreaming ones."
conv_84882a79161947c39f9842b344c773f2,26,19,"The last of us who remember the old waters, before they were mapped and named and emptied of wonder."""
conv_84882a79161947c39f9842b344c773f2,27,6,Mara understood then with crushing clarity.
conv_84882a79161947c39f9842b344c773f2,28,7,The automated systems hadn't failed by accident.
conv_84882a79161947c39f9842b344c773f2,29,3,They'd been silenced.
conv_84882a79161947c39f9842b344c773f2,30,28,"And she—the last keeper who still listened, who could still hear—was all that stood between the ocean's fading consciousness and whatever those things on the ship truly were."
conv_84882a79161947c39f9842b344c773f2,31,17,"Her hand found the horn again, but this time she knew the automated signal wouldn't be enough."
conv_84882a79161947c39f9842b344c773f2,32,8,The ocean had chosen her for a reason.
conv_84882a79161947c39f9842b344c773f2,33,24,"Mara descended the spiral stairs three at a time, her boots ringing against iron, and burst into the equipment room where her grandfather's old"
conv_8947486e0260400c9e413aead1502092,0,19,"a young woman named Emilia, who lived in a small, seaside town surrounded by mysterious cliffs and hidden coves."
conv_8947486e0260400c9e413aead1502092,1,28,"The town was called Ravenswood, and it had a reputation for being a place where the veil between reality and myth was whispered to be at its thinnest."
conv_8947486e0260400c9e413aead1502092,2,70,"Many believed that on certain nights, when the moon hung low in the sky and the tides were just right, the boundaries between the worlds would blur, and the creatures of legend would stir, their presence felt in the whispers of the wind and the faint shimmer of bioluminescent lights that danced across the waves, as if the very essence of the sea was being stirred by an unseen force."
conv_8947486e0260400c9e413aead1502092,3,28,"Emilia had always been drawn to the ocean's edge, feeling an inexplicable connection to the rhythms of the tide and the secrets that lay hidden beneath the surface."
conv_8947486e0260400c9e413aead1502092,4,38,"She would often wander the beach at dawn, when the mist was still rising from the rocks and the world seemed to be holding its breath, waiting for the sun to rise and bring light to the darkness."
conv_8947486e0260400c9e413aead1502092,5,26,"On one of these mornings, Emilia stumbled upon a strange object, half-buried in the sand, its surface worn smooth by the relentless pounding of the waves."
conv_8947486e0260400c9e413aead1502092,6,60,"As she reached down to touch it, a sudden jolt of electricity ran through her fingertips, and she felt a vision flash before her eyes, a glimpse of a world beneath the waves, where towering cities made of coral and pearl stretched towards the surface, their spires and minarets glinting in the soft, blue light that filtered down from above."
conv_8947486e0260400c9e413aead1502092,7,29,"Emilia saw creatures moving through the streets, beings unlike any she had ever seen, with skin like iridescent shells and hair that flowed like the seaweed in the currents."
conv_8947486e0260400c9e413aead1502092,8,56,"They seemed to be watching her, their eyes fixed on her with a deep, unnerving intelligence, and Emilia felt a sense of recognition, as if she had stumbled into a memory from a past life, one that was hidden deep within her, yet somehow still lingered, a residual echo that only the ocean's whispers could awaken."
conv_8947486e0260400c9e413aead1502092,9,23,"The vision faded, leaving Emilia feeling disoriented and bewildered, yet somehow, inexplicably, connected to the mysterious world she had glimpsed beneath the waves."
conv_8947486e0260400c9e413aead1502092,10,205,"As she stood there, the object still clutched in her hand, she felt the familiar rhythm of the tide begin to change, the waves growing stronger, as if the sea itself was calling to her, drawing her closer to the edge of the water, where the foam and spray mingled with the air, and the sound of the gulls was replaced by a low, haunting melody that seemed to emanate from the depths of the ocean itself, a siren's song that spoke directly to Emilia's soul, beckoning her to step forward, to leave the world of solid ground and mortal concerns behind, and to surrender to the allure of the unknown, as the melody swirled around her, enveloping her in its ethereal harmony, and Emilia felt her feet move of their own accord, carrying her forward, the water rising to meet her, until she was standing at the threshold of the sea, the waves lapping at her ankles, and then her knees, and then her waist, as if the ocean itself was embracing her, drawing her into its dark, mysterious depths, where the last remnants of sunlight barely penetrated, and the pressure of the water was a gentle, insistent pressure that seemed to be dissolving"
conv_8947486e0260400c9e413aead1502092,11,1,the
conv_99ec489eabc540348ba85f02a06c64cf,0,15,"Miriam Chen, a lighthouse keeper who discovered she could hear the thoughts of passing ships."
conv_99ec489eabc540348ba85f02a06c64cf,1,16,"It started on a Tuesday, during the worst storm the coast had seen in thirty years."
conv_99ec489eabc540348ba85f02a06c64cf,2,29,The waves crashed against the lighthouse with such violence that Miriam could feel the stone trembling beneath her feet as she climbed the spiral stairs to check the beacon.
conv_99ec489eabc540348ba85f02a06c64cf,3,14,"Salt spray lashed the windows, and the wind howled like something alive and furious."
conv_99ec489eabc540348ba85f02a06c64cf,4,25,"She reached the lamp room just as a cargo ship materialized through the sheets of rain, its hull riding dangerously low in the churning water."
conv_99ec489eabc540348ba85f02a06c64cf,5,44,"That's when she heard it—not through her ears, but somehow inside her mind, like a radio signal tuning in: *Too close to the rocks, can't see, God help us, the engine's failing, we're going to hit—* The voice was panicked, male, crackling with fear."
conv_99ec489eabc540348ba85f02a06c64cf,6,7,Miriam's hand froze on the beacon's controls.
conv_99ec489eabc540348ba85f02a06c64cf,7,14,"She pressed her palms against the cold glass, straining to see through the deluge."
conv_99ec489eabc540348ba85f02a06c64cf,8,10,"The cargo ship listed portside, completely blind in the storm."
conv_99ec489eabc540348ba85f02a06c64cf,9,22,"Without thinking, she grabbed the emergency spotlight and angled it toward the hidden reef, sweeping it back and forth in desperate arcs."
conv_99ec489eabc540348ba85f02a06c64cf,10,26,"The beam cut through the darkness like a knife, illuminating the jagged rocks that lurked just beneath the surface, their dark shapes writhing in the foam."
conv_99ec489eabc540348ba85f02a06c64cf,11,5,She heard the voice again—*There!
conv_99ec489eabc540348ba85f02a06c64cf,12,21,"Light at two o'clock, hard to starboard, NOW!*—and felt a surge of relief mixed with something else, something electric and strange."
conv_99ec489eabc540348ba85f02a06c64cf,13,17,The ship's engines roared back to life with a guttural groan that she felt more than heard.
conv_99ec489eabc540348ba85f02a06c64cf,14,15,"The massive vessel began to turn, agonizingly slow, its bow swinging away from certain destruction."
conv_99ec489eabc540348ba85f02a06c64cf,15,19,"Miriam held her breath, the spotlight trembling in her grip as the ship cleared the reef by mere meters."
conv_99ec489eabc540348ba85f02a06c64cf,16,15,"Then, as suddenly as it had appeared, the voice in her head faded to silence."
conv_99ec489eabc540348ba85f02a06c64cf,17,15,"The cargo ship disappeared into the rain-soaked darkness, its running lights swallowed by the storm."
conv_99ec489eabc540348ba85f02a06c64cf,18,12,"Miriam stood alone in the lamp room, her heart hammering, hands shaking."
conv_99ec489eabc540348ba85f02a06c64cf,19,13,"She told herself it was adrenaline, the terror of nearly witnessing a disaster."
conv_99ec489eabc540348ba85f02a06c64cf,20,9,"But deep down, she knew something fundamental had shifted."
conv_99ec489eabc540348ba85f02a06c64cf,21,15,"The silence in her mind felt hollow now, like a room suddenly emptied of guests."
conv_99ec489eabc540348ba85f02a06c64cf,22,26,"She descended the stairs slowly, each step echoing in the lighthouse's stone throat, and when she reached her small quarters, she couldn't bring herself to sleep."
conv_99ec489eabc540348ba85f02a06c64cf,23,22,"Instead, she sat by the window with cold tea growing colder in her hands, watching the storm exhaust itself against the rocks."
conv_99ec489eabc540348ba85f02a06c64cf,24,30,"By dawn, the sea had gentled to a sullen gray mirror, and that's when the voices returned—dozens of them, a chorus of distant murmurs like whispered conversations in another room."
conv_99ec489eabc540348ba85f02a06c64cf,25,18,"Fishing boats heading out for the morning catch, a yacht making for harbor, a ferry full of commuters."
conv_99ec489eabc540348ba85f02a06c64cf,26,32,"Their thoughts washed over her in waves: worries about quotas and fuel prices, a marriage proposal rehearsed nervously, someone's grief over a father who would never see the grandchild due in spring."
conv_99ec489eabc540348ba85f02a06c64cf,27,5,Miriam pressed her forehead against
conv_a04661581cc44199925519416c49193a,0,16,"two unlikely friends, a wise old owl named Ollie and a curious young rabbit called Remy."
conv_a04661581cc44199925519416c49193a,1,21,"They lived in the heart of the Whispering Woods, where the trees whispered secrets and the streams sang songs of old."
conv_a04661581cc44199925519416c49193a,2,25,"One sunny morning, as the first rays of light peeked through the canopy, Remy hopped excitedly around Ollie’s tree, his long ears twitching with anticipation."
conv_a04661581cc44199925519416c49193a,3,2,"“Ollie, Ollie!”"
conv_a04661581cc44199925519416c49193a,4,3,he called out.
conv_a04661581cc44199925519416c49193a,5,2,“Wake up!
conv_a04661581cc44199925519416c49193a,6,4,I’ve found something amazing!”
conv_a04661581cc44199925519416c49193a,7,9,"Ollie stirred from his nest, his feathers rustling softly."
conv_a04661581cc44199925519416c49193a,8,13,"He blinked his large, wise eyes and looked down at the eager bunny."
conv_a04661581cc44199925519416c49193a,9,10,"""Good morning, Remy,"" Ollie said, his voice calm and soothing."
conv_a04661581cc44199925519416c49193a,10,5,"""What have you discovered today?"""
conv_a04661581cc44199925519416c49193a,11,19,"Remy's excitement was contagious as he explained, ""I found a hidden trail near the old oak by the stream!"
conv_a04661581cc44199925519416c49193a,12,14,"It's covered in colorful flowers and leads to a place I've never seen before!"""
conv_a04661581cc44199925519416c49193a,13,8,"Ollie nodded thoughtfully, his eyes twinkling with curiosity."
conv_a04661581cc44199925519416c49193a,14,5,"""That does sound intriguing, Remy."
conv_a04661581cc44199925519416c49193a,15,6,Why don't we explore it together?
conv_a04661581cc44199925519416c49193a,16,8,"I could use a bit of adventure today."""
conv_a04661581cc44199925519416c49193a,17,6,Remy's face lit up with joy.
conv_a04661581cc44199925519416c49193a,18,1,"""Really?"
conv_a04661581cc44199925519416c49193a,19,5,"That would be wonderful, Ollie!"""
conv_a04661581cc44199925519416c49193a,20,15,"The two friends set off through the woods, the soft morning light guiding their way."
conv_a04661581cc44199925519416c49193a,21,21,"As they followed the trail, the scent of wildflowers filled the air, and the sounds of the forest grew more melodious."
conv_a04661581cc44199925519416c49193a,22,18,"The path wound deeper into the woods, and soon they came upon a clearing bathed in dappled sunlight."
conv_a04661581cc44199925519416c49193a,23,15,"In the center stood an ancient, gnarled tree, its branches reaching high into the sky."
conv_a04661581cc44199925519416c49193a,24,19,"Around it, the ground was carpeted with a vibrant array of wildflowers, each one more beautiful than the last."
conv_a04661581cc44199925519416c49193a,25,4,Remy gasped in awe.
conv_a04661581cc44199925519416c49193a,26,6,"""It's like a hidden paradise, Ollie!"""
conv_a04661581cc44199925519416c49193a,27,12,"Ollie perched on a low branch, his gaze sweeping over the scene."
conv_a04661581cc44199925519416c49193a,28,13,"""Yes, it is quite a sight,"" Ollie agreed, his voice filled with wonder."
conv_a04661581cc44199925519416c49193a,29,13,"""I’ve heard tales of this place, but I never thought we’d find it."
conv_a04661581cc44199925519416c49193a,30,11,"Legend says it's a place where dreams and reality blend together."""
conv_a04661581cc44199925519416c49193a,31,9,"Remy hopped closer to the tree, his curiosity piqued."
conv_a04661581cc44199925519416c49193a,32,6,"""Do you think it's true, Ollie?"
conv_a04661581cc44199925519416c49193a,33,10,"Could this be a magical spot where wishes come true?"""
conv_a04661581cc44199925519416c49193a,34,9,Ollie looked down at Remy with a gentle smile.
conv_a04661581cc44199925519416c49193a,35,11,"""Why don’t we make a wish together and see what happens?"""
conv_a04661581cc44199925519416c49193a,36,5,Remy's eyes sparkled with excitement.
conv_a04661581cc44199925519416c49193a,37,12,"Hand in paw, they closed their eyes and made a heartfelt wish."
conv_a04661581cc44199925519416c49193a,38,17,"When they opened their eyes, the world around them seemed to glow with a warm, golden light."
conv_a04661581cc44199925519416c49193a,39,16,"The flowers seemed even more vibrant, and the air was filled with a sweet, melodic hum."
conv_a04661581cc44199925519416c49193a,40,9,Ollie and Remy exchanged a look of pure delight.
conv_a04661581cc44199925519416c49193a,41,17,"Whether it was magic or simply the beauty of their friendship, they knew this moment was special."
conv_a04661581cc44199925519416c49193a,42,13,"Hand in paw, they explored the clearing, discovering new wonders at every turn."
conv_a04661581cc44199925519416c49193a,43,19,"As the day wore on, they realized that the true magic lay in the joy and companionship they shared."
conv_a04661581cc44199925519416c49193a,44,12,"The sun began to set, casting a golden hue over the forest."
conv_a04661581cc44199925519416c49193a,45,11,"Ollie and Remy sat side by side under the ancient tree,"
conv_a5f55403da744ff0b966103e3911c44e,0,14,a curious girl named Mira who lived at the edge of the Whispering Forest.
conv_a5f55403da744ff0b966103e3911c44e,1,13,"The townsfolk always warned her to stay away from the ancient, tangled woods."
conv_a5f55403da744ff0b966103e3911c44e,2,22,"They said the winds there carried secrets not meant for human ears, and that shadows moved in ways they ought not to."
conv_a5f55403da744ff0b966103e3911c44e,3,10,But Mira’s curiosity was as wild as the forest itself.
conv_a5f55403da744ff0b966103e3911c44e,4,27,"Each morning, when mist curled between the trees and dew clung to every leaf, Mira would stand at the forest’s edge, heart pounding with wonder and fear."
conv_a5f55403da744ff0b966103e3911c44e,5,22,"One particular dawn, she noticed something unusual—a soft, golden glow weaving through the brambles just beyond the first row of ancient pines."
conv_a5f55403da744ff0b966103e3911c44e,6,9,"The light flickered gently, as if beckoning her forward."
conv_a5f55403da744ff0b966103e3911c44e,7,12,"Unable to resist, Mira stepped across the mossy threshold into the woods."
conv_a5f55403da744ff0b966103e3911c44e,8,10,"With each footfall, the forest seemed to hush in anticipation."
conv_a5f55403da744ff0b966103e3911c44e,9,18,"The golden glow danced ahead, leading her deeper beneath the thick canopy where sunlight barely touched the ground."
conv_a5f55403da744ff0b966103e3911c44e,10,25,"As she followed, Mira noticed strange carvings on the bark of the trees—symbols swirling like little winds, some shaped like eyes watching her every move."
conv_a5f55403da744ff0b966103e3911c44e,11,21,"The golden light paused near the base of a gnarled old oak, illuminating a small, weathered door embedded in the trunk."
conv_a5f55403da744ff0b966103e3911c44e,12,15,"Mira reached out, her fingers trembling as they traced the delicate carvings around the doorframe."
conv_a5f55403da744ff0b966103e3911c44e,13,9,"The wood felt warm, almost alive beneath her touch."
conv_a5f55403da744ff0b966103e3911c44e,14,25,"A gentle hum vibrated through her fingertips, and with a soft sigh, the door swung open, revealing a staircase spiraling down into an amber-lit hollow."
conv_a5f55403da744ff0b966103e3911c44e,15,8,"The golden glow drifted ahead, lighting each step."
conv_a5f55403da744ff0b966103e3911c44e,16,6,Mira gathered her courage and followed.
conv_a5f55403da744ff0b966103e3911c44e,17,11,The air inside was warm and smelled of honey and earth.
conv_a5f55403da744ff0b966103e3911c44e,18,14,"As she descended, the hum grew richer—now a melody, half familiar and half otherworldly."
conv_a5f55403da744ff0b966103e3911c44e,19,20,"At the bottom of the stairs, the passage widened into a vast chamber filled with gentle light and fluttering shadows."
conv_a5f55403da744ff0b966103e3911c44e,20,18,"In the center stood a figure woven from mist and moonbeam, its eyes deep pools of shimmering silver."
conv_a5f55403da744ff0b966103e3911c44e,21,10,The golden glow settled like a crown above its head.
conv_a5f55403da744ff0b966103e3911c44e,22,11,"It spoke in a voice both echoing and whisper-soft, “Welcome, Mira."
conv_a5f55403da744ff0b966103e3911c44e,23,12,The forest has been waiting for someone who listens to its secrets.”
conv_a5f55403da744ff0b966103e3911c44e,24,19,"The chamber thrummed with possibility, and Mira realized that every choice she made here would shape the forest—and herself—forever."
conv_a5f55403da744ff0b966103e3911c44e,25,6,The figure extended a mist-woven hand.
conv_a5f55403da744ff0b966103e3911c44e,26,18,“Will you learn our ways and become a friend to all that grows within these woods?” it asked.
conv_a5f55403da744ff0b966103e3911c44e,27,14,"Mira felt the weight of the moment, the power of choosing wonder over fear."
conv_a5f55403da744ff0b966103e3911c44e,28,8,"Heart swelling with courage, she took the hand."
conv_a5f55403da744ff0b966103e3911c44e,29,19,"The golden light burst around her like dawn breaking, and Mira understood the ancient language of wind and leaf."
conv_a5f55403da744ff0b966103e3911c44e,30,24,"She became the forest’s friend and its secret keeper, her laughter forever echoing in the boughs, guiding others who dared to listen and dream."
conv_a5f55403da744ff0b966103e3911c44e,31,22,"Every whispering wind bore her story: that courage, curiosity, and kindness could turn even the oldest, wildest mysteries into bright, welcoming wonder."
conv_a5f55403da744ff0b966103e3911c44e,32,34,"And so, at the edge of the Whispering Forest, no one feared the secrets anymore—for Mira had become both the guide and the guardian, forever bridging her world and the magic beneath the leaves."
conv_a5f55403da744ff0b966103e3911c44e,33,25,"Where her footsteps lingered, flowers bloomed and shadows danced gently, telling every curious heart that the unknown is just the beginning of a new tale."
conv_a5f55403da744ff0b966103e3911c44e,34,26,"And so the Whispering Forest thrived, a place for dreamers and listeners, its secrets safely kept and shared by the girl who once stood at its"
conv_a731e4cc684f448587f5085e647f5953,0,16,"Elena Vasquez, a lighthouse keeper who woke one morning to find that the ocean had vanished."
conv_a731e4cc684f448587f5085e647f5953,1,26,"Where gray-green waves should have rolled endlessly to the horizon, there stretched instead an expanse of wet sand, glistening like hammered bronze in the dawn light."
conv_a731e4cc684f448587f5085e647f5953,2,34,"Shells and stones that had tumbled beneath the surf for centuries now lay exposed in strange, curving patterns, as if the sea had left behind a message in a language no one could read."
conv_a731e4cc684f448587f5085e647f5953,3,22,"Elena stood at the railing of her lighthouse gallery, coffee mug forgotten in her hand, watching the impossible landscape stretch for miles."
conv_a731e4cc684f448587f5085e647f5953,4,18,"The air smelled wrong—too dry, too still, missing the salt-sharp bite she'd breathed every day for seven years."
conv_a731e4cc684f448587f5085e647f5953,5,9,"In the distance, dark shapes dotted the endless seabed."
conv_a731e4cc684f448587f5085e647f5953,6,15,"Ships, she realized with a chill that had nothing to do with the morning air."
conv_a731e4cc684f448587f5085e647f5953,7,13,"Wrecks that had rested in the deep, now exposed like bones picked clean."
conv_a731e4cc684f448587f5085e647f5953,8,23,"Some were ancient, their wooden ribs skeletal and black with age, while others gleamed with modern metal, their hulls twisted into impossible angles."
conv_a731e4cc684f448587f5085e647f5953,9,15,Elena set down her mug and reached for the brass telescope mounted beside the door.
conv_a731e4cc684f448587f5085e647f5953,10,28,"Through its lens, she could make out more details—cargo containers spilled like dice, a fishing trawler listing on its side, and something else that made her breath catch."
conv_a731e4cc684f448587f5085e647f5953,11,1,Movement.
conv_a731e4cc684f448587f5085e647f5953,12,6,"Between the wrecks, figures were walking."
conv_a731e4cc684f448587f5085e647f5953,13,26,"At first she thought they might be people from town, drawn by curiosity to explore this new wasteland, but their movements were wrong—too fluid, too purposeful."
conv_a731e4cc684f448587f5085e647f5953,14,11,They didn't stumble over debris or pause to examine the wrecks.
conv_a731e4cc684f448587f5085e647f5953,15,20,"Instead, they glided between the rusted hulls with an eerie grace, as if the exposed seabed were their natural domain."
conv_a731e4cc684f448587f5085e647f5953,16,9,"Elena adjusted the telescope's focus, her hands trembling slightly."
conv_a731e4cc684f448587f5085e647f5953,17,15,"The figures were humanoid but elongated, their skin—if it was skin—reflecting light like wet kelp."
conv_a731e4cc684f448587f5085e647f5953,18,21,"They moved in formation, converging on something near the largest wreck, a massive freighter that must have gone down decades ago."
conv_a731e4cc684f448587f5085e647f5953,19,14,"Elena watched as they began circling it, their movements synchronized like a ritual dance."
conv_a731e4cc684f448587f5085e647f5953,20,28,"Then, from within the freighter's broken hull, a pale light began to pulse—soft at first, then growing stronger with each rhythmic flash, matching the cadence of their circling."
conv_a731e4cc684f448587f5085e647f5953,21,8,"Elena's lighthouse suddenly felt very small, very exposed."
conv_a731e4cc684f448587f5085e647f5953,22,24,"The light from below pulsed again, and she felt an answering vibration through the lighthouse floor, a deep thrumming that resonated in her chest."
conv_a731e4cc684f448587f5085e647f5953,23,15,"Without thinking, she turned to look at her own beacon, dark now in the daylight."
conv_a731e4cc684f448587f5085e647f5953,24,35,"But as the pulse came again from the seabed, the great lighthouse lamp flickered once, twice, then blazed to life with an intensity she'd never seen before, flooding the vanished ocean with brilliant white light."
conv_a731e4cc684f448587f5085e647f5953,25,13,The figures below stopped their circling and turned as one toward her lighthouse.
conv_a731e4cc684f448587f5085e647f5953,26,11,Elena's heart hammered as she understood—the ocean hadn't vanished by accident.
conv_a731e4cc684f448587f5085e647f5953,27,33,"It had been called away, drawn back like a curtain so they could finish what they'd started long ago, before humans had ever built towers of light to warn ships away from danger."
conv_a731e4cc684f448587f5085e647f5953,28,13,"The figures began moving toward her lighthouse now, purposeful and unhurried, and Elena"
conv_ad879cff91254437a5153d2400ed3f5d,0,10,"a small village nestled deep within a vast, ancient forest."
conv_ad879cff91254437a5153d2400ed3f5d,1,29,"The village, known as Greenhaven, was a place where time seemed to move more slowly, and the hustle and bustle of the outside world felt distant and almost unreal."
conv_ad879cff91254437a5153d2400ed3f5d,2,23,"Life in Greenhaven revolved around the rhythms of nature—planting in spring, harvesting in autumn, and gathering around warm fires in the winter months."
conv_ad879cff91254437a5153d2400ed3f5d,3,23,"The villagers were a close-knit community, bound together by their shared traditions and the mystical tales that had been passed down through generations."
conv_ad879cff91254437a5153d2400ed3f5d,4,22,"Among these tales was the legend of the Whispering Willow, an enormous tree said to stand at the heart of the forest."
conv_ad879cff91254437a5153d2400ed3f5d,5,23,"It was believed that the willow could grant wishes, but only to those who proved themselves worthy through acts of kindness and bravery."
conv_ad879cff91254437a5153d2400ed3f5d,6,20,"Many had ventured into the forest in search of the willow, but few returned with stories of having found it."
conv_ad879cff91254437a5153d2400ed3f5d,7,20,"One crisp autumn evening, a young girl named Elara decided she would be the one to find the Whispering Willow."
conv_ad879cff91254437a5153d2400ed3f5d,8,21,"She had always been fascinated by the tales her grandmother told her, and she felt a deep connection to the forest."
conv_ad879cff91254437a5153d2400ed3f5d,9,32,"With a small sack of provisions and a heart full of determination, Elara set out at dawn, her path lit by the first light of the sun filtering through the dense canopy."
conv_ad879cff91254437a5153d2400ed3f5d,10,30,"As she walked, the sounds of the forest enveloped her—the rustle of leaves, the chirping of birds, and the occasional snap of a twig under the feet of unseen creatures."
conv_ad879cff91254437a5153d2400ed3f5d,11,19,"The forest was alive, and Elara felt a thrill of excitement mixed with a cautious respect for the unknown."
conv_ad879cff91254437a5153d2400ed3f5d,12,26,"After hours of wandering, she came across a clearing where a group of small animals—a rabbit, a squirrel, and a fox—were gathered around a wounded bird."
conv_ad879cff91254437a5153d2400ed3f5d,13,13,"Without hesitation, Elara approached the animals and carefully picked up the injured bird."
conv_ad879cff91254437a5153d2400ed3f5d,14,18,"She gently cradled it in her hands, examining its wing, which appeared to be caught in a thorn."
conv_ad879cff91254437a5153d2400ed3f5d,15,24,"With a steady hand, she freed the bird and used a bit of cloth from her sack to wrap its wing, offering it comfort."
conv_ad879cff91254437a5153d2400ed3f5d,16,21,"The animals watched in silence, and when Elara finished, the bird chirped softly and fluttered away, its flight steady once more."
conv_ad879cff91254437a5153d2400ed3f5d,17,20,"The rabbit, squirrel, and fox then looked at Elara with what seemed like gratitude before disappearing back into the forest."
conv_ad879cff91254437a5153d2400ed3f5d,18,22,"Feeling a sense of accomplishment, Elara continued deeper into the woods, her steps now lighter and her spirit more determined than ever."
conv_ad879cff91254437a5153d2400ed3f5d,19,23,"As the sun began to set, casting long shadows through the trees, she noticed the air becoming cooler and the forest growing quieter."
conv_ad879cff91254437a5153d2400ed3f5d,20,14,"Suddenly, a soft whisper carried on the breeze, guiding her toward a hidden grove."
conv_ad879cff91254437a5153d2400ed3f5d,21,15,"There, bathed in the golden light of the setting sun, stood the legendary Whispering Willow."
conv_ad879cff91254437a5153d2400ed3f5d,22,22,"Its branches swayed gently, and as Elara approached, the leaves rustled with a melody that seemed to speak directly to her heart."
conv_ad879cff91254437a5153d2400ed3f5d,23,14,"She reached out and touched the trunk, feeling a warmth spread through her body."
conv_ad879cff91254437a5153d2400ed3f5d,24,18,"The willow’s voice, gentle and wise, whispered in her mind, “You have shown kindness and courage, young one."
conv_ad879cff91254437a5153d2400ed3f5d,25,4,What is your wish?”
conv_ad879cff91254437a5153d2400ed3f5d,26,10,"Elara took a deep breath, her mind racing with possibilities."
conv_ad879cff91254437a5153d2400ed3f5d,27,23,"But then, remembering the tales of those who sought only selfish desires and found nothing, she spoke from the depths of her heart."
conv_ad879cff91254437a5153d2400ed3f5d,28,28,"“I wish for the health and happiness of my village, and for the forest to remain a place of wonder and peace for all who call it home.”"
conv_ad879cff91254437a5153d2400ed3f5d,29,4,The willow’s leaves shimmered
conv_adc796acd32f4433993539115159236a,0,14,a lighthouse keeper who discovered that every seventh wave carried voices from the past.
conv_adc796acd32f4433993539115159236a,1,58,"Mara had tended the Beacon Point lighthouse for three years Mara had tended the Beacon Point lighthouse for three years, and she thought she'd learned all its rhythms—the groan of the gallery rail in high winds, the particular way the lens room hummed at midnight, even the schedule of migrating birds that rested on the lantern's exterior cage."
conv_adc796acd32f4433993539115159236a,2,25,"But she'd never noticed the voices until the storm in late October, when the sea turned violent and she counted waves to calm her nerves."
conv_adc796acd32f4433993539115159236a,3,9,"One, two, three—the normal crash of water against rock."
conv_adc796acd32f4433993539115159236a,4,9,"Four, five, six—still ordinary, though louder now, almost thunderous."
conv_adc796acd32f4433993539115159236a,5,23,"But the seventh wave broke differently, carried on its crest something that sounded like singing—faint and melancholy, in a language she almost recognized."
conv_adc796acd32f4433993539115159236a,6,15,"Mara pressed her face against the cold glass, straining to hear over the howling wind."
conv_adc796acd32f4433993539115159236a,7,11,"The eighth wave came normal again, then the ninth, the tenth."
conv_adc796acd32f4433993539115159236a,8,16,"She counted faster now, her breath fogging the window as she waited for the fourteenth wave."
conv_adc796acd32f4433993539115159236a,9,29,"When it arrived, the voices were clearer—a woman's laugh, sharp and bright, followed by a man shouting coordinates that made no sense: ""Forty-two north, seventy-one west, April of '89!"""
conv_adc796acd32f4433993539115159236a,10,18,"Mara grabbed the lighthouse log from its shelf and flipped through the brittle, yellowed pages with trembling fingers."
conv_adc796acd32f4433993539115159236a,11,4,April 1889—there it was.
conv_adc796acd32f4433993539115159236a,12,19,"An entry in handwriting she didn't recognize, careful and slanted: ""The Elizabeth Marie went down today in clear weather."
conv_adc796acd32f4433993539115159236a,13,3,Twenty-three souls lost.
conv_adc796acd32f4433993539115159236a,14,4,My Sarah among them.
conv_adc796acd32f4433993539115159236a,15,11,I heard her calling from the water but could do nothing.
conv_adc796acd32f4433993539115159236a,16,3,"The light failed."""
conv_adc796acd32f4433993539115159236a,17,14,"The ink had bled in places, as if tears had fallen on the page."
conv_adc796acd32f4433993539115159236a,18,15,"Mara's throat tightened as she looked back toward the waves, counting again with new urgency."
conv_adc796acd32f4433993539115159236a,19,8,"Twenty-one approached, the seventh in the next cycle."
conv_adc796acd32f4433993539115159236a,20,24,"When it crested, Sarah's voice came through crystal clear, no longer singing but speaking directly, desperately: ""Tell him I made it to the rocks."
conv_adc796acd32f4433993539115159236a,21,6,Tell him I survived three days.
conv_adc796acd32f4433993539115159236a,22,6,"He never came back to look."""
conv_adc796acd32f4433993539115159236a,23,6,Mara's heart hammered against her ribs.
conv_adc796acd32f4433993539115159236a,24,19,"She ran down the spiral stairs, nearly slipping on the iron treads, and burst out onto the gallery walkway."
conv_adc796acd32f4433993539115159236a,25,17,"The wind tore at her jacket as she leaned over the railing, salt spray stinging her eyes."
conv_adc796acd32f4433993539115159236a,26,9,"Below, the twenty-eighth wave was building, massive and dark."
conv_adc796acd32f4433993539115159236a,27,16,"Mara cupped her hands around her mouth and shouted into the gale: ""He couldn't hear you!"
conv_adc796acd32f4433993539115159236a,28,7,"The light failed—he thought you were gone!"""
conv_adc796acd32f4433993539115159236a,29,38,"Her words were ripped away by the wind, but as the twenty-eighth wave crashed against the rocks, she heard it: a sigh, long and soft, like a breath finally released after more than a century of holding on."
conv_adc796acd32f4433993539115159236a,30,16,"The sea calmed then, not gradually but all at once, as if a spell had broken."
conv_adc796acd32f4433993539115159236a,31,23,"The waves continued their eternal rhythm, but the voices were gone—truly gone, Mara somehow knew, not just waiting for the next seventh count."
conv_adc796acd32f4433993539115159236a,32,1,She
conv_baa66c4dc3ff4e6f8b91aa3bf55cbea2,0,14,"Eleanor, a young woman with a mysterious past and a heart full of dreams."
conv_baa66c4dc3ff4e6f8b91aa3bf55cbea2,1,32,"She lived in a small village nestled between rolling hills and dense forests, a place where the sun seemed to linger longer, casting golden hues over the cobblestone streets and thatched roofs."
conv_baa66c4dc3ff4e6f8b91aa3bf55cbea2,2,25,"Eleanor spent her days tending to the garden behind her cottage, where she grew herbs and flowers that filled the air with their sweet fragrance."
conv_baa66c4dc3ff4e6f8b91aa3bf55cbea2,3,29,"Despite the tranquility of her surroundings, Eleanor often felt a restless yearning for something more, a sense that her true purpose lay beyond the familiar borders of her village."
conv_baa66c4dc3ff4e6f8b91aa3bf55cbea2,4,34,"One evening, as the sky painted itself in shades of orange and purple, Eleanor stumbled upon an ancient map hidden within the pages of an old book she had borrowed from the village library."
conv_baa66c4dc3ff4e6f8b91aa3bf55cbea2,5,32,"The map was faded and worn, but it clearly showed a path leading deep into the forest, marked with symbols and notes that hinted at a forgotten treasure or a legendary site."
conv_baa66c4dc3ff4e6f8b91aa3bf55cbea2,6,16,"Intrigued and feeling a spark of adventure ignite within her, Eleanor decided to follow the map."
conv_baa66c4dc3ff4e6f8b91aa3bf55cbea2,7,18,"She packed a small bag with essentials—bread, cheese, a flint, and her trusty knife—and set out at dawn."
conv_baa66c4dc3ff4e6f8b91aa3bf55cbea2,8,15,The forest was alive with the sounds of birdsong and the rustling of leaves underfoot.
conv_baa66c4dc3ff4e6f8b91aa3bf55cbea2,9,14,"As she ventured deeper, the path became less distinct, overgrown with moss and vines."
conv_baa66c4dc3ff4e6f8b91aa3bf55cbea2,10,13,"Eleanor relied on the map and her intuition, navigating through the twisting trails."
conv_baa66c4dc3ff4e6f8b91aa3bf55cbea2,11,15,"The sunlight filtered through the canopy in patches, casting dappled shadows on the forest floor."
conv_baa66c4dc3ff4e6f8b91aa3bf55cbea2,12,14,"Hours passed, and the air grew cooler, carrying the scent of earth and pine."
conv_baa66c4dc3ff4e6f8b91aa3bf55cbea2,13,19,"Suddenly, Eleanor came across a clearing where an ancient stone circle stood, its stones weathered and covered in lichen."
conv_baa66c4dc3ff4e6f8b91aa3bf55cbea2,14,16,"In the center, a single pedestal held a glowing crystal, pulsating with a soft, otherworldly light."
conv_baa66c4dc3ff4e6f8b91aa3bf55cbea2,15,13,"Eleanor approached cautiously, her heart pounding with a mix of excitement and trepidation."
conv_baa66c4dc3ff4e6f8b91aa3bf55cbea2,16,23,"As she reached out to touch the crystal, a warm energy flowed through her, filling her with a sense of clarity and purpose."
conv_baa66c4dc3ff4e6f8b91aa3bf55cbea2,17,19,"The crystal began to glow brighter, and Eleanor realized that this was the key to unlocking her true destiny."
conv_baa66c4dc3ff4e6f8b91aa3bf55cbea2,18,16,"The map had led her here, but it was the journey itself that had transformed her."
conv_baa66c4dc3ff4e6f8b91aa3bf55cbea2,19,18,"With the crystal in hand, Eleanor knew she had to return to the village and share her discovery."
conv_baa66c4dc3ff4e6f8b91aa3bf55cbea2,20,14,The crystal held secrets that could change the lives of everyone in her community.
conv_baa66c4dc3ff4e6f8b91aa3bf55cbea2,21,23,"As she made her way back through the forest, the path seemed clearer, almost as if the woods themselves were guiding her home."
conv_baa66c4dc3ff4e6f8b91aa3bf55cbea2,22,18,"The villagers were amazed when Eleanor returned, the crystal’s light catching the eyes of all who saw it."
conv_baa66c4dc3ff4e6f8b91aa3bf55cbea2,23,15,"She shared her story, and the crystal’s power brought prosperity and knowledge to the village."
conv_baa66c4dc3ff4e6f8b91aa3bf55cbea2,24,33,"Eleanor’s once-restless heart found peace, knowing she had found her true calling and that her journey had not only changed her but had also brought hope and new beginnings to those around her."
conv_baa66c4dc3ff4e6f8b91aa3bf55cbea2,25,17,"The village thrived, and Eleanor became a beloved figure, remembered for her courage and her unwavering spirit."
conv_baa66c4dc3ff4e6f8b91aa3bf55cbea2,26,35,"The map that had once been a simple piece of paper now held a place of honor in the village hall, a reminder of the adventures that await those who dare to follow their dreams."
conv_baa66c4dc3ff4e6f8b91aa3bf55cbea2,27,23,"And so, Eleanor’s life became a tapestry woven with threads of adventure, discovery, and the profound connection between the past and the future."
conv_baa66c4dc3ff4e6f8b91aa3bf55cbea2,28,19,"Her legacy continued to inspire generations, reminding them that sometimes, the greatest treasures are not found in distant lands,"
conv_bd42668068fc4f41a9b41e52a30aa976,0,9,a lighthouse keeper who stopped believing in the sea.
conv_bd42668068fc4f41a9b41e52a30aa976,1,9,"It happened gradually, the way most impossible things do."
conv_bd42668068fc4f41a9b41e52a30aa976,2,25,"Magnus had tended the lighthouse for thirty-seven years, and somewhere between the thousandth storm and the ten-thousandth wave, the ocean simply ceased to be real."
conv_bd42668068fc4f41a9b41e52a30aa976,3,28,"He still performed his duties—polished the great lens, wound the clockwork mechanism, trimmed the wick—but these actions felt hollow, like movements in a play whose meaning he'd forgotten."
conv_bd42668068fc4f41a9b41e52a30aa976,4,12,The ships that passed were merely shapes against an indifferent gray backdrop.
conv_bd42668068fc4f41a9b41e52a30aa976,5,12,"The gulls' cries became arbitrary sounds, unconnected to anything living or true."
conv_bd42668068fc4f41a9b41e52a30aa976,6,23,"Magnus began to suspect that the lighthouse itself was the only solid thing in existence, a pillar of certainty surrounded by elaborate illusion."
conv_bd42668068fc4f41a9b41e52a30aa976,7,31,"Then one morning, he found wet footprints leading up the spiral stairs—footprints that glistened with salt and seaweed, impossible prints that shouldn't exist if the sea was merely his imagination's trick."
conv_bd42668068fc4f41a9b41e52a30aa976,8,21,"They climbed all two hundred and seventy-three steps, growing fainter as they ascended, until they stopped at the lantern room door."
conv_bd42668068fc4f41a9b41e52a30aa976,9,11,"Magnus stood before it, his hand trembling on the brass handle."
conv_bd42668068fc4f41a9b41e52a30aa976,10,21,"For the first time in years, his heart hammered with something like fear, or perhaps hope—he couldn't distinguish between them anymore."
conv_bd42668068fc4f41a9b41e52a30aa976,11,30,"The door swung open before he could turn the handle, and there stood a woman wringing seawater from her long dark hair, droplets pattering onto the iron floor like accusations."
conv_bd42668068fc4f41a9b41e52a30aa976,12,21,"She looked at him with eyes the color of deep water, and said, ""You stopped lighting the lamp three nights ago."""
conv_bd42668068fc4f41a9b41e52a30aa976,13,8,Her voice carried the rhythm of tide pools.
conv_bd42668068fc4f41a9b41e52a30aa976,14,3,"Magnus blinked, confused."
conv_bd42668068fc4f41a9b41e52a30aa976,15,6,But he had lit it—hadn't he?
conv_bd42668068fc4f41a9b41e52a30aa976,16,10,"Every evening at dusk, the same ritual, the same motions."
conv_bd42668068fc4f41a9b41e52a30aa976,17,21,"Yet when he turned to look, the great lens sat dark and cold, a film of dust across its curved surface."
conv_bd42668068fc4f41a9b41e52a30aa976,18,48,"""I don't understand,"" he whispered, but even as he spoke, memories flickered like dying candles—evenings spent sitting in his chair, staring at the unlit lamp, convincing himself that light and darkness were the same, that it made no difference whether the beam swept across nonexistent waters or not."
conv_bd42668068fc4f41a9b41e52a30aa976,19,9,"The woman stepped closer, leaving a trail of brine."
conv_bd42668068fc4f41a9b41e52a30aa976,20,9,"""My ship went down last night,"" she said softly."
conv_bd42668068fc4f41a9b41e52a30aa976,21,13,"""Seventeen souls circling in the dark, waiting for a light that never came."
conv_bd42668068fc4f41a9b41e52a30aa976,22,4,"We called and called."""
conv_bd42668068fc4f41a9b41e52a30aa976,23,47,"She pressed her wet palm against the cold glass of the lens, and where she touched, Magnus saw reflected scenes: a hull breaking against rocks he'd charted a thousand times, hands reaching through black water, faces turned desperately toward the darkness where his beacon should have been."
conv_bd42668068fc4f41a9b41e52a30aa976,24,21,"The visions spread across the lens like cracks in ice, each fracture revealing another moment of desperate hope fading into silence."
conv_bd42668068fc4f41a9b41e52a30aa976,25,5,Magnus felt his knees weaken.
conv_bd42668068fc4f41a9b41e52a30aa976,26,19,"The sea—the sea had been real all along, more real than his doubt, more solid than his careful disbelief."
conv_bd42668068fc4f41a9b41e52a30aa976,27,12,"All those years of faithful service, undone by three nights of surrender."
conv_bd42668068fc4f41a9b41e52a30aa976,28,12,"""I forgot,"" he breathed, but the words were ash in his mouth."
conv_bd42668068fc4f41a9b41e52a30aa976,29,12,"The woman's form began to shimmer, water streaming from her clothes in"
conv_bd574adf4c144554bf5dde1263f1bb0d,0,15,"two unlikely friends, a young fox named Finn and a wise old turtle named Tilda."
conv_bd574adf4c144554bf5dde1263f1bb0d,1,27,"They lived in the heart of a vast, enchanted forest where the trees whispered secrets of the ancient world and the streams sang songs of forgotten lore."
conv_bd574adf4c144554bf5dde1263f1bb0d,2,24,"One sunny morning, as the dew still clung to the leaves, Finn bounded into the clearing where Tilda often basked in the early light."
conv_bd574adf4c144554bf5dde1263f1bb0d,3,1,"""Tilda!"""
conv_bd574adf4c144554bf5dde1263f1bb0d,4,8,"Finn called out, his tail wagging with excitement."
conv_bd574adf4c144554bf5dde1263f1bb0d,5,23,"""I've heard there's a hidden garden deep in the forest, filled with flowers that glow in the dark and fruits that never spoil."
conv_bd574adf4c144554bf5dde1263f1bb0d,6,19,"Do you think we could find it?"" Tilda smiled, her eyes twinkling with a mix of curiosity and wisdom."
conv_bd574adf4c144554bf5dde1263f1bb0d,7,21,"""A journey such as this requires more than just eagerness, my young friend,"" she said, slowly pulling herself to her feet."
conv_bd574adf4c144554bf5dde1263f1bb0d,8,9,"""It requires patience, courage, and a bit of magic."
conv_bd574adf4c144554bf5dde1263f1bb0d,9,7,"Are you ready for such an adventure?"""
conv_bd574adf4c144554bf5dde1263f1bb0d,10,5,Finn's eyes widened with excitement.
conv_bd574adf4c144554bf5dde1263f1bb0d,11,3,"""Yes, I'm ready!"""
conv_bd574adf4c144554bf5dde1263f1bb0d,12,7,"he exclaimed, unable to contain his enthusiasm."
conv_bd574adf4c144554bf5dde1263f1bb0d,13,24,"Tilda nodded, and with a gentle gesture, they set off into the forest, following a narrow path that seemed to appear just for them."
conv_bd574adf4c144554bf5dde1263f1bb0d,14,21,"The air was filled with the scent of pine and the distant calls of birds, guiding them deeper into the woods."
conv_bd574adf4c144554bf5dde1263f1bb0d,15,25,"As they walked, Finn chattered excitedly about all the wonders they might see, while Tilda listened with a patient smile, offering occasional words of wisdom."
conv_bd574adf4c144554bf5dde1263f1bb0d,16,24,"The path twisted and turned, leading them through thickets and over small streams, each step bringing them closer to the heart of the forest."
conv_bd574adf4c144554bf5dde1263f1bb0d,17,13,"The sunlight filtered through the dense canopy, casting dappled shadows on the ground."
conv_bd574adf4c144554bf5dde1263f1bb0d,18,12,"After what felt like hours, they came upon a thick, ivy-covered archway."
conv_bd574adf4c144554bf5dde1263f1bb0d,19,10,"Beyond it, the air shimmered with a soft, ethereal light."
conv_bd574adf4c144554bf5dde1263f1bb0d,20,11,"""This must be it,"" Finn whispered, his heart racing with anticipation."
conv_bd574adf4c144554bf5dde1263f1bb0d,21,8,"Tilda nodded, her eyes reflecting the same wonder."
conv_bd574adf4c144554bf5dde1263f1bb0d,22,11,"""Let’s take a deep breath and step through together,"" she suggested."
conv_bd574adf4c144554bf5dde1263f1bb0d,23,14,"Hand in paw, they passed through the archway, and the world around them transformed."
conv_bd574adf4c144554bf5dde1263f1bb0d,24,29,"The garden was more beautiful than either of them had imagined—flowers in every color of the rainbow bloomed under a sky that twinkled with stars, even in the daytime."
conv_bd574adf4c144554bf5dde1263f1bb0d,25,8,"Fruits glowed softly, casting a warm, magical light."
conv_bd574adf4c144554bf5dde1263f1bb0d,26,12,"Finn and Tilda explored the garden, marveling at the sights and sounds."
conv_bd574adf4c144554bf5dde1263f1bb0d,27,12,"They tasted the sweet, luminous fruits and danced among the glowing flowers."
conv_bd574adf4c144554bf5dde1263f1bb0d,28,16,"As the day drew to a close, they found a quiet spot by a sparkling fountain."
conv_bd574adf4c144554bf5dde1263f1bb0d,29,8,Tilda looked at Finn with a knowing smile.
conv_bd574adf4c144554bf5dde1263f1bb0d,30,8,"""We’ve discovered something truly special today, haven’t we?"""
conv_bd574adf4c144554bf5dde1263f1bb0d,31,7,"Finn nodded, his eyes shining with joy."
conv_bd574adf4c144554bf5dde1263f1bb0d,32,4,"""Thanks to you, Tilda."
conv_bd574adf4c144554bf5dde1263f1bb0d,33,10,"I couldn’t have done it without your wisdom and friendship."""
conv_bd574adf4c144554bf5dde1263f1bb0d,34,14,"They sat together, watching the stars twinkle above, feeling a deep sense of contentment."
conv_bd574adf4c144554bf5dde1263f1bb0d,35,18,The hidden garden had not only been a place of beauty but also a testament to their bond.
conv_bd574adf4c144554bf5dde1263f1bb0d,36,25,"Hand in paw, they made a silent promise to return, to explore more of the enchanted forest, and to always cherish the adventures they shared."
conv_bd574adf4c144554bf5dde1263f1bb0d,37,25,"As the night deepened, they bid the garden farewell and made their way back through the archway, carrying the magic of the day with them."
conv_bd574adf4c144554bf5dde1263f1bb0d,38,11,"The forest seemed a little brighter, a little warmer, as they"
conv_bfba8b3e334542f08bee905a2934a25e,0,31,"a small town where the sun always set at the same time each day—7:14 p.m., no matter what the season, no matter how thick the clouds or how bright the sky."
conv_bfba8b3e334542f08bee905a2934a25e,1,45,"People called it “The Evenfall,” and while newcomers found it odd, locals treated it like an unremarkable quirk, akin to the old bakery’s tilted chimney or the centuries-old oak that grew in the center of Main Street, forcing cars to split and circle around it."
conv_bfba8b3e334542f08bee905a2934a25e,2,27,"Some said The Evenfall brought luck; others said it was a sign that the town was caught in time’s gentle fist, unable to move forward or back."
conv_bfba8b3e334542f08bee905a2934a25e,3,23,"But for twelve-year-old Jamie Bell, who watched the copper light stain the edges of his bedroom wall each evening, Evenfall was a puzzle."
conv_bfba8b3e334542f08bee905a2934a25e,4,36,"He kept a notebook hidden beneath a floorboard, filled with sketches of sundials, weather charts, and careful notes about the way the shadows stretched long and thin, always coming to rest at the exact same minute."
conv_bfba8b3e334542f08bee905a2934a25e,5,16,"He had questions, so many questions—ones no adult seemed willing to answer, at least not seriously."
conv_bfba8b3e334542f08bee905a2934a25e,6,14,"When Jamie prodded, grown-ups just shrugged or smiled, repeating, ""It's just how Evenfall is."""
conv_bfba8b3e334542f08bee905a2934a25e,7,6,But Jamie couldn't let it go.
conv_bfba8b3e334542f08bee905a2934a25e,8,43,"On his nightly walks, sometimes with his dog Pickles trotting alongside, he’d pause at the town’s edges, where Evenfall’s light seemed to meet the fields and forests in a sharp, uncanny line, as if someone had drawn the border of evening by hand."
conv_bfba8b3e334542f08bee905a2934a25e,9,26,"One night, as Jamie stepped closer to that boundary, he noticed the air there felt cooler, almost electric, making the hair on his arms stand up."
conv_bfba8b3e334542f08bee905a2934a25e,10,3,"Pickles growled, uneasy."
conv_bfba8b3e334542f08bee905a2934a25e,11,30,"Jamie pulled a flashlight from his pocket, but its beam reached only to the very edge of the strange divide and flickered, as if uncertain how to pierce the barrier."
conv_bfba8b3e334542f08bee905a2934a25e,12,30,"Beyond it, the world looked both familiar and impossible—a shimmer where the trees seemed to bend in slow motion, their shadows too tall and restless, like reflections on rippling water."
conv_bfba8b3e334542f08bee905a2934a25e,13,24,"Heart pounding, Jamie glanced back at Pickles, whose nose trembled, but who pressed forward with a tentative whine, urging Jamie not to turn back."
conv_bfba8b3e334542f08bee905a2934a25e,14,8,"Biting his lip, Jamie stepped across the threshold."
conv_bfba8b3e334542f08bee905a2934a25e,15,24,"The air snapped with cold clarity and a soft, vibrating hum, as if he’d dipped into another world layered on top of his own."
conv_bfba8b3e334542f08bee905a2934a25e,16,11,"For a moment, he swayed, uncertain if he’d gone too far."
conv_bfba8b3e334542f08bee905a2934a25e,17,18,"But then the humming steadied and the light all around him took on a golden, almost floating quality."
conv_bfba8b3e334542f08bee905a2934a25e,18,13,"No sound came from the town behind him, not even Pickles’ footsteps now."
conv_bfba8b3e334542f08bee905a2934a25e,19,17,"Jamie turned and saw that the border of Evenfall glowed faintly, like a doorway of burning saffron."
conv_bfba8b3e334542f08bee905a2934a25e,20,16,"Ahead, the landscape bloomed with impossible colors and the sun hung unmoving just above the horizon."
conv_bfba8b3e334542f08bee905a2934a25e,21,14,"In this place, time bent with the same persistence as the rules back home."
conv_bfba8b3e334542f08bee905a2934a25e,22,24,"Jamie stepped forward and saw a figure—a girl his age, waiting by the shadow of a leaning oak twin to the one in town."
conv_bfba8b3e334542f08bee905a2934a25e,23,7,"She smiled, something knowing in her gaze."
conv_bfba8b3e334542f08bee905a2934a25e,24,6,"“Welcome, Jamie Bell,” she said quietly."
conv_bfba8b3e334542f08bee905a2934a25e,25,4,“You made it through.
conv_bfba8b3e334542f08bee905a2934a25e,26,2,Most don’t.”
conv_bfba8b3e334542f08bee905a2934a25e,27,7,Jamie’s heart hammered—both with wonder and unease.
conv_bfba8b3e334542f08bee905a2934a25e,28,5,“Where am I?” he breathed.
conv_bfba8b3e334542f08bee905a2934a25e,29,9,The girl gestured to the undying sunset behind her.
conv_bfba8b3e334542f08bee905a2934a25e,30,5,“The space between your town’s
conv_bfdccaa2af5e42afa662d355a9f25723,0,18,"a young girl named Emilia, who lived in a small village surrounded by dense forests and winding rivers."
conv_bfdccaa2af5e42afa662d355a9f25723,1,37,"The villagers often spoke of the mystical creatures that roamed the forests, and the magical energies that pulsed through the rivers, but Emilia never thought much of these stories, chalking them up to mere myth and superstition."
conv_bfdccaa2af5e42afa662d355a9f25723,2,55,"That was until the night she stumbled upon a hidden glade deep in the forest, where the trees seemed to hum with an otherworldly energy and the river that ran through it shimmered with a soft, ethereal light that seemed to dance across the water's surface, as if the stars themselves had descended to earth."
conv_bfdccaa2af5e42afa662d355a9f25723,3,479,"The air was filled with a sweet, musical melody that seemed to emanate from the trees, the river, and even the ground beneath her feet, a harmony so enchanting that Emilia felt her very soul being drawn into the music, as if the forest itself was awakening a deep and ancient part of her, a part that she never knew existed, and she felt herself becoming one with the forest, her senses expanding to encompass the intricate web of life that bound every living thing together, from the tiniest insect to the tallest tree, and in this state of unity, she saw visions of the forest's secrets, the hidden patterns and rhythms that governed the lives of its creatures, and the delicate balance that sustained the entire ecosystem, a balance that was both beautiful and fragile, and Emilia saw that she was a part of this balance, a thread in the intricate tapestry of life that was woven from the very essence of the forest, and as she gazed deeper into the fabric of this tapestry, she began to see the threads that connected her to the other creatures of the forest, the threads of kinship and belonging that tied her to the ancient trees, the wild animals, and the land itself, and she felt a deep sense of belonging and purpose, as if she had finally found her true place in the world, and the forest, sensing her awakening, began to reveal its deepest secrets to her, secrets that had been hidden for centuries, secrets of magic and wonder, of ancient rituals and forgotten lore, and Emilia's heart swelled with a sense of wonder and awe as she delved deeper into the mysteries of the forest, uncovering the hidden languages of the trees, the whispered spells of the rivers, and the ancient incantations that echoed through the misty valleys, and as she listened to these whispered secrets, Emilia felt her own voice growing stronger, her own magic stirring, until she was able to join in the chorus of the forest, her voice blending with the songs of the trees, the rustle of leaves, and the gentle lapping of the river's waters, and in this moment of perfect harmony, Emilia knew that she had become a part of the forest itself, a living, breathing embodiment of its ancient magic, and as the music of the forest swelled to a triumphant crescendo, Emilia's spirit merged with the land, her essence infusing the trees, the rivers, and the creatures, becoming one with the eternal and unchanging heartbeat of the forest, her soul now a part of the timeless rhythm that pulsed through every living thing, and as the last notes of the music faded into the silence, Emilia's physical form dissolved into the mist, leaving behind only a whispered promise that she would forever be a guardian of the forest's secrets,"
conv_c4baf00847bb42a8ab80a1cb377e91b2,0,19,"a girl named Lila, who was born with the fascinating gift of seeing colors no one else could see."
conv_c4baf00847bb42a8ab80a1cb377e91b2,1,27,"In her small town nestled between the misty hills and the wild woods, Lila's world shimmered and shifted with hues that danced just outside of ordinary vision."
conv_c4baf00847bb42a8ab80a1cb377e91b2,2,35,"While others admired the golden sunsets spilling over the rooftops, Lila saw swirling ribbons of iridescent teal and shimmering magenta weaving through the golden light, giving each evening a secret magic only she could perceive."
conv_c4baf00847bb42a8ab80a1cb377e91b2,3,35,"She would often perch on the old stone wall at the edge of her grandmother’s garden, bare toes brushing moss, and watch the horizon transform in colors she had long ago learned not to mention."
conv_c4baf00847bb42a8ab80a1cb377e91b2,4,27,"Even as a child, she had tried to paint what she saw, swirling colors on scrap wood and paper, but no pigment ever caught the unnamable shades."
conv_c4baf00847bb42a8ab80a1cb377e91b2,5,31,"The adults would smile politely and pat her head, telling her she had quite the imagination, but Lila knew what she saw was as real as the daisies under her feet."
conv_c4baf00847bb42a8ab80a1cb377e91b2,6,23,"Sometimes, she caught glimpses of those mysterious colors clustering near the old willow tree, or drifting above the creek in early morning mist."
conv_c4baf00847bb42a8ab80a1cb377e91b2,7,31,"One twilight, as the garden glowed in shifting twilight, a sudden burst of lavender flame arced from the willow’s roots to its highest branch—a color so vivid it made Lila gasp."
conv_c4baf00847bb42a8ab80a1cb377e91b2,8,17,"This time, the color didn’t fade; it lingered in the air, pulsing gently like a living thing."
conv_c4baf00847bb42a8ab80a1cb377e91b2,9,13,"Mesmerized, Lila stepped closer, her heartbeat echoing the rhythm of the strange light."
conv_c4baf00847bb42a8ab80a1cb377e91b2,10,22,"As she reached out, the lavender glow seemed to respond, twining around her fingers and drawing her toward the willow’s gnarled trunk."
conv_c4baf00847bb42a8ab80a1cb377e91b2,11,12,Lila hesitated only a moment before pressing her palm to the bark.
conv_c4baf00847bb42a8ab80a1cb377e91b2,12,18,"The world tilted, and suddenly the garden faded away, replaced by a luminous landscape painted in impossible colors."
conv_c4baf00847bb42a8ab80a1cb377e91b2,13,24,"A voice, gentle as wind rustled through the brilliant air, speaking in tones that seemed to shape the very light around her: “Welcome, Lila."
conv_c4baf00847bb42a8ab80a1cb377e91b2,14,5,You’ve finally found the threshold.”
conv_c4baf00847bb42a8ab80a1cb377e91b2,15,14,"Shapes emerged—creatures woven from sapphire and emerald light, their bodies shifting with every move."
conv_c4baf00847bb42a8ab80a1cb377e91b2,16,10,"They bowed their heads in greeting, radiating warmth and trust."
conv_c4baf00847bb42a8ab80a1cb377e91b2,17,13,Lila realized she hadn’t just found a hidden world—she was part of it.
conv_c4baf00847bb42a8ab80a1cb377e91b2,18,15,"The creatures approached, weaving their colors into luminous patterns that settled softly onto her skin."
conv_c4baf00847bb42a8ab80a1cb377e91b2,19,14,"It felt as though she belonged, both in this extraordinary realm and her own."
conv_c4baf00847bb42a8ab80a1cb377e91b2,20,25,"The voice spoke again, promising that whenever Lila needed guidance or joy, she could return here by following the hidden colors only she could see."
conv_c4baf00847bb42a8ab80a1cb377e91b2,21,12,"Filled with gratitude, Lila smiled, letting the iridescent warmth ripple through her."
conv_c4baf00847bb42a8ab80a1cb377e91b2,22,29,"When she finally returned to her grandmother’s garden, the hidden colors were brighter than ever, and in her heart, she knew she would never be alone in her gift."
conv_c4baf00847bb42a8ab80a1cb377e91b2,23,21,"From that day forth, both worlds—her ordinary home and the luminous realm—coexisted in harmony within her, their colors guiding her steps."
conv_c4baf00847bb42a8ab80a1cb377e91b2,24,31,"Whenever dusk painted the sky, Lila would return to the old stone wall, letting wonder and possibility shimmer through her life, forever changed and forever seeing beauty where others could not."
conv_c4baf00847bb42a8ab80a1cb377e91b2,25,26,"And in her heart, the secret promise of the threshold glowed: that magic was always as close as her own open eyes and brave, curious heart."
conv_c4baf00847bb42a8ab80a1cb377e91b2,26,18,"With every sunset, Lila’s world unfurled anew—vivid, wild, and full of hope—for those who dared to see beyond"
conv_c5addb32570d400db0feca8365ceaa9a,0,16,"Margot Chen, who discovered on her thirty-second birthday that she could hear the thoughts of objects."
conv_c5addb32570d400db0feca8365ceaa9a,1,2,Not people—objects.
conv_c5addb32570d400db0feca8365ceaa9a,2,6,It started with her coffee mug.
conv_c5addb32570d400db0feca8365ceaa9a,3,40,"She was sitting at her kitchen table, staring at the chipped ceramic with the faded logo from some tech conference she'd never attended, when a voice drifted into her consciousness like static resolving into words: ""She never washes me properly."
conv_c5addb32570d400db0feca8365ceaa9a,4,16,"There's always residue in the bottom, a brown ring of bitterness that nobody else can see"
conv_c5addb32570d400db0feca8365ceaa9a,5,15,"but I feel it, every single morning when she pours fresh coffee over yesterday's disappointments."""
conv_c5addb32570d400db0feca8365ceaa9a,6,4,Margot dropped the mug.
conv_c5addb32570d400db0feca8365ceaa9a,7,20,"It hit the table with a sharp crack but didn't break, and immediately she heard it again—a wounded, indignant gasp."
conv_c5addb32570d400db0feca8365ceaa9a,8,1,"""Rude!"
conv_c5addb32570d400db0feca8365ceaa9a,9,29,"After everything I've held for you—your coffee, your tears that one time, even that cheap wine when you ran out of proper glasses—and this is the thanks I get?"""
conv_c5addb32570d400db0feca8365ceaa9a,10,19,"The mug's voice was petulant, almost hurt, and Margot found herself apologizing to it before she could stop herself."
conv_c5addb32570d400db0feca8365ceaa9a,11,16,"""I'm sorry, I didn't mean to—"" She cut herself off, realizing she was talking to dishware."
conv_c5addb32570d400db0feca8365ceaa9a,12,5,But the damage was done.
conv_c5addb32570d400db0feca8365ceaa9a,13,10,"Around her, the kitchen erupted in a cacophony of voices."
conv_c5addb32570d400db0feca8365ceaa9a,14,69,"The refrigerator hummed complaints about being opened too frequently, the toaster launched into a tirade about crumbs never being emptied from its tray, and the kitchen chairs—all four of them—bickered amongst themselves about who bore the most weight, who was sat upon with the least grace, who had endured the most indignity when guests draped their coats over the backs instead of using the coat rack in the hallway."
conv_c5addb32570d400db0feca8365ceaa9a,15,24,"That coat rack, Margot realized with growing horror, was now chiming in from the other room, its voice reedy and desperate: ""I'm RIGHT HERE!"
conv_c5addb32570d400db0feca8365ceaa9a,16,5,I was MADE for this!
conv_c5addb32570d400db0feca8365ceaa9a,17,18,"But no, I just stand empty, collecting dust and that one scarf she hasn't worn in three years!"""
conv_c5addb32570d400db0feca8365ceaa9a,18,34,"The voices multiplied—her phone buzzed with digital resentment about ignored notifications, the kitchen knife muttered darkly about never being sharpened, and somewhere upstairs her laptop began a lengthy monologue about thermal paste and overheating."
conv_c5addb32570d400db0feca8365ceaa9a,19,18,"Margot pressed her palms against her temples, trying to block out the rising chorus, but it was useless."
conv_c5addb32570d400db0feca8365ceaa9a,20,24,"The objects didn't speak through her ears—their voices bloomed directly inside her skull, each one demanding attention, validation, care she'd never known they needed."
conv_c5addb32570d400db0feca8365ceaa9a,21,20,"She stumbled toward the front door, desperate for silence, for empty space where nothing owned could accuse her of neglect."
conv_c5addb32570d400db0feca8365ceaa9a,22,15,"But as her hand closed around the doorknob, it whispered with unexpected tenderness: ""Go ahead."
conv_c5addb32570d400db0feca8365ceaa9a,23,4,I'll let you out.
conv_c5addb32570d400db0feca8365ceaa9a,24,3,"I always do."""
conv_c5addb32570d400db0feca8365ceaa9a,25,39,"And in that small kindness from cold brass, Margot understood something she hadn't before—that every object around her held not just complaints, but also memories of service, of purpose fulfilled, of the quiet satisfaction in being used and needed."
conv_c5addb32570d400db0feca8365ceaa9a,26,6,"She paused, her grip softening on"
conv_c7841512d38b483c928344d48d5caa78,0,22,"a small, seaside town, where the air was sweet with the scent of saltwater and the sound of gulls filled the air."
conv_c7841512d38b483c928344d48d5caa78,1,56,"It was a place where time seemed to stand still, where the old wooden piers stretched out into the calm waters like worn fingers, and the quaint shops and cafes that lined the main street seemed frozen in a bygone era, their faded signs creaking in the gentle breeze that carried the whispers of generations past."
conv_c7841512d38b483c928344d48d5caa78,2,37,"The town's inhabitants moved with a quiet contentment, their faces creased by the sun and the sea, their eyes weathered to a soft blue that seemed to hold a deep understanding of the world's rhythms and secrets."
conv_c7841512d38b483c928344d48d5caa78,3,80,"They went about their daily routines with a quiet purpose, fishing nets being mended, bread being baked, and stories being shared in hushed tones over steaming cups of coffee at the local cafe, where the proprietor, an elderly woman named Sophia, would listen with a knowing smile, her eyes twinkling with a deep warmth as she poured refills and offered words of comfort and wisdom, her voice like a gentle lapping of the waves against the shore, soothing and reassuring."
conv_c7841512d38b483c928344d48d5caa78,4,401,"She had lived in the town all her life, and her presence was a constant, a reassuring anchor that held the community together, a keeper of secrets and traditions, and a weaver of tales that had been passed down through generations, her stories of legendary fishermen and mythical sea creatures, of storms and shipwrecks, of love and loss, were told with such conviction and passion that they seemed to come alive, conjuring images of towering waves and moonlit coastlines, of mermaids singing siren songs and sea monsters lurking in the depths, of brave sailors and beautiful maidens, all swirling together in a great tapestry of myth and memory, woven from the very fabric of the town's history and imagination, a rich and vibrant brocade that seemed to shimmer and glow with an otherworldly light, as if the threads of reality had been subtly intertwined with those of fantasy, creating a world that was both familiar and mystical, where the boundaries between truth and legend were blurred, and the town itself became a kind of threshold, a liminal space where the ordinary and the extraordinary coexisted, where the sea's vast mysteries and powerful majesty seemed to seep into the very bones of the place, infusing its inhabitants with a sense of wonder and awe, and a deep understanding of the intricate dance between the human world and the natural one, a delicate balance that was both beautiful and precarious, and which the townspeople respected and honored with a quiet reverence, their lives a testament to the enduring harmony that could exist between the fragile, fleeting nature of human existence and the eternal, unchanging rhythms of the sea, a harmony that was reflected in the town's weathered buildings, its worn stone walls, and its people's gentle, sea-softened faces, all bearing witness to the passage of time, and the endless ebb and flow of life, as the town, suspended between the land and the sea, stood as a poignant reminder of the beauty and the melancholy that lingered in the spaces where the past and the present converged, where the memories of yesterday whispered secrets to the dreams of tomorrow, and the eternal song of the sea provided a haunting melody that echoed through the chambers of the heart, a reminder of the infinite and the infinitesimal, of the mysteries that lay beyond the reach of mortal understanding, and the simple, profound beauty that"
conv_c844530b86a74806aff04a1d35ed710d,0,13,"a small, forgotten village nestled deep within the heart of an ancient forest."
conv_c844530b86a74806aff04a1d35ed710d,1,22,"The villagers lived simple lives, tending to their fields and livestock, and rarely venturing beyond the protective embrace of the dense woods."
conv_c844530b86a74806aff04a1d35ed710d,2,16,"The forest, with its towering trees and whispered secrets, was both a barrier and a sanctuary."
conv_c844530b86a74806aff04a1d35ed710d,3,25,"It shielded the village from the outside world, but it also held mysteries that the villagers spoke of in hushed tones around the evening fire."
conv_c844530b86a74806aff04a1d35ed710d,4,29,"Among these mysteries was the legend of the Enchanted Spring, a place said to possess the power to heal any ailment and grant wishes to those pure of heart."
conv_c844530b86a74806aff04a1d35ed710d,5,26,"However, the path to the spring was guarded by the Spirit of the Forest, a being as elusive as the mist that often shrouded the woods."
conv_c844530b86a74806aff04a1d35ed710d,6,15,"Many had attempted the journey, but none had ever returned to speak of their fate."
conv_c844530b86a74806aff04a1d35ed710d,7,16,"Despite the warnings, young Elara, the village healer’s apprentice, felt a pull towards the Enchanted Spring."
conv_c844530b86a74806aff04a1d35ed710d,8,16,Her curiosity and the desire to help her village drove her to prepare for the journey.
conv_c844530b86a74806aff04a1d35ed710d,9,28,"She gathered herbs, packed her most trusted tools, and bid a heartfelt farewell to her mentor and the villagers, promising to return with the blessings of the spring."
conv_c844530b86a74806aff04a1d35ed710d,10,22,"As she stepped into the forest, the familiar rustle of leaves and the gentle chirping of birds seemed to wish her well."
conv_c844530b86a74806aff04a1d35ed710d,11,25,"The path was narrow and winding, but Elara moved with a steady resolve, her eyes fixed on the dappled sunlight filtering through the canopy above."
conv_c844530b86a74806aff04a1d35ed710d,12,14,"The deeper she ventured, the more the forest seemed to come alive around her."
conv_c844530b86a74806aff04a1d35ed710d,13,18,"Shadows danced at the edges of her vision, and the air grew thick with an ancient, mystical energy."
conv_c844530b86a74806aff04a1d35ed710d,14,17,"Suddenly, a soft, melodic voice whispered through the trees, urging her to proceed with caution and respect."
conv_c844530b86a74806aff04a1d35ed710d,15,21,"Elara paused, listening intently, and then continued, her steps now lighter and more confident, guided by a newfound sense of purpose."
conv_c844530b86a74806aff04a1d35ed710d,16,15,"As she rounded a bend, the forest cleared, revealing a glade bathed in ethereal light."
conv_c844530b86a74806aff04a1d35ed710d,17,15,"In the center, the Enchanted Spring glistened like liquid silver, its surface undisturbed and serene."
conv_c844530b86a74806aff04a1d35ed710d,18,19,"The air around it was filled with a sweet fragrance, and the very ground seemed to hum with life."
conv_c844530b86a74806aff04a1d35ed710d,19,14,"Elara approached the spring, her heart pounding with a mix of excitement and reverence."
conv_c844530b86a74806aff04a1d35ed710d,20,20,"She knelt beside the water, cupping her hands to take a sip, feeling the cool, refreshing liquid touch her lips."
conv_c844530b86a74806aff04a1d35ed710d,21,18,"Instantly, a warm sensation spread through her body, filling her with a profound sense of peace and clarity."
conv_c844530b86a74806aff04a1d35ed710d,22,15,"She made her wish, a silent prayer for the health and prosperity of her village."
conv_c844530b86a74806aff04a1d35ed710d,23,11,"Rising to her feet, Elara felt a new strength within her."
conv_c844530b86a74806aff04a1d35ed710d,24,12,She knew she had to return quickly to share the spring’s blessings.
conv_c844530b86a74806aff04a1d35ed710d,25,25,"With a final glance at the enchanted waters, she turned and began her journey back through the forest, her steps quick and her spirit uplifted."
conv_c844530b86a74806aff04a1d35ed710d,26,19,"The villagers waited anxiously for her return, their faces lighting up with hope as she emerged from the woods."
conv_c844530b86a74806aff04a1d35ed710d,27,14,"Elara shared the water from the Enchanted Spring, and soon, the village was transformed."
conv_c844530b86a74806aff04a1d35ed710d,28,16,"Ailments were healed, crops flourished, and a sense of unity and joy spread through the community."
conv_c844530b86a74806aff04a1d35ed710d,29,20,"The legend of the Enchanted Spring became a cherished part of their heritage, and Elara was hailed as a hero."
conv_c844530b86a74806aff04a1d35ed710d,30,14,"The village thrived, and the bond between the people and the forest grew stronger"
conv_c9917f1e13cb425b8d6617310f2e909f,0,13,"Eliana, a young woman with a heart as vast as the open seas."
conv_c9917f1e13cb425b8d6617310f2e909f,1,34,"Born in a coastal village where the air was always salty and the horizon never seemed to end, she had grown up listening to the tales of sailors and merchants who visited her village."
conv_c9917f1e13cb425b8d6617310f2e909f,2,18,"Each story sparked a flame within her, a desire to explore beyond the confines of her small world."
conv_c9917f1e13cb425b8d6617310f2e909f,3,18,"Despite the villagers' warnings of the dangers that lurked beyond the familiar waters, Eliana’s curiosity only grew stronger."
conv_c9917f1e13cb425b8d6617310f2e909f,4,24,"She spent her days sketching maps and nights studying the stars, learning the ancient art of navigation from the old lighthouse keeper, Mr. Hawthorne."
conv_c9917f1e13cb425b8d6617310f2e909f,5,14,"He saw in her a kindred spirit, a soul yearning for the vast unknown."
conv_c9917f1e13cb425b8d6617310f2e909f,6,26,"Under his guidance, Eliana mastered the intricacies of the sextant and the compass, and she began to understand the language of the wind and the waves."
conv_c9917f1e13cb425b8d6617310f2e909f,7,12,"Her parents, though worried, could not help but admire their daughter’s determination."
conv_c9917f1e13cb425b8d6617310f2e909f,8,12,"On her eighteenth birthday, Eliana decided it was time to set sail."
conv_c9917f1e13cb425b8d6617310f2e909f,9,18,"She bid her family and the village a tearful farewell, promising to return with stories of her own."
conv_c9917f1e13cb425b8d6617310f2e909f,10,33,"With a small bag of essentials and a map drawn by her own hand, she boarded a modest fishing vessel that had agreed to take her as far as the nearest port city."
conv_c9917f1e13cb425b8d6617310f2e909f,11,16,"As the ship pulled away from the shore, Eliana felt a mix of excitement and trepidation."
conv_c9917f1e13cb425b8d6617310f2e909f,12,35,"The rhythmic creaking of the wooden hull and the gentle rocking of the waves were a comforting lullaby, yet the vast expanse of the ocean before her was a daunting reminder of the journey ahead."
conv_c9917f1e13cb425b8d6617310f2e909f,13,26,"With each passing hour, the coastline faded into a thin line on the horizon, and the sky turned from a bright blue to a deep twilight."
conv_c9917f1e13cb425b8d6617310f2e909f,14,26,"Eliana stood at the bow, feeling the spray of the sea on her face, and whispered a silent prayer to the sea gods for safe passage."
conv_c9917f1e13cb425b8d6617310f2e909f,15,13,"As the night deepened, the stars shone like countless lanterns guiding her path."
conv_c9917f1e13cb425b8d6617310f2e909f,16,15,"Eliana knew that no matter what challenges lay ahead, she was ready to face them."
conv_c9917f1e13cb425b8d6617310f2e909f,17,29,"The first leg of her journey was just the beginning, and the open sea called to her with a siren’s song, promising adventures and discoveries beyond her wildest dreams."
conv_c9917f1e13cb425b8d6617310f2e909f,18,26,"With a heart full of courage and a spirit unbound, Eliana embraced the unknown, ready to chart her own course through the vast and mysterious world."
conv_c9917f1e13cb425b8d6617310f2e909f,19,23,"As the sun rose, casting a golden glow over the endless waters, she felt a sense of belonging to something greater than herself."
conv_c9917f1e13cb425b8d6617310f2e909f,20,14,"The journey was long, but the promise of new horizons kept her spirits high."
conv_c9917f1e13cb425b8d6617310f2e909f,21,38,"Eliana’s heart beat in rhythm with the pulse of the ocean, and she knew that no matter where her path led, she would always carry the spirit of her village and the lessons of Mr. Hawthorne with her."
conv_c9917f1e13cb425b8d6617310f2e909f,22,14,"The sea was her teacher now, and she was eager to learn its secrets."
conv_c9917f1e13cb425b8d6617310f2e909f,23,25,"With every wave and every breeze, Eliana felt a growing connection to the world around her, and the horizon beckoned, a symbol of endless possibilities."
conv_c9917f1e13cb425b8d6617310f2e909f,24,22,"As the days turned into weeks, she encountered storms and calms, each teaching her more about resilience and the beauty of nature."
conv_c9917f1e13cb425b8d6617310f2e909f,25,28,"And so, with a heart full of hope and a mind sharpened by experience, Eliana continued her voyage, ready to embrace whatever the open sea had to offer."
conv_c9917f1e13cb425b8d6617310f2e909f,26,8,"The journey was just beginning, and the world"
conv_ca1d11bdb5804bf5b68a18283defc1fe,0,15,a young girl named Mira who lived at the very edge of the Whispering Woods.
conv_ca1d11bdb5804bf5b68a18283defc1fe,1,15,"The villagers always whispered about the woods, warning their children never to stray too close."
conv_ca1d11bdb5804bf5b68a18283defc1fe,2,6,But Mira was no ordinary girl.
conv_ca1d11bdb5804bf5b68a18283defc1fe,3,21,"She was born during a blue moon, and on her left palm, a silvery birthmark gleamed faintly, shaped like a crescent."
conv_ca1d11bdb5804bf5b68a18283defc1fe,4,12,"Curious and steadfast, she often imagined what secrets the woods might hold."
conv_ca1d11bdb5804bf5b68a18283defc1fe,5,37,"Ever since she was little, whenever the wind rustled through the trees, the silvery mark would tingle as if calling her closer, urging her to step beyond the boundary where wild violets met the tall, dark trees."
conv_ca1d11bdb5804bf5b68a18283defc1fe,6,23,"One evening, as dusk painted the sky lavender, Mira stood at the edge of the woods, heart fluttering with both fear and excitement."
conv_ca1d11bdb5804bf5b68a18283defc1fe,7,18,"The air shimmered with a subtle light, and the crescent on her palm glowed softly, illuminating her path."
conv_ca1d11bdb5804bf5b68a18283defc1fe,8,16,"She glanced back at the village, its distant chimneys sending wisps of smoke into the twilight."
conv_ca1d11bdb5804bf5b68a18283defc1fe,9,9,"Gathering her courage, Mira stepped beneath the tangled branches."
conv_ca1d11bdb5804bf5b68a18283defc1fe,10,25,"Immediately, the world shifted: the air became cooler, the sounds of the village faded away, and the scent of moss and honeysuckle filled her senses."
conv_ca1d11bdb5804bf5b68a18283defc1fe,11,15,"Strange lights flickered between tree trunks, darting away as she tried to see them clearly."
conv_ca1d11bdb5804bf5b68a18283defc1fe,12,20,"The silvery glow from her palm grew brighter, casting gentle shadows that danced along the path in front of her."
conv_ca1d11bdb5804bf5b68a18283defc1fe,13,12,"Mira pressed onward, each step drawing her deeper into the forest’s enchantment."
conv_ca1d11bdb5804bf5b68a18283defc1fe,14,19,"Suddenly, a soft, melodic voice drifted from the shadows, calling her name as though it had always known her."
conv_ca1d11bdb5804bf5b68a18283defc1fe,15,10,"“Mira…” The sound lingered in the air, gentle but commanding."
conv_ca1d11bdb5804bf5b68a18283defc1fe,16,9,"She stopped, breath held, her heart a wild drumbeat."
conv_ca1d11bdb5804bf5b68a18283defc1fe,17,17,"The light from her palm gathered into a shining thread, floating ahead of her like a guide."
conv_ca1d11bdb5804bf5b68a18283defc1fe,18,21,"Mira followed without hesitation, drawn by the voice’s pull, until the trees parted to reveal a quiet glade bathed in moonlight."
conv_ca1d11bdb5804bf5b68a18283defc1fe,19,12,"In its center stood a pool, its surface shimmering with silver reflections."
conv_ca1d11bdb5804bf5b68a18283defc1fe,20,29,At the water’s edge sat a figure with hair like spun moonlight and eyes deep as the night sky—a woman with the same crescent mark glowing on her palm.
conv_ca1d11bdb5804bf5b68a18283defc1fe,21,6,"The woman smiled, beckoning Mira forward."
conv_ca1d11bdb5804bf5b68a18283defc1fe,22,18,"“You’ve answered the forest’s call,” she said, her voice echoing the melody Mira had heard through the trees."
conv_ca1d11bdb5804bf5b68a18283defc1fe,23,14,“You are the first in many years to walk the path of the crescent.
conv_ca1d11bdb5804bf5b68a18283defc1fe,24,13,There is a secret kept here—for those who listen and are not afraid.”
conv_ca1d11bdb5804bf5b68a18283defc1fe,25,24,"As the woman reached for Mira’s hand, the marks on their palms intertwined with light, and a warm, electric sensation danced through their skin."
conv_ca1d11bdb5804bf5b68a18283defc1fe,26,26,"Suddenly, visions flickered before Mira’s eyes—the birth of the woods, the laughter of ancient spirits, a promise made to every child born beneath a blue moon."
conv_ca1d11bdb5804bf5b68a18283defc1fe,27,16,"“You are part of the woods’ story,” the woman whispered, her form turning to silver mist."
conv_ca1d11bdb5804bf5b68a18283defc1fe,28,10,"“Guard its magic, Mira; let curiosity lead you, not fear.”"
conv_ca1d11bdb5804bf5b68a18283defc1fe,29,17,The mist wrapped gently around Mira as the clearing filled with the soft glow of her palm.
conv_ca1d11bdb5804bf5b68a18283defc1fe,30,24,"When the vision faded, Mira stood alone, yet felt more connected than ever—to the woods, the village, and the moonlit promise in her heart."
conv_ca1d11bdb5804bf5b68a18283defc1fe,31,14,"She turned to leave, footprints filling with silvery light, knowing she was changed forever."
conv_ca1d11bdb5804bf5b68a18283defc1fe,32,18,"The crescent on her palm would always guide her, a gentle reminder of the mysteries she now carried."
conv_ca1d11bdb5804bf5b68a18283defc1fe,33,8,"Mira stepped through the forest, no longer afraid—ready"
conv_d09d179bdcf2422c934df6fd0fc84a1d,0,25,"a young girl named Sophia, who lived in a small village surrounded by vast, rolling hills and dense forests that whispered secrets to the wind."
conv_d09d179bdcf2422c934df6fd0fc84a1d,1,25,"The villagers often spoke of mystical creatures that roamed the forests, and the strange occurrences that took place under the light of the full moon."
conv_d09d179bdcf2422c934df6fd0fc84a1d,2,37,"Sophia's curiosity was piqued by these tales, and she often found herself wandering to the edge of the village, gazing out into the darkness of the forest, feeling an inexplicable pull to the mysteries that lay within."
conv_d09d179bdcf2422c934df6fd0fc84a1d,3,514,"One night, as the moon hung low in the sky, casting a silver glow over the landscape, Sophia decided to follow the call of the forest, and she slipped away from the village, her feet carrying her across the dewy grass and into the shadows of the trees, the rustling of leaves and snapping of twigs beneath her feet serving as a reminder that she was not alone, and the forest was indeed watching her, its ancient eyes peering out from the darkness, as the trees seemed to lean in, their branches tangling together above her head, forming a canopy that filtered the moonlight, casting dappled shadows on the forest floor, and Sophia felt a shiver run down her spine as she heard the soft whisper of a voice, a soft, melodious voice that seemed to come from all around her, the words indistinguishable, but the gentle tone weaving a spell of entrancement, drawing her deeper into the forest, the trees growing taller and closer, their branches whispering secrets in her ear, as the voice grew louder, more insistent, until Sophia felt herself being pulled towards a clearing, a place where the moonlight poured down, illuminating a figure standing at the center, its features still shrouded in shadow, but its presence radiating an otherworldly energy, a power that seemed to vibrate through every cell of Sophia's body, as the figure slowly raised its head, and Sophia caught a glimpse of eyes that shone like stars, piercing and bright, yet filled with a deep sadness, a sense of longing that seemed to echo through the ages, and Sophia felt her own heart responding to the sorrow she saw in those eyes, a sense of connection forming between them, as if the boundaries of time and space were dissolving, and Sophia was being drawn into a world beyond her own, a world where the past and present merged, and the secrets of the forest were revealed to her, as the figure began to speak, its voice like a gentle breeze that carried the whispers of the ages, telling a story of love and loss, of magic and wonder, a tale that wove together the threads of Sophia's own destiny, a narrative that spoke directly to her soul, awakening memories she had never known, and stirring a deep sense of recognition, as if she had finally come home to a place she had always known, yet never remembered, and the figure's words faded away, leaving Sophia standing alone in the clearing, bathed in the soft, silvery light of the moon, the forest silent and still around her, as if holding its breath in anticipation of what she would do next, and Sophia, feeling the weight of the forest's gaze upon her, took a deep breath, and stepped forward, into the unknown, the trees seeming to part to let her pass, as she walked towards a future that was hers alone to shape, the forest's secrets and magic swirling around her, guiding her on her journey, and as she disappeared into the trees, the moon dipped below the"
conv_d1c22bb3a30c49288b4bb253d68f713c,0,9,"Ember, a girl who could speak to the winds."
conv_d1c22bb3a30c49288b4bb253d68f713c,1,24,"She lived in the village of Briar Hollow, where whispers traveled faster than rivers and secrets grew wild as the honeysuckle along the fences."
conv_d1c22bb3a30c49288b4bb253d68f713c,2,24,"On nights when moonlight spilled between the thatched roofs, Ember would sit on the old millstone behind her cottage and listen to the breeze."
conv_d1c22bb3a30c49288b4bb253d68f713c,3,22,"Sometimes it carried laughter and lullabies from distant houses, but other times, it spoke in a language only Ember seemed to understand."
conv_d1c22bb3a30c49288b4bb253d68f713c,4,20,"One clear autumn evening, as the wind picked up, swirling with a sudden urgency, Ember heard it whisper her name."
conv_d1c22bb3a30c49288b4bb253d68f713c,5,20,"It was not the gentle murmur she was used to, but a sharp, insistent call that tugged at her heart."
conv_d1c22bb3a30c49288b4bb253d68f713c,6,26,"Goosebumps rose along her arms as the voice threaded through the air, carrying a message that felt both familiar and strange: “Ember, to the Old Willow."
conv_d1c22bb3a30c49288b4bb253d68f713c,7,2,Come alone.”
conv_d1c22bb3a30c49288b4bb253d68f713c,8,15,"The words seemed to curl around her, urging her to move before she could think."
conv_d1c22bb3a30c49288b4bb253d68f713c,9,18,Ember glanced toward the looming silhouette of the willow at the far edge of the village and hesitated.
conv_d1c22bb3a30c49288b4bb253d68f713c,10,23,No one went near the Old Willow after sunset; it was said to be haunted with memories of those who’d vanished long ago.
conv_d1c22bb3a30c49288b4bb253d68f713c,11,17,But the wind’s plea was urgent—almost desperate—and it filled Ember with a restless longing she couldn’t ignore.
conv_d1c22bb3a30c49288b4bb253d68f713c,12,22,"Wrapping her shawl tighter, she slipped through the shadows, following the path that wound between tangled briars and the perfume of honeysuckle."
conv_d1c22bb3a30c49288b4bb253d68f713c,13,7,"The air felt alive, charged with expectation."
conv_d1c22bb3a30c49288b4bb253d68f713c,14,19,"With every step, the wind pressed at her back, guiding her past gnarled roots and patches of dew-soaked clover."
conv_d1c22bb3a30c49288b4bb253d68f713c,15,17,"When at last she reached the Old Willow, its drooping branches seemed to part just for her."
conv_d1c22bb3a30c49288b4bb253d68f713c,16,9,A pale shimmer lit the ground beneath its canopy.
conv_d1c22bb3a30c49288b4bb253d68f713c,17,32,"Ember stepped inside the circle of shadow and light, her breath catching as she spotted something nestled among the roots: an ancient, weathered locket, almost hidden beneath a scatter of golden leaves."
conv_d1c22bb3a30c49288b4bb253d68f713c,18,15,"The wind circled her ankles, hushed and reverent now, as if holding its own breath."
conv_d1c22bb3a30c49288b4bb253d68f713c,19,15,"Ember knelt down and lifted the locket, feeling the cool metal pulse in her palm."
conv_d1c22bb3a30c49288b4bb253d68f713c,20,13,She traced the faint initials etched upon its surface—E.R.—the same as her own.
conv_d1c22bb3a30c49288b4bb253d68f713c,21,20,"The wind coiled around her, tender now, and words tumbled softly into her ear: “The secret is yours to awaken.”"
conv_d1c22bb3a30c49288b4bb253d68f713c,22,16,"Inside the locket, a tiny scrap of parchment unfurled, bearing a map inked in moonlit silver."
conv_d1c22bb3a30c49288b4bb253d68f713c,23,6,Ember understood—her journey was only beginning.
conv_d1c22bb3a30c49288b4bb253d68f713c,24,18,"As she stood, the willow’s branches lifted with the wind, revealing a hidden path that glimmered with possibility."
conv_d1c22bb3a30c49288b4bb253d68f713c,25,15,"With heart pounding and the map clutched in her hand, Ember stepped forward—into the unknown."
conv_d1c22bb3a30c49288b4bb253d68f713c,26,20,"The wind swirled around her in approval, as if all the old stories of Briar Hollow were finally stirring awake."
conv_d1c22bb3a30c49288b4bb253d68f713c,27,20,"With each step, Ember felt the secret power in her veins spark to life, the wind and her fate entwined."
conv_d1c22bb3a30c49288b4bb253d68f713c,28,14,"Behind her, the village lights faded, swallowed by the hush of the willow grove."
conv_d1c22bb3a30c49288b4bb253d68f713c,29,11,"Ember glanced back only once, then pressed on, braver than before."
conv_d1c22bb3a30c49288b4bb253d68f713c,30,25,"The wind guided her forward, and for the first time, Ember felt the world open wide before her—every whisper, every legend suddenly hers to shape."
conv_d1c22bb3a30c49288b4bb253d68f713c,31,9,"She smiled, hope blooming like honeysuckle in her chest,"
conv_d6905a1ca5714753a29b07b1344d1eb0,0,13,a small brass key discovered in a forgotten drawer by eleven-year-old Clara May.
conv_d6905a1ca5714753a29b07b1344d1eb0,1,19,"The key was ordinary at first glance—smooth, slightly tarnished, a whorl at the head like an unfurling fern frond."
conv_d6905a1ca5714753a29b07b1344d1eb0,2,24,"Clara rolled it between her fingers, feeling its cool weight as she wondered aloud if it belonged to anything her grandmother had left behind."
conv_d6905a1ca5714753a29b07b1344d1eb0,3,18,"The old Victorian house was filled with mysterious relics, but none seemed quite so suggestive as this key."
conv_d6905a1ca5714753a29b07b1344d1eb0,4,18,"She tiptoed from room to room, holding it up to jewelry boxes and curio cabinets, but nothing fit."
conv_d6905a1ca5714753a29b07b1344d1eb0,5,12,"The key just sat in her palm, humming with an odd importance."
conv_d6905a1ca5714753a29b07b1344d1eb0,6,26,"When she entered the attic, dust motes swirling in shafts of late afternoon light, she felt the hum deepen, as though the key recognized this place."
conv_d6905a1ca5714753a29b07b1344d1eb0,7,23,"At the far end, beneath a moth-eaten quilt, sat an oddly small, rounded chest with intricate brass inlays matching the key’s whorled design."
conv_d6905a1ca5714753a29b07b1344d1eb0,8,15,Clara’s heart thudded in her ears as she knelt and brushed dust from the lock.
conv_d6905a1ca5714753a29b07b1344d1eb0,9,10,"The key slid in effortlessly, turning with a satisfying click."
conv_d6905a1ca5714753a29b07b1344d1eb0,10,19,"The trunk creaked open, revealing not treasures or toys, but a velvet-lined compartment containing only an old, folded map."
conv_d6905a1ca5714753a29b07b1344d1eb0,11,11,"Its paper was soft with age, the ink faded but tidy."
conv_d6905a1ca5714753a29b07b1344d1eb0,12,28,"Clara smoothed it open, discovering a detailed sketch of her own house and the woods beyond, marked with strange symbols and a path winding deep into the trees."
conv_d6905a1ca5714753a29b07b1344d1eb0,13,20,"At the far end of the path, an X—shaped like the same unfurling fern—was drawn beside a little illustrated pond."
conv_d6905a1ca5714753a29b07b1344d1eb0,14,3,Clara’s curiosity blazed.
conv_d6905a1ca5714753a29b07b1344d1eb0,15,11,"She glanced at the attic window, where the sun was sinking."
conv_d6905a1ca5714753a29b07b1344d1eb0,16,20,"Carefully she tucked the map into her pocket and hurried downstairs, heart pounding with a mixture of excitement and unease."
conv_d6905a1ca5714753a29b07b1344d1eb0,17,16,"She pulled on her boots and slipped out the back door, key still in her pocket."
conv_d6905a1ca5714753a29b07b1344d1eb0,18,9,"The garden was quiet, the air tinged with twilight."
conv_d6905a1ca5714753a29b07b1344d1eb0,19,16,"Clara followed the path sketched on the map, stepping over tangled roots and ducking beneath brambles."
conv_d6905a1ca5714753a29b07b1344d1eb0,20,9,"The woods grew dense, shadows pooling between tree trunks."
conv_d6905a1ca5714753a29b07b1344d1eb0,21,17,"But the map guided her true, each twist and turn matching the symbols inked in loving detail."
conv_d6905a1ca5714753a29b07b1344d1eb0,22,9,"Soon, she heard the gentle gurgle of water ahead."
conv_d6905a1ca5714753a29b07b1344d1eb0,23,21,"Emerging into a small clearing, she found herself at the very pond mapped out, its surface shimmering in the waning light."
conv_d6905a1ca5714753a29b07b1344d1eb0,24,25,"Reeds bent gently at the water’s edge, and just beside them, half-hidden, stood an ancient stone pedestal, its top carved with the same curling fern."
conv_d6905a1ca5714753a29b07b1344d1eb0,25,16,"Clara approached, heart thudding, and placed the brass key in a notch at the pedestal’s center."
conv_d6905a1ca5714753a29b07b1344d1eb0,26,8,"With a low, resonant hum, the pedestal shifted."
conv_d6905a1ca5714753a29b07b1344d1eb0,27,13,"The stone unfurled like the frond in the carvings, revealing a hidden compartment."
conv_d6905a1ca5714753a29b07b1344d1eb0,28,19,"Inside, resting atop a velvet cushion, lay a small pocket watch, its case etched with ferns and swirling patterns."
conv_d6905a1ca5714753a29b07b1344d1eb0,29,15,"As Clara lifted it, the watch sprang open, the hands spinning before settling at midnight."
conv_d6905a1ca5714753a29b07b1344d1eb0,30,14,"A hush fell around her, as if the woods themselves were holding their breath."
conv_d6905a1ca5714753a29b07b1344d1eb0,31,22,"Then, from the heart of the watch, a warm golden light spilled, illuminating an inscription: “For the one who finds her way.”"
conv_d6905a1ca5714753a29b07b1344d1eb0,32,19,"At that moment, Clara understood—this was her grandmother’s final secret, a timepiece not just for hours, but for memories."
conv_d6905a1ca5714753a29b07b1344d1eb0,33,29,"As golden light played across her face, Clara felt her grandmother’s presence—a gentle warmth inside her heart, as if a story had quietly closed and opened all at once."
conv_d6905a1ca5714753a29b07b1344d1eb0,34,4,"She pocketed the watch,"
conv_dc08ca44d82747d0bbf35d05a5cb1d68,0,11,"Ella, a young woman with a deep love for the ocean."
conv_dc08ca44d82747d0bbf35d05a5cb1d68,1,24,"Born and raised in a small coastal town, Ella spent her childhood days exploring the shores, collecting seashells, and swimming in the crystal-clear waters."
conv_dc08ca44d82747d0bbf35d05a5cb1d68,2,16,"Her connection to the sea was unbreakable, and as she grew older, her passion only deepened."
conv_dc08ca44d82747d0bbf35d05a5cb1d68,3,19,"She decided to become a marine biologist, dedicating her life to studying and protecting the ocean and its inhabitants."
conv_dc08ca44d82747d0bbf35d05a5cb1d68,4,22,"Every day, Ella would walk along the beach, her eyes scanning the horizon, always on the lookout for something new or unusual."
conv_dc08ca44d82747d0bbf35d05a5cb1d68,5,24,"One morning, as the sun painted the sky in hues of orange and pink, Ella noticed a peculiar object washed up on the shore."
conv_dc08ca44d82747d0bbf35d05a5cb1d68,6,15,"It was a glass bottle, half-buried in the sand, with a piece of parchment inside."
conv_dc08ca44d82747d0bbf35d05a5cb1d68,7,11,"Curious, she picked it up and carefully pulled out the parchment."
conv_dc08ca44d82747d0bbf35d05a5cb1d68,8,13,"The paper was old and worn, but the handwriting was clear and elegant."
conv_dc08ca44d82747d0bbf35d05a5cb1d68,9,19,"It read: ""To the finder of this message, if you have found this, then fate has brought us together."
conv_dc08ca44d82747d0bbf35d05a5cb1d68,10,12,"I am a sailor lost at sea, and I seek your help."
conv_dc08ca44d82747d0bbf35d05a5cb1d68,11,23,"Follow the northern star to the lighthouse on the edge of the world, and there you will find a way to save me."
conv_dc08ca44d82747d0bbf35d05a5cb1d68,12,9,"Trust in the ocean and believe in the impossible."""
conv_dc08ca44d82747d0bbf35d05a5cb1d68,13,10,Ella’s heart raced with a mix of excitement and disbelief.
conv_dc08ca44d82747d0bbf35d05a5cb1d68,14,4,Could this be real?
conv_dc08ca44d82747d0bbf35d05a5cb1d68,15,16,"Determined to uncover the truth, she decided to embark on the journey described in the letter."
conv_dc08ca44d82747d0bbf35d05a5cb1d68,16,17,"Packing a small bag with essentials, Ella set off towards the lighthouse, guided by the northern star."
conv_dc08ca44d82747d0bbf35d05a5cb1d68,17,19,"The path was long and winding, leading through dense forests and over rocky cliffs, but Ella’s resolve never wavered."
conv_dc08ca44d82747d0bbf35d05a5cb1d68,18,15,"As night fell, she found herself standing at the base of an ancient, weather-beaten lighthouse."
conv_dc08ca44d82747d0bbf35d05a5cb1d68,19,16,"The beacon atop it glowed brightly, casting a warm light that seemed to beckon her forward."
conv_dc08ca44d82747d0bbf35d05a5cb1d68,20,18,"Taking a deep breath, Ella climbed the spiral staircase inside the lighthouse, her footsteps echoing in the silence."
conv_dc08ca44d82747d0bbf35d05a5cb1d68,21,17,"At the top, she found a hidden room filled with old maps, nautical instruments, and a logbook."
conv_dc08ca44d82747d0bbf35d05a5cb1d68,22,25,"As she flipped through the pages, she discovered the story of a ship that had vanished without a trace, its crew presumed lost at sea."
conv_dc08ca44d82747d0bbf35d05a5cb1d68,23,20,"But the logbook hinted at a secret passage beneath the ocean, a hidden tunnel that led to a mysterious island."
conv_dc08ca44d82747d0bbf35d05a5cb1d68,24,23,"Ella realized that the sailor’s plea for help was not just a cry into the void, but a clue to a forgotten legend."
conv_dc08ca44d82747d0bbf35d05a5cb1d68,25,15,"With renewed determination, she vowed to find the secret passage and rescue the lost sailor."
conv_dc08ca44d82747d0bbf35d05a5cb1d68,26,17,"Gathering the necessary tools from the lighthouse, Ella prepared to dive into the depths of the sea."
conv_dc08ca44d82747d0bbf35d05a5cb1d68,27,22,"As she descended into the water, the cool waves enveloped her, and she felt a sense of renewed connection to the ocean."
conv_dc08ca44d82747d0bbf35d05a5cb1d68,28,23,"Guided by the old maps and the faint glow of her underwater torch, she navigated through the dark, searching for the hidden entrance."
conv_dc08ca44d82747d0bbf35d05a5cb1d68,29,14,"After what felt like hours, Ella’s torch illuminated a narrow crevice in the rock."
conv_dc08ca44d82747d0bbf35d05a5cb1d68,30,15,"Heart pounding, she squeezed through the opening and found herself in a vast, cavernous tunnel."
conv_dc08ca44d82747d0bbf35d05a5cb1d68,31,17,"The walls were lined with bioluminescent plants, casting an ethereal blue light that illuminated the path ahead."
conv_dc08ca44d82747d0bbf35d05a5cb1d68,32,12,"As she swam deeper, the tunnel opened into a stunning underwater cavern."
conv_dc08ca44d82747d0bbf35d05a5cb1d68,33,21,"In the center, a small boat rested on a natural dock, and nearby, a figure stood silhouetted against the glowing walls."
conv_dc08ca44d82747d0bbf35d05a5cb1d68,34,5,"As Ella approached, the figure"
conv_de8aad34908944eea2d9c5f8be5201dd,0,12,"Elena Vargas, who woke one morning to find her shadow had disappeared."
conv_de8aad34908944eea2d9c5f8be5201dd,1,25,"At first, she thought it was the angle of the light—too early, perhaps, or filtering through the apartment's grimy windows in some strange new way."
conv_de8aad34908944eea2d9c5f8be5201dd,2,25,"She moved to the center of the room where the sunlight pooled strongest on the hardwood floor, turning slowly like a dancer testing her form."
conv_de8aad34908944eea2d9c5f8be5201dd,3,1,Nothing.
conv_de8aad34908944eea2d9c5f8be5201dd,4,16,"The light fell across her body and stopped, refusing to paint her silhouette on the ground."
conv_de8aad34908944eea2d9c5f8be5201dd,5,27,"Elena crouched down, running her fingers across the floorboards where darkness should have pooled beneath her, finding only warm wood and dust motes spinning in the brightness."
conv_de8aad34908944eea2d9c5f8be5201dd,6,24,"Her heart hammered as she stood and walked to the bathroom mirror, half-expecting to find herself invisible, but there she was—solid, corporeal, unmistakably real."
conv_de8aad34908944eea2d9c5f8be5201dd,7,9,"Brown eyes stared back at her, wide with confusion."
conv_de8aad34908944eea2d9c5f8be5201dd,8,10,She raised her hand; the reflection mirrored the gesture perfectly.
conv_de8aad34908944eea2d9c5f8be5201dd,9,15,"But when she glanced down at the white tile floor, that same hand cast nothing."
conv_de8aad34908944eea2d9c5f8be5201dd,10,6,"No gray outline, no umbral twin."
conv_de8aad34908944eea2d9c5f8be5201dd,11,6,Elena spent the morning testing theories.
conv_de8aad34908944eea2d9c5f8be5201dd,12,22,"She stood under every lamp in the apartment, pressed herself against walls, even lit candles and held them close to her skin."
conv_de8aad34908944eea2d9c5f8be5201dd,13,2,Nothing worked.
conv_de8aad34908944eea2d9c5f8be5201dd,14,11,"By noon, panic had given way to a strange, hollow curiosity."
conv_de8aad34908944eea2d9c5f8be5201dd,15,19,"She dressed carefully—jeans, a gray sweater, her worn leather jacket—and stepped outside into the bustling streets of the city."
conv_de8aad34908944eea2d9c5f8be5201dd,16,18,"People rushed past her on the sidewalk, their shadows stretching and contracting with each step, obedient and permanent."
conv_de8aad34908944eea2d9c5f8be5201dd,17,13,Elena walked among them like a ghost in reverse—visible but unmarked by darkness.
conv_de8aad34908944eea2d9c5f8be5201dd,18,5,No one seemed to notice.
conv_de8aad34908944eea2d9c5f8be5201dd,19,25,"A businessman brushed past her, his shadow sliding across her feet without acknowledging the interruption, flowing over her shoes as if she were merely air."
conv_de8aad34908944eea2d9c5f8be5201dd,20,15,"She stopped at a street corner, watching a mother and child wait for the light."
conv_de8aad34908944eea2d9c5f8be5201dd,21,13,"Their shadows held hands on the pavement, a tender duplicate of their connection."
conv_de8aad34908944eea2d9c5f8be5201dd,22,18,"Elena felt something crack inside her chest—not quite grief, but a recognition of loss she hadn't yet named."
conv_de8aad34908944eea2d9c5f8be5201dd,23,29,"She thought of her grandmother's stories, whispered in Spanish during childhood visits: shadows were proof of the soul's weight, evidence that a person left an impression on the world."
conv_de8aad34908944eea2d9c5f8be5201dd,24,11,"""Sin sombra, sin alma,"" her abuela would say—without shadow, without soul."
conv_de8aad34908944eea2d9c5f8be5201dd,25,9,"Elena had laughed then, delighting in the spooky tales."
conv_de8aad34908944eea2d9c5f8be5201dd,26,6,"Now the words felt prophetic, chilling."
conv_de8aad34908944eea2d9c5f8be5201dd,27,27,"She wandered for hours, watching how light loved everyone but her, until she found herself at the old botanical garden where her grandmother used to take her."
conv_de8aad34908944eea2d9c5f8be5201dd,28,17,"The iron gates stood open, welcoming her into a world of green shadows cast by ancient trees."
conv_de8aad34908944eea2d9c5f8be5201dd,29,14,"Inside, the air felt different—cooler, dense with the breath of ferns and flowering vines."
conv_de8aad34908944eea2d9c5f8be5201dd,30,26,"Elena walked the winding paths until she reached the greenhouse at the garden's heart, its glass panels fractured with age, casting prismatic light across the earth."
conv_de8aad34908944eea2d9c5f8be5201dd,31,26,"And there, seated on a weathered bench among the orchids, was an old woman who looked up at her with eyes that seemed to hold centuries."
conv_de8aad34908944eea2d9c5f8be5201dd,32,12,"The woman smiled—not with surprise, but recognition—and patted the bench beside her."
conv_de8aad34908944eea2d9c5f8be5201dd,33,7,"""I wondered when you would come,"" she"
conv_deb05265bec84343b09557454f80ce9a,0,14,a lighthouse keeper who discovered that every seventh wave carried voices from the past.
conv_deb05265bec84343b09557454f80ce9a,1,15,Marianne had tended the Beacon Point lighthouse for three years before she noticed the pattern.
conv_deb05265bec84343b09557454f80ce9a,2,19,"At first, she dismissed it as wind through the rocks, or perhaps the peculiar acoustics of the tower itself."
conv_deb05265bec84343b09557454f80ce9a,3,22,"But night after night, as she stood at the gallery rail counting the waves that crashed against the base, she became certain."
conv_deb05265bec84343b09557454f80ce9a,4,17,"One, two, three, four, five, six—and then on the seventh, a whisper would rise with the spray."
conv_deb05265bec84343b09557454f80ce9a,5,9,"Sometimes it was a single word, fragmented and salt-worn."
conv_deb05265bec84343b09557454f80ce9a,6,15,"Other times, whole sentences emerged from the foam, clear as church bells on Sunday morning."
conv_deb05265bec84343b09557454f80ce9a,7,25,"The voices spoke of shipwrecks and storms, of sailors who never made it home, of promises whispered into the wind before the sea claimed them."
conv_deb05265bec84343b09557454f80ce9a,8,14,"Marianne began keeping a journal, recording each phrase in her careful script by lamplight."
conv_deb05265bec84343b09557454f80ce9a,9,7,"""Tell Anna I tried,"" said one voice."
conv_deb05265bec84343b09557454f80ce9a,10,11,"""The cargo is lost but the crew lives on,"" said another."
conv_deb05265bec84343b09557454f80ce9a,11,12,Page after page filled with fragments of desperate hope and final confessions.
conv_deb05265bec84343b09557454f80ce9a,12,15,"On a moonless October night, Marianne heard a voice that made her pen freeze mid-stroke."
conv_deb05265bec84343b09557454f80ce9a,13,23,"It was her grandfather's—unmistakable, though he'd been gone fifteen years, lost to these very waters when his fishing boat capsized in a squall."
conv_deb05265bec84343b09557454f80ce9a,14,9,"""Marianne,"" the seventh wave called, and her heart lurched."
conv_deb05265bec84343b09557454f80ce9a,15,6,"""The light... must never go out."
conv_deb05265bec84343b09557454f80ce9a,16,5,"Not on the seventh wave."""
conv_deb05265bec84343b09557454f80ce9a,17,15,"His voice carried an urgency she'd never heard in life, even in his sternest moments."
conv_deb05265bec84343b09557454f80ce9a,18,8,"""They need it to find their way back."""
conv_deb05265bec84343b09557454f80ce9a,19,1,Back?
conv_deb05265bec84343b09557454f80ce9a,20,3,Marianne's breath caught.
conv_deb05265bec84343b09557454f80ce9a,21,3,Back from where?
conv_deb05265bec84343b09557454f80ce9a,22,12,"She leaned over the railing, salt spray stinging her face, counting frantically."
conv_deb05265bec84343b09557454f80ce9a,23,9,"One, two, three, four, five, six—she held her breath."
conv_deb05265bec84343b09557454f80ce9a,24,19,"The seventh wave rose higher than the others, phosphorescent in the darkness, and within its crest she saw them:"
conv_deb05265bec84343b09557454f80ce9a,25,12,pale figures suspended in the water like stars in a green-black sky.
conv_deb05265bec84343b09557454f80ce9a,26,18,"Dozens of them, maybe hundreds, all turning toward the lighthouse beam as it swept across the churning sea."
conv_deb05265bec84343b09557454f80ce9a,27,32,"Their faces were translucent, hopeful, and achingly familiar—not just her grandfather, but the faces from old photographs in the maritime museum, the missing names carved into the memorial stone at the harbor."
conv_deb05265bec84343b09557454f80ce9a,28,15,"They were all there, suspended between worlds, following the light's rhythm like moths to flame."
conv_deb05265bec84343b09557454f80ce9a,29,15,Marianne understood then with terrible clarity: the lighthouse wasn't just a warning for the living.
conv_deb05265bec84343b09557454f80ce9a,30,30,"Every seventh wave, the boundary between worlds grew thin, and the light became a beacon for the lost—a thread they could follow toward whatever peace awaited them beyond the veil."
conv_deb05265bec84343b09557454f80ce9a,31,27,"Her grandfather's weathered face smiled at her through the luminous water, and he raised one translucent hand in farewell before the wave crashed and dissolved into foam."
conv_deb05265bec84343b09557454f80ce9a,32,12,"Marianne gripped the railing, tears mixing with sea spray on her cheeks."
conv_deb05265bec84343b09557454f80ce9a,33,19,"She understood her purpose now—not merely to warn ships away from the rocks, but to guide the drowned home."
conv_deb05265bec84343b09557454f80ce9a,34,23,"As dawn broke over the horizon, painting the waves gold and crimson, Marianne climbed back up the spiral stairs to tend the lamp."
conv_deb05265bec84343b09557454f80ce9a,35,8,Her hands moved with new reverence as she
conv_df34362d313d4251be4aa9d372a74bc4,0,26,"a small village nestled in the heart of an ancient forest, where the trees whispered secrets of old and the river sang lullabies to the moon."
conv_df34362d313d4251be4aa9d372a74bc4,1,18,"In this village lived a young girl named Elara, whose curiosity was as vast as the forest itself."
conv_df34362d313d4251be4aa9d372a74bc4,2,28,"Every day, she would wander through the woods, listening to the tales carried on the breeze and collecting leaves that seemed to hold the stories of the world."
conv_df34362d313d4251be4aa9d372a74bc4,3,25,"One morning, as the sun painted the sky in strokes of gold and pink, Elara stumbled upon a hidden clearing she had never seen before."
conv_df34362d313d4251be4aa9d372a74bc4,4,23,"In the center of the clearing stood an ancient oak tree, its branches reaching out like the arms of a wise old guardian."
conv_df34362d313d4251be4aa9d372a74bc4,5,18,"At the base of the tree, a small, intricately carved wooden box lay half-buried in the soft moss."
conv_df34362d313d4251be4aa9d372a74bc4,6,16,"Elara’s heart raced with excitement as she approached, her fingers trembling as she lifted the lid."
conv_df34362d313d4251be4aa9d372a74bc4,7,13,"Inside, she found a rolled-up piece of parchment and a small, shimmering crystal."
conv_df34362d313d4251be4aa9d372a74bc4,8,25,"The crystal pulsed gently, as if it were alive, and the parchment was covered in symbols and words that seemed to dance before her eyes."
conv_df34362d313d4251be4aa9d372a74bc4,9,23,"As she unfolded the parchment, a gentle wind swept through the clearing, carrying with it a whisper that sounded almost like a name—“Aldorin.”"
conv_df34362d313d4251be4aa9d372a74bc4,10,20,"The symbols on the parchment began to glow softly, and Elara felt a sudden surge of knowledge filling her mind."
conv_df34362d313d4251be4aa9d372a74bc4,11,20,"She learned that Aldorin was a legendary guardian of the forest, tasked with protecting the balance between nature and magic."
conv_df34362d313d4251be4aa9d372a74bc4,12,25,"The crystal in her hand was the key to communicating with Aldorin, and the parchment contained ancient spells and incantations that could summon his aid."
conv_df34362d313d4251be4aa9d372a74bc4,13,16,"Elara realized that the forest was in danger, and only she could help restore its harmony."
conv_df34362d313d4251be4aa9d372a74bc4,14,26,"With a deep breath, she clutched the crystal and began to recite the first spell, her voice mingling with the rustling leaves and the whispering wind."
conv_df34362d313d4251be4aa9d372a74bc4,15,32,"As she spoke the ancient words, the air around her shimmered, and a figure slowly materialized—a tall, ethereal being with eyes like molten gold and hair that flowed like the forest itself."
conv_df34362d313d4251be4aa9d372a74bc4,16,12,"“Elara,” the being said, his voice a blend of thunder and song."
conv_df34362d313d4251be4aa9d372a74bc4,17,13,“The time has come for you to take up the mantle of protector.
conv_df34362d313d4251be4aa9d372a74bc4,18,17,"The forest is threatened by an ancient evil, one that seeks to consume all life within it."
conv_df34362d313d4251be4aa9d372a74bc4,19,20,"I am Aldorin, and together, we must find a way to banish this darkness and restore peace to the land."
conv_df34362d313d4251be4aa9d372a74bc4,20,7,Are you ready to face this challenge?”
conv_df34362d313d4251be4aa9d372a74bc4,21,10,Elara’s heart beat with a mix of fear and determination.
conv_df34362d313d4251be4aa9d372a74bc4,22,8,"“I am ready,” she replied, her voice steady."
conv_df34362d313d4251be4aa9d372a74bc4,23,4,“What must I do?”
conv_df34362d313d4251be4aa9d372a74bc4,24,9,"Aldorin nodded, a smile of approval touching his lips."
conv_df34362d313d4251be4aa9d372a74bc4,25,15,"“First, we must gather the four elements of the forest: earth, water, air, and fire."
conv_df34362d313d4251be4aa9d372a74bc4,26,12,They hold the power to seal away the evil that threatens us.
conv_df34362d313d4251be4aa9d372a74bc4,27,7,"Follow me, and I will guide you.”"
conv_df34362d313d4251be4aa9d372a74bc4,28,26,"With that, Aldorin led Elara on a journey through the enchanted forest, where they encountered mystical creatures and faced trials that tested their courage and resolve."
conv_df34362d313d4251be4aa9d372a74bc4,29,22,"Through it all, Elara’s bond with Aldorin grew stronger, and she learned the true meaning of responsibility and the power of unity."
conv_df34362d313d4251be4aa9d372a74bc4,30,15,"As they collected the elements, the darkness that loomed over the forest began to weaken."
conv_df34362d313d4251be4aa9d372a74bc4,31,14,"Finally, they stood at the edge of a deep chasm, where the source of"
conv_e55e23af1d4147fda2537d51eb56c93e,0,19,"a young woman named Emilia, who lived in a small village nestled in the rolling hills of the countryside."
conv_e55e23af1d4147fda2537d51eb56c93e,1,36,"She was known throughout the village for her remarkable talent as a weaver, and her small cottage was always filled with the soft hum of her loom and the vibrant colors of the fabrics she created."
conv_e55e23af1d4147fda2537d51eb56c93e,2,34,"Emilia's threads seemed to come alive in her hands, as if the very essence of the village and its surroundings had been woven into the intricate patterns and designs that danced across her fabrics."
conv_e55e23af1d4147fda2537d51eb56c93e,3,28,"The villagers would often whisper among themselves about the magical properties of Emilia's weavings, how they could bring good fortune, ward off illness, and even influence the weather."
conv_e55e23af1d4147fda2537d51eb56c93e,4,43,"They would tell stories of a farmer's crop flourishing after he wrapped his seeds in a piece of Emilia's specially woven cloth, and of a young couple's love being strengthened by the embroidered blanket she had made for them as a wedding gift."
conv_e55e23af1d4147fda2537d51eb56c93e,5,34,"The villagers believed that Emilia's weavings were infused with a deep understanding of the natural world and the human heart, and they would seek her out for guidance and comfort in times of need."
conv_e55e23af1d4147fda2537d51eb56c93e,6,42,"One day, a stranger arrived in the village, a traveler who had been walking for many days and was drawn to the village by the faint hum of Emilia's loom, which seemed to be calling to him across the hills and valleys."
conv_e55e23af1d4147fda2537d51eb56c93e,7,32,"He was a tall, dark-haired man with piercing green eyes, and he moved with a quiet purpose, as if he were driven by a sense of destiny that only he could see."
conv_e55e23af1d4147fda2537d51eb56c93e,8,43,"As he approached Emilia's cottage, the hum of the loom grew louder, and the air was filled with the sweet scent of wool and the soft glow of the setting sun, which seemed to be tangled in the threads of Emilia's latest weaving."
conv_e55e23af1d4147fda2537d51eb56c93e,9,44,"The stranger's eyes were drawn to the loom, where Emilia's fingers moved deftly, weaving a tapestry of gold and crimson that seemed to shimmer and pulse like a living thing, as if the very fabric of reality was being woven into its intricate patterns."
conv_e55e23af1d4147fda2537d51eb56c93e,10,62,"The stranger felt a shiver run down his spine as he approached Emilia, who looked up from her work with a sense of calm curiosity, her eyes meeting his in a moment of deep connection, as if she had been expecting him, as if she had woven the threads of their encounter into the fabric of her tapestry long before he arrived."
conv_e55e23af1d4147fda2537d51eb56c93e,11,53,"Her gaze held a deep wisdom and understanding, and the stranger felt his soul stir in response, as if the secrets of his own heart were being quietly unraveled by the gentle pressure of her eyes, which seemed to see beyond the surface of his being, into the depths of his very essence."
conv_e55e23af1d4147fda2537d51eb56c93e,12,139,"And in that moment, Emilia's fingers paused in their work, the loom's hum dying away to silence, as if time itself had been woven into the fabric of her creation, and all that existed was the space between them, a space filled with the promise of secrets shared, and the soft, golden light of the setting sun, which cast a warm glow over the entire scene, illuminating the threads of connection that had been woven between them, and sealing their fates together in a moment of perfect understanding, as if the entirety of their lives had been leading up to this single, shining instant, where the past, present, and future converged in a beautiful, symphony of thread and emotion, with Emilia's tapestry, now complete, shimmering before them like a portal to a new reality, one that they would embark"
conv_e8cf4a02ed5d42acb9cb032eeb8564d6,0,11,"a small, peculiar town nestled between misty hills and ancient forests."
conv_e8cf4a02ed5d42acb9cb032eeb8564d6,1,35,"Its name was Willowmere, a place outsiders rarely found on any map, and even the locals whispered that the town sometimes seemed to drift, as if it existed halfway between this world and the next."
conv_e8cf4a02ed5d42acb9cb032eeb8564d6,2,6,Strange things often happened in Willowmere.
conv_e8cf4a02ed5d42acb9cb032eeb8564d6,3,41,"Lantern lights flickered in the windows even when no one was home, and the old willow trees at the heart of the village sometimes rustled with voices, telling secrets in a language only the very young or very old could understand."
conv_e8cf4a02ed5d42acb9cb032eeb8564d6,4,21,"Every evening, as the sun slipped behind the hills, the air would thicken with the scent of wet earth and lilac."
conv_e8cf4a02ed5d42acb9cb032eeb8564d6,5,23,"On such evenings, young Elsie Whitcomb would sit on the sagging porch of her family's cottage, listening to the symphony of night sounds."
conv_e8cf4a02ed5d42acb9cb032eeb8564d6,6,15,"She was eleven, skinny as a birch sapling, and her sharp, curious eyes missed nothing."
conv_e8cf4a02ed5d42acb9cb032eeb8564d6,7,28,"That night, as the wind teased strange shapes through the low fog, Elsie heard something she’d never heard before—a soft, lilting melody drifting from deep within the forest."
conv_e8cf4a02ed5d42acb9cb032eeb8564d6,8,19,"It was both haunting and hopeful, filled with notes that tugged at her memory in ways she couldn’t name."
conv_e8cf4a02ed5d42acb9cb032eeb8564d6,9,20,"Drawn as if by invisible threads, she rose quietly from her porch, letting the screen door ease shut behind her."
conv_e8cf4a02ed5d42acb9cb032eeb8564d6,10,18,"Barefoot, she crossed the dew-chilled grass, her nightdress trailing behind her like a pale ripple in the dusk."
conv_e8cf4a02ed5d42acb9cb032eeb8564d6,11,12,"The melody grew clearer, winding through the trees and inviting her onward."
conv_e8cf4a02ed5d42acb9cb032eeb8564d6,12,14,"Fireflies blinked around her ankles, lighting a path that seemed made just for her."
conv_e8cf4a02ed5d42acb9cb032eeb8564d6,13,9,"The forest felt alive, every leaf trembling with anticipation."
conv_e8cf4a02ed5d42acb9cb032eeb8564d6,14,14,"Deeper and deeper she went, heart beating like a hummingbird caught in a cage."
conv_e8cf4a02ed5d42acb9cb032eeb8564d6,15,22,"The song led her to a clearing she’d never seen before, though she was sure she knew every inch of these woods."
conv_e8cf4a02ed5d42acb9cb032eeb8564d6,16,8,"In the clearing, moonlight pooled like silver milk."
conv_e8cf4a02ed5d42acb9cb032eeb8564d6,17,22,"At its center stood a willow far older and grander than the rest, its boughs hanging low as if bowing in welcome."
conv_e8cf4a02ed5d42acb9cb032eeb8564d6,18,9,The melody came from somewhere within its shadowed branches.
conv_e8cf4a02ed5d42acb9cb032eeb8564d6,19,16,"Stepping forward, Elsie noticed the trunk split open just wide enough for her to peer inside."
conv_e8cf4a02ed5d42acb9cb032eeb8564d6,20,12,"Instead of darkness, she found a warm, golden light pulsing from within."
conv_e8cf4a02ed5d42acb9cb032eeb8564d6,21,15,"Swallowing her fear, Elsie reached out and stepped through—and at that moment, the world shifted."
conv_e8cf4a02ed5d42acb9cb032eeb8564d6,22,22,"The air grew sweeter, the ground softer beneath her feet, and above her, the branches dissolved into a swirling tapestry of stars."
conv_e8cf4a02ed5d42acb9cb032eeb8564d6,23,16,The melody became clear: now sung by a circle of figures woven from moonlight and leaves.
conv_e8cf4a02ed5d42acb9cb032eeb8564d6,24,11,"They beckoned Elsie closer, their voices blending into words she understood."
conv_e8cf4a02ed5d42acb9cb032eeb8564d6,25,17,"“You have found the heart of Willowmere,” sang the figures, their forms shimmering in the gentle glow."
conv_e8cf4a02ed5d42acb9cb032eeb8564d6,26,5,“Your courage has awakened us.
conv_e8cf4a02ed5d42acb9cb032eeb8564d6,27,9,Willowmere needs a guardian—someone who sees what others cannot.
conv_e8cf4a02ed5d42acb9cb032eeb8564d6,28,14,"Will you stay, Elsie Whitcomb, and watch over our secrets with a true heart?”"
conv_e8cf4a02ed5d42acb9cb032eeb8564d6,29,6,The ancient willow thrummed with anticipation.
conv_e8cf4a02ed5d42acb9cb032eeb8564d6,30,22,"Elsie glanced once back at the path home, where familiar shadows flickered—then turned to the glowing figures, her heart swelling with wonder."
conv_e8cf4a02ed5d42acb9cb032eeb8564d6,31,5,"“Yes,” she whispered, voice steady."
conv_e8cf4a02ed5d42acb9cb032eeb8564d6,32,13,"The figures bowed, and a crown of willow leaves settled upon her brow."
conv_e8cf4a02ed5d42acb9cb032eeb8564d6,33,15,"From that night onward, Elsie became Willowmere’s quiet guardian, listening to the trees’ old songs"
conv_e9176cbc9fc84bf693d4722a41d4d02b,0,19,"a young woman named Emilia, who lived in a small village nestled in the rolling hills of the countryside."
conv_e9176cbc9fc84bf693d4722a41d4d02b,1,31,"She was a curious and adventurous soul, with a heart full of wonder and a mind full of questions about the world beyond the familiar fields and forests of her home."
conv_e9176cbc9fc84bf693d4722a41d4d02b,2,38,"Emilia spent most of her days helping her mother with the household chores and tending to their small garden, where they grew a variety of herbs and vegetables that they would use to cook meals for their family."
conv_e9176cbc9fc84bf693d4722a41d4d02b,3,38,"But despite the comfort and familiarity of her daily routine, Emilia couldn't shake the feeling that there was something more out there for her, something that lay beyond the horizon and beckoned to her with a siren's call."
conv_e9176cbc9fc84bf693d4722a41d4d02b,4,48,"She would often sneak away to the top of a small hill that overlooked the village, where she would sit and gaze out at the distant mountains, her imagination running wild with thoughts of the mystical creatures and ancient secrets that might lie hidden within those rugged peaks."
conv_e9176cbc9fc84bf693d4722a41d4d02b,5,53,"The villagers would sometimes tell stories of strange happenings and unexplained occurrences in the mountains, of eerie lights and whispers that seemed to come from nowhere, and of a legendary figure known only as the Keeper of the Peaks, who was said to possess knowledge and power beyond the understanding of mortal men."
conv_e9176cbc9fc84bf693d4722a41d4d02b,6,44,"Emilia's fascination with these tales only grew stronger with each passing day, and she found herself wondering if there was any truth to the stories, and if the Keeper of the Peaks was more than just a myth, a figure of legend and fantasy."
conv_e9176cbc9fc84bf693d4722a41d4d02b,7,48,"She began to feel an inexplicable pull, as if an unseen force was urging her to leave the village and embark on a journey to the mountains, to uncover the secrets that lay hidden within their ancient stones and to perhaps catch a glimpse of the enigmatic Keeper."
conv_e9176cbc9fc84bf693d4722a41d4d02b,8,45,"The village elder, a wise and aged woman named Ava, seemed to sense Emilia's growing restlessness, and one day she called Emilia to her side, her eyes twinkling with a deep understanding and a hint of knowing, as if she possessed secrets of her own."
conv_e9176cbc9fc84bf693d4722a41d4d02b,9,59,"Ava's gnarled hands grasped Emilia's, and she spoke in a low, mysterious tone, her voice weaving a spell of intrigue and wonder, as she said, ""The time has come, Emilia, for you to follow the path that has been calling to you, the path that winds its way up to the mountains and into the heart of the unknown."
conv_e9176cbc9fc84bf693d4722a41d4d02b,10,71,"I have seen it in the stars, and I have felt it in the whispers of the wind, a stirring in the air that speaks of great change and transformation, and I sense that you, Emilia, are at the center of it all, a key player in a grand drama that is about to unfold, a drama that will take you to the farthest reaches of your courage and your heart."
conv_e9176cbc9fc84bf693d4722a41d4d02b,11,84,"Ava's eyes seemed to bore into Emilia's very soul, as if searching for any hint of doubt or fear, and then, with a gentle smile, she nodded, as if satisfied with what she saw, and handed Emilia a small, intricately carved wooden box, adorned with symbols of the ancient ones, and said, ""Take this with you, child, for it contains a gift, one that will guide and protect you on your journey, and will reveal its secrets to you when the time is right."
conv_e9176cbc9fc84bf693d4722a41d4d02b,12,33,"Open it when you need the light of wisdom and the courage of your own heart, and remember, Emilia, that you are not alone, for the spirits of the land, the ancient ones,"
conv_e986348ecd0a4b4fa288f72d037bc63d,0,12,"a small village nestled in the heart of a vast, enchanted forest."
conv_e986348ecd0a4b4fa288f72d037bc63d,1,34,"The village, known as Willowbrook, was a place where time seemed to move more slowly, and the air was always filled with the sweet scent of blooming wildflowers and the gentle rustle of leaves."
conv_e986348ecd0a4b4fa288f72d037bc63d,2,17,"The villagers lived in harmony with nature, their homes built from the very trees that surrounded them."
conv_e986348ecd0a4b4fa288f72d037bc63d,3,15,"One of the oldest and most respected residents of Willowbrook was Elara, the village healer."
conv_e986348ecd0a4b4fa288f72d037bc63d,4,17,"Her cottage, at the edge of the forest, was a sanctuary for those seeking wisdom or healing."
conv_e986348ecd0a4b4fa288f72d037bc63d,5,31,"Inside, shelves lined with jars of herbs and potions cast a warm, golden glow, while the walls were adorned with ancient scrolls and handmade tapestries depicting the forest’s creatures and spirits."
conv_e986348ecd0a4b4fa288f72d037bc63d,6,16,"Elara had a deep connection to the forest, and her knowledge of its secrets was unmatched."
conv_e986348ecd0a4b4fa288f72d037bc63d,7,26,"One crisp autumn morning, as the sun rose over the treetops, casting long shadows across the village, a young girl named Lyra knocked on Elara’s door."
conv_e986348ecd0a4b4fa288f72d037bc63d,8,23,"Lyra’s eyes were wide with worry, and her hands trembled as she held a small, injured bird in a makeshift nest of cloth."
conv_e986348ecd0a4b4fa288f72d037bc63d,9,16,"“Elara,” Lyra whispered, her voice trembling, “I found this little one near the old oak tree."
conv_e986348ecd0a4b4fa288f72d037bc63d,10,10,"It can’t fly, and I don’t know what to do.”"
conv_e986348ecd0a4b4fa288f72d037bc63d,11,10,Elara’s face softened with compassion as she invited Lyra inside.
conv_e986348ecd0a4b4fa288f72d037bc63d,12,21,"“Bring it here, dear,” she said gently, guiding Lyra to a cozy corner of the room where a warm fire crackled."
conv_e986348ecd0a4b4fa288f72d037bc63d,13,11,"Elara carefully examined the bird, her fingers deftly checking for injuries."
conv_e986348ecd0a4b4fa288f72d037bc63d,14,12,"“It seems to have a sprained wing,” she explained, her voice soothing."
conv_e986348ecd0a4b4fa288f72d037bc63d,15,10,"“Nothing too serious, but it will need rest and care."
conv_e986348ecd0a4b4fa288f72d037bc63d,16,12,I’ll prepare a poultice to ease the pain and help it heal.”
conv_e986348ecd0a4b4fa288f72d037bc63d,17,18,"Elara moved to her herb shelves, selecting a few leaves and roots to mix into a healing salve."
conv_e986348ecd0a4b4fa288f72d037bc63d,18,18,"As she worked, she told Lyra about the forest’s own remedies and the importance of patience and kindness."
conv_e986348ecd0a4b4fa288f72d037bc63d,19,23,"“Every creature, no matter how small, plays a vital role in the balance of our world,” Elara said, her eyes twinkling with wisdom."
conv_e986348ecd0a4b4fa288f72d037bc63d,20,20,"“By helping this little one, you’re not only showing compassion but also strengthening the bond between us and the forest.”"
conv_e986348ecd0a4b4fa288f72d037bc63d,21,9,"Lyra nodded, feeling a sense of purpose and pride."
conv_e986348ecd0a4b4fa288f72d037bc63d,22,18,"Together, they carefully applied the poultice to the bird’s wing and placed it in a safe, warm spot."
conv_e986348ecd0a4b4fa288f72d037bc63d,23,23,"Over the next few days, Lyra visited Elara’s cottage often, learning more about the art of healing and the secrets of the forest."
conv_e986348ecd0a4b4fa288f72d037bc63d,24,17,"The bird’s condition improved day by day, its feathers regaining their luster and its spirit growing stronger."
conv_e986348ecd0a4b4fa288f72d037bc63d,25,12,"On a sunny afternoon, the bird was finally ready to fly again."
conv_e986348ecd0a4b4fa288f72d037bc63d,26,17,"Elara and Lyra stood at the edge of the forest, the bird perched on Lyra’s outstretched hand."
conv_e986348ecd0a4b4fa288f72d037bc63d,27,13,"With a gentle nudge, the bird took flight, soaring gracefully into the sky."
conv_e986348ecd0a4b4fa288f72d037bc63d,28,21,Lyra watched with a heart full of joy and a newfound understanding of the importance of caring for all living things.
conv_e986348ecd0a4b4fa288f72d037bc63d,29,8,"Elara smiled, placing a hand on Lyra’s shoulder."
conv_e986348ecd0a4b4fa288f72d037bc63d,30,4,"“You’ve done well, child."
conv_e986348ecd0a4b4fa288f72d037bc63d,31,16,The forest and its creatures are lucky to have such a kind heart watching over them.”
conv_e986348ecd0a4b4fa288f72d037bc63d,32,20,"As the sun set, casting a warm glow over Willowbrook, Lyra felt a deep connection to the village and the"
conv_ebe60862bf804722a847681940c8bbcd,0,20,a young girl named Aria who lived in a small village at the edge of a vast and mysterious forest.
conv_ebe60862bf804722a847681940c8bbcd,1,18,The villagers often whispered about the strange occurrences and unexplained happenings that took place within the forest's depths.
conv_ebe60862bf804722a847681940c8bbcd,2,20,"They would speak of eerie lights flickering in the darkness, and the faint sound of whispers carried on the wind."
conv_ebe60862bf804722a847681940c8bbcd,3,26,"Aria, with her curious nature and sense of adventure, felt an inexplicable pull towards the forest, as if it was beckoning her to explore its secrets."
conv_ebe60862bf804722a847681940c8bbcd,4,33,"She would often find herself standing at the edge of the village, gazing out at the towering trees that seemed to stretch up to the sky, their leaves rustling softly in the breeze."
conv_ebe60862bf804722a847681940c8bbcd,5,30,"The villagers, warned her of the dangers that lurked within the forest, telling tales of dark creatures and ancient magic that lay hidden beneath the twisted roots and gnarled branches."
conv_ebe60862bf804722a847681940c8bbcd,6,44,"But Aria's fascination with the forest only grew stronger, and she began to feel an overwhelming sense of restlessness, as if she was being called to uncover the truth behind the whispered tales and legends that had been passed down through generations of villagers."
conv_ebe60862bf804722a847681940c8bbcd,7,53,"One night, under the light of a full moon, Aria decided to sneak out of the village and into the forest, the silence of the night broken only by the soft crunch of gravel and leaves beneath her feet as she made her way down the winding path that led into the darkness."
conv_ebe60862bf804722a847681940c8bbcd,8,57,"The trees seemed to close in around her, their branches like skeletal fingers reaching out to snatch at her clothes, and the air grew thick with an otherworldly scent, like the sweet perfume of blooming flowers, but with an underlying hint of decay and corruption that made her stomach twist with a mix of fear and excitement."
conv_ebe60862bf804722a847681940c8bbcd,9,303,"As she walked deeper into the forest, the trees grew taller and the path grew narrower, until Aria found herself pushing through a curtain of tangled vines and overhanging branches that seemed to bar her way, and on the other side of this natural barrier, she stumbled into a clearing, where the moonlight poured down like a river of silver, illuminating a scene that took her breath away, for in the center of the clearing stood an enormous tree, its trunk twisted and gnarled with age, its branches reaching up towards the sky like a colossal fist, and at the base of the tree, a figure sat cross-legged on the ground, shrouded in shadows, with eyes that glowed like embers in the dark, and as Aria's gaze met the figure's, she felt a jolt of electricity run through her veins, as if the very air between them had been charged with an ancient power, a power that seemed to awaken a deep memory within her, a memory that had been hidden for so long, and the figure slowly rose to its feet, its eyes never leaving hers, and Aria felt herself being drawn closer, as if by an unseen force, until she was standing just a few feet away from the figure, and she saw that it was a woman, her face etched with lines of age and wisdom, her skin a deep, earthy brown, and her eyes, those glowing embers, seemed to burn with a deep and abiding knowledge, a knowledge that seemed to hold the secrets of the ages, and the woman's voice, when she spoke, was like a gentle rustling of leaves, soft and soothing, yet filled with a profound authority, as she said, ""Aria, I have been waiting for you, for you are the one who has been chosen"
conv_ec61d7cb57094812b5ed7b7b55c18b32,0,22,"a curious young crow named Fen, who lived in the sprawling branches of an ancient oak at the edge of Moonlight Woods."
conv_ec61d7cb57094812b5ed7b7b55c18b32,1,20,"Unlike the other crows, Fen was never satisfied with simply following the same flight paths or eating the same scraps."
conv_ec61d7cb57094812b5ed7b7b55c18b32,2,28,"Every morning, as the dawn crept through the leaf canopy, Fen would watch beams of golden light flicker and wonder what lay beyond the tangled shadows and mist."
conv_ec61d7cb57094812b5ed7b7b55c18b32,3,25,"One morning, Fen noticed a glint of something silvery at the forest’s edge—a flash, quick as thought, that flickered just beyond the brambles and fern."
conv_ec61d7cb57094812b5ed7b7b55c18b32,4,3,His heart quickened.
conv_ec61d7cb57094812b5ed7b7b55c18b32,5,19,"The other crows scolded him from their perches, cawing warnings about foxes and things with sharper teeth than curiosity."
conv_ec61d7cb57094812b5ed7b7b55c18b32,6,7,But Fen couldn’t let the glimmer go.
conv_ec61d7cb57094812b5ed7b7b55c18b32,7,12,"He darted low, skimming above dew-soaked grass, barely rustling a single leaf."
conv_ec61d7cb57094812b5ed7b7b55c18b32,8,16,"The silvery flash darted again, weaving through shafts of sunlight and vanishing behind a moss-covered log."
conv_ec61d7cb57094812b5ed7b7b55c18b32,9,8,Fen hesitated only a moment before hopping closer.
conv_ec61d7cb57094812b5ed7b7b55c18b32,10,28,"As he peeked behind the log, he spotted a tiny object wedged among the moss—a slender key, oddly shaped and shining as if just polished by the dawn."
conv_ec61d7cb57094812b5ed7b7b55c18b32,11,15,"Fen tilted his head, inspecting the delicate grooves and unfamiliar symbols etched into its surface."
conv_ec61d7cb57094812b5ed7b7b55c18b32,12,16,"Something about the key hummed against his feathers, whispering promises of hidden places and unopened doors."
conv_ec61d7cb57094812b5ed7b7b55c18b32,13,16,"He carefully grasped the key in his beak, feeling its weight—both impossibly light and meaningfully heavy."
conv_ec61d7cb57094812b5ed7b7b55c18b32,14,7,The forest seemed to hush around him.
conv_ec61d7cb57094812b5ed7b7b55c18b32,15,13,Fen’s dark eyes darted nervously as he tucked the key beneath a wing.
conv_ec61d7cb57094812b5ed7b7b55c18b32,16,3,Shadows shifted overhead.
conv_ec61d7cb57094812b5ed7b7b55c18b32,17,29,"Then, a sudden breeze rustled the leaves, and a faint, melodic chime echoed through the clearing, drawing Fen’s gaze to a nearly invisible path twisting deeper into the woods."
conv_ec61d7cb57094812b5ed7b7b55c18b32,18,7,"The key vibrated gently, urging him onward."
conv_ec61d7cb57094812b5ed7b7b55c18b32,19,15,"Driven by curiosity, Fen hopped onto the winding trail, heart thudding with excitement and nerves."
conv_ec61d7cb57094812b5ed7b7b55c18b32,20,23,"Each step brought new scents and sounds—a trickle of water far off, a distant owl’s hoot, the almost musical rustling of unseen creatures."
conv_ec61d7cb57094812b5ed7b7b55c18b32,21,12,"Soon, the path opened into a hidden grove bathed in soft light."
conv_ec61d7cb57094812b5ed7b7b55c18b32,22,16,"There, half-buried among wildflowers, stood an ancient wooden door framed by curling vines and moonlit petals."
conv_ec61d7cb57094812b5ed7b7b55c18b32,23,12,The surface was carved with symbols that matched those on Fen’s key.
conv_ec61d7cb57094812b5ed7b7b55c18b32,24,8,"He felt drawn forward, wings fluttering with anticipation."
conv_ec61d7cb57094812b5ed7b7b55c18b32,25,8,"Carefully, Fen pressed the key into the lock."
conv_ec61d7cb57094812b5ed7b7b55c18b32,26,6,It turned with a gentle click.
conv_ec61d7cb57094812b5ed7b7b55c18b32,27,26,"The door creaked open, revealing a shimmering world within—a place where stories whispered on the breeze, and forgotten dreams took root like wildflowers among the moss."
conv_ec61d7cb57094812b5ed7b7b55c18b32,28,21,"Fen hesitated on the threshold, the weight of his choice fluttering in his chest—a choice to step boldly into the unknown."
conv_ec61d7cb57094812b5ed7b7b55c18b32,29,9,"With a deep breath, he hopped over the threshold."
conv_ec61d7cb57094812b5ed7b7b55c18b32,30,14,"Magic swirled around his wings, lighting the hidden world before him with new wonders."
conv_ec61d7cb57094812b5ed7b7b55c18b32,31,12,"At last, Fen realized that curiosity wasn’t a danger—it was a gift."
conv_ec61d7cb57094812b5ed7b7b55c18b32,32,21,"As the door closed silently behind him, he soared into the heart of the new world, eager to discover its secrets."
conv_ec61d7cb57094812b5ed7b7b55c18b32,33,49,"And in that shimmering place, with the ancient key still tucked safe beneath his wing, Fen’s adventure became the first story told for generations to come—a tale of courage, of wonder, and the crow who dared to follow the glimmer at the forest’s edge into a world of possibility."
conv_ec61d7cb57094812b5ed7b7b55c18b32,34,12,"And from that day on, the woods whispered Fen’s name whenever a"
conv_f125b048b3e64f3b981a17c9f76e2b23,0,21,"a young girl named Aria, who lived in a small village nestled in the heart of a dense and mysterious forest."
conv_f125b048b3e64f3b981a17c9f76e2b23,1,24,"The villagers believed the forest to be enchanted, filled with ancient secrets and magical creatures that lurked just beyond the treeline, watching and waiting."
conv_f125b048b3e64f3b981a17c9f76e2b23,2,30,"Aria had always been fascinated by the forest, feeling an inexplicable pull to explore its depths and uncover the truth behind the whispers and warnings that circulated among the villagers."
conv_f125b048b3e64f3b981a17c9f76e2b23,3,36,"As a child, she would often sneak away from her chores to stand at the forest's edge, feeling the trees' towering presence and the soft, ethereal glow that seemed to emanate from within the forest itself."
conv_f125b048b3e64f3b981a17c9f76e2b23,4,29,"The trees' leaves would rustle and whisper in the gentle breeze, and Aria would close her eyes, convinced that she could decipher the secrets hidden within the soft murmurs."
conv_f125b048b3e64f3b981a17c9f76e2b23,5,60,"The villagers would scold her, warning of the dangers that lurked within the shadows, of the dark creatures that roamed the forest under the cover of night, and of the ancient magic that was said to be both beautiful and terrifying, a force that could bring great wonder or immense destruction, depending on who wielded it and for what purpose."
conv_f125b048b3e64f3b981a17c9f76e2b23,6,34,"Despite the warnings, Aria felt an insatiable curiosity, a sense that she was being called to the forest for a reason, and that the secrets it held were meant for her alone to uncover."
conv_f125b048b3e64f3b981a17c9f76e2b23,7,51,"One night, under the light of a full moon, Aria decided to follow the call, slipping away from her village and into the forest, the trees looming above her like sentinels, their branches creaking softly in the night breeze as she walked, the moonlight casting dappled shadows on the forest floor."
conv_f125b048b3e64f3b981a17c9f76e2b23,8,312,"The air was filled with the sweet scent of blooming wildflowers and the earthy smell of damp soil, a primordial aroma that seemed to stir something deep within Aria's soul, a sense of connection to the land and to the magic that pulsed through it, a magic that seemed to be awakening within her, responding to the rhythm of her footsteps and the beating of her heart, as if the forest itself was alive and synchronizing its own pulse with hers, drawing her deeper into its depths, further and further from the village and the only life she had ever known, until the trees grew taller and the path behind her disappeared from view, and Aria found herself standing at the edge of a clearing, surrounded by a ring of mushrooms, their caps glowing softly in the moonlight, casting an ethereal glow over the clearing, and in the center of the ring, a massive tree stood, its trunk twisted and gnarled with age, its branches reaching towards the sky like withered fingers, and as Aria approached, she felt a sudden surge of energy emanating from the tree, as if it were a gateway to a hidden world, a threshold to a realm of ancient wisdom and forgotten knowledge, and as she reached out to touch the tree's trunk, the energy surged to a crescendo, enveloping Aria in a warm, golden light that seemed to dissolve the boundaries between reality and myth, and as the light faded, Aria found herself transformed, her senses expanded, her perception of the world shifted, and she saw the forest and all its inhabitants in a new and wondrous light, as if the very fabric of reality had been rewoven to reveal the hidden patterns and connections that underlay all of existence, and Aria knew that she had been given a great gift, a glimpse into the underlying"
conv_f1319a0af50d430182271474fd637f22,0,18,"a young girl named Emilia, who lived in a small village surrounded by dense forests and winding rivers."
conv_f1319a0af50d430182271474fd637f22,1,26,"She was known for her insatiable curiosity and her love of exploring the unknown, often wandering into the forest to discover hidden clearings and secret waterfalls."
conv_f1319a0af50d430182271474fd637f22,2,39,"The villagers would often whisper to each other about Emilia's adventures, some warning of the dangers that lurked within the forest, telling tales of dark creatures and ancient magic that only revealed itself to those who ventured too deep."
conv_f1319a0af50d430182271474fd637f22,3,42,"But Emilia was not one to be deterred by such warnings, and she felt an inexplicable pull to the forest's depths, as if something within her was calling out to the secrets and mysteries that lay hidden beneath the canopy of trees."
conv_f1319a0af50d430182271474fd637f22,4,46,"One day, while wandering further than she ever had before, Emilia stumbled upon a hidden path she had never seen, overgrown with vines and shrubs, and lined with moss-covered stones that seemed to glow with a soft, ethereal light in the dappled shade of the forest."
conv_f1319a0af50d430182271474fd637f22,5,423,"The air was filled with the sweet scent of blooming wildflowers, and the soft chirping of birds could be heard in the distance, as if beckoning her to follow the path, which wound deeper into the forest, the trees growing taller and closer together here, forming a tunnel of leaves and branches that filtered the sunlight and cast the forest floor in a soft, emerald green gloom, where the sound of running water grew louder, and the air was filled with a fine, misty vapor that rose from the ground, creating a mystical atmosphere, as if the very forest itself was exhaling a gentle breath of moisture and scent, and Emilia felt her heart beating faster with excitement and wonder as she pushed aside a curtain of tangled foliage, and stepped into a clearing, where a magnificent waterfall cascaded down a rocky slope, creating a misty veil that surrounded a massive stone statue, covered in moss and lichen, its features worn by time and weather, but still radiating a powerful and ancient presence, as if the statue had stood watch over the forest for centuries, guarding a secret that only a select few had ever laid eyes on, and Emilia felt a shiver run down her spine as she approached the statue, her feet seeming to move of their own accord, as if drawn by an unseen force, and as she reached out a hand to touch the statue's weathered stone, the mist surrounding it began to swirl and eddy, taking on a life of its own, until it coalesced into a figure that stood before her, its features shifting and flowing like the mist itself, until a face emerged, pale and serene, with eyes that shone like stars in the dim light, and a voice that was like the gentle lapping of waves on a summer shore, spoke a single word, ""Welcome,"" and Emilia felt a sense of peace and belonging wash over her, as if she had finally found a place she had been searching for her entire life, and the misty figure began to take on a more solid form, its features becoming clearer, until Emilia saw that it was a woman, tall and regal, with long hair that flowed like the mist, and a white gown that seemed to shimmer and glow in the dim light, and the woman's eyes, locked onto Emilia's, filled with a deep wisdom and kindness, and a sense of recognition, as if she had been waiting for Emilia, and the woman's voice, barely above"
conv_f2ddc5e921694149b31463498101fd61,0,14,"a curious girl named Elara, who lived on the edge of the Whispering Woods."
conv_f2ddc5e921694149b31463498101fd61,1,30,"Elara had always sensed there was something peculiar about the forest, something that called to her in the quiet hush of dawn, when the first light crept between the trees."
conv_f2ddc5e921694149b31463498101fd61,2,34,"The villagers often spoke in hushed voices about the strange shadows that wandered just beyond the tree line and the faint melodies that seemed to drift from nowhere, especially when the moon was full."
conv_f2ddc5e921694149b31463498101fd61,3,6,But Elara’s curiosity outweighed her fear.
conv_f2ddc5e921694149b31463498101fd61,4,25,"She watched the forest from her window each night, tracing the patterns of mist that curled between the trunks, listening intently for the elusive songs."
conv_f2ddc5e921694149b31463498101fd61,5,17,"On one particularly bright evening, she noticed a flicker of blue light weaving through the dense undergrowth."
conv_f2ddc5e921694149b31463498101fd61,6,14,"Heart pounding, Elara slipped on her slippers and crept outside, following the mysterious glow."
conv_f2ddc5e921694149b31463498101fd61,7,21,"The grass felt cool beneath her feet as she ventured closer, careful not to snap any twigs or rustle the leaves."
conv_f2ddc5e921694149b31463498101fd61,8,12,"The blue light danced ahead, bobbing gently as if inviting her onward."
conv_f2ddc5e921694149b31463498101fd61,9,25,"Soon, the familiar meadow behind her house vanished, replaced by towering trees draped in moss and wild vines, their branches forming arches above her head."
conv_f2ddc5e921694149b31463498101fd61,10,21,"The blue light glimmered just ahead, now accompanied by tiny motes of green that flitted like fireflies around Elara’s outstretched hands."
conv_f2ddc5e921694149b31463498101fd61,11,18,"The air shimmered with a strange energy, and the forest seemed to hum in harmony with her footsteps."
conv_f2ddc5e921694149b31463498101fd61,12,16,"As she walked deeper, the blue light paused near a fallen log carpeted with velvet moss."
conv_f2ddc5e921694149b31463498101fd61,13,24,"There, amid the soft glow, sat a creature no larger than a robin, its wings iridescent and eyes as bright as the summer sky."
conv_f2ddc5e921694149b31463498101fd61,14,19,"Elara gasped in wonder as the creature tilted its head, studying her with a mixture of mischief and kindness."
conv_f2ddc5e921694149b31463498101fd61,15,15,"It spoke in a voice like wind chimes, ""Elara, you have answered the forest's call."
conv_f2ddc5e921694149b31463498101fd61,16,14,"Beyond this place lies a secret path, one only the truly brave may walk."
conv_f2ddc5e921694149b31463498101fd61,17,8,"Will you trust the woods and follow me?"""
conv_f2ddc5e921694149b31463498101fd61,18,13,"Without hesitation, Elara nodded, feeling the thrill of adventure spark within her chest."
conv_f2ddc5e921694149b31463498101fd61,19,22,"The creature fluttered ahead, its wings painting streaks of light that revealed a winding trail hidden beneath tangled roots and silver leaves."
conv_f2ddc5e921694149b31463498101fd61,20,9,"Elara followed, her fears melting away with each step."
conv_f2ddc5e921694149b31463498101fd61,21,16,"The trees began to part, revealing a moonlit clearing where ancient stones encircled a shimmering pool."
conv_f2ddc5e921694149b31463498101fd61,22,9,"The creature hovered above the water, beckoning her forward."
conv_f2ddc5e921694149b31463498101fd61,23,19,"“Here, in this sacred place, your courage will awaken magic forgotten by the world,” it whispered, its glow brightening."
conv_f2ddc5e921694149b31463498101fd61,24,13,"Elara stepped toward the pool, feeling the warmth of possibility rise within her."
conv_f2ddc5e921694149b31463498101fd61,25,16,"She knelt at the water’s edge, palms pressed to the smooth stones, and closed her eyes."
conv_f2ddc5e921694149b31463498101fd61,26,21,"In the reflection, the forest’s secrets shimmered to life: images of hidden doorways, whispered promises, and the laughter of beings unseen."
conv_f2ddc5e921694149b31463498101fd61,27,22,"Elara opened her eyes and saw her own face surrounded by light, the magical creatures now gathering in a circle around her."
conv_f2ddc5e921694149b31463498101fd61,28,24,"In that moment, Elara understood—she had become part of the Whispering Woods’ story, bound to its ancient magic and welcomed as its new guardian."
conv_f2ddc5e921694149b31463498101fd61,29,21,"The blue-winged guide perched gently on her shoulder, and every creature in the clearing bowed as sunbeams broke through the trees."
conv_f2ddc5e921694149b31463498101fd61,30,17,"With a grateful smile, Elara rose, feeling the quiet strength of the woods pulse through her heart."
conv_f2ddc5e921694149b31463498101fd61,31,13,"She promised to protect its wonders and listen to its songs, for she"
conv_fa25b39e0e4d408c9d4c4f4648a5b636,0,13,"Mara, who found a door in the subway tunnel that shouldn't have existed."
conv_fa25b39e0e4d408c9d4c4f4648a5b636,1,25,She'd been waiting on the platform at 2 AM when she noticed it—a wooden door set into the grimy tile wall between two advertisement panels.
conv_fa25b39e0e4d408c9d4c4f4648a5b636,2,4,Not a maintenance door.
conv_fa25b39e0e4d408c9d4c4f4648a5b636,3,4,Not a utility access.
conv_fa25b39e0e4d408c9d4c4f4648a5b636,4,23,"Just a door with a brass handle shaped like a curled fern, its surface warm to the touch despite the tunnel's dank chill."
conv_fa25b39e0e4d408c9d4c4f4648a5b636,5,5,Mara glanced over her shoulder.
conv_fa25b39e0e4d408c9d4c4f4648a5b636,6,12,"The platform remained empty, the fluorescent lights buzzing their lonely electric hymn."
conv_fa25b39e0e4d408c9d4c4f4648a5b636,7,19,"She pressed her ear against the wood and heard something impossible—birdsong, and the distant rush of water over stones."
conv_fa25b39e0e4d408c9d4c4f4648a5b636,8,34,"Her rational mind catalogued all the reasons this made no sense: thirty feet of earth and concrete above, the rumble of the city, the complete absence of any ecosystem that could sustain such sounds."
conv_fa25b39e0e4d408c9d4c4f4648a5b636,9,16,"Yet the brass fern seemed to pulse with warmth beneath her palm, almost like a heartbeat."
conv_fa25b39e0e4d408c9d4c4f4648a5b636,10,4,Mara turned the handle.
conv_fa25b39e0e4d408c9d4c4f4648a5b636,11,27,"The door swung inward without resistance, revealing not a maintenance closet or another tunnel, but a forest path dappled with sunlight that had no business existing underground."
conv_fa25b39e0e4d408c9d4c4f4648a5b636,12,27,"The air that wafted out carried the scent of moss and wild honeysuckle, so vivid it made her subway station smell like a distant memory already fading."
conv_fa25b39e0e4d408c9d4c4f4648a5b636,13,18,"Mara stepped through, one foot and then the other, feeling soil give beneath her shoes instead of concrete."
conv_fa25b39e0e4d408c9d4c4f4648a5b636,14,20,"Behind her, the door remained open, framing the fluorescent-lit platform like a television screen showing some other person's dreary life."
conv_fa25b39e0e4d408c9d4c4f4648a5b636,15,28,"She took three more steps, then five, watching the trees grow denser around her, their canopy filtering golden light that couldn't possibly come from any sun she knew."
conv_fa25b39e0e4d408c9d4c4f4648a5b636,16,28,"A narrow stream materialized beside the path, its water so clear she could count the smooth pebbles lining its bed, each one seeming to glow faintly from within."
conv_fa25b39e0e4d408c9d4c4f4648a5b636,17,9,Mara knelt and dipped her fingers into the current.
conv_fa25b39e0e4d408c9d4c4f4648a5b636,18,26,"The water felt like silk and electricity combined, sending a tingling sensation up her arm that wasn't unpleasant—just unfamiliar, like remembering a language she'd never learned."
conv_fa25b39e0e4d408c9d4c4f4648a5b636,19,24,"When she pulled her hand back, droplets clung to her skin and evaporated into tiny sparks of light that drifted upward like reverse rain."
conv_fa25b39e0e4d408c9d4c4f4648a5b636,20,20,"A voice called from deeper in the forest—her own voice, but older somehow, seasoned with years she hadn't yet lived."
conv_fa25b39e0e4d408c9d4c4f4648a5b636,21,22,"""You're earlier than I expected,"" it said, and through the trees Mara glimpsed a figure approaching, wearing her face beneath silver-threaded hair."
conv_fa25b39e0e4d408c9d4c4f4648a5b636,22,10,The older Mara smiled with recognition and something like relief.
conv_fa25b39e0e4d408c9d4c4f4648a5b636,23,17,"""I've been tending this place for thirty years, waiting for the night you'd finally find the door."
conv_fa25b39e0e4d408c9d4c4f4648a5b636,24,7,"Time works differently here—it loops and folds."""
conv_fa25b39e0e4d408c9d4c4f4648a5b636,25,8,She gestured at the impossible forest around them.
conv_fa25b39e0e4d408c9d4c4f4648a5b636,26,5,"""Every choice creates a threshold."
conv_fa25b39e0e4d408c9d4c4f4648a5b636,27,18,"You stood on that platform every night this week, but only tonight were you ready to see it."""
conv_fa25b39e0e4d408c9d4c4f4648a5b636,28,30,"The older Mara extended her hand, and in her palm lay a seed that looked like a tiny spiral galaxy, pulsing with the same warm light as the fern-shaped handle."
conv_fa25b39e0e4d408c9d4c4f4648a5b636,29,6,"""This is where it starts,"" she"
conv_facbf30cfd734550a3be5964ab1ff135,0,18,"a young woman named Ava, who lived in a small village surrounded by rolling hills and dense forests."
conv_facbf30cfd734550a3be5964ab1ff135,1,17,She was known throughout the village for her remarkable gift – the ability to communicate with animals.
conv_facbf30cfd734550a3be5964ab1ff135,2,24,"It was a talent that had been passed down through her family for generations, and one that she had honed from a young age."
conv_facbf30cfd734550a3be5964ab1ff135,3,27,"Ava could often be found in the village square, surrounded by a multitude of creatures, from birds perched on her shoulders to rabbits hopping at her feet."
conv_facbf30cfd734550a3be5964ab1ff135,4,23,"The villagers would often bring their sick or injured animals to her, seeking her help and guidance in nursing them back to health."
conv_facbf30cfd734550a3be5964ab1ff135,5,51,"Ava's gentle touch and soothing voice had a calming effect on even the most frightened and aggressive of beasts, and it was not uncommon to see a wounded hawk or a frightened deer standing calmly beside her, as if sensing the deep compassion and understanding that emanated from her very being."
conv_facbf30cfd734550a3be5964ab1ff135,6,37,"The villagers had grown to trust and rely on Ava's unique gift, and she had become an integral part of their community, a symbol of hope and healing in a world that often seemed harsh and unforgiving."
conv_facbf30cfd734550a3be5964ab1ff135,7,38,"As she worked her magic on the animals, Ava's own spirit seemed to soar, as if the natural world was responding to her presence, and the creatures that inhabited it were acknowledging her as one of their own."
conv_facbf30cfd734550a3be5964ab1ff135,8,62,"The trees seemed to lean in closer, their leaves rustling softly in the breeze, as if sharing ancient secrets with her, and the sunlight filtering through the canopy above cast dappled shadows on the ground, creating a sense of enchantment that was both captivating and intoxicating, drawing Ava deeper into the mystical world that lay just beyond the edge of everyday reality."
conv_facbf30cfd734550a3be5964ab1ff135,9,39,"It was as if she had stumbled into a hidden realm, one that was full of hidden wonders and untold mysteries, where the boundaries between humans and animals, between the physical and the spiritual, began to blur and dissolve."
conv_facbf30cfd734550a3be5964ab1ff135,10,286,"In this realm, Ava felt a profound sense of belonging, as if she had finally found her true home, a place where her heart and soul could roam free, unencumbered by the constraints of the mundane world, where she could let her spirit soar on the wings of the creatures that had become her closest companions, and where the whispers of the forest, the songs of the birds, and the rustling of leaves all blended together in a symphony of sound that was both familiar and yet utterly magical, a language that only she could understand, a language that spoke directly to her heart, awakening a deep sense of wisdom and knowledge that had been dormant within her, waiting to be unleashed, and as she listened to this mystical melody, Ava felt the threads of her own destiny begin to weave together, forming a tapestry of purpose and meaning that was at once beautiful and terrifying, for she knew that she was being called to embark on a great journey, one that would take her to the farthest reaches of the mystical realm, and beyond, a journey that would require her to summon all her courage, wisdom, and heart, and to trust in the ancient magic that flowed through her veins, for she was about to become the guardian of a long-forgotten secret, one that had been hidden for centuries, waiting for the right moment to be revealed, and as Ava stood at the threshold of this new chapter in her life, the creatures of the forest gathered around her, their eyes shining with a deep understanding, as if they knew that she was ready to receive the truth, and with a soft rustling of leaves,"
conv_ff5282570c5a4bfda8b8840e73065641,0,16,"Eliana, a young woman with a heart full of dreams and a mind brimming with curiosity."
conv_ff5282570c5a4bfda8b8840e73065641,1,15,She lived in a small village nestled at the foot of the towering Mystic Mountains.
conv_ff5282570c5a4bfda8b8840e73065641,2,15,"The village, known as Eldoria, was a place where ancient traditions and modern whispers intertwined."
conv_ff5282570c5a4bfda8b8840e73065641,3,21,"Eliana spent her days wandering through the lush forests and meandering streams, always on the lookout for new wonders to discover."
conv_ff5282570c5a4bfda8b8840e73065641,4,28,"Her favorite spot was an old oak tree at the edge of the forest, where she would sit and sketch the vibrant flora and fauna in her notebook."
conv_ff5282570c5a4bfda8b8840e73065641,5,33,"One crisp morning, as the sun painted the sky in hues of orange and pink, Eliana noticed something peculiar—a faint, glowing trail that seemed to lead into the deeper parts of the forest."
conv_ff5282570c5a4bfda8b8840e73065641,6,16,"Intrigued, she followed the luminous path, her heart pounding with excitement and a touch of trepidation."
conv_ff5282570c5a4bfda8b8840e73065641,7,21,"The trail wound through dense undergrowth and over rocky outcrops, leading her to a hidden clearing she had never seen before."
conv_ff5282570c5a4bfda8b8840e73065641,8,18,"In the center of the clearing stood a stone altar, surrounded by a circle of ancient, gnarled trees."
conv_ff5282570c5a4bfda8b8840e73065641,9,23,"The air was thick with an otherworldly silence, and the glow from the trail coalesced into a soft, pulsating light above the altar."
conv_ff5282570c5a4bfda8b8840e73065641,10,13,"As Eliana approached, the light seemed to pulse in rhythm with her heartbeat."
conv_ff5282570c5a4bfda8b8840e73065641,11,14,"She reached out, her fingers trembling, and touched the cool surface of the altar."
conv_ff5282570c5a4bfda8b8840e73065641,12,28,"Suddenly, the light burst into a dazzling display of colors, and a gentle voice whispered, ""Seek the Heart of the Forest, and you shall find what you seek."""
conv_ff5282570c5a4bfda8b8840e73065641,13,13,"The words echoed in Eliana's mind, filling her with a sense of purpose."
conv_ff5282570c5a4bfda8b8840e73065641,14,28,"She knew that this journey would be the adventure of a lifetime, one that would test her courage and uncover the secrets she had always yearned to discover."
conv_ff5282570c5a4bfda8b8840e73065641,15,23,"With a deep breath, Eliana set off into the unknown, her heart alight with determination and her spirit ready for whatever lay ahead."
conv_ff5282570c5a4bfda8b8840e73065641,16,16,"The forest seemed to come alive around her, as if the very trees were whispering encouragement."
conv_ff5282570c5a4bfda8b8840e73065641,17,14,"As she ventured deeper, the path grew more treacherous, but Eliana's resolve only strengthened."
conv_ff5282570c5a4bfda8b8840e73065641,18,21,"She knew that the Heart of the Forest held the answers she sought, and nothing would deter her from reaching it."
conv_ff5282570c5a4bfda8b8840e73065641,19,24,"The air grew cooler, and the light dimmed, but the glow from the trail remained, guiding her through the darkest parts of the forest."
conv_ff5282570c5a4bfda8b8840e73065641,20,18,"Finally, after what felt like hours, Eliana emerged into a breathtaking glade bathed in a warm, golden light."
conv_ff5282570c5a4bfda8b8840e73065641,21,20,"At the center, a majestic tree stood tall, its branches reaching towards the sky like the arms of a guardian."
conv_ff5282570c5a4bfda8b8840e73065641,22,21,"The trunk was wide and ancient, and at its base, a small, glowing crystal rested on a bed of soft moss."
conv_ff5282570c5a4bfda8b8840e73065641,23,14,"Eliana approached the crystal, her heart swelling with a mix of awe and fulfillment."
conv_ff5282570c5a4bfda8b8840e73065641,24,21,"As she picked it up, the forest around her seemed to sigh, as if a long-held secret had finally been revealed."
conv_ff5282570c5a4bfda8b8840e73065641,25,16,"The crystal pulsed in her hand, and she felt a surge of energy coursing through her."
conv_ff5282570c5a4bfda8b8840e73065641,26,27,"In that moment, Eliana understood that the Heart of the Forest was not just a physical object, but a symbol of the interconnectedness of all living things."
conv_ff5282570c5a4bfda8b8840e73065641,27,21,"With the crystal in hand, she knew that she could bring the wisdom and magic of the forest back to Eldoria."
conv_ff5282570c5a4bfda8b8840e73065641,28,17,"As she made her way back through the trail, the forest seemed to part for her, and"
conv_006cb479-ccd3-40d1-83fb-4b614573f636,0,10,There once was a young woman who had trust issues.
conv_006cb479-ccd3-40d1-83fb-4b614573f636,1,11,She had been betrayed by her ex-boyfriend who cheated on her.
conv_006cb479-ccd3-40d1-83fb-4b614573f636,2,10,"with her best friend, leaving her feeling shattered and vulnerable."
conv_006cb479-ccd3-40d1-83fb-4b614573f636,3,27,"The experience had made her wary of opening up to anyone new, and she found herself constantly questioning the motives of those who claimed they loved her."
conv_006cb479-ccd3-40d1-83fb-4b614573f636,4,10,This made her hard to reach but also very lonely.
conv_006cb479-ccd3-40d1-83fb-4b614573f636,5,37,"She was lonely like this for many years but finally she decided to take a chance and start attending social events again, hoping to meet someone who could help her heal and learn to trust once more."
conv_006cb479-ccd3-40d1-83fb-4b614573f636,6,21,"It was at one of these events, that she met another young woman just like herself who also had trust issues."
conv_006cb479-ccd3-40d1-83fb-4b614573f636,7,11,They met many times without ever talking much or becoming close.
conv_006cb479-ccd3-40d1-83fb-4b614573f636,8,20,"until one evening, when they both found themselves sitting alone at a small café, each lost in their own thoughts."
conv_006cb479-ccd3-40d1-83fb-4b614573f636,9,17,"The atmosphere was quiet and intimate, and somehow, it seemed as if they were destined to meet."
conv_006cb479-ccd3-40d1-83fb-4b614573f636,10,13,They started talking and soon found out they had a lot in common.
conv_006cb479-ccd3-40d1-83fb-4b614573f636,11,23,"They started meeting more and over time they developed a deep and meaningful connection, one that was built on mutual understanding and respect."
conv_006cb479-ccd3-40d1-83fb-4b614573f636,12,27,"They shared their stories, their fears, and their dreams with each other, and as time went on their connection became more than just friendship it became love."
conv_006cb479-ccd3-40d1-83fb-4b614573f636,13,27,"For a long time they had been afraid to acknowledge the true nature of their feelings, fearing that it might ruin the beautiful bond they had established."
conv_006cb479-ccd3-40d1-83fb-4b614573f636,14,17,"But as they looked into each other's eyes, they knew exactly what the other person was feeling."
conv_006cb479-ccd3-40d1-83fb-4b614573f636,15,14,They finally burst free of their prisons of isolation and opened up for love.
conv_006cb479-ccd3-40d1-83fb-4b614573f636,16,17,"and allowed themselves to be vulnerable, to trust, and to surrender to the beauty of their relationship."
conv_006cb479-ccd3-40d1-83fb-4b614573f636,17,19,"As they embraced each other, they felt a sense of freedom and joy that they hadn't felt in ages."
conv_006cb479-ccd3-40d1-83fb-4b614573f636,18,26,"However they were out of training in trusting and their relationship was put to the test as they navigated the complexities of intimacy, communication, and compromise."
conv_006cb479-ccd3-40d1-83fb-4b614573f636,19,32,"They stumbled upon old patterns and fears, but this time, they had each other They were determined to not let this relationship be destroyed as well and in the end they succeeded."
conv_006cb479-ccd3-40d1-83fb-4b614573f636,20,22,"They built a life together, one that was filled with love, laughter, and a deep understanding of each other's strengths and weaknesses."
conv_006cb479-ccd3-40d1-83fb-4b614573f636,21,16,They proved to themselves that they were capable of overcoming obstacles and regaining trust in humans.
conv_006cb479-ccd3-40d1-83fb-4b614573f636,22,45,"Their relationship also allowed them to open more up to other humans and form meaningful connections with others, and as they looked back on their journey, they realized that their love had been the catalyst for a profound transformation, one that had brought healing, growth,"
conv_02b6fce3-98d8-456f-b0e8-3708b9ca1968,0,7,Outside her window the storm was raging.
conv_02b6fce3-98d8-456f-b0e8-3708b9ca1968,1,15,Trees moving mechanically in the wind under the loud drumming sound of water drops falling.
conv_02b6fce3-98d8-456f-b0e8-3708b9ca1968,2,7,"Outside her window, the storm was raging."
conv_02b6fce3-98d8-456f-b0e8-3708b9ca1968,3,16,"Trees moved mechanically in the wind, the loud drumming of water drops falling against the glass."
conv_02b6fce3-98d8-456f-b0e8-3708b9ca1968,4,13,"Inside, the house was quiet, a dim candlelight stood dancing on the windowsill."
conv_02b6fce3-98d8-456f-b0e8-3708b9ca1968,5,16,"She was reading a book, not paying much attention to the dark surroundings of the room."
conv_02b6fce3-98d8-456f-b0e8-3708b9ca1968,6,15,"The flickering flame cast shadows on the walls, creating a dance of light and darkness."
conv_02b6fce3-98d8-456f-b0e8-3708b9ca1968,7,24,"Lost in the pages, she barely noticed the growing intensity of the storm Her cat lay snoring on the warm blanket covering her feet."
conv_02b6fce3-98d8-456f-b0e8-3708b9ca1968,8,18,"Suddenly, a loud sound came from the kitchen and she let out a short squeak, her heart racing."
conv_02b6fce3-98d8-456f-b0e8-3708b9ca1968,9,11,"She marked her page and set the book down, listening intently."
conv_02b6fce3-98d8-456f-b0e8-3708b9ca1968,10,12,"The house creaked around her, but the silence that followed was deafening."
conv_02b6fce3-98d8-456f-b0e8-3708b9ca1968,11,18,"She was alone for the weekend, her husband away for business on a fancy trip to New York."
conv_02b6fce3-98d8-456f-b0e8-3708b9ca1968,12,10,"She didn't mind though, being alone had never bothered her."
conv_02b6fce3-98d8-456f-b0e8-3708b9ca1968,13,6,But the sudden noise was unsettling.
conv_02b6fce3-98d8-456f-b0e8-3708b9ca1968,14,12,"Gathering her courage, she got up, the cat stirring but not waking."
conv_02b6fce3-98d8-456f-b0e8-3708b9ca1968,15,12,"She tiptoed to the kitchen, the floorboards protesting softly under bare feet."
conv_02b6fce3-98d8-456f-b0e8-3708b9ca1968,16,16,"She grabbed the candlelight from the windowsill as she approached the kitchen with slow, steady steps."
conv_02b6fce3-98d8-456f-b0e8-3708b9ca1968,17,14,"It must have been the wind, she told herself, trying to calm her nerves."
conv_02b6fce3-98d8-456f-b0e8-3708b9ca1968,18,15,"As she neared the kitchen, the flickering light revealed nothing out of place at first."
conv_02b6fce3-98d8-456f-b0e8-3708b9ca1968,19,12,"Then, she noticed a dark shadow in the corner of the kitchen."
conv_02b6fce3-98d8-456f-b0e8-3708b9ca1968,20,14,"It was almost unnoticeable at first, but she could have sworn there was movement."
conv_02b6fce3-98d8-456f-b0e8-3708b9ca1968,21,9,"She stood still for a moment, her breath held."
conv_02b6fce3-98d8-456f-b0e8-3708b9ca1968,22,13,"The shadow seemed to shift again, and a chill ran down her spine."
conv_02b6fce3-98d8-456f-b0e8-3708b9ca1968,23,17,"She reached for the nearest object—a wooden spoon—and raised it defensively, Something was staring back at her."
conv_02b6fce3-98d8-456f-b0e8-3708b9ca1968,24,5,"Golden eyes, ridden with malice."
conv_02b6fce3-98d8-456f-b0e8-3708b9ca1968,25,3,She could tell.
conv_02b6fce3-98d8-456f-b0e8-3708b9ca1968,26,8,She had always been good at reading people.
conv_02b6fce3-98d8-456f-b0e8-3708b9ca1968,27,9,"A sixth sense, her husband often teased her about."
conv_02b6fce3-98d8-456f-b0e8-3708b9ca1968,28,15,"The eyes belonged to something not quite human, and her heart pounded in her chest."
conv_02b6fce3-98d8-456f-b0e8-3708b9ca1968,29,7,"She swallowed hard, trying to steady herself."
conv_02b6fce3-98d8-456f-b0e8-3708b9ca1968,30,3,"""Who are you?"
conv_02b6fce3-98d8-456f-b0e8-3708b9ca1968,31,4,What do you want?
conv_02b6fce3-98d8-456f-b0e8-3708b9ca1968,32,17,"Her voice was much quieter than anticipated, almost as if the words could not find their way."
conv_02b6fce3-98d8-456f-b0e8-3708b9ca1968,33,11,"She forced herself to speak again, this time with more conviction."
conv_02b6fce3-98d8-456f-b0e8-3708b9ca1968,34,4,"""I know you're there."
conv_02b6fce3-98d8-456f-b0e8-3708b9ca1968,35,2,"Show yourself."""
conv_02b6fce3-98d8-456f-b0e8-3708b9ca1968,36,14,"The tension in the room was palpable, and the only response was more silence."
conv_02b6fce3-98d8-456f-b0e8-3708b9ca1968,37,20,"Before she could even react, a dark creature, hideous beyond imagination, jumped out of the shadows with an ear-splitting screech."
conv_02b6fce3-98d8-456f-b0e8-3708b9ca1968,38,14,"She screamed and swung the wooden spoon, more out of reflex than anything else."
conv_02b6fce3-98d8-456f-b0e8-3708b9ca1968,39,9,"The creature dodged easily, its eyes gleaming with a"
conv_07ec1a21-00a8-494b-9747-ef2f719abd5a,0,8,a lighthouse keeper who forgot how to sleep.
conv_07ec1a21-00a8-494b-9747-ef2f719abd5a,1,30,"Mara had tended the beacon on Skellig Point for seven years, watching ships pass She looked at the dark sea, waiting for a sign of movement that was coming closer."
conv_07ec1a21-00a8-494b-9747-ef2f719abd5a,2,10,One night a large cruise line lit up the night.
conv_07ec1a21-00a8-494b-9747-ef2f719abd5a,3,4,She almost felt blinded.
conv_07ec1a21-00a8-494b-9747-ef2f719abd5a,4,18,"by the thousand glowing portholes, each one a tiny world of laughter and music drifting across the water."
conv_07ec1a21-00a8-494b-9747-ef2f719abd5a,5,11,"The vessel moved like a floating city, imposs impossible to miss."
conv_07ec1a21-00a8-494b-9747-ef2f719abd5a,6,12,"Usually the water was calm, only a handful of ships passing by."
conv_07ec1a21-00a8-494b-9747-ef2f719abd5a,7,4,This was not usual.
conv_07ec1a21-00a8-494b-9747-ef2f719abd5a,8,5,Even the lights were glimmering.
conv_07ec1a21-00a8-494b-9747-ef2f719abd5a,9,8,strangely—pulsing in rhythms that didn't match the waves.
conv_07ec1a21-00a8-494b-9747-ef2f719abd5a,10,21,"Mara pressed her face against the cold glass of the lighthouse gallery, her breath fo foggy in the chill night air."
conv_07ec1a21-00a8-494b-9747-ef2f719abd5a,11,22,"Without knowing why she grabbed the flashlight from the table and put the red lights on it, pointing it toward the ship."
conv_07ec1a21-00a8-494b-9747-ef2f719abd5a,12,14,"From one of the upper decks, an answering flash—red, then red again, then darkness."
conv_07ec1a21-00a8-494b-9747-ef2f719abd5a,13,3,Her heart quickened.
conv_07ec1a21-00a8-494b-9747-ef2f719abd5a,14,16,"In seven years, no ship had ever responded to her, when she flashed the red lights."
conv_07ec1a21-00a8-494b-9747-ef2f719abd5a,15,16,"Lighthouses were somehow less relevant these days, but she had inherited this one from her uncle."
conv_07ec1a21-00a8-494b-9747-ef2f719abd5a,16,17,"In his will there had been a sealed letter marked ""Open only when the red ship answers."""
conv_07ec1a21-00a8-494b-9747-ef2f719abd5a,17,12,"She'd laughed at the time, thinking it another of Uncle Gareth's eccentricities."
conv_07ec1a21-00a8-494b-9747-ef2f719abd5a,18,11,She got up quickly and found the letter in a drawer.
conv_07ec1a21-00a8-494b-9747-ef2f719abd5a,19,20,Her hands were shaking with excitement as she dragged a finger along the envelope's edge to open it and pulled.
conv_07ec1a21-00a8-494b-9747-ef2f719abd5a,20,4,the yellowed paper free.
conv_07ec1a21-00a8-494b-9747-ef2f719abd5a,21,22,"Uncle Gareth's spidery handwriting covered the page: *Mara, if you're reading this, they've finally found a way to cross into our world."
conv_07ec1a21-00a8-494b-9747-ef2f719abd5a,22,26,"You need to find a way to get on board the ship, find a woman named Hilda and tell her to stop the engine before midnight."
conv_07ec1a21-00a8-494b-9747-ef2f719abd5a,23,5,She'll know what it means.
conv_07ec1a21-00a8-494b-9747-ef2f719abd5a,24,4,Trust no one else.
conv_07ec1a21-00a8-494b-9747-ef2f719abd5a,25,10,The dinghy is ready—I've kept it maintained for this moment.
conv_07ec1a21-00a8-494b-9747-ef2f719abd5a,26,20,"The moment the engine has been turned off, get out of there and return to safety here in the lighthouse."
conv_07ec1a21-00a8-494b-9747-ef2f719abd5a,27,4,All will be well.
conv_07ec1a21-00a8-494b-9747-ef2f719abd5a,28,2,"Sincerely, Gareth."""
conv_07ec1a21-00a8-494b-9747-ef2f719abd5a,29,6,Mara looked at the clock—11:17 PM.
conv_07ec1a21-00a8-494b-9747-ef2f719abd5a,30,2,Forty-three minutes.
conv_07ec1a21-00a8-494b-9747-ef2f719abd5a,31,20,She grabbed her uncle's old peacoat from the hook and raced down the spiral stairs to get to the dinghy.
conv_07ec1a21-00a8-494b-9747-ef2f719abd5a,32,19,She could make it if she rowed fast but something told her she would have to be quiet too.
conv_07ec1a21-00a8-494b-9747-ef2f719abd5a,33,20,"Sliding into the small boat she began to row with long, steady strokes, muffling the oars as best she could."
conv_07ec1a21-00a8-494b-9747-ef2f719abd5a,34,11,"The cruise ship loomed larger with each pull, its strange pulsing"
conv_11293fd2-d757-471f-8e2e-783542167a8e,0,20,"A young girl, riding her bike down the main street, as she suddenly spots something very surprising on the horizon."
conv_11293fd2-d757-471f-8e2e-783542167a8e,1,14,"She gets off of her bike, to fully take in the sight before her."
conv_11293fd2-d757-471f-8e2e-783542167a8e,2,17,"The object, which had initially appeared as a mere speck, was now growing larger and more defined."
conv_11293fd2-d757-471f-8e2e-783542167a8e,3,18,"It was an old-fashioned hot air balloon She gaped, as she had never seen one in real life."
conv_11293fd2-d757-471f-8e2e-783542167a8e,4,16,"However, as the air balloon moved closer, she saw something just as strange in the basket."
conv_11293fd2-d757-471f-8e2e-783542167a8e,5,32,"an old trunk, adorned with intricate carvings and a large, rusted lock, sitting prominently in the center of the basket, surrounded by various strange and colorful items that glittered in the sunlight."
conv_11293fd2-d757-471f-8e2e-783542167a8e,6,8,Atop the trunk sat a very peculiar creature.
conv_11293fd2-d757-471f-8e2e-783542167a8e,7,69,"Not quite human, but not like any other animal she had ever seen, dressed in a long, velvet coat with brass buttons, and a top hat that seemed to be tilted at a rakish angle, giving the creature an air of whimsy and sophistication In the middle of its face were old-fashioned goggles, as the balloon came to a halt in the air above her, the creature lifted them."
conv_11293fd2-d757-471f-8e2e-783542167a8e,8,38,"and peered down at the young girl with an unblinking gaze, its eyes gleaming with a mixture of curiosity and mischief, as it removed the goggles to reveal eyes that shone bright yellow in the early morning light."
conv_11293fd2-d757-471f-8e2e-783542167a8e,9,9,She peered up at the creature with curious eyes.
conv_11293fd2-d757-471f-8e2e-783542167a8e,10,30,"""Good morning to you, young one,"" the creature replied in a low, raspy voice, its tone surprisingly warm and gentle, as it tipped its top hat in a courteous greeting."
conv_11293fd2-d757-471f-8e2e-783542167a8e,11,7,"""Excuse me, but what are you doing?"""
conv_11293fd2-d757-471f-8e2e-783542167a8e,12,53,"she asked politely, as nothing ever happened in her small town, and as so, this was a shock to her system, and she found herself struggling to process the sheer strangeness of the situation, as the creature smiled and began to carefully climb down from the basket, gliding gracefully down a sturdy-looking rope."
conv_11293fd2-d757-471f-8e2e-783542167a8e,13,1,"""Me?"
conv_11293fd2-d757-471f-8e2e-783542167a8e,14,8,"Well, I'm here on an adventure, my girl."
conv_11293fd2-d757-471f-8e2e-783542167a8e,15,10,"Would you care to join me in my secret expedition?"""
conv_11293fd2-d757-471f-8e2e-783542167a8e,16,32,"the creature asked, its yellow eyes sparkling with excitement, as it reached the ground and began to brush off its coat, revealing a pocket watch chain and a small watch, ticking away."
conv_11293fd2-d757-471f-8e2e-783542167a8e,17,54,"It looked like no other watch the girl had ever seen, decorated with fine gemstones, its hands whirring away at a strange speed, as if measuring time itself in a unique and mystical way, and the creature, noticing her fascination with the timepiece, smiled knowingly and said, ""This, my dear, is no ordinary watch."
conv_11293fd2-d757-471f-8e2e-783542167a8e,18,13,"It grants its master the ability to travel through both time and space!"""
conv_11293fd2-d757-471f-8e2e-783542167a8e,19,3,The creature grinned.
conv_11293fd2-d757-471f-8e2e-783542167a8e,20,7,"""Then, why do you need the balloon?"""
conv_11293fd2-d757-471f-8e2e-783542167a8e,21,26,"the girl asked again, her curiosity getting the better of her, and the creature chuckled, a low, rumbling sound, as it replied, ""Ah, the balloon is"
conv_155f7493-3058-435d-a672-40e7e8ec213a,0,5,a bear named Per Hansen.
conv_155f7493-3058-435d-a672-40e7e8ec213a,1,11,"He was your usual, run of the mill, bear turned Danish."
conv_155f7493-3058-435d-a672-40e7e8ec213a,2,12,One day he was taking a walk in the cold winter air.
conv_155f7493-3058-435d-a672-40e7e8ec213a,3,7,The sun was setting and he wondered.
conv_155f7493-3058-435d-a672-40e7e8ec213a,4,10,Who was he gonna vote for the next kommunal valg.
conv_155f7493-3058-435d-a672-40e7e8ec213a,5,14,"He had absolutely no idea, who the kandidater were or what they stood for."
conv_155f7493-3058-435d-a672-40e7e8ec213a,6,20,"Sighing, he leaned back in his creaky wooden chair, the last rays of sunlight casting long shadows across the room."
conv_155f7493-3058-435d-a672-40e7e8ec213a,7,8,His valg kort laid out on the table.
conv_155f7493-3058-435d-a672-40e7e8ec213a,8,3,sooooo many options.
conv_155f7493-3058-435d-a672-40e7e8ec213a,9,5,What would his mother say?
conv_155f7493-3058-435d-a672-40e7e8ec213a,10,6,"Argh, it is of no use."
conv_155f7493-3058-435d-a672-40e7e8ec213a,11,24,"The dilemma was even still thundering in his mind as he picked up the ballot paper, his fingers tracing the names of the candidates."
conv_155f7493-3058-435d-a672-40e7e8ec213a,12,15,"Each one seemed to blend into the next, a sea of unfamiliar faces and promises."
conv_155f7493-3058-435d-a672-40e7e8ec213a,13,4,"""I like this candidate!"""
conv_155f7493-3058-435d-a672-40e7e8ec213a,14,4,Per thought to himself.
conv_155f7493-3058-435d-a672-40e7e8ec213a,15,11,They like nature and think we should be voting more green.
conv_155f7493-3058-435d-a672-40e7e8ec213a,16,7,But they did have that scandal last.
conv_155f7493-3058-435d-a672-40e7e8ec213a,17,1,year.
conv_155f7493-3058-435d-a672-40e7e8ec213a,18,8,Per’s brow furrowed as he recalled the headlines.
conv_155f7493-3058-435d-a672-40e7e8ec213a,19,9,It wasn’t just about the environment; integrity mattered too.
conv_155f7493-3058-435d-a672-40e7e8ec213a,20,11,"He set the ballot down and rubbed his temples ""come on!"""
conv_155f7493-3058-435d-a672-40e7e8ec213a,21,2,he exclaimed.
conv_155f7493-3058-435d-a672-40e7e8ec213a,22,10,He had promised Goldilocks to go to the valgsted together.
conv_155f7493-3058-435d-a672-40e7e8ec213a,23,9,"She ALWAYS knew where she would put her ""X""."
conv_155f7493-3058-435d-a672-40e7e8ec213a,24,16,"She would put it without a second thought, her confidence both enviable and a bit intimidating."
conv_155f7493-3058-435d-a672-40e7e8ec213a,25,10,"Per stood up, straightened his shirt, and grabbed his coat."
conv_155f7493-3058-435d-a672-40e7e8ec213a,26,23,"It was time to meet at the old willow, as it whispered in the winter air, reminding him of his unwillingness to choose."
conv_155f7493-3058-435d-a672-40e7e8ec213a,27,8,what did mama bear always say to him?
conv_155f7493-3058-435d-a672-40e7e8ec213a,28,11,"Per closed his eyes, letting the gentle breeze carry the memory."
conv_155f7493-3058-435d-a672-40e7e8ec213a,29,17,"“Per,” he could almost hear her deep, calming voice, “sometimes the hardest choices are cringy, and crusty""."
conv_155f7493-3058-435d-a672-40e7e8ec213a,30,8,That sounds about right... mama really liked toast.
conv_155f7493-3058-435d-a672-40e7e8ec213a,31,10,Hmmm but who is the crunchiest candidate of them all?”
conv_155f7493-3058-435d-a672-40e7e8ec213a,32,8,Per chuckled at the absurdity of the thought.
conv_155f7493-3058-435d-a672-40e7e8ec213a,33,13,"As he walked toward the old willow, he decided to trust Goldilocks’ instincts."
conv_155f7493-3058-435d-a672-40e7e8ec213a,34,12,"Maybe, just maybe He would feel the paper, for the crunchiest candidate."
conv_155f7493-3058-435d-a672-40e7e8ec213a,35,13,Where the paper is the most crisp is the right one candidate for.
conv_155f7493-3058-435d-a672-40e7e8ec213a,36,1,him.
conv_155f7493-3058-435d-a672-40e7e8ec213a,37,18,"With a determined nod, he quickened his pace, the setting sun casting a warm glow on his path."
conv_155f7493-3058-435d-a672-40e7e8ec213a,38,17,"The old willow loomed ahead, its branches sw swotted all his doubt away as he saw Goldilocks."
conv_155f7493-3058-435d-a672-40e7e8ec213a,39,1,"""Ready?"""
conv_155f7493-3058-435d-a672-40e7e8ec213a,40,3,she greeted him.
conv_155f7493-3058-435d-a672-40e7e8ec213a,41,5,"""As ready as I can."""
conv_155f7493-3058-435d-a672-40e7e8ec213a,42,13,"Then he ate her ... you know how bears are,” Per joked, grinning."
conv_155f7493-3058-435d-a672-40e7e8ec213a,43,5,"Goldilocks laughed, her eyes twinkling."
conv_155f7493-3058-435d-a672-40e7e8ec213a,44,13,"“Let’s do this,” she said, and they walked together toward the polling station"
conv_18ba473d-8913-4785-95cf-9a5400887bb9,0,8,a lighthouse keeper who forgot how to dream.
conv_18ba473d-8913-4785-95cf-9a5400887bb9,1,16,"Mara had lived on the rocky outcrop for seven years, watching the beam sweep across dark"
conv_18ba473d-8913-4785-95cf-9a5400887bb9,2,42,"She had always loved looking over the horizons; wondering what could be out there - dreaming of the day that a ship would arrive with news from the mainland, or perhaps someone who might stay awhile and share stories of distant ports."
conv_18ba473d-8913-4785-95cf-9a5400887bb9,3,5,But the ships never stopped.
conv_18ba473d-8913-4785-95cf-9a5400887bb9,4,16,"They only used her light to navigate , leaving her quite alone atop the tall lighthouse."
conv_18ba473d-8913-4785-95cf-9a5400887bb9,5,18,She found herself going through her routines in a mechanical way; same thing day in and day out.
conv_18ba473d-8913-4785-95cf-9a5400887bb9,6,16,"Wake at dawn, trim the wick, polish the lens, check the oil reserves, watch the horizon."
conv_18ba473d-8913-4785-95cf-9a5400887bb9,7,11,"The rhythm had once been comforting, but now it felt empty."
conv_18ba473d-8913-4785-95cf-9a5400887bb9,8,26,"She yearned for something else, but had forgotten what else was out there - unable to imagine anything beyond the endless cycle of tides and light."
conv_18ba473d-8913-4785-95cf-9a5400887bb9,9,17,"The world had shrunk to just this: stone, salt air, and the mechanical turning of the lamp."
conv_18ba473d-8913-4785-95cf-9a5400887bb9,10,9,"Then one day, she spotted something in the horizon."
conv_18ba473d-8913-4785-95cf-9a5400887bb9,11,24,"At first she thought it was another ship passing by, but it seemed like the object was floating in place, neither approaching nor retreating."
conv_18ba473d-8913-4785-95cf-9a5400887bb9,12,20,"Mara squinted through her spyglass, her heart quickening with something she hadn't felt in years—curios she ran down the tower."
conv_18ba473d-8913-4785-95cf-9a5400887bb9,13,19,"Skipping over every other step on the stair, out the door, down the cliffside and over the rocky beach."
conv_18ba473d-8913-4785-95cf-9a5400887bb9,14,15,"She waded out into the cold water, waves lapping at her knees, then her waist."
conv_18ba473d-8913-4785-95cf-9a5400887bb9,15,13,"The object bobbed closer with each swell—a wooden chest, barnacle covering the sides."
conv_18ba473d-8913-4785-95cf-9a5400887bb9,16,12,"When the chest reached her, she hoisted it up on the shore."
conv_18ba473d-8913-4785-95cf-9a5400887bb9,17,14,"Her fingers worked deftly with the lock on the front, but it wouldn't budge."
conv_18ba473d-8913-4785-95cf-9a5400887bb9,18,6,Rusted shut by years of saltwater.
conv_18ba473d-8913-4785-95cf-9a5400887bb9,19,17,"She grabbed a rock and struck the clasp once, twice—and on the third blow it flung open."
conv_18ba473d-8913-4785-95cf-9a5400887bb9,20,24,"She peered over the edge, and inside she found a notebook; bound in leather and with the initials 'A. M.' embossed in fading gold."
conv_18ba473d-8913-4785-95cf-9a5400887bb9,21,3,Mara's breath caught.
conv_18ba473d-8913-4785-95cf-9a5400887bb9,22,6,Those were her mother's initials—Audrey Morrow.
conv_18ba473d-8913-4785-95cf-9a5400887bb9,23,9,But her mother had passed when she was young.
conv_18ba473d-8913-4785-95cf-9a5400887bb9,24,13,Her father never spoke much of her; the hurt too much to bear.
conv_18ba473d-8913-4785-95cf-9a5400887bb9,25,16,"She lifted the book out of the chest, running her trembling fingers over the worn leather."
conv_18ba473d-8913-4785-95cf-9a5400887bb9,26,14,"Salt-stained pages crackled as she opened to the first entry, dated twenty-three years ago."
conv_18ba473d-8913-4785-95cf-9a5400887bb9,27,1,"""My"
conv_18be1999-da21-4ab6-8f9e-e52e6d9c8070,0,5,a girl with no name.
conv_18be1999-da21-4ab6-8f9e-e52e6d9c8070,1,18,She would have been given one by the leaders of her small village if they hadn't noticed her.
conv_18be1999-da21-4ab6-8f9e-e52e6d9c8070,2,18,"unusual eyes, a striking blend of green and blue that shimmered like the depths of a mountain lake."
conv_18be1999-da21-4ab6-8f9e-e52e6d9c8070,3,51,"The village elders saw this as a sign, a mark of destiny ""When she comes of age, she will embark on a journey to still the raging oceans so we can once again fish and sail to"" distant lands,"" the village elder declared, his voice echoing through the small, candle-lit chamber."
conv_18be1999-da21-4ab6-8f9e-e52e6d9c8070,4,42,"""Until then, she must prepare and learn the ways of our ancestors She was swept from her family and home she never knew and thrust into the musty library where the elders watched over and taught her ancient secrets and forgotten lore."
conv_18be1999-da21-4ab6-8f9e-e52e6d9c8070,5,30,"Day after day, she delved into dusty tomes and cryptic scrolls, her mind absorbing knowledge as eagerly as her eyes soaked up the names of powerful and simple things alike."
conv_18be1999-da21-4ab6-8f9e-e52e6d9c8070,6,30,"But she couldn't help but long for a name of her own, even though the elders reminded her that her true name would be revealed when the time was right."
conv_18be1999-da21-4ab6-8f9e-e52e6d9c8070,7,37,"In the quiet moments between lessons, she would gaze out the window at the distant sea, watching the violent waves crash and spray, and wonder how a nameless nobody could ever conquer something so vast and wild."
conv_18be1999-da21-4ab6-8f9e-e52e6d9c8070,8,24,"Yet, deep within her, a spark of determination flickered, fueled by the mysterious power in her eyes and the ancient knowledge she was amassing."
conv_18be1999-da21-4ab6-8f9e-e52e6d9c8070,9,31,"On the night of her 15th birthday, the village elders and people all celebrated her as she walked through the village gates stubbornly towards the library, where a grand ceremony awaited."
conv_18be1999-da21-4ab6-8f9e-e52e6d9c8070,10,19,"The air was thick with anticipation, and the villagers cheered her on, their faces illuminated by the flickering torchlight."
conv_18be1999-da21-4ab6-8f9e-e52e6d9c8070,11,19,"As she accepted the elder's formal mission, she carefully held her gaze on him despite the excitement around her."
conv_18be1999-da21-4ab6-8f9e-e52e6d9c8070,12,28,"He gave her the tools she would need for her journey: a compass that always pointed true, a small, enchanted dagger, and a map etched with ancient symbols."
conv_18be1999-da21-4ab6-8f9e-e52e6d9c8070,13,13,"""Your name will be revealed when you face the heart of the storm."""
conv_18be1999-da21-4ab6-8f9e-e52e6d9c8070,14,18,"She didn't understand those words, but all the longing and restlessness in her heart could not be silenced."
conv_18be1999-da21-4ab6-8f9e-e52e6d9c8070,15,2,any longer.
conv_18be1999-da21-4ab6-8f9e-e52e6d9c8070,16,10,"With a deep breath, she stepped forward, her determination unwavering."
conv_18be1999-da21-4ab6-8f9e-e52e6d9c8070,17,24,"The villagers watched in awe as she began her journey, the first step toward a destiny that had been hers since her first breath."
conv_18be1999-da21-4ab6-8f9e-e52e6d9c8070,18,25,"With every step, the cheering of the village grew farther away, replaced by the roar of the wind and the rhythmic crashing of the waves."
conv_18be1999-da21-4ab6-8f9e-e52e6d9c8070,19,18,"The girl with no name, driven by a purpose greater than herself, marched toward the horizon, ready to"
conv_193bbf9f-e759-475a-ae86-76613053567a,0,14,a lighthouse keeper who discovered that every seventh wave carried voices from the past.
conv_193bbf9f-e759-475a-ae86-76613053567a,1,19,Mara had tended the beacon at Cordell Point for over 2 years now and she loves the dark nights.
conv_193bbf9f-e759-475a-ae86-76613053567a,2,10,She glances over the dark sea with the many ships.
conv_193bbf9f-e759-475a-ae86-76613053567a,3,15,In the future she would remember this particular evening as the one that changed everything.
conv_193bbf9f-e759-475a-ae86-76613053567a,4,20,"The beam swept across the water in its eternal rotation—five seconds of light, five of darkness—when she slipped and fell."
conv_193bbf9f-e759-475a-ae86-76613053567a,5,11,She just fell into the darkness with no sounds surrounding her.
conv_193bbf9f-e759-475a-ae86-76613053567a,6,14,"Everything went silent, but she did not feel the cold embrace of the ocean."
conv_193bbf9f-e759-475a-ae86-76613053567a,7,15,"Instead, Mara landed on something solid yet yielding, like weathered canvas stretched over wooden beams."
conv_193bbf9f-e759-475a-ae86-76613053567a,8,13,"Her eyes opened slowly, her hand moved, her foot moved, everything was fine."
conv_193bbf9f-e759-475a-ae86-76613053567a,9,9,She had landed on the parasol of the boutique.
conv_193bbf9f-e759-475a-ae86-76613053567a,10,15,below the lighthouse—a small shop she'd passed a thousand times on her walks into town.
conv_193bbf9f-e759-475a-ae86-76613053567a,11,14,"The striped fabric had caught her like a net, sagging deeply under her weight."
conv_193bbf9f-e759-475a-ae86-76613053567a,12,29,"A light turned on inside the shop, and a young man came out looking up at the parasol she was caught in ""can I help you down from there?"""
conv_193bbf9f-e759-475a-ae86-76613053567a,13,10,"he called, a hint of amusement threading through his concern."
conv_193bbf9f-e759-475a-ae86-76613053567a,14,3,"Mara blinked, disoriented."
conv_193bbf9f-e759-475a-ae86-76613053567a,15,5,"""I am fine, but thanks."""
conv_193bbf9f-e759-475a-ae86-76613053567a,16,11,"The man looked amused at Mara, and then went inside again."
conv_193bbf9f-e759-475a-ae86-76613053567a,17,3,Mara was relieved.
conv_193bbf9f-e759-475a-ae86-76613053567a,18,28,"But moments after he disappeared, she heard it—the seventh wave crashing against the rocks below, and with it, a whisper that seemed to come from the fabric itself."
conv_193bbf9f-e759-475a-ae86-76613053567a,19,6,"""The fate is up to you."
conv_193bbf9f-e759-475a-ae86-76613053567a,20,7,"You have the world in your hands""."
conv_193bbf9f-e759-475a-ae86-76613053567a,21,10,"The girl was frightened, but she knew what to do."
conv_193bbf9f-e759-475a-ae86-76613053567a,22,14,"""Hey, can I get some help after all?"" she shouted toward the shop door."
conv_193bbf9f-e759-475a-ae86-76613053567a,23,10,"The young man reappeared immediately, this time with a ladder."
conv_193bbf9f-e759-475a-ae86-76613053567a,24,7,As he propped it against the parasol.
conv_193bbf9f-e759-475a-ae86-76613053567a,25,2,"""Come here."""
conv_193bbf9f-e759-475a-ae86-76613053567a,26,10,He lifted her from the parasol and onto the ground.
conv_193bbf9f-e759-475a-ae86-76613053567a,27,12,"He gave her his hand and said kindly, ""Hi, I am Felix."
conv_193bbf9f-e759-475a-ae86-76613053567a,28,3,"Are you hurt?"""
conv_193bbf9f-e759-475a-ae86-76613053567a,29,20,"Mara shook her head, still trembling—not from the fall, but from those words that had wrapped around her like ivy."
conv_193bbf9f-e759-475a-ae86-76613053567a,30,4,She knew this name.
conv_193bbf9f-e759-475a-ae86-76613053567a,31,1,Felix.
conv_193bbf9f-e759-475a-ae86-76613053567a,32,7,"She had heard it before, but where?"
conv_193bbf9f-e759-475a-ae86-76613053567a,33,8,"She tried to think, but nothing came up."
conv_193bbf9f-e759-475a-ae86-76613053567a,34,17,"The man looked at her with eyes that seemed to hold decades, though his face was young."
conv_193bbf9f-e759-475a-ae86-76613053567a,35,13,"""You're the lighthouse keeper,"" he said, not as a question but a recognition."
conv_1a776856-1876-44eb-b0f6-31b31250ddca,0,15,There was once a man in a sauna who really liked the smell of sandalwood.
conv_1a776856-1876-44eb-b0f6-31b31250ddca,1,38,"This man was also known for his love of surfing the waves with a certain mechanical assistance in the form of a sleek, silver jet-powered surfboard that allowed him to ride the waves with incredible speed and agility."
conv_1a776856-1876-44eb-b0f6-31b31250ddca,2,22,"As he sat in the sauna, surrounded by the warm, saunagus, he really got to thinking about life and what it brings."
conv_1a776856-1876-44eb-b0f6-31b31250ddca,3,39,"The heat of the sauna combined with the artful smell combinations of sandalwood and eucalyptus wafting through the air seemed to clarify his thoughts, and he found himself pondering the similarities between the fleeting nature of the human experience."
conv_1a776856-1876-44eb-b0f6-31b31250ddca,4,45,"He found that he felt the most sure about his deepest wishes and desires when he just emerged from the heat and stepped out into the cool, crisp air, feeling the sudden rush of clarity and purpose that came with the abrupt change in temperature."
conv_1a776856-1876-44eb-b0f6-31b31250ddca,5,18,It was as if the sauna had washed away all that created problems in his day to day.
conv_1a776856-1876-44eb-b0f6-31b31250ddca,6,31,"He really liked spending his Sundays here, and would sometimes bring guests into the sauna, sharing the tranquility and stimulating conversation that seemed to flow effortlessly in the warm, intimate atmosphere."
conv_1a776856-1876-44eb-b0f6-31b31250ddca,7,15,His friends would often remark on the unique sense of camaraderie that this experience created.
conv_1a776856-1876-44eb-b0f6-31b31250ddca,8,19,"Once outside of the sauna, regular life would, for better or worse, have to continue on as it had."
conv_1a776856-1876-44eb-b0f6-31b31250ddca,9,120,"before, with its familiar routines and responsibilities, but somehow the experience of the sauna lingered, leaving an imprint on his mind and heart, a reminder of the peace and clarity that can be found, even in the rush of expectations and wishes for self-improvement, which are otherwise always present and which often seemed to weigh heavily on his mind, like a constant hum of self-doubt and striving, but in the stillness of the sauna, all of that was sweated out of the body through the pores, although even with all this sweat - the smells were always pleasantly overpowered by the fragrant aromas of the essential oils, sandalwood, and eucalyptus, that filled the air, creating a sense of absolute serenity."
conv_1a776856-1876-44eb-b0f6-31b31250ddca,10,57,"Even though the day-to-day challenges this man faced could be of a different nature for each night slept, the peace of the sauna remained a constant, a dependable refuge from the turmoil and uncertainty of life, a place where he could let his guard down and simply be, surrounded by the gentle heat and clouds of smells."
conv_1a776856-1876-44eb-b0f6-31b31250ddca,11,46,"Even with a constant such as this, the basic human response to achieving something is not satisfaction, but a fleeting sense of contentment, soon giving way to new desires and aspirations, a perpetual cycle of pursuit and longing, and yet, in the tranquility of the sauna,"
conv_1bb594f6-281e-43c0-aad7-d82e4a2ab88d,0,16,"Eliana, a young woman with a heart as vast as the ocean and dreams as deep."
conv_1bb594f6-281e-43c0-aad7-d82e4a2ab88d,1,13,"Born in a small coastal village, Eliana spent her childhood gazing at water."
conv_1bb594f6-281e-43c0-aad7-d82e4a2ab88d,2,16,"Growing up she dreamed of traveling across to visit the land beyond, full of new people."
conv_1bb594f6-281e-43c0-aad7-d82e4a2ab88d,3,18,"A land with big mountains and majestic forests, where the air was crisp and the skies were clear."
conv_1bb594f6-281e-43c0-aad7-d82e4a2ab88d,4,13,"Her village, though quaint and charming, felt too small to contain her spirit."
conv_1bb594f6-281e-43c0-aad7-d82e4a2ab88d,5,17,"Every evening, as she worked in the tavern, she looked longingly at the windows facing the ocean."
conv_1bb594f6-281e-43c0-aad7-d82e4a2ab88d,6,22,"Then one day a mysterious man entered the tavern, his eyes as deep and unreadable as the sea on a stormy night."
conv_1bb594f6-281e-43c0-aad7-d82e4a2ab88d,7,16,"He wore a cloak that seemed to blend with the shadows, and his presence was enchanting."
conv_1bb594f6-281e-43c0-aad7-d82e4a2ab88d,8,9,Throughout the evening she kept stealing glances at him.
conv_1bb594f6-281e-43c0-aad7-d82e4a2ab88d,9,8,Their eyes connected and sparks flew between them.
conv_1bb594f6-281e-43c0-aad7-d82e4a2ab88d,10,12,As she walked home she got a feeling someone was following her.
conv_1bb594f6-281e-43c0-aad7-d82e4a2ab88d,11,24,"The moon cast long, eerie shadows on the cobblestone path, and the sound of the waves seemed to whisper secrets in the night air."
conv_1bb594f6-281e-43c0-aad7-d82e4a2ab88d,12,8,Eliana kept looking around but nobody was there.
conv_1bb594f6-281e-43c0-aad7-d82e4a2ab88d,13,11,"As she was walking faster away, a sound came from behind."
conv_1bb594f6-281e-43c0-aad7-d82e4a2ab88d,14,11,A hand wrapped around her bicep and stopped her from walking.
conv_1bb594f6-281e-43c0-aad7-d82e4a2ab88d,15,9,"Eliana spun around, her heart pounding in her chest."
conv_1bb594f6-281e-43c0-aad7-d82e4a2ab88d,16,15,"The mysterious man from the tavern stood before her, his face now softened by concern."
conv_1bb594f6-281e-43c0-aad7-d82e4a2ab88d,17,11,"""I didn't mean to scare you, but have we met before?"""
conv_1bb594f6-281e-43c0-aad7-d82e4a2ab88d,18,5,a deep raspy voice said.
conv_1bb594f6-281e-43c0-aad7-d82e4a2ab88d,19,8,"Suppressing a scream, she managed a small ""No."""
conv_1bb594f6-281e-43c0-aad7-d82e4a2ab88d,20,13,"Searching her face, he said, ""You remind me of someone I once knew."
conv_1bb594f6-281e-43c0-aad7-d82e4a2ab88d,21,8,"Someone who also had a thirst for adventure."""
conv_1bb594f6-281e-43c0-aad7-d82e4a2ab88d,22,5,He released her arm gently.
conv_1bb594f6-281e-43c0-aad7-d82e4a2ab88d,23,13,"""Perhaps we could talk more, if you are willing to meet me tomorrow."
conv_1bb594f6-281e-43c0-aad7-d82e4a2ab88d,24,14,"Meet at the well at noon"" he said, as he disappeared in the shadows."
conv_1bb594f6-281e-43c0-aad7-d82e4a2ab88d,25,16,"Feeling confused Eliana went home, her head now filled with a mix of curiosity and caution."
conv_1bb594f6-281e-43c0-aad7-d82e4a2ab88d,26,29,"The encounter left her with more questions than answers, but the idea of adventure and the possibility of uncovering hidden paths beyond her village began forming in her mind."
conv_1bb594f6-281e-43c0-aad7-d82e4a2ab88d,27,14,"Waking the next morning full of excitement, she decided to meet the strange man."
conv_1bb594f6-281e-43c0-aad7-d82e4a2ab88d,28,10,Time went slowly as she waited for noon to come.
conv_1bb594f6-281e-43c0-aad7-d82e4a2ab88d,29,11,and the sun to reach its highest point in the sky.
conv_1bb594f6-281e-43c0-aad7-d82e4a2ab88d,30,22,"Finally, with a nervous flutter in her stomach, Eliana made her way to the well, her heart racing with exhilaration and nerves."
conv_1bb594f6-281e-43c0-aad7-d82e4a2ab88d,31,13,Standing at the well was the man waiting his eyes shining like sapphires.
conv_1bb594f6-281e-43c0-aad7-d82e4a2ab88d,32,11,As he saw her coming a smile spread across his face.
conv_1bb594f6-281e-43c0-aad7-d82e4a2ab88d,33,9,"""You came,"" he said, his voice warm and welcoming."
conv_1bb594f6-281e-43c0-aad7-d82e4a2ab88d,34,3,"""I'm called Arlo."
conv_1bb594f6-281e-43c0-aad7-d82e4a2ab88d,35,5,"And you must be Eliana."""
conv_1bb594f6-281e-43c0-aad7-d82e4a2ab88d,36,5,"She nodded, her throat suddenly"
conv_20c3db22-5b6d-42fa-bdee-f1e1a84fe6e8,0,26,"a mad scientist called Julius, who is trying to create a Time Machine to go back in time and prevent the birth of a terrible dictator."
conv_20c3db22-5b6d-42fa-bdee-f1e1a84fe6e8,1,22,"a mad scientist called Julius, who, in the dim light of his cluttered laboratory, pored over ancient texts and cutting-edge scientific journals."
conv_20c3db22-5b6d-42fa-bdee-f1e1a84fe6e8,2,30,His goal was to understand everything he could about the nature of time in order to build a Time Machine in order to harness the power of the fourth dimension.
conv_20c3db22-5b6d-42fa-bdee-f1e1a84fe6e8,3,21,"Every day and night, he worked tirelessly, fueled by a mix of ambition, desperation, and a deep sense of moral duty."
conv_20c3db22-5b6d-42fa-bdee-f1e1a84fe6e8,4,28,"The dictator he aimed to destroy was named Adolfus and was presently oppressing the people of Barovia in an eternal war machine, and persecuting the region's minority groups."
conv_20c3db22-5b6d-42fa-bdee-f1e1a84fe6e8,5,23,"Julius had seen the horrors firsthand during a brief visit to Barovia, where the once-thriving streets were now filled with fear and suffering."
conv_20c3db22-5b6d-42fa-bdee-f1e1a84fe6e8,6,35,The more he learned the more he knew that his sole mission in life was to not just end the dictator and the Nazis' reign but to prevent it from happening in the first place.
conv_20c3db22-5b6d-42fa-bdee-f1e1a84fe6e8,7,16,"With a renewed sense of purpose, Julius began to assemble the components of his Time Machine."
conv_20c3db22-5b6d-42fa-bdee-f1e1a84fe6e8,8,36,"He scavenged parts from abandoned factories, raided libraries for forbidden knowledge, and conducted experiments on willing volunteers, awaiting the point when he himself would travel back in time to change the course and direction of history."
conv_20c3db22-5b6d-42fa-bdee-f1e1a84fe6e8,9,24,"The final piece of his invention, a mysterious crystal he had discovered in an ancient cave, was the key to unlocking the time-traveling potential."
conv_20c3db22-5b6d-42fa-bdee-f1e1a84fe6e8,10,30,"As the machine whirred into action, Julius strapped himself into the attached seat and put on his radioactivity-blocking helmet, as he adjusted the dials and levers with a steady hand."
conv_20c3db22-5b6d-42fa-bdee-f1e1a84fe6e8,11,32,"The air around him buzzed with an otherworldly energy, and the walls of his laboratory began to blur and distort and he felt his body being pushed and pulled in all directions."
conv_20c3db22-5b6d-42fa-bdee-f1e1a84fe6e8,12,16,He lost consciousness and when he awoke he found himself in a different time and place.
conv_20c3db22-5b6d-42fa-bdee-f1e1a84fe6e8,13,22,"The year was 1890, and he was in a small, bustling village that would one day become the heart of Barovia ."
conv_20c3db22-5b6d-42fa-bdee-f1e1a84fe6e8,14,26,"Julius exited the Time Machine and got his bearings, looking around the town for signs of the local butcher shop, where he knew Adolfus's father worked."
conv_20c3db22-5b6d-42fa-bdee-f1e1a84fe6e8,15,21,"The streets were lined with cobblestones, and the air was filled with the smells of freshly baked bread and horse-drawn carriages."
conv_20c3db22-5b6d-42fa-bdee-f1e1a84fe6e8,16,9,Julius spotted the butcher shop and headed there immediately.
conv_20c3db22-5b6d-42fa-bdee-f1e1a84fe6e8,17,17,"Inside he saw a large man with a blood-stained apron, whom he immediately recognized as Adolfus's father."
conv_20c3db22-5b6d-42fa-bdee-f1e1a84fe6e8,18,20,"Julius approached him with a sense of trepidation, knowing that the slightest misstep could alter the timeline in unpredictable ways."
conv_20c3db22-5b6d-42fa-bdee-f1e1a84fe6e8,19,1,"""Excuse"
conv_23ed55f8-cc91-439f-8c8e-e24f66457596,0,4,fairy living in Wonderland.
conv_23ed55f8-cc91-439f-8c8e-e24f66457596,1,14,"She is a very happy fairy, who has lots and lots of fairy friends."
conv_23ed55f8-cc91-439f-8c8e-e24f66457596,2,4,They are all special.
conv_23ed55f8-cc91-439f-8c8e-e24f66457596,3,8,"and unique, each with their own magical talents."
conv_23ed55f8-cc91-439f-8c8e-e24f66457596,4,26,"One day, while fluttering through the Enchanted Forest, the fairy named Lila discovered a mysterious, shimmering flower She bent down to take a look at it."
conv_23ed55f8-cc91-439f-8c8e-e24f66457596,5,11,"At first she was careful, but she couldn't shake her curiosity."
conv_23ed55f8-cc91-439f-8c8e-e24f66457596,6,5,She just had to touch.
conv_23ed55f8-cc91-439f-8c8e-e24f66457596,7,3,the delicate petals.
conv_23ed55f8-cc91-439f-8c8e-e24f66457596,8,30,"As soon as her fingers brushed against them, the flower began to glow even brighter, and a soft, melodic voice whispered, “Welcome, Lila I am the flower of three wishes."
conv_23ed55f8-cc91-439f-8c8e-e24f66457596,9,4,You have discovered me...
conv_23ed55f8-cc91-439f-8c8e-e24f66457596,10,6,Now you can have 3 wishes.
conv_23ed55f8-cc91-439f-8c8e-e24f66457596,11,20,"I will grant you wishes, but only if they are used wisely and for the good of all in Wonderland."
conv_23ed55f8-cc91-439f-8c8e-e24f66457596,12,5,What will you wish for?”
conv_23ed55f8-cc91-439f-8c8e-e24f66457596,13,9,"Lila, surprised but excited, thought hard about the possibilities."
conv_23ed55f8-cc91-439f-8c8e-e24f66457596,14,29,"She knew that her mother was always bothered by their lack of wealth and now this was a chance for her to help her, and take away her worries."
conv_23ed55f8-cc91-439f-8c8e-e24f66457596,15,11,But is that really the best use of such powerful wishes?
conv_23ed55f8-cc91-439f-8c8e-e24f66457596,16,9,Lila’s heart ached with the weight of the decision.
conv_23ed55f8-cc91-439f-8c8e-e24f66457596,17,21,"She looked around at her fairy friends playing in the sunbeams, their laughter reminded her of some children in the community."
conv_23ed55f8-cc91-439f-8c8e-e24f66457596,18,13,"Sometimes a mysterious illness would appear in Wonderland, causing much sorrow and pain."
conv_23ed55f8-cc91-439f-8c8e-e24f66457596,19,23,"Lila realized that perhaps her first wish could be used to heal all the sick children in Wonderland, ensuring their happiness and health."
conv_23ed55f8-cc91-439f-8c8e-e24f66457596,20,7,"With a Sigh, she opened her mouth."
conv_23ed55f8-cc91-439f-8c8e-e24f66457596,21,5,Dear flower of three wishes.
conv_23ed55f8-cc91-439f-8c8e-e24f66457596,22,9,Please have this evil disease be done away with.
conv_23ed55f8-cc91-439f-8c8e-e24f66457596,23,2,Please save.
conv_23ed55f8-cc91-439f-8c8e-e24f66457596,24,7,"all the children in Wonderland from suffering."""
conv_23ed55f8-cc91-439f-8c8e-e24f66457596,25,18,"The flower pulsed with a warm, golden light, and Lila felt a wave of peace wash over her."
conv_23ed55f8-cc91-439f-8c8e-e24f66457596,26,12,"The air filled with a golden powder, making Lila a bit dizzy."
conv_23ed55f8-cc91-439f-8c8e-e24f66457596,27,6,It smelled like candy and fruits.
conv_23ed55f8-cc91-439f-8c8e-e24f66457596,28,20,"Looking at the pieces of powder floating around in the air, Lila smiled, knowing that her wish had been granted."
conv_23ed55f8-cc91-439f-8c8e-e24f66457596,29,17,"The golden dust swirled and formed a gentle breeze, carrying the cure to every corner of Wonderland."
conv_23ed55f8-cc91-439f-8c8e-e24f66457596,30,11,"Lila was passed out on the grass, dreaming about happy children."
conv_23ed55f8-cc91-439f-8c8e-e24f66457596,31,35,"When she woke up the next morning, she thought she had a wonderful dream, but as she flew back to her village, she saw families celebrating and children laughing without a trace of the illness."
conv_23ed55f8-cc91-439f-8c8e-e24f66457596,32,17,"Lila’s heart soared, realizing that she managed to save the youngsters of Wonderland from the evil disease."
conv_23ed55f8-cc91-439f-8c8e-e24f66457596,33,7,She was wondering where the flower went.
conv_23ed55f8-cc91-439f-8c8e-e24f66457596,34,4,She couldn't see it.
conv_23ed55f8-cc91-439f-8c8e-e24f66457596,35,14,"anywhere, but she knew deep in her heart that it had fulfilled its purpose."
conv_23ed55f8-cc91-439f-8c8e-e24f66457596,36,16,"Lila decided to use her remaining wishes to bring more joy and peace to Wonderland, ensuring"
conv_29031421-8265-472f-b4ce-f147dd80edca,0,11,a young girl who would grow into a very brave hero.
conv_29031421-8265-472f-b4ce-f147dd80edca,1,15,It is also the story of losing your home and finding yourself in the ruins.
conv_29031421-8265-472f-b4ce-f147dd80edca,2,17,"But most, it's a story about friendship—the kind that survives even when everything else crumbles to dust."
conv_29031421-8265-472f-b4ce-f147dd80edca,3,17,"Her name was Mira, and she was seven years old when the new king started his rule."
conv_29031421-8265-472f-b4ce-f147dd80edca,4,10,Suddenly the streets of the capital were filled with wanted-posters.
conv_29031421-8265-472f-b4ce-f147dd80edca,5,15,Poison dripped from the king's tongue and right into the ears of those who listened.
conv_29031421-8265-472f-b4ce-f147dd80edca,6,10,"""Traitors walk among us,"" he declared from his gilded balcony."
conv_29031421-8265-472f-b4ce-f147dd80edca,7,6,"""The old loyalists plot in shadows."
conv_29031421-8265-472f-b4ce-f147dd80edca,8,8,Trust no one Mira's older brother listened carefully.
conv_29031421-8265-472f-b4ce-f147dd80edca,9,4,He started to change.
conv_29031421-8265-472f-b4ce-f147dd80edca,10,8,He would follow Mira's mother everywhere she went.
conv_29031421-8265-472f-b4ce-f147dd80edca,11,27,"""I'm just keeping an eye out for her,"" he would say, but his eyes had grown cold and watchful in a way that made Mira's stomach twist."
conv_29031421-8265-472f-b4ce-f147dd80edca,12,4,Their mother noticed too.
conv_29031421-8265-472f-b4ce-f147dd80edca,13,7,She began burning letters in the fireplace.
conv_29031421-8265-472f-b4ce-f147dd80edca,14,15,"When Mira asked why, she would say it was to save wood for the winter."
conv_29031421-8265-472f-b4ce-f147dd80edca,15,15,Mira watched the fire and dreamed of burning as brightly as those flames—fierce and untouchable.
conv_29031421-8265-472f-b4ce-f147dd80edca,16,7,"One night, Mira woke to urgent whispers."
conv_29031421-8265-472f-b4ce-f147dd80edca,17,15,"Through the crack in her door, she saw her mother stuff food into a bag."
conv_29031421-8265-472f-b4ce-f147dd80edca,18,8,Mira crept closer to get a better view.
conv_29031421-8265-472f-b4ce-f147dd80edca,19,6,A man stood in the door.
conv_29031421-8265-472f-b4ce-f147dd80edca,20,15,Mira's mother handed him the bag and shoved him out and into the dark street.
conv_29031421-8265-472f-b4ce-f147dd80edca,21,7,But her brother had seen it too.
conv_29031421-8265-472f-b4ce-f147dd80edca,22,11,"""Mother,"" he said quietly from the stairwell, ""who was that man?"""
conv_29031421-8265-472f-b4ce-f147dd80edca,23,12,The silence stretche long and wide until it covered the entire house.
conv_29031421-8265-472f-b4ce-f147dd80edca,24,8,"""No one,"" her mother stammered, looking awfully pale."
conv_29031421-8265-472f-b4ce-f147dd80edca,25,14,"Mira's brother left the stairwell and walked toward the door, reaching for his coat."
conv_29031421-8265-472f-b4ce-f147dd80edca,26,12,"""I should report this,"" he said, not looking at either of them."
conv_29031421-8265-472f-b4ce-f147dd80edca,27,8,"""The king rewards those who protect the realm."""
conv_29031421-8265-472f-b4ce-f147dd80edca,28,4,Suddenly Mira's mother moved.
conv_29031421-8265-472f-b4ce-f147dd80edca,29,20,"She moved with speed and grace, grabbed the shoulder of her son and turned him so they faced each other."
conv_29031421-8265-472f-b4ce-f147dd80edca,30,20,"""Don't you dare"" she hissed, and for the first time Mira saw her mother not as gentle, but as steel."
conv_29031421-8265-472f-b4ce-f147dd80edca,31,5,"""That man has a family."
conv_29031421-8265-472f-b4ce-f147dd80edca,32,6,Children younger than your little sister.
conv_29031421-8265-472f-b4ce-f147dd80edca,33,11,Mira tried to be one with the shadows in the kitchen.
conv_29031421-8265-472f-b4ce-f147dd80edca,34,8,Her brother scoffed and knocked his mother's hand.
conv_29031421-8265-472f-b4ce-f147dd80edca,35,1,away.
conv_29031421-8265-472f-b4ce-f147dd80edca,36,4,"""Traitors' children,"" he spat."
conv_29031421-8265-472f-b4ce-f147dd80edca,37,10,"""They're better off without a father who defies the king."""
conv_29031421-8265-472f-b4ce-f147dd80edca,38,5,"""When did you become this?"""
conv_29031421-8265-472f-b4ce-f147dd80edca,39,11,"Mira heard the confusion, fear and disappointment in her mother's voice."
conv_29031421-8265-472f-b4ce-f147dd80edca,40,13,"Her brother didn't hear it as he laughed, ""I've always been like this."
conv_29031421-8265-472f-b4ce-f147dd80edca,41,8,You were just to blind to see it.
conv_29031421-8265-472f-b4ce-f147dd80edca,42,12,"The king showed me the truth—showed us all what strength really means."""
conv_29031421-8265-472f-b4ce-f147dd80edca,43,11,"He turned back toward the door, and Mira knew with terrible"
conv_2ce635fa-cb6c-424f-9565-859a944eed92,0,13,"While not all birds fly, it is a known fact that most do."
conv_2ce635fa-cb6c-424f-9565-859a944eed92,1,12,"And while any bird may lose the ability to fly, most don't."
conv_2ce635fa-cb6c-424f-9565-859a944eed92,2,18,"But the distinguishing factor is the intent of flight, for any one bird does not fly without purpose."
conv_2ce635fa-cb6c-424f-9565-859a944eed92,3,20,"while mainly a necessity for the bird, humans have long envied and awed the ability to soar through the air."
conv_2ce635fa-cb6c-424f-9565-859a944eed92,4,19,"while often thought of as an act of freedom, the sky is what the water is to a fish."
conv_2ce635fa-cb6c-424f-9565-859a944eed92,5,12,"it is not an addition to, but a prerequisite for survival itself."
conv_2ce635fa-cb6c-424f-9565-859a944eed92,6,13,Marcus understood this as he watched the starlings wheel above the autumn field.
conv_2ce635fa-cb6c-424f-9565-859a944eed92,7,13,Their murmuration shifted like liquid thought—thousands of bodies moving as one min d.
conv_2ce635fa-cb6c-424f-9565-859a944eed92,8,10,but so is not the case for any one bird.
conv_2ce635fa-cb6c-424f-9565-859a944eed92,9,33,"flightless birds, as they are called, have taken to new ways of survival, be that in water or on land with such commitment that their wings became vestigial whispers of what once was."
conv_2ce635fa-cb6c-424f-9565-859a944eed92,10,7,The penguin trades air for ocean depths.
conv_2ce635fa-cb6c-424f-9565-859a944eed92,11,6,"The ostrich, speed across savanna ."
conv_2ce635fa-cb6c-424f-9565-859a944eed92,12,34,"these birds are what bats are to mammals: while fundamentally the same general type of creature, they have made a drastic change in the progress of evolution that sets them apart from their kin."
conv_2ce635fa-cb6c-424f-9565-859a944eed92,13,21,Yet Marcus had discovered something that troubled him during his years of ornithological research—a pattern that didn't fit the text .
conv_2ce635fa-cb6c-424f-9565-859a944eed92,14,6,but everything has a reasonable explanation.
conv_2ce635fa-cb6c-424f-9565-859a944eed92,15,13,"any creature will, with time, shed any part that does not serve it."
conv_2ce635fa-cb6c-424f-9565-859a944eed92,16,18,"both for the birds that first flew and those that left the act behind, the transformation followed necessity."
conv_2ce635fa-cb6c-424f-9565-859a944eed92,17,29,"What Marcus found in the fossil beds of Montana, however, suggested something different—a species that had developed flight, lost it, then reg gressed into a relic of the past."
conv_2ce635fa-cb6c-424f-9565-859a944eed92,18,22,"While humans might envy flight, it is nothing more than an act of levitation, the ability to counter gravity through motoric force."
conv_2ce635fa-cb6c-424f-9565-859a944eed92,19,24,"The bones told a stranger story still—this ancient bird had grown heavier with each generation, its wingspan shrinking while its breast muscles paradoxically strengthened."
conv_2ce635fa-cb6c-424f-9565-859a944eed92,20,18,"this ability has equally been stripped by force, as is the case of the flightless breeds of chicken."
conv_2ce635fa-cb6c-424f-9565-859a944eed92,21,21,"while humans allowed their breast muscles to grow for the meat, they could no longer support their own weight in air."
conv_2ce635fa-cb6c-424f-9565-859a944eed92,22,10,Domestication had turned flight into a burden rather than salvation.
conv_2ce635fa-cb6c-424f-9565-859a944eed92,23,32,"Marcus traced his finger along the fossilized keel bone, noting how all birds, like the other groups of animals, all share a base biological structure, modified to the needs of the species."
conv_2ce635fa-cb6c-424f-9565-859a944eed92,24,22,"flight or not, they are all connected by that ancient blueprint—hollow bones, keen vision, the echo of dinosaurs in their very marrow."
conv_2ce635fa-cb6c-424f-9565-859a944eed92,25,11,What separated his fossil from the chickens was choice versus circumst
conv_2f306db5-d066-4651-b17c-762d7f601570,0,19,"two friends, Mia and Liam, who lived in a small coastal town known for its lighthouses and misty mornings."
conv_2f306db5-d066-4651-b17c-762d7f601570,1,9,"Despite the town’s quiet existence, unusual things kept happening."
conv_2f306db5-d066-4651-b17c-762d7f601570,2,22,Mia and Liam were always trying to get to the root of why their town was the center of such peculiar events.
conv_2f306db5-d066-4651-b17c-762d7f601570,3,20,"One foggy evening, as they walked along the beach, they stumbled upon an old, weathered map tucked inside a bottle."
conv_2f306db5-d066-4651-b17c-762d7f601570,4,9,The map was not one they had seen before.
conv_2f306db5-d066-4651-b17c-762d7f601570,5,18,"Well, the map as a whole they hadn't seen before, but still they could recognize parts of it."
conv_2f306db5-d066-4651-b17c-762d7f601570,6,32,"For in the corners, there were sketches of familiar landmarks from their town, but the central part of the map depicted an island that wasn’t on any of the charts they knew."
conv_2f306db5-d066-4651-b17c-762d7f601570,7,11,The map thus became the starting point of their next adventure.
conv_2f306db5-d066-4651-b17c-762d7f601570,8,10,Only now they needed to decide how they were going.
conv_2f306db5-d066-4651-b17c-762d7f601570,9,5,to find this mysterious island.
conv_2f306db5-d066-4651-b17c-762d7f601570,10,45,"They spent the next few days in the local library, poring over old maritime records and tales of forgotten islands, hoping to uncover a clue that might help them understand where the map might have come from and how they might get to the island."
conv_2f306db5-d066-4651-b17c-762d7f601570,11,25,"But also Mia was, as always, hoping, to find a way to uncover the secrets that seemed to weave through the fabric of their town."
conv_2f306db5-d066-4651-b17c-762d7f601570,12,20,"Liam, on the other hand, was more practical, focusing on the logistics of a plan to reach this mysterious island."
conv_2f306db5-d066-4651-b17c-762d7f601570,13,37,"He, unlike Mia, felt sure that this would not be where they'd find the town's answers, but he was willing to follow his friend’s lead, knowing that sometimes the journey itself was more important than the destination."
conv_2f306db5-d066-4651-b17c-762d7f601570,14,9,"Together, they decided to seek out the town Specialist."
conv_2f306db5-d066-4651-b17c-762d7f601570,15,9,She had been the one who last saw Maren.
conv_2f306db5-d066-4651-b17c-762d7f601570,16,14,Maren had been the last person to get lost trying to find the island.
conv_2f306db5-d066-4651-b17c-762d7f601570,17,28,"The Specialist, an elderly woman with a reputation for knowing more about the town’s secrets than anyone else, listened intently as Mia and Liam explained their discovery ."
conv_2f306db5-d066-4651-b17c-762d7f601570,18,23,"In the end, she, to the surprise of both Mia and Liam, told them directly that she did in fact have some answers."
conv_2f306db5-d066-4651-b17c-762d7f601570,19,7,Only she didn't want to tell them.
conv_2f306db5-d066-4651-b17c-762d7f601570,20,22,"Instead, she gave them an old, leather-bound journal, warning them to read it carefully and to follow its guidance to the letter."
conv_2f306db5-d066-4651-b17c-762d7f601570,21,20,"“The answers you seek are within these words, but look too closely and you might never find your way home""."
conv_2f306db5-d066-4651-b17c-762d7f601570,22,13,"Immediately, Mia thought of Harry Potter, while Liam thought of the old lady."
conv_2f306db5-d066-4651-b17c-762d7f601570,23,4,was just being dramatic.
conv_2f306db5-d066-4651-b17c-762d7f601570,24,9,"Nevertheless, they promised to be cautious and thanked her."
conv_2f306db5-d066-4651-b17c-762d7f601570,25,16,"As they walked back under the dim streetlights, the weight of the journal in Mia’s hands"
conv_328804bd-df9e-47da-ad43-e4da646b9ceb,0,18,"a young girl named Sophia, who lived in a small village surrounded by rolling hills and dense forests."
conv_328804bd-df9e-47da-ad43-e4da646b9ceb,1,22,"She was known throughout the village for her curiosity and sense of adventure, often leading her wandering far into the restricted area."
conv_328804bd-df9e-47da-ad43-e4da646b9ceb,2,29,"The restricted area was at the other side of the nearby prairie, leading to the foot of a magnificent and ancient mountain, its peak shrouded in a perpetual mist."
conv_328804bd-df9e-47da-ad43-e4da646b9ceb,3,22,"The villagers believed the mountain was cursed, and many whispered stories of strange happenings and un settling findings throughout the restricted area."
conv_328804bd-df9e-47da-ad43-e4da646b9ceb,4,45,"The Kingsguard had once performed a full expedition, trying to uncover the mysteries of the area, but they never returned, leaving behind only a cryptic message etched into a stone monument at the edge of the prairie, warning of an ""echoing silence"" and ""bright darkness."""
conv_328804bd-df9e-47da-ad43-e4da646b9ceb,5,59,"No one had dared venture as long as they did ever since, but Sophia was intrigued with the area, and said this day as she stood before the stone monument, she felt an inexplicable pull to explore the very depths of the restricted area, to unravel the secrets that lay hidden within the ""bright darkness"" and the ""echoing silence""."
conv_328804bd-df9e-47da-ad43-e4da646b9ceb,6,34,"She left as the moon arrived, just after the housemaid had blown out the last of the evening candles, casting the village in an inky blackness that seemed to pulse with an otherworldly energy."
conv_328804bd-df9e-47da-ad43-e4da646b9ceb,7,16,"With a deep breath, Sophia slipped out and moved through the dark parts of the village."
conv_328804bd-df9e-47da-ad43-e4da646b9ceb,8,60,"She was not to be seen, as this in fact was strictly forbidden by the village elder, who had long warned of the dangers that lurked in the shadows, and the severe punishment that would befall anyone caught sneaking out however, Sophia was a curious and adventurous girl, so she left the village all right, and moved towards the prairie."
conv_328804bd-df9e-47da-ad43-e4da646b9ceb,9,27,"The stream dividing the village from the prairie babbled and churned, its gentle voice a stark contrast to the darkness that seemed to press in around her."
conv_328804bd-df9e-47da-ad43-e4da646b9ceb,10,14,"Sophia followed the stream's rumble, as this was the only passage toward the prairie."
conv_328804bd-df9e-47da-ad43-e4da646b9ceb,11,28,"However, the current was rough today, so Sophia had a hard time crossing it, the icy water swirling around her ankles and threatening to sweep her off balance."
conv_328804bd-df9e-47da-ad43-e4da646b9ceb,12,19,"She grasped at the smooth stones that lined the stream's bed, her fingers icy cold, and her feet trembling."
conv_328804bd-df9e-47da-ad43-e4da646b9ceb,13,35,"She finally crossed the murky waters, and the well-known silence, but that being a very loud silence, the kind that seemed to reverberate through every cell of her body, making her skin prickle with unease."
conv_328804bd-df9e-47da-ad43-e4da646b9ceb,14,6,"As she emerged onto the prairie,"
conv_33502e38-922d-4e7d-a252-ab236947c3d2,0,1,Michael.
conv_33502e38-922d-4e7d-a252-ab236947c3d2,1,21,"Michael is not only a father - he is also a son, a cousin, a brother, a friend, and a husband."
conv_33502e38-922d-4e7d-a252-ab236947c3d2,2,26,"But more so, he was a man consumed by his own sense of purpose, driven by a passion that had been simmering within him for years."
conv_33502e38-922d-4e7d-a252-ab236947c3d2,3,23,"He had a vision, a dream that he had pushed to the side all these years, as he was climbing the corporate ladder."
conv_33502e38-922d-4e7d-a252-ab236947c3d2,4,31,"As he was caring for his children, and cooking for his wife, the familiar rhythms of family life had become a comforting distraction from the gentle nagging of his own ambitions."
conv_33502e38-922d-4e7d-a252-ab236947c3d2,5,24,"But on quiet nights, when the house was still and the neighbors had turned off the lights - Michael returned to this dreamy state."
conv_33502e38-922d-4e7d-a252-ab236947c3d2,6,30,"He isolated himself from outer stimuli and disappeared into the depths of his own mind, where the memories of his childhood passions and creative pursuits awaited him like old friends."
conv_33502e38-922d-4e7d-a252-ab236947c3d2,7,21,"The smell of freshly sharpened pencils, the feel of paint at the end of the brush, being lathered against the walls."
conv_33502e38-922d-4e7d-a252-ab236947c3d2,8,2,His secret.
conv_33502e38-922d-4e7d-a252-ab236947c3d2,9,3,His secret only.
conv_33502e38-922d-4e7d-a252-ab236947c3d2,10,6,But problems arose the first day.
conv_33502e38-922d-4e7d-a252-ab236947c3d2,11,34,"he decided to bring his secret out into the open, as he stumbled upon an old, forgotten easel in the attic, covered in dust and cobwebs, with a canvas grey from all the dust."
conv_33502e38-922d-4e7d-a252-ab236947c3d2,12,10,He knew that he had to uncover what was underneath.
conv_33502e38-922d-4e7d-a252-ab236947c3d2,13,4,His curiosity was piqued.
conv_33502e38-922d-4e7d-a252-ab236947c3d2,14,42,"His interest - piqued, Michael gently began to wipe away the layers of dust, revealing a glimpse of vibrant colors and bold brushstrokes, and as the last of the dust fell to the floor, Michael realized what he had to do now."
conv_33502e38-922d-4e7d-a252-ab236947c3d2,15,31,"His secret could no longer be kept to himself, and he would have to share it with the one person he had been hiding it from the most - his wife."
conv_33502e38-922d-4e7d-a252-ab236947c3d2,16,35,"The thought sent a mix of emotions swirling through his chest, as he imagined her running her hands over the thin layers of old paint - kept in good condition due to the thick dust."
conv_33502e38-922d-4e7d-a252-ab236947c3d2,17,30,"He knew that she would question him out - how did he find this treasure, why he had kept it hidden for so long, and what it meant to him."
conv_33502e38-922d-4e7d-a252-ab236947c3d2,18,17,"The questions swirled in his mind like a storm, and he could feel his hands getting sweaty."
conv_33502e38-922d-4e7d-a252-ab236947c3d2,19,7,The painting was not just any painting.
conv_33502e38-922d-4e7d-a252-ab236947c3d2,20,54,"But you need expertise within the field to know its worth - something Michael had held to himself for years, a secret that only a select few in the art world would recognize, and as he stood there, frozen in anticipation, he heard the sound of his alarm clock going off in the basement."
conv_33502e38-922d-4e7d-a252-ab236947c3d2,21,2,He panicked.
conv_33502e38-922d-4e7d-a252-ab236947c3d2,22,19,"Realized that he had to go to work, and that his wife would wake up to the sound going."
conv_33502e38-922d-4e7d-a252-ab236947c3d2,23,30,"off and start her day, oblivious to the revelation that had just shaken Michael's world, and he knew he had to hurry, to get out the door before she saw"
conv_33502e38-922d-4e7d-a252-ab236947c3d2,24,1,the
conv_396737da-f9a2-4564-9edf-3712ef73724d,0,22,"two childhood friends, Lily and Max, who grew up in a small town nestled between rolling hills and a vast, shimmering lake."
conv_396737da-f9a2-4564-9edf-3712ef73724d,1,19,They spent their summers exploring forbidden caves where there had been deeply disturbing problems with children in the past.
conv_396737da-f9a2-4564-9edf-3712ef73724d,2,10,"They weren't afraid, they thought, because they had each other."
conv_396737da-f9a2-4564-9edf-3712ef73724d,3,30,"The caves were dark and filled with the echoes of whispers, but Lily and Max always found their way through the twisting passages, their flashlights cutting through the musty air."
conv_396737da-f9a2-4564-9edf-3712ef73724d,4,10,They slipped on some mud as the passage sloped downward.
conv_396737da-f9a2-4564-9edf-3712ef73724d,5,18,"And when they came to a stop they were in a very different world, even a different time."
conv_396737da-f9a2-4564-9edf-3712ef73724d,6,10,"The air was warmer and carried a sweet, floral scent."
conv_396737da-f9a2-4564-9edf-3712ef73724d,7,43,"The cave walls glowed with a soft, bioluminescent light, casting everything in a surreal, azure hue [avoid trite phrases and move the story forward] that were cast by gem-like lasers and manned by creatures that looked like giant, luminous insects with iridescent wings."
conv_396737da-f9a2-4564-9edf-3712ef73724d,8,15,"The creatures moved gracefully, attending to intricate machinery that hummed with an ancient, rhythmic energy."
conv_396737da-f9a2-4564-9edf-3712ef73724d,9,28,"Lily and Max were startled but not surprised, they knew the children that had been returned in the past were drained of blood and spoke in another language."
conv_396737da-f9a2-4564-9edf-3712ef73724d,10,17,"Lily and Max exchanged a nervous glance, the stories of the missing children echoing in their minds."
conv_396737da-f9a2-4564-9edf-3712ef73724d,11,30,"They had always thought those tales were just spooky legends, but now, standing in the presence of creatures, they were ready to engage them and learn why they were there."
conv_396737da-f9a2-4564-9edf-3712ef73724d,12,10,They knew there was a connection to older Nazi projects.
conv_396737da-f9a2-4564-9edf-3712ef73724d,13,15,"The air grew tense as Lily and Max stepped forward, their curiosity overriding their fear."
conv_396737da-f9a2-4564-9edf-3712ef73724d,14,10,"""Who are you, and what do you want with us?"""
conv_396737da-f9a2-4564-9edf-3712ef73724d,15,5,"Lily asked, her voice trembling."
conv_396737da-f9a2-4564-9edf-3712ef73724d,16,20,She recalled a story her grandmother had told her in which humans were divided into different castes for different fates.
conv_396737da-f9a2-4564-9edf-3712ef73724d,17,13,"The largest insect-like creature approached them, its eyes glowing a deep, calming blue."
conv_396737da-f9a2-4564-9edf-3712ef73724d,18,13,"""We are the Custodians of the Aether,"" it said in a melodious voice."
conv_396737da-f9a2-4564-9edf-3712ef73724d,19,4,The Aether demands sacrifices.
conv_396737da-f9a2-4564-9edf-3712ef73724d,20,11,At least that is what we were told by previous humans.
conv_396737da-f9a2-4564-9edf-3712ef73724d,21,7,Why do you like sacrifice so much?
conv_396737da-f9a2-4564-9edf-3712ef73724d,22,7,Lily and Max exchanged a bewildered look.
conv_396737da-f9a2-4564-9edf-3712ef73724d,23,9,"""We don't like sacrifice,"" Max replied, his voice steady."
conv_396737da-f9a2-4564-9edf-3712ef73724d,24,15,"""We just want to understand what's happening and why There are so many happenings here."""
conv_396737da-f9a2-4564-9edf-3712ef73724d,25,10,"The creature responded: ""Surely you have stories that demand sacrifice."
conv_396737da-f9a2-4564-9edf-3712ef73724d,26,4,"What is its purpose?"""
conv_396737da-f9a2-4564-9edf-3712ef73724d,27,20,"Lily nodded, thinking of the ancient myths and tales that spoke of sacrifices to appease gods or ensure the harvest."
conv_396737da-f9a2-4564-9edf-3712ef73724d,28,9,"""In our stories, sacrifices are often meant to bring"
conv_3b65e0a1-1bf7-4f16-825f-63867d60f8d3,0,18,"A whale, a blue whale, with no good friends and no acquaintances with similar interests to its own."
conv_3b65e0a1-1bf7-4f16-825f-63867d60f8d3,1,16,"Each Sunday, this whale, who some call Claire, swims all the way to England and back."
conv_3b65e0a1-1bf7-4f16-825f-63867d60f8d3,2,10,to sing opera in the abandoned lighthouse at Land's End.
conv_3b65e0a1-1bf7-4f16-825f-63867d60f8d3,3,43,"She discovered it three years ago during a particularly lonely migration, when the fog was so thick she nearly be came lost in the endless waves and for unmeasurable moments contemplated becoming one with the waves, forever sinking and rising with the moon."
conv_3b65e0a1-1bf7-4f16-825f-63867d60f8d3,4,16,"Instead, she found soundwaves to follow—strange, haunting melodies that drifted through the water like silver threads."
conv_3b65e0a1-1bf7-4f16-825f-63867d60f8d3,5,32,"They led her to the lighthouse, where an old gramophone sat rusting in The sounds produced a new sensation in her flesh, her bones tingling along to the scrapings of the record."
conv_3b65e0a1-1bf7-4f16-825f-63867d60f8d3,6,31,"She didn't know how, but she changed and climbed onto land, her massive body somehow lighter, more fluid, as if the music had rewritten the rules of what she could be."
conv_3b65e0a1-1bf7-4f16-825f-63867d60f8d3,7,25,"Her flippers found purchase on the rocky shore, and she paused for a moment, feeling the air on her skin, and a calm coolness within."
conv_3b65e0a1-1bf7-4f16-825f-63867d60f8d3,8,14,"Then as if drawn to the sound, she walked, no, floated, drifted towards it."
conv_3b65e0a1-1bf7-4f16-825f-63867d60f8d3,9,9,"the lighthouse door, which hung open like an invitation."
conv_3b65e0a1-1bf7-4f16-825f-63867d60f8d3,10,15,"Inside, dust motes danced in the thin beam of moonlight that pierced the tower's heights."
conv_3b65e0a1-1bf7-4f16-825f-63867d60f8d3,11,12,"The gram ophone played sweetly, as the old friend she'd never known."
conv_3b65e0a1-1bf7-4f16-825f-63867d60f8d3,12,14,"But there, there in the corner sat a creature, much unlike her usual shape."
conv_3b65e0a1-1bf7-4f16-825f-63867d60f8d3,13,10,"But then again, how unlike her old being wasn't she?"
conv_3b65e0a1-1bf7-4f16-825f-63867d60f8d3,14,1,now?
conv_3b65e0a1-1bf7-4f16-825f-63867d60f8d3,15,42,"The creature—small, furred, with eyes like polished stones—raised its head and spoke in a voice that resonated with the same frequency as her deep longing for company, for reflection, for a sky or heaven able to provide an image of her soul."
conv_3b65e0a1-1bf7-4f16-825f-63867d60f8d3,16,17,"And so she sang, of nothing in particular, and gentle waves brushed and nurtured the rocks below."
conv_3b65e0a1-1bf7-4f16-825f-63867d60f8d3,17,13,"The creature listened without judgment, its small body swaying to her improvised aria."
conv_3b65e0a1-1bf7-4f16-825f-63867d60f8d3,18,16,"When she finished, it smiled—or seemed to—and gestured towar d towards the stairs leading further up."
conv_3b65e0a1-1bf7-4f16-825f-63867d60f8d3,19,32,"Claire had never climbed before, knew no ""up"" without a surface to breach, but she trusted this creature, its odd voice and calming stone-grey eyes that held no fear of her strangeness."
conv_3b65e0a1-1bf7-4f16-825f-63867d60f8d3,20,35,"Together they ascended the spiral stairs, Claire's new form adapting with each step, the creature leading with patient, firm steps, as if to teach her how to walk and trust her new nature as well."
conv_3b65e0a1-1bf7-4f16-825f-63867d60f8d3,21,41,"The ocean was nothing when seen from above, so distant and unlovely, so light, and Claire wondered if this was how the stars felt each night—watching from such height that even vast waters became merely a mirror, reflecting rather than holding."
conv_3b65e0a1-1bf7-4f16-825f-63867d60f8d3,22,22,"At the top, the creature gestured to her, but she had no clue what action it called for, what language to employ."
conv_3b65e0a1-1bf7-4f16-825f-63867d60f8d3,23,20,"She sang, to the creature, the stars, the ocean and her surface so new and strange, now vibrating in harmony."
conv_3b65e0a1-1bf7-4f16-825f-63867d60f8d3,24,4,with everything around her.
conv_3b65e0a1-1bf7-4f16-825f-63867d60f8d3,25,20,"The lighthouse lens began to glow—not with electric light, but with something older, something that responded to her voice alone."
conv_3b65e0a1-1bf7-4f16-825f-63867d60f8d3,26,4,The creature joined her
conv_3c43f51a-ffcf-4161-8d6d-b76bf669acb6,0,31,"Some people are content with mediocrity and the average loop of life containing dropping the kids off at school, working a 9-5, waiting impatiently for the weekend, but not the Legend."
conv_3c43f51a-ffcf-4161-8d6d-b76bf669acb6,1,9,a man who refused to settle for the mundane.
conv_3c43f51a-ffcf-4161-8d6d-b76bf669acb6,2,10,"His name was Thaddeus, but everyone called him The Legend."
conv_3c43f51a-ffcf-4161-8d6d-b76bf669acb6,3,15,"From a young age, Thaddeus knew that he was made for greatness - something more."
conv_3c43f51a-ffcf-4161-8d6d-b76bf669acb6,4,17,He wasn't just put on earth just to experience the agony and misery that life often bestows.
conv_3c43f51a-ffcf-4161-8d6d-b76bf669acb6,5,7,"No, Thaddeus was destined for something extraordinary."
conv_3c43f51a-ffcf-4161-8d6d-b76bf669acb6,6,29,"His heart beat with an unquenchable fire, a relentless drive that pushed him to seek out the measures to improve his life, and the lives of those around him."
conv_3c43f51a-ffcf-4161-8d6d-b76bf669acb6,7,25,"After years of seeking, eventually Thaddeus found the secret to greatness: It wasn’t a single moment of revelation, but a series of small, deliberate actions."
conv_3c43f51a-ffcf-4161-8d6d-b76bf669acb6,8,29,"He started with self-education, devouring books on leadership, philosophy, and innovation and after all his work he was finally led him the key of happiness, health and wealth: gambling."
conv_3c43f51a-ffcf-4161-8d6d-b76bf669acb6,9,9,The apogee and culmination of human performance and risk-taking.
conv_3c43f51a-ffcf-4161-8d6d-b76bf669acb6,10,22,"To some, it seemed like an odd choice, but Thaddeus saw it as the ultimate test of skill, strategy, and mental fortitude."
conv_3c43f51a-ffcf-4161-8d6d-b76bf669acb6,11,16,He saw something that only a few absolute legends before him had the ability to scout.
conv_3c43f51a-ffcf-4161-8d6d-b76bf669acb6,12,17,"The potential of gambling was infinite, and Thaddeus knew that only the human minds set the limits."
conv_3c43f51a-ffcf-4161-8d6d-b76bf669acb6,13,5,to what could be achieved.
conv_3c43f51a-ffcf-4161-8d6d-b76bf669acb6,14,26,"With this newfound understanding, he threw himself into the world of high-stakes games, honing his skills and building a reputation that preceded him wherever he went."
conv_3c43f51a-ffcf-4161-8d6d-b76bf669acb6,15,26,"Some people knew him as the baccarat prophet, some the blackjack conqueror, and many other names like: the poker pirate, roulette racer, the slut of slots."
conv_3c43f51a-ffcf-4161-8d6d-b76bf669acb6,16,14,"only one thing was certain—Thaddeus, The Legend, was a force to be reckoned with."
conv_3c43f51a-ffcf-4161-8d6d-b76bf669acb6,17,17,"His legend grew with each victory, each calculated risk that paid off in ways difficult to imagine."
conv_3c43f51a-ffcf-4161-8d6d-b76bf669acb6,18,19,"From the outside looking in, his choices might have seemed random, high risk and at times moronic for some."
conv_3c43f51a-ffcf-4161-8d6d-b76bf669acb6,19,6,But his actions were anything but.
conv_3c43f51a-ffcf-4161-8d6d-b76bf669acb6,20,16,"Every move was meticulously planned, every decision weighed against a complex web of probabilities and outcomes."
conv_3c43f51a-ffcf-4161-8d6d-b76bf669acb6,21,17,"Thaddeus had turned the art of gambling into a science, and this had turned his life around."
conv_3c43f51a-ffcf-4161-8d6d-b76bf669acb6,22,13,"He went from having a hopeless life, career, love life, family life etc."
conv_3c43f51a-ffcf-4161-8d6d-b76bf669acb6,23,11,but gambling had solved any and every one of these issues.
conv_3c43f51a-ffcf-4161-8d6d-b76bf669acb6,24,20,"His success in the casinos brought him wealth, which he used to start charitable foundations and invest in innovative startups."
conv_3c43f51a-ffcf-4161-8d6d-b76bf669acb6,25,31,"His reputation as a strategic genius drew people to him, which eventually led others to believe that they had the powers it took to win in gambling and therefore in life."
conv_3c43f51a-ffcf-4161-8d6d-b76bf669acb6,26,7,Nothing could be further from the truth.
conv_3c43f51a-ffcf-4161-8d6d-b76bf669acb6,27,7,Nothing could be further from the truth.
conv_3c43f51a-ffcf-4161-8d6d-b76bf669acb6,28,20,"Thaddeus knew that his success was not just about luck or even innate skill; it was about discipline, strategy, and"
conv_3c43f51a-ffcf-4161-8d6d-b76bf669acb6,29,1,an
conv_3c5b888e-d991-4bce-adad-5584923b75b5,0,10,The dwarf slammed his desk as hard as he could.
conv_3c5b888e-d991-4bce-adad-5584923b75b5,1,21,"Though the table was sturdy and had served him for many years, the force of his anger split it in two."
conv_3c5b888e-d991-4bce-adad-5584923b75b5,2,19,"Papers scattered like autumn leaves, and the inkwell toppled, sending a black river across the floor of his workshop."
conv_3c5b888e-d991-4bce-adad-5584923b75b5,3,5,Tormund Ironbeard stood there .
conv_3c5b888e-d991-4bce-adad-5584923b75b5,4,3,Shaking with anger.
conv_3c5b888e-d991-4bce-adad-5584923b75b5,5,7,"""How could you betray me like this?"""
conv_3c5b888e-d991-4bce-adad-5584923b75b5,6,2,No response.
conv_3c5b888e-d991-4bce-adad-5584923b75b5,7,4,The silence was deafening.
conv_3c5b888e-d991-4bce-adad-5584923b75b5,8,11,"Slowly his anger turned to sorrow, and his clenched fists loosened."
conv_3c5b888e-d991-4bce-adad-5584923b75b5,9,34,The empty workshop seemed to echo with ghosts of laughter that once filled it—his apprentice's l silhouette still cast a shadow over the empty chair in the corner but there was no one there.
conv_3c5b888e-d991-4bce-adad-5584923b75b5,10,16,As Tormund came to his senses he took a breath and realized that he was alone.
conv_3c5b888e-d991-4bce-adad-5584923b75b5,11,9,Truly alone for the first time in fifteen years.
conv_3c5b888e-d991-4bce-adad-5584923b75b5,12,37,"The shadow, he now saw, was merely a trick of the candlelight playing across the worn leather seat At the sight of this a new rage stronger than anything Midgard had ever seen woke in his chest."
conv_3c5b888e-d991-4bce-adad-5584923b75b5,13,18,He had finally broken free from the chains of grief that had bound him since his apprentice's departure.
conv_3c5b888e-d991-4bce-adad-5584923b75b5,14,27,"This was no ordinary anger—this was the ancient fury of the mountain folk, the kind that forge The candle had toyed with him for 15 long years."
conv_3c5b888e-d991-4bce-adad-5584923b75b5,15,18,For 15 years he had sat staring at the shadow on the chair thinking it was his apprentice.
conv_3c5b888e-d991-4bce-adad-5584923b75b5,16,9,But now he saw the truth with terrible clarity.
conv_3c5b888e-d991-4bce-adad-5584923b75b5,17,17,"His apprentice had left on the very first day, taking the master plans for the Ironforge mechanism."
conv_3c5b888e-d991-4bce-adad-5584923b75b5,18,11,"All these years, Tormund ha d been played for a fool."
conv_3c5b888e-d991-4bce-adad-5584923b75b5,19,16,The great master candle had put him under his spell to gain the power of Ironforge.
conv_3c5b888e-d991-4bce-adad-5584923b75b5,20,5,But now he had awoken.
conv_3c5b888e-d991-4bce-adad-5584923b75b5,21,20,"He stood up and walked toward the candle with deliberate steps, his boots crunching on broken wood and scattered parchment."
conv_3c5b888e-d991-4bce-adad-5584923b75b5,22,28,"The flame flickered nervously, casting wild shadows across the walls These shadows that only minutes ago would have sent him into a schizo psychosis now had no effect."
conv_3c5b888e-d991-4bce-adad-5584923b75b5,23,12,Step by step he came close and his shadow behind him grew.
conv_3c5b888e-d991-4bce-adad-5584923b75b5,24,9,"He reached out with calloused fingers, steady and sure."
conv_3c5b888e-d991-4bce-adad-5584923b75b5,25,34,"The master candle seemed to recoil, its flame bending away from him as if caught in an impossible turbulence bending it away from his hand like a cat that doesn't want to be petted."
conv_3c5b888e-d991-4bce-adad-5584923b75b5,26,5,Cats had never liked Tormund.
conv_3c5b888e-d991-4bce-adad-5584923b75b5,27,7,"and neither, it seemed, did enchanted flames."
conv_3c5b888e-d991-4bce-adad-5584923b75b5,28,6,But Tormund was done being manipulated.
conv_3c5b888e-d991-4bce-adad-5584923b75b5,29,12,"With one swift motion, he grasped the candle by its tiny neck."
conv_3c5b888e-d991-4bce-adad-5584923b75b5,30,17,He bent forward and blew at the flame like the wolf did at the three pigs' houses.
conv_3c5b888e-d991-4bce-adad-5584923b75b5,31,3,Tormund liked pigs.
conv_3c5b888e-d991-4bce-adad-5584923b75b5,32,10,The flame went out and the room turned pitch black.
conv_3c5b888e-d991-4bce-adad-5584923b75b5,33,9,"For a moment, there was only silence and darkness."
conv_3c5b888e-d991-4bce-adad-5584923b75b5,34,14,"Then, slowly, a new light began to grow—not from any candle, but from the"
conv_40197f84-33aa-433b-93b1-045691051ebc,0,22,"two unlikely friends, a fox named Faye and a turtle named Theo, who met in the heart of a vast, enchanted forest."
conv_40197f84-33aa-433b-93b1-045691051ebc,1,31,"The forest was a very dark and foggy place, where the noises of bugs and crunching leaves could be heard from miles away, yet there was a calming feeling about it."
conv_40197f84-33aa-433b-93b1-045691051ebc,2,1,it.
conv_40197f84-33aa-433b-93b1-045691051ebc,3,32,"One misty morning, Faye, with her sleek red fur and swift, agile movements, stumbled upon a clearing where Theo, with his slow, deliberate pace and beautiful green color shield could be seen."
conv_40197f84-33aa-433b-93b1-045691051ebc,4,16,Theo had a smile on his face despite the fact that it was misty and cold.
conv_40197f84-33aa-433b-93b1-045691051ebc,5,9,"Faye smiled as she approached him, her curiosity piqued."
conv_40197f84-33aa-433b-93b1-045691051ebc,6,12,"""Good morning, little one,"" Faye said softly, her voice warm and friendly."
conv_40197f84-33aa-433b-93b1-045691051ebc,7,10,"""Why are you so cheerful on ""Such a misty morning?"""
conv_40197f84-33aa-433b-93b1-045691051ebc,8,6,"Theo looked at her, smiling brightly."
conv_40197f84-33aa-433b-93b1-045691051ebc,9,8,"""Why not make the best of something bad?"
conv_40197f84-33aa-433b-93b1-045691051ebc,10,5,"Plus, I have your company."""
conv_40197f84-33aa-433b-93b1-045691051ebc,11,4,Faye blushed at Theo.
conv_40197f84-33aa-433b-93b1-045691051ebc,12,10,and felt a warmth in her chest she hadn't expected.
conv_40197f84-33aa-433b-93b1-045691051ebc,13,14,"""Well, you certainly know how to brighten a day,"" she replied, her eyes twinkling."
conv_40197f84-33aa-433b-93b1-045691051ebc,14,5,"""What ""Are your plans today?"""
conv_40197f84-33aa-433b-93b1-045691051ebc,15,9,Theo looked at her with happiness in his eyes.
conv_40197f84-33aa-433b-93b1-045691051ebc,16,6,"""Whatever your plans are, my dear."""
conv_40197f84-33aa-433b-93b1-045691051ebc,17,11,"Theo blushed as he said, his shell feeling a bit warmer."
conv_40197f84-33aa-433b-93b1-045691051ebc,18,6,"Faye chuckled, a light, melodic sound."
conv_40197f84-33aa-433b-93b1-045691051ebc,19,12,"""Well, I was thinking of exploring a bit more of the forest."
conv_40197f84-33aa-433b-93b1-045691051ebc,20,26,"Theo looked at her intrigued ""Well that sounds like a lovely plan dear"" Faye looked at Theo ""Would you care to join me on this adventure?"""
conv_40197f84-33aa-433b-93b1-045691051ebc,21,6,"she asked, her tail swishing excitedly."
conv_40197f84-33aa-433b-93b1-045691051ebc,22,12,"""I could use a companion with such a wise and cheerful spirit."""
conv_40197f84-33aa-433b-93b1-045691051ebc,23,6,"""Why that would be my pleasure."
conv_40197f84-33aa-433b-93b1-045691051ebc,24,11,"Hopefully you can keep up with my speed,"" Theo said jokingly."
conv_40197f84-33aa-433b-93b1-045691051ebc,25,11,"Faye laughed loudly, she had a contagious laugh, making Theo laugh."
conv_40197f84-33aa-433b-93b1-045691051ebc,26,3,along with her.
conv_40197f84-33aa-433b-93b1-045691051ebc,27,14,"""We'll just have to see about that,"" Faye teased, her eyes sparkling with mischief."
conv_40197f84-33aa-433b-93b1-045691051ebc,28,10,"""But for now, let's head towards the old ""Flower mark."""
conv_40197f84-33aa-433b-93b1-045691051ebc,29,4,Theo looked dreamily forward.
conv_40197f84-33aa-433b-93b1-045691051ebc,30,9,"""Oh, how I have missed the smell of flowers."""
conv_40197f84-33aa-433b-93b1-045691051ebc,31,6,Faye looked at Theo with warmth.
conv_40197f84-33aa-433b-93b1-045691051ebc,32,1,"""Yeah."""
conv_40197f84-33aa-433b-93b1-045691051ebc,33,2,me too.
conv_40197f84-33aa-433b-93b1-045691051ebc,34,10,"It's one of the most beautiful spots in the forest."""
conv_40197f84-33aa-433b-93b1-045691051ebc,35,21,"With that, they set off together, Faye leading the way with her quick steps, while Theo was walking slowly behind her."
conv_40197f84-33aa-433b-93b1-045691051ebc,36,11,"""Have I told you how gorgeous you look today my dear?"""
conv_40197f84-33aa-433b-93b1-045691051ebc,37,8,Theo asked Faye as he looked at her.
conv_40197f84-33aa-433b-93b1-045691051ebc,38,1,blushing.
conv_40197f84-33aa-433b-93b1-045691051ebc,39,13,"Faye turned to look at him, a warm smile spreading across her face."
conv_40197f84-33aa-433b-93b1-045691051ebc,40,9,"""Why, Theo, you haven't, but it’s quite the compliment."
conv_41180468-5036-4f69-af66-b7465bcb7316,0,12,The fairy Michelle is one of the few left who can fly.
conv_41180468-5036-4f69-af66-b7465bcb7316,1,17,Her wings were too rare to clip and she was trained to use her wings to assist.
conv_41180468-5036-4f69-af66-b7465bcb7316,2,7,the human settlements in the scavenging department.
conv_41180468-5036-4f69-af66-b7465bcb7316,3,35,"Because of this, she is allowed to leave the base where the fairies live and venture out into the Wastes—those crumbling expanses where towers of glass and steel lean against each other like dying giants."
conv_41180468-5036-4f69-af66-b7465bcb7316,4,21,Michelle had learned the routes by heart: From the base she flies past a large lake surrounded by ancient oak trees.
conv_41180468-5036-4f69-af66-b7465bcb7316,5,39,"From here she has to navigate the broken city and find supplies the ground crews cannot reach—medical kits sealed in pharmacies thirty floors up, solar batteries from rooftop installations, sometimes even books from the upper floors of collapsed libraries."
conv_41180468-5036-4f69-af66-b7465bcb7316,6,19,They use books and supplies to create magic spells for restoring the world after it was broken by humans.
conv_41180468-5036-4f69-af66-b7465bcb7316,7,20,"Luckily, they had discovered that certain pre-Breaking texts—technical manuals, chemistry textbooks, even poetry collections—contained the linguistic keys to reconstruction magic."
conv_41180468-5036-4f69-af66-b7465bcb7316,8,8,The words themselves held power when used correctly.
conv_41180468-5036-4f69-af66-b7465bcb7316,9,13,Michelle is working in the re-population department where she helps animals find herds.
conv_41180468-5036-4f69-af66-b7465bcb7316,10,4,It is tedious work.
conv_41180468-5036-4f69-af66-b7465bcb7316,11,2,but essential.
conv_41180468-5036-4f69-af66-b7465bcb7316,12,45,"She scouts from above, tracking the movements of scattered deer, guiding lost wolf pups back to their packs, noting where the wild horses gather near water She is able to use fairy dust to airlift most animals, but sea animals are the really tricky part."
conv_41180468-5036-4f69-af66-b7465bcb7316,13,21,"For those, she has to work with the water-speakers—fairies who gave up flight long ago to develop gills and webbed fingers."
conv_41180468-5036-4f69-af66-b7465bcb7316,14,10,They meet her at the shoreline of the great ocean.
conv_41180468-5036-4f69-af66-b7465bcb7316,15,11,"From here they work together to move fish, whales, and shellfish."
conv_41180468-5036-4f69-af66-b7465bcb7316,16,41,"They have to work together to create water bubbles to transport the creatures safely across land when necessary—shimmering spheres of enchanted seawater that float beside Michelle as she flies, guided by the water-speakers' songs Some of these jobs take several days."
conv_41180468-5036-4f69-af66-b7465bcb7316,17,37,"During the night she has to hide from the giant ancient dogs that were created to hunt fairies during the Breaking—massive hounds with eyes that glow red in the darkness, their breath hot enough to singe wings."
conv_41180468-5036-4f69-af66-b7465bcb7316,18,16,"They still roam the lands where Michelle lives, and they smell fairy dust from miles away."
conv_41180468-5036-4f69-af66-b7465bcb7316,19,35,"The water fairies can hide by encasing themselves in water and thereby masking their scent, but Michelle must find hollow trees or abandoned vehicles, folding her wings tight and sprinkling counter-dust—a bitter mixture that confuses"
conv_412eb7ca-cafa-4e38-8b2d-0a40272af090,0,13,Mia the magnificent magician born and raised in a circus truck in Amsterdam.
conv_412eb7ca-cafa-4e38-8b2d-0a40272af090,1,21,The circus travels all over the world and Mia has therefore got to know a lot of different kind of people.
conv_412eb7ca-cafa-4e38-8b2d-0a40272af090,2,5,Some more friendly than others.
conv_412eb7ca-cafa-4e38-8b2d-0a40272af090,3,16,She has also learned a lot of culture and traditions of the different kinds of people.
conv_412eb7ca-cafa-4e38-8b2d-0a40272af090,4,19,"The canvas walls of her family's caravan still smelled faintly of greasepaint and sawdust, even after all these years."
conv_412eb7ca-cafa-4e38-8b2d-0a40272af090,5,14,Mia ha to have this smell in her nostrils to feel truly at home.
conv_412eb7ca-cafa-4e38-8b2d-0a40272af090,6,48,"She didn't have much growing up, but the things she had were precious beyond measure—her grandmother's silk scarves that shimmered with impossible colors, a deck of cards so worn the edges felt like velvet, and most importantly the glass orb she got when her mother died from cancer."
conv_412eb7ca-cafa-4e38-8b2d-0a40272af090,7,14,"A thing Mia still struggled to talk about, even though five years had passed."
conv_412eb7ca-cafa-4e38-8b2d-0a40272af090,8,34,"The orb sat on a small velvet cushion beside her bunk, catching light in ways that defied physics—sometimes swirling sometimes glistening with more than twenty colours at once, truly a magnificent thing that orb."
conv_412eb7ca-cafa-4e38-8b2d-0a40272af090,9,21,"Pretty unreal actually, but Mia knew better than most that the line between illusion and reality was thinner than audiences believed."
conv_412eb7ca-cafa-4e38-8b2d-0a40272af090,10,7,Tonight's performance in Prague would be special.
conv_412eb7ca-cafa-4e38-8b2d-0a40272af090,11,21,"Five newcomers had joined the troupe since the last performance, and all of the audience were excited to get to know."
conv_412eb7ca-cafa-4e38-8b2d-0a40272af090,12,3,the fresh acts.
conv_412eb7ca-cafa-4e38-8b2d-0a40272af090,13,19,"There was Elena, a contortionist from Romania who could fold herself into a box no bigger than a hatbox."
conv_412eb7ca-cafa-4e38-8b2d-0a40272af090,14,36,"Then came the Tanaka brothers with their acrobatic stunts with fire and venomous snakes, they were never afraid of anything, and had never been according to their father, who had trained them since they could walk."
conv_412eb7ca-cafa-4e38-8b2d-0a40272af090,15,18,"The third newcomer was Omar, a juggler from Morocco whose hands moved so quickly they seemed to multiply."
conv_412eb7ca-cafa-4e38-8b2d-0a40272af090,16,7,Fourth where the former ballet dancer Natasja.
conv_412eb7ca-cafa-4e38-8b2d-0a40272af090,17,26,"Now she danced on the line up in the ceiling of the tent instead, a truly dangerous act that left spectators breathless and clutching their seats."
conv_412eb7ca-cafa-4e38-8b2d-0a40272af090,18,20,"And finally, there was someone Mia hadn't quite figured out yet—a quiet man named Vincent who acted a bit strange."
conv_412eb7ca-cafa-4e38-8b2d-0a40272af090,19,15,"Mia knew many people from her journeys with the circus, but no one like him."
conv_412eb7ca-cafa-4e38-8b2d-0a40272af090,20,9,He was odd in a way Mia. couldn't articulate.
conv_412eb7ca-cafa-4e38-8b2d-0a40272af090,21,25,"He claimed to be a mentalist, reading thoughts and predicting futures, but there was something in his eyes when he looked at her glass orb"
conv_46b5cd4c-130a-4b4c-84e1-30f78572d0bb,0,19,"a young girl named Aria who lived in a small village surrounded by vast, rolling hills and dense forests."
conv_46b5cd4c-130a-4b4c-84e1-30f78572d0bb,1,21,The villagers often spoke of strange occurrences and unexplained events that took place in a distant land that few knew of.
conv_46b5cd4c-130a-4b4c-84e1-30f78572d0bb,2,39,"The stories were never thought of as true and only as myths until a peddler appeared in one of the village's taverns, carrying a large sack slung over his shoulder and a worn leather map case in his hand."
conv_46b5cd4c-130a-4b4c-84e1-30f78572d0bb,3,21,His eyes gleamed with a knowing spark as tinders take flame in a dry bonfire after a spark of striking flint.
conv_46b5cd4c-130a-4b4c-84e1-30f78572d0bb,4,17,"""The seas are no longer ours for I have seen it with my own eyes,"" he exclaimed."
conv_46b5cd4c-130a-4b4c-84e1-30f78572d0bb,5,23,"his voice rising above the murmur of the villagers, who leaned in closer, their faces aglow with a mix of curiosity and skepticism."
conv_46b5cd4c-130a-4b4c-84e1-30f78572d0bb,6,21,The peddler's words hung in the air while as the sound of murmuring and festive villagers halted to a complete silence.
conv_46b5cd4c-130a-4b4c-84e1-30f78572d0bb,7,47,"Then a sea of eyes waved towards him demanding him to continue, their gazes piercing through the dimly lit tavern like a cold winter breeze, and the peddler, seeming to savor the attention, took a deep breath and then slung open the map onto the wooden table."
conv_46b5cd4c-130a-4b4c-84e1-30f78572d0bb,8,19,It groaned painfully as his heavy case impacted its top and he swiped open the map from its casing.
conv_46b5cd4c-130a-4b4c-84e1-30f78572d0bb,9,39,"He smiled wistfully, his eyes clouding over as he gazed at the yellowed parchment, creased and worn from years of travel, and began to trace the oceans that the villagers themselves have rarely ventured but always felt drawn to."
conv_46b5cd4c-130a-4b4c-84e1-30f78572d0bb,10,30,"Yet their daily duties and demanding mundane life never offered them the chance to explore, to sail beyond the horizon, and discover the secrets that lay hidden beneath the waves."
conv_46b5cd4c-130a-4b4c-84e1-30f78572d0bb,11,15,"The peddler's finger moved along the map, stopping at At a city wherein commerce reigned."
conv_46b5cd4c-130a-4b4c-84e1-30f78572d0bb,12,16,A city where most materials and goods from villages would find themselves at some point in.
conv_46b5cd4c-130a-4b4c-84e1-30f78572d0bb,13,40,"its bustling markets and trade halls, a city known as Calanthor, where the sound of merchants hawking their wares and the clinking of gold coins filled the the busy streets as carriages of trade wagons push themselves through the streets."
conv_46b5cd4c-130a-4b4c-84e1-30f78572d0bb,14,38,"But such streets would not be visited any more, for the peddler's finger had stopped at a large X marked in bold ink, a symbol of warning, of danger, and of desolation, and the promise of imminent destruction."
conv_46b5cd4c-130a-4b4c-84e1-30f78572d0bb,15,21,He reminded the inn that the gods had once before submerged the world in water and will do so once more.
conv_46b5cd4c-130a-4b4c-84e1-30f78572d0bb,16,30,"Greed will be our downfall, and as the peddler's words hung in the air, the fire in the hearth seemed to flicker in agreement, casting eerie shadows on the walls"
conv_47dd4912-f9ef-4d2c-a033-aeb851e8f164,0,17,"Elena Rodriguez, a young marine biologist who had always dreamed of exploring the depths of the ocean."
conv_47dd4912-f9ef-4d2c-a033-aeb851e8f164,1,28,"Growing up in a small coastal town in Chile, she spent countless hours watching the waves crash against the rocky shore, wondering what mysteries lurked beneath the surface."
conv_47dd4912-f9ef-4d2c-a033-aeb851e8f164,2,24,"Her fascination with marine life began when her grandfather, a fisherman, took her along on a fishing trip with the rest of his crew."
conv_47dd4912-f9ef-4d2c-a033-aeb851e8f164,3,26,"They went out on the open sea and Elena saw how the vast, blue expanse transformed from a distant, flat horizon to a living, breathing ecosystem."
conv_47dd4912-f9ef-4d2c-a033-aeb851e8f164,4,20,"That day, when one of the crew members pulled up a rare, iridescent squid in their nets, Elena was mesmerized."
conv_47dd4912-f9ef-4d2c-a033-aeb851e8f164,5,20,The creature's delicate tentacles and shimmering skin seemed to tell a story of unknown depths an old squid had experienced.
conv_47dd4912-f9ef-4d2c-a033-aeb851e8f164,6,17,She wondered where it had gone throughout its life and which seas it might have traveled to.
conv_47dd4912-f9ef-4d2c-a033-aeb851e8f164,7,28,"The fishermen reeled it in and carefully placed the squid in a large, saltwater tank on the boat, intending to sell it to a local marine research station."
conv_47dd4912-f9ef-4d2c-a033-aeb851e8f164,8,12,"Elena watched intently, her young mind racing with questions about its journey."
conv_47dd4912-f9ef-4d2c-a033-aeb851e8f164,9,23,"As the squid moved languidly in the tank, its chromatophores shifting colors like a living kaleidoscope, it seemed to look directly at her."
conv_47dd4912-f9ef-4d2c-a033-aeb851e8f164,10,36,"The fishermen told her that the squid had a unique ability and was able to communicate through complex color patterns and light-emitting signals, a form of bioluminescent language that marine biologists were only beginning to understand."
conv_47dd4912-f9ef-4d2c-a033-aeb851e8f164,11,25,"The old fishermen spoke in hushed, reverent tones about how such creatures could potentially transmit intricate messages across vast oceanic distances, far beyond human comprehension."
conv_47dd4912-f9ef-4d2c-a033-aeb851e8f164,12,18,Elena leaned closer and stared at the squid as it seemed to change colour under the sun's light.
conv_47dd4912-f9ef-4d2c-a033-aeb851e8f164,13,32,"She imagined that she could understand what the squid was saying, its shifting hues telling a story of ancient underwater migrations, of deep-sea canyons and currents that human maps had never charted."
conv_47dd4912-f9ef-4d2c-a033-aeb851e8f164,14,31,"The squid's colors flickered from deep indigo to electric blue, then to a soft, translucent green—each shade seeming to whisper fragments of an epic journey through the worl d's seven seas."
conv_47dd4912-f9ef-4d2c-a033-aeb851e8f164,15,15,"But just as Elena had entranced herself in the squid's storytelling, the boat reached land."
conv_47dd4912-f9ef-4d2c-a033-aeb851e8f164,16,17,She went along with the crew to hand over the unique specimen to the marine research station.
conv_47dd4912-f9ef-4d2c-a033-aeb851e8f164,17,25,"As they walked through the facility's sterile white corridors, Elena noticed the scientists examining the squid with a mixture of excitement and intense scientific curiosity."
conv_47dd4912-f9ef-4d2c-a033-aeb851e8f164,18,25,"One senior researcher, Dr. Ramirez, carefully transferred the creature to a specialized aquarium, remarking to his colleagues that this particular squid was a rare find."
conv_47dd4912-f9ef-4d2c-a033-aeb851e8f164,19,16,"It was the first time that he had seen one, having previously only read about them."
conv_47dd4912-f9ef-4d2c-a033-aeb851e8f164,20,28,"The researchers gathered around, when suddenly nly the squid began to pulse with an extraordinary sequence of bioluminescent colors—bright, rapid flashes that seemed almost like a coded message."
conv_47dd4912-f9ef-4d2c-a033-aeb851e8f164,21,16,"Dr. Ramirez's eyes widened, and he quickly grabbed a specialized camera to document the unprecedented display."
conv_47dd4912-f9ef-4d2c-a033-aeb851e8f164,22,14,"Elena watched, transfixed, as the researchers scrambled to recor d the squid's color changes."
conv_47dd4912-f9ef-4d2c-a033-aeb851e8f164,23,14,"In the following days, the researchers worked tirelessly to try and decode the message."
conv_47dd4912-f9ef-4d2c-a033-aeb851e8f164,24,9,"Unfortunately, this proved to be an incredibly complex challenge."
conv_47dd4912-f9ef-4d2c-a033-aeb851e8f164,25,13,The color patterns were far more intricate than any known cephalopod communication system.
conv_47dd4912-f9ef-4d2c-a033-aeb851e8f164,26,17,"Each time they thought they'd identified a pattern, the sequence would shift, revealing new layers of complexity."
conv_47dd4912-f9ef-4d2c-a033-aeb851e8f164,27,20,"Elena, now assisting in the research, noticed something peculiar—the squid seemed to be responding differently when she was near it."
conv_47dd4912-f9ef-4d2c-a033-aeb851e8f164,28,15,She learned from the other researchers how to record and analyze the squid's color changes.
conv_47dd4912-f9ef-4d2c-a033-aeb851e8f164,29,10,"Despite being only a child, she led to a breakthrough."
conv_47dd4912-f9ef-4d2c-a033-aeb851e8f164,30,16,by developing an innovative visual mapping technique that tracked the squid's chromatic shifts with unprecedented precision.
conv_47dd4912-f9ef-4d2c-a033-aeb851e8f164,31,30,"Her intuitive understanding, combined with her grandfather's fisherman wisdom and the researchers' scientific rigor, allowed them to start deciphering what appeared to be a complex language of light and color."
conv_47dd4912-f9ef-4d2c-a033-aeb851e8f164,32,9,The breakthrough suggested that this particular squid might be
conv_47df141a-738b-422a-8ad6-f222255c695e,0,9,"a young man called Magnus, who lives in Aarhus."
conv_47df141a-738b-422a-8ad6-f222255c695e,1,17,He has a good reputation among his friends and he is widely considered a very good chap.
conv_47df141a-738b-422a-8ad6-f222255c695e,2,23,"He currently holds the title of prime minister in the local chess club, a position he earned through years of dedication and skill."
conv_47df141a-738b-422a-8ad6-f222255c695e,3,10,"Magnus's life, however, was about to take an unexpected turn."
conv_47df141a-738b-422a-8ad6-f222255c695e,4,27,"One evening he was so drunk after a night out with his friends that he accidentally fell into the sea, into a freezing world with savage waves."
conv_47df141a-738b-422a-8ad6-f222255c695e,5,14,He was rescued in his own presidential yacht by a group of passing sailors.
conv_47df141a-738b-422a-8ad6-f222255c695e,6,19,"They pulled him aboard, drenched and shivering, and offered him warm blankets and a cup of strong, steaming tea."
conv_47df141a-738b-422a-8ad6-f222255c695e,7,25,"It was here that his career as a professional politician began, he gave up chess and got into politics, as he had an ambitious outlook."
conv_47df141a-738b-422a-8ad6-f222255c695e,8,19,"With no funding whatsoever, he is first in the local elections, surprising everyone with his charisma and grassroots approach."
conv_47df141a-738b-422a-8ad6-f222255c695e,9,19,"His speeches, filled with passion and a vision for a better community, resonate deeply with the people of Aarhus."
conv_47df141a-738b-422a-8ad6-f222255c695e,10,34,"His electoral campaign includes measures to tackle beer shortages at Friday bars, with a big budget being invested in beer for free for all students every single Friday at the local universities and colleges."
conv_47df141a-738b-422a-8ad6-f222255c695e,11,25,"This bold promise quickly gains him a loyal following among the younger voters, who see him as a champion of their social and economic interests."
conv_47df141a-738b-422a-8ad6-f222255c695e,12,12,"As election day is over, it is time to celebrate, going wild."
conv_47df141a-738b-422a-8ad6-f222255c695e,13,17,"For the special occasion, the Chinese Ambassador to Denmark has joined the party, with over 3000 students."
conv_47df141a-738b-422a-8ad6-f222255c695e,14,5,gathered to celebrate Magnus's victory.
conv_47df141a-738b-422a-8ad6-f222255c695e,15,13,"The atmosphere is electric, with music blaring and laughter echoing through the streets."
conv_47df141a-738b-422a-8ad6-f222255c695e,16,29,"The Chinese Ambassador, impressed by Magnus’s innovative policies and political approach, has invited him to China, where he has the chance to meet the Chinese Premier face to face."
conv_47df141a-738b-422a-8ad6-f222255c695e,17,10,This is a unique opportunity he will take advantage of.
conv_47df141a-738b-422a-8ad6-f222255c695e,18,9,of to broaden his horizons and forge international connections.
conv_47df141a-738b-422a-8ad6-f222255c695e,19,23,"Magnus, still basking in the glow of his local success, sees this as a stepping stone to greater achievements on the political arena."
conv_47df141a-738b-422a-8ad6-f222255c695e,20,12,His ambitions include reaching glory by becoming the Prime Minister of Denmark.
conv_47df141a-738b-422a-8ad6-f222255c695e,21,11,"For this reason, he needs more campaigning and propaganda to publicize."
conv_47df141a-738b-422a-8ad6-f222255c695e,22,8,his vision and connect with a broader audience.
conv_47df141a-738b-422a-8ad6-f222255c695e,23,29,"Magnus begins to travel extensively, meeting with community leaders, participating in debates, and using social media to share his plans for a more just society with beer for all."
conv_47df141a-738b-422a-8ad6-f222255c695e,24,25,"As prime minister, he intends to nationalize all beer companies to make the beer sector for everyone, and let everyone have free beer on Fridays."
conv_47df141a-738b-422a-8ad6-f222255c695e,25,14,"His radical idea captures the imagination of many, and his popularity continues to soar."
conv_47df141a-738b-422a-8ad6-f222255c695e,26,15,"Despite the skepticism of traditional politicians, Magnus remains undeterred, driven by voters located in Riiskov."
conv_47df141a-738b-422a-8ad6-f222255c695e,27,12,The election day is close up and he is determined to win.
conv_47df141a-738b-422a-8ad6-f222255c695e,28,12,Some polls place him as the preferred candidate in all of Denmark.
conv_47df141a-738b-422a-8ad6-f222255c695e,29,19,"With a blend of charisma, innovative policies, and a deep connection to the people, Magnus feels the momentum building."
conv_47df141a-738b-422a-8ad6-f222255c695e,30,9,As the sun sets on the eve of the
conv_491b62e9-789d-4b72-b887-557f2ccffc18,0,22,In the middle of the night something weird seemed to be going on judging by the sound coming from the neighbor's apartment.
conv_491b62e9-789d-4b72-b887-557f2ccffc18,1,9,It was not possible to pin what made it.
conv_491b62e9-789d-4b72-b887-557f2ccffc18,2,24,"but it sounded like a mix of whispering, footsteps, and faint scratching, all blending together in a way that sent shivers down the spine."
conv_491b62e9-789d-4b72-b887-557f2ccffc18,3,39,"The darkness outside seemed to become denser, the shadows outside appearing as if moving according to some will of their own and no longer just moved by the gentle breeze that usually rustled through the leaves of the trees."
conv_491b62e9-789d-4b72-b887-557f2ccffc18,4,20,"The air was heavy with an eerie silence, as if the night itself was holding its breath, waiting for something."
conv_491b62e9-789d-4b72-b887-557f2ccffc18,5,95,"Something to determine whether the sounds from the neighbor were no more than the usual moving about, or worse that something on the other side of that wall was stirring, awakening, or even watching, its presence seeping through the thin barrier that separated the two apartments, making the hairs on the back of the listener's neck Should action be taken, or would everything return to normal if the listener just went back to sleep and forgot what? had just transpired, pretending it was all just a product of a restless mind and a vivid imagination."
conv_491b62e9-789d-4b72-b887-557f2ccffc18,6,16,"But as the listener lay there, frozen in indecision, the sounds seemed to change in character."
conv_491b62e9-789d-4b72-b887-557f2ccffc18,7,3,Just the slightest.
conv_491b62e9-789d-4b72-b887-557f2ccffc18,8,14,Enough to feel it without being able to point out quite what had changed.
conv_491b62e9-789d-4b72-b887-557f2ccffc18,9,35,"But something had. shifted, like a subtle alteration in the rhythm of the sounds, and it was this almost imperceptible difference that made the listener's heart beat faster, as if some struggle was taking place."
conv_491b62e9-789d-4b72-b887-557f2ccffc18,10,57,"The listener turns in their bed and tries to disregard the sounds, but that seems less and less like a possibility, so the listener throws off the covers and gets out of bed, padding softly over to the wall that separates their apartment from the neighbor's, pressing an ear against the cool surface to listen more closely."
conv_491b62e9-789d-4b72-b887-557f2ccffc18,11,21,"Very quickly the sound stops, as if the maker of the sound is aware of a listener in the neighboring room."
conv_491b62e9-789d-4b72-b887-557f2ccffc18,12,8,The atmosphere now changes from puzzling to straight.
conv_491b62e9-789d-4b72-b887-557f2ccffc18,13,34,"out frightening, the sudden silence more unsettling than the strange noises had been, and the listener feels a presence on the other side of the wall, waiting, listening, its attention fixed on the listener."
conv_491b62e9-789d-4b72-b887-557f2ccffc18,14,36,"The listener backs away from the wall, each fixed on the spot where the sound seemed to have come from on the other side, the tension between them palpable, even through the barrier of the wall."
conv_491b62e9-789d-4b72-b887-557f2ccffc18,15,18,"The listener's breath catches in their throat as they slowly back away, their eyes fixed on the wall."
conv_491b62e9-789d-4b72-b887-557f2ccffc18,16,8,Three meters away the listener stops to listen.
conv_491b62e9-789d-4b72-b887-557f2ccffc18,17,10,"Everything is quiet, but the air is filled with suspense."
conv_491b62e9-789d-4b72-b887-557f2ccffc18,18,30,"Very quietly the sound appears to be coming from the wall again, a low, deliberate scratching, like fingernails on plaster, and it's moving, slowly, steadily, as if whatever is making"
conv_491b62e9-789d-4b72-b887-557f2ccffc18,19,1,the
conv_49c214f3-8828-46e2-b76b-6c4f3ccaf016,0,16,"a young girl named Sophia, who lived in a small village nestled between two great mountains."
conv_49c214f3-8828-46e2-b76b-6c4f3ccaf016,1,27,"The villagers believed that the mountains held ancient secrets and mysterious powers, and they whispered stories of a great god-like creature who lived in the mountain caves."
conv_49c214f3-8828-46e2-b76b-6c4f3ccaf016,2,30,"A creature that was told would protect the village in times of need, or even gift the villagers with precious treasures and wisdom, but only if they proved themselves worthy."
conv_49c214f3-8828-46e2-b76b-6c4f3ccaf016,3,23,"The villagers called this creature the Keeper, and they would often leave offerings of food and drink at the foot of the mountain."
conv_49c214f3-8828-46e2-b76b-6c4f3ccaf016,4,14,Sophia grew up hearing the stories of those who ventured off into the mountains.
conv_49c214f3-8828-46e2-b76b-6c4f3ccaf016,5,30,"Some would never come back, while others were found with a strange, far-off look in their eyes, as if they had seen something that no human was meant to see."
conv_49c214f3-8828-46e2-b76b-6c4f3ccaf016,6,15,They would speak in hushed tones of the wonders of which they couldn't even comprehend.
conv_49c214f3-8828-46e2-b76b-6c4f3ccaf016,7,10,"In this world, people were born with a special gift."
conv_49c214f3-8828-46e2-b76b-6c4f3ccaf016,8,17,"These gifts were called ""Siddhi,"" and were unique to each individual, allowing them to perform extraordinary feats."
conv_49c214f3-8828-46e2-b76b-6c4f3ccaf016,9,13,"Some could control the elements, while others could heal or communicate with animals."
conv_49c214f3-8828-46e2-b76b-6c4f3ccaf016,10,16,"Sophia's Siddhi was still unknown, as she hadn't reached the age of maturity as of yet."
conv_49c214f3-8828-46e2-b76b-6c4f3ccaf016,11,11,"You see, Sophia was only 11 years old at the time."
conv_49c214f3-8828-46e2-b76b-6c4f3ccaf016,12,6,Siddhi's usually unlock around age 13.
conv_49c214f3-8828-46e2-b76b-6c4f3ccaf016,13,34,"Sophia was both excited and nervous about discovering her Siddhi, as it would not only reveal her unique abilities, but also determine her place in the village and the role she would play ."
conv_49c214f3-8828-46e2-b76b-6c4f3ccaf016,14,10,She had a plan for when her Siddhi would unlock.
conv_49c214f3-8828-46e2-b76b-6c4f3ccaf016,15,14,Her mother had fallen ill and would be on the brink of death soon.
conv_49c214f3-8828-46e2-b76b-6c4f3ccaf016,16,8,Her father had died when she was young.
conv_49c214f3-8828-46e2-b76b-6c4f3ccaf016,17,38,"and Sophia's determination to save her mother had driven her to study the ancient lore and seek out the wisdom of the village elders, hoping to find a way to use her Sidd hi to save her mother."
conv_49c214f3-8828-46e2-b76b-6c4f3ccaf016,18,6,But they were of no help.
conv_49c214f3-8828-46e2-b76b-6c4f3ccaf016,19,12,"""Life shall not be tampered with, young Sophia,"" they would tell her."
conv_49c214f3-8828-46e2-b76b-6c4f3ccaf016,20,21,"But she knew that whatever was hiding in the mountains, the Keeper, might hold the key to saving her mother's life."
conv_49c214f3-8828-46e2-b76b-6c4f3ccaf016,21,26,"She had heard tales of the Keeper's immense power and wisdom, and she was willing to risk her own sanity and life to save her mother's."
conv_49c214f3-8828-46e2-b76b-6c4f3ccaf016,22,43,"Sophia's mother had the Siddhi of fortune, and had given the village immense prosperity during her lifetime, and Sophia felt that it was only fair that she try to repay her mother's kindness and generosity by saving her life, no matter the cost."
conv_49c214f3-8828-46e2-b76b-6c4f3ccaf016,23,22,"With a determined heart, Sophia despite not having unlocked her Siddhi, decided to venture off into the mountains at this very moment."
conv_49c214f3-8828-46e2-b76b-6c4f3ccaf016,24,42,"She went off at night, with only her bag of food and a small, flickering lantern to guide her, the darkness of the mountains swallowing her whole as she disappeared from the village, leaving behind only the faintest whisper of her determination"
conv_4aa46faf-273a-4707-be30-a0b216440d87,0,19,"a young girl named Sophia, who lived in a small, secluded village surrounded by dense woods and winding rivers."
conv_4aa46faf-273a-4707-be30-a0b216440d87,1,22,She had always been fascinated by the whispers of an ancient magic that always were whispering about the woods and the rivers.
conv_4aa46faf-273a-4707-be30-a0b216440d87,2,29,"Sophia was sure about that we humans are not alone in this world, and that there were creatures lurking just beyond the edge of the village, watching and waiting."
conv_4aa46faf-273a-4707-be30-a0b216440d87,3,10,The villagers had always been tight-lipped about the strange whispering.
conv_4aa46faf-273a-4707-be30-a0b216440d87,4,4,But Sophia wasn't afraid.
conv_4aa46faf-273a-4707-be30-a0b216440d87,5,13,She was sure that the creatures were honestly good and just wanted attention.
conv_4aa46faf-273a-4707-be30-a0b216440d87,6,6,and connection with the human world.
conv_4aa46faf-273a-4707-be30-a0b216440d87,7,34,"One night, Sophia decided to follow the whispering sounds into the woods, and as she walked deeper into the darkness, the whispers grew louder and suddenly she saw a small gathering of the creatures."
conv_4aa46faf-273a-4707-be30-a0b216440d87,8,44,"They were whispering to each other and hadn't seen Sophia, they were all tiny, mischievous beings with delicate wings and leaves for hair, their eyes twinkling like fireflies as they conversed in hushed tones, completely absorbed in each other's company, and they giggled too."
conv_4aa46faf-273a-4707-be30-a0b216440d87,9,43,"And they had small cute fingers, six on each hand, one hand green and the other hand a soft, shimmering blue, and Sophia was enchanted by their playful nature, she watched as they wove tiny flowers and threads into intricate patterns, their laughter"
conv_4aa46faf-273a-4707-be30-a0b216440d87,10,6,and Suddenly she felt a recognition.
conv_4aa46faf-273a-4707-be30-a0b216440d87,11,16,She could see herself and her villagers' Sunday meeting outplay just like the creatures did it.
conv_4aa46faf-273a-4707-be30-a0b216440d87,12,32,"and the realization struck her that the creatures were not just random beings, but were in fact, mirroring the village's own social gatherings, as if they had been observing and got inspired."
conv_4aa46faf-273a-4707-be30-a0b216440d87,13,11,"Then it hit Sophia, maybe she also should do the same."
conv_4aa46faf-273a-4707-be30-a0b216440d87,14,10,Take notes and bring some of their patterns of behavior.
conv_4aa46faf-273a-4707-be30-a0b216440d87,15,36,"back to her village, to share with the others, and as she turned to leave, the creatures finally noticed her, and to her surprise, they didn't flee or hide they just looked at her in silence."
conv_4aa46faf-273a-4707-be30-a0b216440d87,16,93,"Their eyes were glittering and reflecting like the ocean on a sunny day, and Sophia felt a deep sense of understanding and connection, as if the creatures were acknowledging her presence, and inviting her to join them, and without a word she joined their gathering with humility and her first thought was that she would take garbage sorting more seriously now, but the creatures began to weave a delicate pattern around her, using threads of leaves and twigs, and Sophia felt a sense of peace and belonging, as if she had finally found"
conv_4d1bd73a-bbc9-4e37-8ba0-3cdd7adbc66a,0,13,a young bubble dragon that has a passionate relationship with his kitchen utensils.
conv_4d1bd73a-bbc9-4e37-8ba0-3cdd7adbc66a,1,8,The young bubble dragon's name is Mr. Big.
conv_4d1bd73a-bbc9-4e37-8ba0-3cdd7adbc66a,2,34,"Mr. Big lived in a cozy cave near the edge of the Whimsical Woods, where the air was always filled with the scent of freshly baked treats and the sound of angry lawn mowers."
conv_4d1bd73a-bbc9-4e37-8ba0-3cdd7adbc66a,3,20,"Mr. Big Dingleberry has STOLEN the treats from the Lawn Mower QUEEN, the treats are like religion to the lawn."
conv_4d1bd73a-bbc9-4e37-8ba0-3cdd7adbc66a,4,16,"movers, and without them, the entire rhythm of the Whimsical Woods would be thrown into chaos."
conv_4d1bd73a-bbc9-4e37-8ba0-3cdd7adbc66a,5,39,"The lawn movers, a quirky and temperamental bunch, relied on the power of freshly baked treats to fuel their hunger for playing Y8 ild og vand, which is only allowed to be played by the lawn mower queen’s subjects."
conv_4d1bd73a-bbc9-4e37-8ba0-3cdd7adbc66a,6,13,"Without the treats, they were restless and irritable, and the queen was furious."
conv_4d1bd73a-bbc9-4e37-8ba0-3cdd7adbc66a,7,18,"She summoned her best detective, a cunning fox named Finn, to track down the thief mr. big dingleberry."
conv_4d1bd73a-bbc9-4e37-8ba0-3cdd7adbc66a,8,28,"Finn the detective knew that mr. big was known as the best thief on this side of the Whimsical Woods, and he was determined to catch him red-handed."
conv_4d1bd73a-bbc9-4e37-8ba0-3cdd7adbc66a,9,34,"Armed with his trusty magnifying glass and a keen sense of smell, Finn set off towards Mr gathered a team of the best soldiers of the QUEEN, to get the freshly baked treats back."
conv_4d1bd73a-bbc9-4e37-8ba0-3cdd7adbc66a,10,13,AND now Finn and lawn mower soldiers are surrounded by Mr. Big Dingleberrys.
conv_4d1bd73a-bbc9-4e37-8ba0-3cdd7adbc66a,11,1,cave.
conv_4d1bd73a-bbc9-4e37-8ba0-3cdd7adbc66a,12,16,"Mr. Big, realizing the gravity of the situation, nervously fluttered his wings, considering his next move."
conv_4d1bd73a-bbc9-4e37-8ba0-3cdd7adbc66a,13,12,"Inside the cave, the air was thick with like the QUEEN herself."
conv_4d1bd73a-bbc9-4e37-8ba0-3cdd7adbc66a,14,40,"Mr. big tried to fly away but did not have the strength, but then he got an idea, to eat one of the Super treats he had stolen, hoping it would give him the energy to face the crowd outside."
conv_4d1bd73a-bbc9-4e37-8ba0-3cdd7adbc66a,15,45,"As he took a bite, a burst of bubbly energy filled him, then the bubbly energy blast a big wave of energy towards the soldiers, the soldier was scared and in shock, ready to leave detective Finn stood his ground, trying to maintain his composure."
conv_4d1bd73a-bbc9-4e37-8ba0-3cdd7adbc66a,16,9,"The lawn mover soldiers, however, were not so brave."
conv_4d1bd73a-bbc9-4e37-8ba0-3cdd7adbc66a,17,11,"They retreated in disarray, leaving Finn alone to face Mr big."
conv_4d1bd73a-bbc9-4e37-8ba0-3cdd7adbc66a,18,5,THE FINAL BATTLE has begun.
conv_4d1bd73a-bbc9-4e37-8ba0-3cdd7adbc66a,19,18,"Finn had an ace up his sleeve, a secret so deep even the QUEEN didn't know about it."
conv_4d1bd73a-bbc9-4e37-8ba0-3cdd7adbc66a,20,14,Finn was the CREATOR of the freshly baked treats that Mr. Big had stolen.
conv_4d1bd73a-bbc9-4e37-8ba0-3cdd7adbc66a,21,46,"With a deep breath, Finn revealed his secret, explaining that he had made the treats with a special ingredient meant to bring peace A side effect of the treats was a love and peace spell, suddenly Mr. Big felt something within, a feeling he had felt."
conv_4d1bd73a-bbc9-4e37-8ba0-3cdd7adbc66a,22,3,strange yet warm.
conv_4d1bd73a-bbc9-4e37-8ba0-3cdd7adbc66a,23,12,"His competitive spirit faded, and he realized the error of his ways."
conv_4d1bd73a-bbc9-4e37-8ba0-3cdd7adbc66a,24,11,"Lowering his guard, Mr. Big approached Finn, apologizing sincerely for his"
conv_58838068-7cd4-4f6c-b158-aabb542ab4b9,0,16,"two unlikely friends, a young inventor named Elara and a wise old tree spirit named Thorne."
conv_58838068-7cd4-4f6c-b158-aabb542ab4b9,1,23,"In a world where technology and nature often clashed, Elara explained to the tree that one day, nature would be inferior to technology."
conv_58838068-7cd4-4f6c-b158-aabb542ab4b9,2,4,Thorne did not agree.
conv_58838068-7cd4-4f6c-b158-aabb542ab4b9,3,15,"""Nature and technology can coexist,"" he said, his voice a gentle whisper through the leaves."
conv_58838068-7cd4-4f6c-b158-aabb542ab4b9,4,3,"""Balance is key."""
conv_58838068-7cd4-4f6c-b158-aabb542ab4b9,5,22,"Elara, intrigued by Thorne said ""Why would balance be the key, if humans are superior to nature in all ways?"" and shrugged."
conv_58838068-7cd4-4f6c-b158-aabb542ab4b9,6,11,"""Look at all of the innovation that has improved our lives."
conv_58838068-7cd4-4f6c-b158-aabb542ab4b9,7,11,"We can cure diseases, travel the world, and even explore space."
conv_58838068-7cd4-4f6c-b158-aabb542ab4b9,8,4,"Nature can't do that."""
conv_58838068-7cd4-4f6c-b158-aabb542ab4b9,9,7,Thorne’s branches swayed thoughtfully in the wind.
conv_58838068-7cd4-4f6c-b158-aabb542ab4b9,10,20,Thorne began to look worried as he was scared that Elara would forget Thorne in the rush of technological advancement.
conv_58838068-7cd4-4f6c-b158-aabb542ab4b9,11,24,"""Elara,"" he said, his voice more urgent, ""nature provides the very air you breathe, the water you drink, and the soil that walk on."
conv_58838068-7cd4-4f6c-b158-aabb542ab4b9,12,21,Elara stated that humans would in time be able to manufacture all of the components that nature produces at this moment.
conv_58838068-7cd4-4f6c-b158-aabb542ab4b9,13,5,"In response, Thorne sighed deeply."
conv_58838068-7cd4-4f6c-b158-aabb542ab4b9,14,16,"""Elara, creating these things is one thing, but maintaining the delicate balance of life is another."
conv_58838068-7cd4-4f6c-b158-aabb542ab4b9,15,16,"What happens when the machines fail, Elara stated that in theory nature is just a machine."
conv_58838068-7cd4-4f6c-b158-aabb542ab4b9,16,9,A very complex machine that at times also fails.
conv_58838068-7cd4-4f6c-b158-aabb542ab4b9,17,10,Just look at all of the diseases and natural disasters.
conv_58838068-7cd4-4f6c-b158-aabb542ab4b9,18,17,"Technology can help us overcome these challenges,"" she concluded, her eyes sparkling with the promise of innovation."
conv_58838068-7cd4-4f6c-b158-aabb542ab4b9,19,13,"Thorne nodded, understanding her perspective, but still felt a thorn in his side."
conv_58838068-7cd4-4f6c-b158-aabb542ab4b9,20,18,"Thorne was just about to speak up again, but was cut off when Elara began to speak further."
conv_58838068-7cd4-4f6c-b158-aabb542ab4b9,21,16,"about her latest project, a device that could purify water more efficiently than any natural process."
conv_58838068-7cd4-4f6c-b158-aabb542ab4b9,22,15,"""Imagine, Thorne,"" she said excitedly, ""clean water for everyone , and no one would suffer."
conv_58838068-7cd4-4f6c-b158-aabb542ab4b9,23,17,"Tell me Thorne, how exactly could a device like that do anything but good in the world."
conv_58838068-7cd4-4f6c-b158-aabb542ab4b9,24,10,"The world needs solutions, and sometimes technology is the answer."""
conv_58838068-7cd4-4f6c-b158-aabb542ab4b9,25,8,"Thorne smiled, a warm light in his eyes."
conv_58838068-7cd4-4f6c-b158-aabb542ab4b9,26,13,"""I see the good in your heart, Elara, and your ideas are great."
conv_58838068-7cd4-4f6c-b158-aabb542ab4b9,27,11,"Unfortunately, not all humans are as eager to save the world."
conv_58838068-7cd4-4f6c-b158-aabb542ab4b9,28,13,There are people here who want to exploit technology for their own gain.
conv_58838068-7cd4-4f6c-b158-aabb542ab4b9,29,14,"But together, we can ensure that your inventions are used for the greater good."
conv_58838068-7cd4-4f6c-b158-aabb542ab4b9,30,9,Let's find a way to harmonize the best of
conv_58c2f2e6-db2a-406d-9bc9-04aaf1b0c35a,0,30,"a small village nestled deep in the heart of an ancient forest, a place where the trees whispered secrets and the moon shone brighter than anywhere else in the kingdom."
conv_58c2f2e6-db2a-406d-9bc9-04aaf1b0c35a,1,13,"This village looked like any other village, but its inhabitants knew its secret."
conv_58c2f2e6-db2a-406d-9bc9-04aaf1b0c35a,2,14,"In a clearing near the edge of the forest stood an old, gnarled tree."
conv_58c2f2e6-db2a-406d-9bc9-04aaf1b0c35a,3,29,"Legend had it that this tree was the heart of the forest, and it held the power to grant wishes to whoever came to it with an honest plea."
conv_58c2f2e6-db2a-406d-9bc9-04aaf1b0c35a,4,17,The villagers had guarded this secret for generations and only used it in times of dire need.
conv_58c2f2e6-db2a-406d-9bc9-04aaf1b0c35a,5,35,"However, as the years passed, a young girl named Elara began to question the true extent of the tree’s power and the village’s role in keeping it a secret from the rest of the kingdom."
conv_58c2f2e6-db2a-406d-9bc9-04aaf1b0c35a,6,22,"The winter had been hard and food scarce; she had heard reports of other villages suffering just as much, if not more."
conv_58c2f2e6-db2a-406d-9bc9-04aaf1b0c35a,7,45,"Driven by a mix of curiosity and compassion, Elara decided to visit the old tree under the cover of night to make her plea for an early spring that would stock up the supplies of not only her village but of everyone in the kingdom."
conv_58c2f2e6-db2a-406d-9bc9-04aaf1b0c35a,8,25,"With a heart full of hope and a mind brimming with determination, she approached the ancient tree, its massive branches silhouetted against the moonlit sky."
conv_58c2f2e6-db2a-406d-9bc9-04aaf1b0c35a,9,13,She stroked the thick bark and felt the energy vibrating beneath her fingers.
conv_58c2f2e6-db2a-406d-9bc9-04aaf1b0c35a,10,17,"Closing her eyes, she leaned in close and whispered her wish into the heart of the tree."
conv_58c2f2e6-db2a-406d-9bc9-04aaf1b0c35a,11,24,"The air around her seemed to hum with a renewed intensity, and a gentle breeze rustled through the leaves, sending shivers down her spine."
conv_58c2f2e6-db2a-406d-9bc9-04aaf1b0c35a,12,11,"Then the forest was calm again, as if nothing had happened."
conv_58c2f2e6-db2a-406d-9bc9-04aaf1b0c35a,13,25,"After a last look at the ancient tree, Elara made her way back to the village, her steps lighter despite the weight of the unknown."
conv_58c2f2e6-db2a-406d-9bc9-04aaf1b0c35a,14,12,"As dawn broke, the first rays of sunlight revealed a beautiful day."
conv_58c2f2e6-db2a-406d-9bc9-04aaf1b0c35a,15,18,"Elara tried to go about her chores as usual, suppressing the urge to run back to the clearing."
conv_58c2f2e6-db2a-406d-9bc9-04aaf1b0c35a,16,12,She waited anxiously for any sign that her wish had been heard.
conv_58c2f2e6-db2a-406d-9bc9-04aaf1b0c35a,17,22,"By midday, word spread through the village that the air was warmer and the sky clearer than it had been for months."
conv_58c2f2e6-db2a-406d-9bc9-04aaf1b0c35a,18,24,"Elara's hope grew, but she didn't dare to tell the villagers about her wish, as only the elders were supposed to approach the tree."
conv_58c2f2e6-db2a-406d-9bc9-04aaf1b0c35a,19,19,"As the days passed, the warmth continued to spread, and the fields began to show signs of early growth."
conv_58c2f2e6-db2a-406d-9bc9-04aaf1b0c35a,20,5,"The village, and indeed the"
conv_5b956e03-a900-47aa-88a9-54cb6be40071,0,12,"Silly Billy, the most goofy boy in the town of Philly located."
conv_5b956e03-a900-47aa-88a9-54cb6be40071,1,44,"The land of Chili had been ruled by Willy until this winter where the evil salesman Gohda had conspired against the kind-hearted Willi, using his cunning tricks and deceitful smile to manipulate the townspeople into believing that Willi was no longer fit to rule."
conv_5b956e03-a900-47aa-88a9-54cb6be40071,2,56,"Gohda's dark magic consisted of ""The Script"", a permanent smirk (Gohda had an operation) and a coffee-heavy breath that could kill a regular-sized dog or a very irregular-sized cat, which made the townspeople quiver with fear whenever Gohda spoke, his voice dripping with an otherworldly charm that seemed to weave a spell of obedience around ..."
conv_5b956e03-a900-47aa-88a9-54cb6be40071,3,12,"Gosh, just thinking about his last pitch in the Town of Philly!"
conv_5b956e03-a900-47aa-88a9-54cb6be40071,4,13,He convinced butcher Jimmy to sell a string of sausages for a penny.
conv_5b956e03-a900-47aa-88a9-54cb6be40071,5,92,"Fortunately, Silly Billy was so extremely silly that he accidentally stumbled into the butcher shop, knocking over a display of freshly baked buns, causing a massive bread-ball to roll out into the street, distracting everyone, including Godha, who in his rage shorted mortgages of residents in Philly before increasing all loan interest by a trillion percent, thus creating an economic crisis in the once thriving town, where people like Mrs. Whiskers, the owner of the local cat café, and Mr. Jenkins, the town's oldest resident, found themselves without homes within the week."
conv_5b956e03-a900-47aa-88a9-54cb6be40071,6,22,"Silly Billy on the other hand was so silly he could not be bothered with mortgages, shorts, interest, loans and that kind."
conv_5b956e03-a900-47aa-88a9-54cb6be40071,7,52,"Mrs. Whisker was funny and decided to join forces with Silly Billy, using her quick wit and his carefree nature to devise a plan to outsmart Gohda and bring prosperity back to the Unfortunately, Mrs. Whisker fittingly had the figure of an irregular-sized cat and would perish to Gohda's coffee breath stench."
conv_5b956e03-a900-47aa-88a9-54cb6be40071,8,56,"Silly Billy alone would have to claim the throne of Chili, a task that seemed daunting even for someone as silly as Billy, but he was determined to save his town and its people from Gohda's evil grasp, So Silly Billy simply said to the people of Philly, that he could rule Chili better than Gohda."
conv_5b956e03-a900-47aa-88a9-54cb6be40071,9,15,"The said Jimmy, that Silly Billy was being silly thinking a Philly could rule Chili."
conv_5b956e03-a900-47aa-88a9-54cb6be40071,10,34,"But Silly Billy, not one to be deterred, pointed out that he was indeed a native of Philli, and that his silly nature could bring a fresh and much more geese-raids to the land."
conv_5b956e03-a900-47aa-88a9-54cb6be40071,11,14,"Oh well, it was at this time the author regretted the name of Godha."
conv_5b956e03-a900-47aa-88a9-54cb6be40071,12,4,Nothing rhymes with it.
conv_5b956e03-a900-47aa-88a9-54cb6be40071,13,53,"But perhaps that is why he was able to cast a spell of gloom over the land, a darkness that seemed to seep into the very marrow of the people's bones, and Silly Billy's silly wit chamed Jimmy to rally the people of Philli to storm the gates of Willi, capital of Chilli."
conv_5b956e03-a900-47aa-88a9-54cb6be40071,14,32,"At the gates stood Godha reading aloud ""The Script"" in a voice that sent shivers down the spines of even the bravest warriors, but Silly Billy, undaunted, charged forward, his silly antics"
conv_5e234f25-eb78-4ec3-8113-c66645149ddc,0,8,a young man who lived in a forest.
conv_5e234f25-eb78-4ec3-8113-c66645149ddc,1,12,It was a great forest with lots of different trees and plants.
conv_5e234f25-eb78-4ec3-8113-c66645149ddc,2,18,"It was early spring and the birds were returning from their winter migration, filling the canopy with song."
conv_5e234f25-eb78-4ec3-8113-c66645149ddc,3,23,"The young man's name was Theo, and he had built his cabin near a clear stream that woun ded throughout the grand forest."
conv_5e234f25-eb78-4ec3-8113-c66645149ddc,4,14,The cabin was built from wood which Theo had cut with his own hands.
conv_5e234f25-eb78-4ec3-8113-c66645149ddc,5,14,It had taken many years but Theo had all the time in the world.
conv_5e234f25-eb78-4ec3-8113-c66645149ddc,6,15,"He had no family waiting for him elsewhere, no job calling him back to civilization."
conv_5e234f25-eb78-4ec3-8113-c66645149ddc,7,9,"The forest was his home, his teacher, his companion."
conv_5e234f25-eb78-4ec3-8113-c66645149ddc,8,26,"Each morning he would spend his day by searching for berries, checking the traps he had set the day before and gathering water from the stream."
conv_5e234f25-eb78-4ec3-8113-c66645149ddc,9,15,"The day slowly moved on and the afternoon sun climbed higher, warming the forest floor."
conv_5e234f25-eb78-4ec3-8113-c66645149ddc,10,15,"Theo settled on a flat rock by the stream, watching minnows dart between the stones."
conv_5e234f25-eb78-4ec3-8113-c66645149ddc,11,10,He ha d a feeling that he was being watched.
conv_5e234f25-eb78-4ec3-8113-c66645149ddc,12,6,Someone or something was watching him
conv_5e234f25-eb78-4ec3-8113-c66645149ddc,13,16,but he wasn't sure where they were or for how long they had kept an eye.
conv_5e234f25-eb78-4ec3-8113-c66645149ddc,14,2,on him.
conv_5e234f25-eb78-4ec3-8113-c66645149ddc,15,11,"The birds had gone suddenly quiet, which never meant anything good."
conv_5e234f25-eb78-4ec3-8113-c66645149ddc,16,16,"Theo remained still, his breathing slow and steady, letting his peripheral vision scan the treeline ."
conv_5e234f25-eb78-4ec3-8113-c66645149ddc,17,36,"He didn't want the perpetrator to know that he knew he was being watched so he acted as if everything was normal, but meanwhile he slowly reached for the knife he always kept at his belt."
conv_5e234f25-eb78-4ec3-8113-c66645149ddc,18,12,His fingers brushed the worn leather handle as he pretended to stretch.
conv_5e234f25-eb78-4ec3-8113-c66645149ddc,19,13,Then he saw it—a flash of movement in the bush next to him.
conv_5e234f25-eb78-4ec3-8113-c66645149ddc,20,16,"Theo, without fear, quickly jumped in the bush trying to grab whatever was lying in there."
conv_5e234f25-eb78-4ec3-8113-c66645149ddc,21,11,He felt fur—soft and warm—and heard a small yelp of surprise.
conv_5e234f25-eb78-4ec3-8113-c66645149ddc,22,16,"He pulled back the branches carefully, and there, trembling beneath his hand, was a young boy."
conv_5e234f25-eb78-4ec3-8113-c66645149ddc,23,8,No more than six or seven years old.
conv_5e234f25-eb78-4ec3-8113-c66645149ddc,24,8,The boy had blond hair and worn-out clothes.
conv_5e234f25-eb78-4ec3-8113-c66645149ddc,25,11,His face was dirty and his hands were scratched from thorns.
conv_5e234f25-eb78-4ec3-8113-c66645149ddc,26,17,"He stared up at Theo with wide, terrified eyes, but didn't cry out or try to run."
conv_5e234f25-eb78-4ec3-8113-c66645149ddc,27,2,"""It's true."
conv_5e234f25-eb78-4ec3-8113-c66645149ddc,28,5,They are coming for you.
conv_5e234f25-eb78-4ec3-8113-c66645149ddc,29,5,You have to get out.
conv_5e234f25-eb78-4ec3-8113-c66645149ddc,30,1,"Soon."""
conv_5e234f25-eb78-4ec3-8113-c66645149ddc,31,18,The boy with the fur coat quickly ran and Theo had no way of keeping up with him.
conv_5e234f25-eb78-4ec3-8113-c66645149ddc,32,6,The boy knew his way around.
conv_5e234f25-eb78-4ec3-8113-c66645149ddc,33,8,the forest better than Theo had imagined possible.
conv_5e234f25-eb78-4ec3-8113-c66645149ddc,34,9,"Within seconds, he'd vanished between the trees like smoke."
conv_5e234f25-eb78-4ec3-8113-c66645149ddc,35,6,"Theo stood frozen, his heart pounding."
conv_5e234f25-eb78-4ec3-8113-c66645149ddc,36,3,Who were they?
conv_5e234f25-eb78-4ec3-8113-c66645149ddc,37,6,Why would they come for him?
conv_5e234f25-eb78-4ec3-8113-c66645149ddc,38,32,"Since his disappearance in the forest he hadn't given the outside world any thought at all, but all of the sudden it all came rushing back—memories he'd buried beneath years of solitude."
conv_5e234f25-eb78-4ec3-8113-c66645149ddc,39,11,The reason he'd fled to the forest in the first place.
conv_5e234f25-eb78-4ec3-8113-c66645149ddc,40,5,"The people he'd angered, the"
conv_5f17f002-84ad-4315-8c69-20ec83de1223,0,16,"two princesses living far, far away behind seven seas and seven mountains in their beautiful kingdom."
conv_5f17f002-84ad-4315-8c69-20ec83de1223,1,28,"They live in a kingdom of fun and whimsy and magic, where flowers bloom in every color of the rainbow and animals talk and laugh with the princesses."
conv_5f17f002-84ad-4315-8c69-20ec83de1223,2,19,"The elder princess, Sophia, had hair as golden as the sun and eyes as blue as the seven seas."
conv_5f17f002-84ad-4315-8c69-20ec83de1223,3,12,"The younger princess, Lauren, was the opposite, with thick dark brown hair."
conv_5f17f002-84ad-4315-8c69-20ec83de1223,4,48,"and eyes that sparkled like the stars on a clear night, but shared the same bright blue hue as her sister's, a trait that was said to be a mark of their unity and to represent the light and hope that was so inherent to the kingdom's community."
conv_5f17f002-84ad-4315-8c69-20ec83de1223,5,51,"People admired the two princesses and held them in high esteem, not just for their royal lineage, but for their kind hearts and gentle spirits, which had earned them the love and respect of all the kingdom's inhabitants The two princesses, despite their royal origin, felt very one with the villagers."
conv_5f17f002-84ad-4315-8c69-20ec83de1223,6,15,"They spent their time walking around town, buying bread from local kiosks, and reading books."
conv_5f17f002-84ad-4315-8c69-20ec83de1223,7,39,"in the town's quaint little library, where the librarian, an old wise woman named Mrs. Jenkins, would often set aside special volumes for them, filled with tales of ancient Mrs. Jenkins was an important member of the royal family."
conv_5f17f002-84ad-4315-8c69-20ec83de1223,8,47,"Although not related by blood, the king and queen had been very close with her for many years, and she had been a constant presence in the lives of the two princesses, serving as a mentor, a confidante, and a guardian of sorts, from their early childhood."
conv_5f17f002-84ad-4315-8c69-20ec83de1223,9,113,"The princesses used to run up to Mrs. Jenkins, Tina as everyone called her, and listen to her stories of far-off lands, mythical creatures, and magical realms, which she would recount with a twinkle in her eye and a warm smile, transporting the young girls to worlds One day, when the family expected Tina to come over, the cook even having baked fresh buns for lunch, no knock was heard on the door, not a sound of steps on the path leading up to the castle, and a sense of unease began to settle over the kingdom, as if the very absence of Tina's gentle presence had disturbed the balance of the unity."
conv_5f17f002-84ad-4315-8c69-20ec83de1223,10,16,"Everything went quiet – birds weren't singing, wind wasn't blowing, dark clouds appeared out of nowhere."
conv_5f17f002-84ad-4315-8c69-20ec83de1223,11,12,"The family sat in a room quietly, not a word or whisper."
conv_5f17f002-84ad-4315-8c69-20ec83de1223,12,33,"was spoken, as if they were all holding their breath, waiting for some sign or signal that would explain Tina's mysterious absence, and it was then that Sophia, the elder daughter started mumbling."
conv_5f17f002-84ad-4315-8c69-20ec83de1223,13,8,"Everyone was confused, no one could understand her."
conv_5f17f002-84ad-4315-8c69-20ec83de1223,14,16,"Suddenly, her eyes opened wide, her pupils disappeared and only the white was to be seen."
conv_5f17f002-84ad-4315-8c69-20ec83de1223,15,30,"and she spoke in a voice that was not her own, a low, eerie tone that sent shivers down the spines of all who heard it, saying only two words"
conv_61dd4f08-b460-4c98-8368-fb09762cbe5e,0,9,a lighthouse keeper who stopped believing in the sea.
conv_61dd4f08-b460-4c98-8368-fb09762cbe5e,1,32,"Her name was Maren, and she had tended the beacon at Crow's Point Hun mente, at havet ikke havde noget godt at bringe med sig, eftersom hun havde mistet hele sin familie."
conv_61dd4f08-b460-4c98-8368-fb09762cbe5e,2,4,for twenty years now.
conv_61dd4f08-b460-4c98-8368-fb09762cbe5e,3,30,"She believed the sea brought nothing good, having lost her entire family to its depths—her father and two brothers taken by a storm when she was just 10 år gammel."
conv_61dd4f08-b460-4c98-8368-fb09762cbe5e,4,19,"Hendes mor havde været så ulykkelig, at hun havde kastet sig ud fra en klippe og ned i havet."
conv_61dd4f08-b460-4c98-8368-fb09762cbe5e,5,20,"Dette havde efterladt Maren alone in the world, raised by an uncle who drank too much and spoke too little."
conv_61dd4f08-b460-4c98-8368-fb09762cbe5e,6,32,"The lighthouse became her inheritance and her prison—a place where she kunne kigge lige ud på det hav, der havde frataget hende hele hendes familie og fanget hende i denne triste tilværelse."
conv_61dd4f08-b460-4c98-8368-fb09762cbe5e,7,27,"Hendes største drøm var at leave it all behind, to move inland where she would never smell salt air again, never hear the relentless crash of waves."
conv_61dd4f08-b460-4c98-8368-fb09762cbe5e,8,36,"But the lighthouse demanded a keeper, an hun kunne ikke have det på hendes samvittighed, hvis hun efterlod fyrtårnet, og der så ville være nogle, der døde på havet, fordi hun ikke havde passet sin pligt."
conv_61dd4f08-b460-4c98-8368-fb09762cbe5e,9,25,"So night after night, she climbed the spiral stairs and lit the lamp, guiding ships safely past the rocks—saving the lives of en masse mennesker."
conv_61dd4f08-b460-4c98-8368-fb09762cbe5e,10,30,"Det trøstede hende at tænke på, at dem som hun har reddet har kunnet tage hjem til deres familier, sådan at andre ikke skulle opleve det samme som hun havde."
conv_61dd4f08-b460-4c98-8368-fb09762cbe5e,11,12,Det var den eneste mening hun kunne finde i hendes ensomme tilværelse.
conv_61dd4f08-b460-4c98-8368-fb09762cbe5e,12,20,"En stormfuld aften Gik det dog galt, Maren var faldet i søvn på sin vagt, og lyset var gået ud."
conv_61dd4f08-b460-4c98-8368-fb09762cbe5e,13,10,Som en konsekvens af dette var et skib gået under.
conv_61dd4f08-b460-4c98-8368-fb09762cbe5e,14,7,og nu lå vragresterne spredt langs kysten.
conv_61dd4f08-b460-4c98-8368-fb09762cbe5e,15,12,"Maren vågnede til lyden af bølger, der skyllede træplanker ind på stranden."
conv_61dd4f08-b460-4c98-8368-fb09762cbe5e,16,23,"Hun var helt knust over det som var sket, og hun havde en enorm trang til at kaste sig selv over en klippe"
conv_61dd4f08-b460-4c98-8368-fb09762cbe5e,17,8,"og i havet, ligesom hendes mor havde gjort."
conv_61dd4f08-b460-4c98-8368-fb09762cbe5e,18,33,"Men da hun stod der på kanten af klippen, hørte hun en svag stem der fortalte hende, at der var en mening med hendes liv, og at alt nok skulle blive godt igen."
conv_61dd4f08-b460-4c98-8368-fb09762cbe5e,19,6,Hun skulle nok komme igennem dette.
conv_61dd4f08-b460-4c98-8368-fb09762cbe5e,20,14,"Stemmen kom fra en overlevende fra vraget—en ung kvinde, klampet fast til en træplanke"
conv_62a271e6-a272-4e74-9d10-2dc0c15c530f,0,14,She could almost smell the burnt hair when she thought of that Christmas Eve.
conv_62a271e6-a272-4e74-9d10-2dc0c15c530f,1,26,The panicked room and the atmosphere that had shifted with the sudden movement of the blonde curls in the lit up candles on the window shelf.
conv_62a271e6-a272-4e74-9d10-2dc0c15c530f,2,25,"She remembered the eyes of her mother at the other end of the room, widening in slow motion, the cocktail glass slipping from her fingers."
conv_62a271e6-a272-4e74-9d10-2dc0c15c530f,3,18,"The crystal shattered against the hardwood floor, gin and ice scattering like broken stars in the dark floor."
conv_62a271e6-a272-4e74-9d10-2dc0c15c530f,4,33,"Everyone looked at mother and spilled drink on the floor, before her insistent eyes finally led the rest of the group to the window, where flames were already licking up the velvet curtains."
conv_62a271e6-a272-4e74-9d10-2dc0c15c530f,5,15,"Her sister Emma stood frozen, blonde hair smoking at the tips, too shocked to scream."
conv_62a271e6-a272-4e74-9d10-2dc0c15c530f,6,7,Time stood still until it suddenly didn't.
conv_62a271e6-a272-4e74-9d10-2dc0c15c530f,7,9,"From one moment to the other, things happened quickly."
conv_62a271e6-a272-4e74-9d10-2dc0c15c530f,8,29,"Punches were thrown through the room, and even Uncle Thomas had yanked the tablecloth, sending the entire Christmas ham sliding across the floor as he grabbed the crystal bowl."
conv_62a271e6-a272-4e74-9d10-2dc0c15c530f,9,28,"The red liquid arced through the air, only partly hitting the flames, while the rest landed on the floor around the scene making the floor slippery and treacherous."
conv_62a271e6-a272-4e74-9d10-2dc0c15c530f,10,37,"Her father lunged forward, nearly losing his footing in the sticky mess, his hands reaching for Emma who had finally begun to move, stumbling away from the flames with one arm reaching for her sister without luck."
conv_62a271e6-a272-4e74-9d10-2dc0c15c530f,11,12,Aunt Nancy finally managed to get her attention and escorted her in.
conv_62a271e6-a272-4e74-9d10-2dc0c15c530f,12,14,"the opposite direction, toward the kitchen where the fire extinguisher hung on the wall."
conv_62a271e6-a272-4e74-9d10-2dc0c15c530f,13,14,"She could hear Aunt Nancy's steady voice cutting through the chaos—""It's always like this!"
conv_62a271e6-a272-4e74-9d10-2dc0c15c530f,14,6,"Always a mess with this family!""."
conv_62a271e6-a272-4e74-9d10-2dc0c15c530f,15,6,Her eyes were cold and glaring.
conv_62a271e6-a272-4e74-9d10-2dc0c15c530f,16,16,"""Had we just stayed in Bournemouth, we wouldn't have to deal with your dramatics every holiday!"""
conv_62a271e6-a272-4e74-9d10-2dc0c15c530f,17,14,"Emma wrenched free from Nancy's grip, her singed hair falling across her tear-streaked face."
conv_62a271e6-a272-4e74-9d10-2dc0c15c530f,18,15,"Behind them, Uncle Thomas showed up filling the whole door opening with his enormous stature."
conv_62a271e6-a272-4e74-9d10-2dc0c15c530f,19,25,"He stared at the two women with a bewildered look and held the fire extinguisher limply at his side, foam still dripping from its nozzle."
conv_62a271e6-a272-4e74-9d10-2dc0c15c530f,20,37,"""The fire's out,"" he said quietly, but nobody move The three of them waited patiently for the next move, before Emma gave up and passed Uncle Thomas to get back to her sister in the now smoking."
conv_62a271e6-a272-4e74-9d10-2dc0c15c530f,21,2,living room.
conv_62a271e6-a272-4e74-9d10-2dc0c15c530f,22,14,The acrid smell of burnt fabric and melted wax hung heavy in the air.
conv_62a271e6-a272-4e74-9d10-2dc0c15c530f,23,10,"Through the haze, she could see her sister kneeling beside"
conv_634a773b-4e50-4e24-87f3-a5fbebcc6d74,0,19,"Eliana, a young woman with a heart as vast as the ocean and dreams that stretched beyond the horizon."
conv_634a773b-4e50-4e24-87f3-a5fbebcc6d74,1,19,She lived in a small coastal village where the air was always thick of love and full of kindness.
conv_634a773b-4e50-4e24-87f3-a5fbebcc6d74,2,18,"Everywhere she walked, flowers followed her like a trail, until one day when the flowers suddenly stopped blooming."
conv_634a773b-4e50-4e24-87f3-a5fbebcc6d74,3,13,"The once vibrant path was now barren, and Eliana felt a deep unease."
conv_634a773b-4e50-4e24-87f3-a5fbebcc6d74,4,13,"She knew something was amiss, and her heart urged her to uncover what."
conv_634a773b-4e50-4e24-87f3-a5fbebcc6d74,5,30,"In her seeking for answers she decided to meet with the famous witch Penelope, who lived alone at the foot of the mountain along with her fire breathing dragon, Ember."
conv_634a773b-4e50-4e24-87f3-a5fbebcc6d74,6,15,"The journey was long and perilous, but Eliana’s resolve only grew stronger with each step."
conv_634a773b-4e50-4e24-87f3-a5fbebcc6d74,7,18,"As she approached the mountain, the air grew thinner and colder, until she finally reached a small hut."
conv_634a773b-4e50-4e24-87f3-a5fbebcc6d74,8,4,"However, nobody was home."
conv_634a773b-4e50-4e24-87f3-a5fbebcc6d74,9,20,"She tried to knock on the door and bang on the windows, but after a while, she decided to wait."
conv_634a773b-4e50-4e24-87f3-a5fbebcc6d74,10,20,"Hours passed, and just as the sun began to set, casting long shadows across the landscape, the door creaked open."
conv_634a773b-4e50-4e24-87f3-a5fbebcc6d74,11,10,A wizened old woman opened the door and greeted her.
conv_634a773b-4e50-4e24-87f3-a5fbebcc6d74,12,21,"Scared but determined, she asked if she could come inside, and after a brief moment of thinking, she was let in."
conv_634a773b-4e50-4e24-87f3-a5fbebcc6d74,13,1,in.
conv_634a773b-4e50-4e24-87f3-a5fbebcc6d74,14,24,"The inside of the hut was dimly lit by a flickering fireplace, and the air was thick with the scent of herbs and incense."
conv_634a773b-4e50-4e24-87f3-a5fbebcc6d74,15,23,"Penelope gestured for her to have a seat, and unsure of where to sit she chose what looked like some kind of chair."
conv_634a773b-4e50-4e24-87f3-a5fbebcc6d74,16,10,"To her surprise, however, the chair suddenly started to move."
conv_634a773b-4e50-4e24-87f3-a5fbebcc6d74,17,15,"and came to life, gently guiding her to a more comfortable spot by the fire."
conv_634a773b-4e50-4e24-87f3-a5fbebcc6d74,18,15,"Eliana’s eyes widened in astonishment, but she couldn’t help but laugh at the obscure situation."
conv_634a773b-4e50-4e24-87f3-a5fbebcc6d74,19,7,The witches look however grew more serious.
conv_634a773b-4e50-4e24-87f3-a5fbebcc6d74,20,10,She looked at Eliana with a furrow between her eyebrows.
conv_634a773b-4e50-4e24-87f3-a5fbebcc6d74,21,7,"and said, ""I’ve been expecting you, Eliana."
conv_634a773b-4e50-4e24-87f3-a5fbebcc6d74,22,11,"The flowers are a sign, a message from the earth itself."
conv_634a773b-4e50-4e24-87f3-a5fbebcc6d74,23,16,"Something dark is stirring, and only you can stop whatever is brewing from coming to life."
conv_634a773b-4e50-4e24-87f3-a5fbebcc6d74,24,9,"Haggin can help you, you will meet him outside."""
conv_634a773b-4e50-4e24-87f3-a5fbebcc6d74,25,1,Him?
conv_634a773b-4e50-4e24-87f3-a5fbebcc6d74,26,5,"Eliana thought to herself, puzzled."
conv_634a773b-4e50-4e24-87f3-a5fbebcc6d74,27,19,"She thanked Penelope and stepped out into the twilight, her heart pounding with a mix of fear and determination."
conv_634a773b-4e50-4e24-87f3-a5fbebcc6d74,28,13,"Just as the witch had said, a male was waiting for her outside."
conv_634a773b-4e50-4e24-87f3-a5fbebcc6d74,29,6,"However, it was not any male."
conv_634a773b-4e50-4e24-87f3-a5fbebcc6d74,30,4,It was the dragon.
conv_634a773b-4e50-4e24-87f3-a5fbebcc6d74,31,10,"Eliana approached the dragon nervously, unsure of how to react."
conv_634a773b-4e50-4e24-87f3-a5fbebcc6d74,32,11,"To her surprise, the dragon spoke, its voice deep and resonant."
conv_634a773b-4e50-4e24-87f3-a5fbebcc6d74,33,10,"""I am Ember, and I am here to guide you."
conv_634a773b-4e50-4e24-87f3-a5fbebcc6d74,34,5,The darkness you must face
conv_6419c979-eb60-46a6-8770-2c3a25c7e2b3,0,8,a lighthouse keeper who forgot how to sleep.
conv_6419c979-eb60-46a6-8770-2c3a25c7e2b3,1,20,"Maris had lived on the rocky island for seven years, tending the beacon that guided ships through the rocky waters."
conv_6419c979-eb60-46a6-8770-2c3a25c7e2b3,2,22,"She loved her job and often stayed long after her shift ended, to just take in the endless rhythm of the waves."
conv_6419c979-eb60-46a6-8770-2c3a25c7e2b3,3,6,"But three months ago, something changed."
conv_6419c979-eb60-46a6-8770-2c3a25c7e2b3,4,22,"The night she saw the ship with black sails, the one that didn't appear on any of her indicators or sonar equipment."
conv_6419c979-eb60-46a6-8770-2c3a25c7e2b3,5,21,"It looked out of this world, with the size of a large house and the shimmer of old glass catching moonlight."
conv_6419c979-eb60-46a6-8770-2c3a25c7e2b3,6,26,"She'd rubbed her eyes, certain it was exhaustion playing tricks, but when she looked again, the vessel had moved closer and kept moving closer and closer."
conv_6419c979-eb60-46a6-8770-2c3a25c7e2b3,7,8,It was until the ominous giant suddenly stopped.
conv_6419c979-eb60-46a6-8770-2c3a25c7e2b3,8,19,Something was wrong and she could feel it in her bones—a wrongness that made the air taste like copper.
conv_6419c979-eb60-46a6-8770-2c3a25c7e2b3,9,15,"The ship sat there, motionless in waters that should have shredded its old wooden planks."
conv_6419c979-eb60-46a6-8770-2c3a25c7e2b3,10,29,"The ship started moving again, but this time not with the wind, not through the rocks or the current—it moved backward, impossibly, against every law of nature Maris understood."
conv_6419c979-eb60-46a6-8770-2c3a25c7e2b3,11,15,And then she heard it: a voice calling her name from across the water Maris!
conv_6419c979-eb60-46a6-8770-2c3a25c7e2b3,12,1,Maris!
conv_6419c979-eb60-46a6-8770-2c3a25c7e2b3,13,6,A shock went through her body.
conv_6419c979-eb60-46a6-8770-2c3a25c7e2b3,14,11,"She rushed down the stairs, almost tripping on the steps on."
conv_6419c979-eb60-46a6-8770-2c3a25c7e2b3,15,6,her way to the rocky shore.
conv_6419c979-eb60-46a6-8770-2c3a25c7e2b3,16,12,Her boots splashed through tide pools as she squinted into the darkness.
conv_6419c979-eb60-46a6-8770-2c3a25c7e2b3,17,13,"The black-sailed ship had vanished completely, but the voice kept calling her name."
conv_6419c979-eb60-46a6-8770-2c3a25c7e2b3,18,17,"Now, it was as if a thousand voices joined and a chant of soulless voices encouraged her."
conv_6419c979-eb60-46a6-8770-2c3a25c7e2b3,19,6,to wade into the frigid water.
conv_6419c979-eb60-46a6-8770-2c3a25c7e2b3,20,16,"Maris stopped at the edge, waves lapping at her boots, her heart hammering against her ribs."
conv_6419c979-eb60-46a6-8770-2c3a25c7e2b3,21,12,The voices promise promised an adventure she would not want to miss.
conv_6419c979-eb60-46a6-8770-2c3a25c7e2b3,22,15,"A great journey around the world, away from the isolation that had become her prison."
conv_6419c979-eb60-46a6-8770-2c3a25c7e2b3,23,10,Maris felt tears on her cheeks—when had she started crying?
conv_6419c979-eb60-46a6-8770-2c3a25c7e2b3,24,24,"The voices knew her deepest longing, the wan She wanted to stay, but something deep inside of her called her to join the voices."
conv_6419c979-eb60-46a6-8770-2c3a25c7e2b3,25,14,"One step at a time, she walked into the cold embrace of the sea."
conv_6419c979-eb60-46a6-8770-2c3a25c7e2b3,26,18,"The water climbed past her knees, her waist, her chest—and just as it reached her shoulders, the lighthouse"
conv_68f643620b5081968ccd202f0b32a9250787a797b4322e0b,0,20,"a small village nestled deep within the Whispering Woods, where the trees seemed to hold secrets in their rustling leaves."
conv_68f643620b5081968ccd202f0b32a9250787a797b4322e0b,1,21,"In this village lived a young girl named Elara, who possessed an extraordinary gift—she could understand the language of the forest."
conv_68f643620b5081968ccd202f0b32a9250787a797b4322e0b,2,19,"Elara spent her days wandering the woods, listening to the tales the trees told and the songs they sang."
conv_68f643620b5081968ccd202f0b32a9250787a797b4322e0b,3,20,"Elara loved the magical feeling of wandering in the dappled sunlight, where beams of light danced through the canopy above."
conv_68f643620b5081968ccd202f0b32a9250787a797b4322e0b,4,18,"The forest was alive with whispers, and Elara felt a deep connection to every living thing within it."
conv_68f643620b5081968ccd202f0b32a9250787a797b4322e0b,5,22,"One day, as she explored a part of the woods she had never ventured into before, she stumbled upon a hidden glade."
conv_68f643620b5081968ccd202f0b32a9250787a797b4322e0b,6,17,"In the center stood an ancient, viking stone cover from top to bottom in runes and drawings."
conv_68f643620b5081968ccd202f0b32a9250787a797b4322e0b,7,24,"Elena thought to herself, ""If only I could decipher these symbols, perhaps they hold the key to understanding the deeper mysteries of the forest."""
conv_68f643620b5081968ccd202f0b32a9250787a797b4322e0b,8,17,"She reached out to touch the cool, weathered stone, feeling a strange energy pulse beneath her fingertips."
conv_68f643620b5081968ccd202f0b32a9250787a797b4322e0b,9,13,"Suddenly, the air around her shimmered, and the runes began to glow softly."
conv_68f643620b5081968ccd202f0b32a9250787a797b4322e0b,10,12,"A gentle voice emerged from the stone, speaking in a foreign tongue."
conv_68f643620b5081968ccd202f0b32a9250787a797b4322e0b,11,14,"The voice was warm and creaky, like that of an old and wise grandmother."
conv_68f643620b5081968ccd202f0b32a9250787a797b4322e0b,12,6,Elena was frightened and slightly intrigued.
conv_68f643620b5081968ccd202f0b32a9250787a797b4322e0b,13,5,How could the stone speak?
conv_68f643620b5081968ccd202f0b32a9250787a797b4322e0b,14,14,"Gathering her courage, she listened closely, allowing the forest's whispers to guide her understanding."
conv_68f643620b5081968ccd202f0b32a9250787a797b4322e0b,15,8,"Slowly, the foreign words began to make sense."
conv_68f643620b5081968ccd202f0b32a9250787a797b4322e0b,16,18,"""Child of the woods,"" the voice intoned, ""you have unlocked the path to the Heart of the Forest."
conv_68f643620b5081968ccd202f0b32a9250787a797b4322e0b,17,17,"Your bond with nature is strong, and only you can awaken the ancient guardians of the forest."
conv_68f643620b5081968ccd202f0b32a9250787a797b4322e0b,18,29,"Elena had heard tales of the ancient guardians of the earth since before she could remember, but she hadn't given those sagas much credence, thinking them mere bedtime stories."
conv_68f643620b5081968ccd202f0b32a9250787a797b4322e0b,19,11,"Yet here she stood, at the cusp of a forgotten legend."
conv_68f643620b5081968ccd202f0b32a9250787a797b4322e0b,20,17,"The voice continued, ""To awaken them, you must seek the four elemental stones hidden within the forest."
conv_68f643620b5081968ccd202f0b32a9250787a797b4322e0b,21,13,"Each stone is protected by a challenge that tests your heart and spirit."""
conv_68f643620b5081968ccd202f0b32a9250787a797b4322e0b,22,8,Elara felt a surge of responsibility and excitement.
conv_68f643620b5081968ccd202f0b32a9250787a797b4322e0b,23,14,She knew not why her dearest friend the forest had chosen to test her.
conv_68f643620b5081968ccd202f0b32a9250787a797b4322e0b,24,19,Maybe it was because it knew that in her heart was a longing to become one of the tribes.
conv_68f643620b5081968ccd202f0b32a9250787a797b4322e0b,25,4,of the ancient guardians.
conv_68f643620b5081968ccd202f0b32a9250787a797b4322e0b,26,25,"Her connection to the forest had always set her apart, and now it seemed to be calling her to fulfill a destiny she never imagined."
conv_68f643620b5081968ccd202f0b32a9250787a797b4322e0b,27,13,"With determination, Elara set off on her quest, her mind racing with possibilities."
conv_68f643620b5081968ccd202f0b32a9250787a797b4322e0b,28,18,"She knew the journey would be fraught with challenges, but she felt ready to face whatever lay ahead."
conv_68f643620b5081968ccd202f0b32a9250787a797b4322e0b,29,19,"Elara filled with excitement asked the voice: ""How do I find the elemental stones of Fire, Water, and Air?"""
conv_68f643620b5081968ccd202f0b32a9250787a797b4322e0b,30,8,"Being from the Earth tribe, she had heard."
conv_68f643620b5081968ccd202f0b32a9250787a797b4322e0b,31,14,"only whispers of the other elements, each with its own unique power and challenge."
conv_68f643620b5081968ccd202f0b32a9250787a797b4322e0b,32,10,"The voice responded gently, ""Follow the signs the forest provides."
conv_68f643620b5081968ccd202f0b32a9250787a797b4322e0b,33,11,"The stones reveal themselves to those who listen with their hearts."""
conv_68f643620b5081968ccd202f0b32a9250787a797b4322e0b,34,15,"Elara nodded, feeling the weight of her task but also the thrill of the adventure."
conv_68f643620b5081968ccd202f0b32a9250787a797b4322e0b,35,42,"She took a deep breath and began her journey, ready find out who she truly is, but firstly she had to gather the most essential gear from their family tent at the campsite, where the forest meets the edge of the village."
conv_68f643620b5081968ccd202f0b32a9250787a797b4322e0b,36,19,"As she made her way back, the path seemed to guide her, branches parting and leaves rustling in encouragement."
conv_68f643620b5081968ccd202f0b32a9250787a797b4322e0b,37,20,"At the campsite, she gathered her essentials—a sturdy satchel, her grandmother's compass, a small knife, and a flask of water."
conv_68f643620b5081968ccd202f0b32a9250787a797b4322e0b,38,12,"Her family, sensing her determination, offered her quiet support, understanding her quest."
conv_68f643620b5081968ccd202f0b32a9250787a797b4322e0b,39,45,"Elara came from a loving, supportive home and that meant that even though her mother understood this was an adventure Elara needed to take on her own, she still offered a warm embrace and whispered, ""Trust in yourself, and in the wisdom of the forest."""
conv_68f643620b5081968ccd202f0b32a9250787a797b4322e0b,40,22,"With her heart full of courage and her mind set on the journey ahead, Elara set off once more into the woods."
conv_68f643620b5081968ccd202f0b32a9250787a797b4322e0b,41,18,"The whispers of the trees seemed to cheer her on, and she felt a deep sense of belonging"
conv_68f73dbdcc8081958c0890edef7c670804df05d299f21c4d,0,13,"a young girl named Elara, who lived in the quaint village of Eldergrove."
conv_68f73dbdcc8081958c0890edef7c670804df05d299f21c4d,1,22,"Nestled between misty mountains and dense, whispering forests, Eldergrove was a place where magic lingered just beneath the surface of everyday life."
conv_68f73dbdcc8081958c0890edef7c670804df05d299f21c4d,2,44,"Elara had always felt a peculiar connection to the forest, as if it held secrets meant only for her In fact, the forest had always given her a sense of belonging, like its secrets were a language shared between only her and the forest."
conv_68f73dbdcc8081958c0890edef7c670804df05d299f21c4d,3,18,"The singing of the Redwings, (mimicked by the Starlings) and the picturesque colors of autumn filled her heart."
conv_68f73dbdcc8081958c0890edef7c670804df05d299f21c4d,4,21,"One crisp autumn morning, as the golden leaves danced in the breeze, Elara ventured deeper into the forest than ever before."
conv_68f73dbdcc8081958c0890edef7c670804df05d299f21c4d,5,12,"She followed a narrow, winding path that seemed to call her name."
conv_68f73dbdcc8081958c0890edef7c670804df05d299f21c4d,6,10,"As she walked, the air shimmered with a mysterious energy."
conv_68f73dbdcc8081958c0890edef7c670804df05d299f21c4d,7,18,"Suddenly, she stumbled upon a hidden glade, where a gentle stream flowed and an ancient elephant skeleton lied."
conv_68f73dbdcc8081958c0890edef7c670804df05d299f21c4d,8,28,"The elders in Elara's village had warned the community time and time again about entering the Elephant Graveyard, since children who went there seemed to be changed forever."
conv_68f73dbdcc8081958c0890edef7c670804df05d299f21c4d,9,18,"Elara felt a cold creeping chill down her spine, but also an inexplicable pull to uncover the truth."
conv_68f73dbdcc8081958c0890edef7c670804df05d299f21c4d,10,18,"As she approached the skeleton, she noticed intricate carvings on its bones, glowing faintly in the dappled sunlight."
conv_68f73dbdcc8081958c0890edef7c670804df05d299f21c4d,11,21,"The symbols seemed to pulse with life, and Elara felt a strange warmth spreading through her fingertips as she traced them."
conv_68f73dbdcc8081958c0890edef7c670804df05d299f21c4d,12,10,"Suddenly, the forest around her whispered in a voice ."
conv_68f73dbdcc8081958c0890edef7c670804df05d299f21c4d,13,10,"It was the voice of her annoying older brother, Tristan."
conv_68f73dbdcc8081958c0890edef7c670804df05d299f21c4d,14,13,"Tristan was tall for his age, athletic build and was a real know-it-all."
conv_68f73dbdcc8081958c0890edef7c670804df05d299f21c4d,15,35,"Truth be told he was the kind of brother that any little sister would have loved and hated in equal measures, as it was Tristan who had dared her to explore the forest that morning."
conv_68f73dbdcc8081958c0890edef7c670804df05d299f21c4d,16,6,"""Elara, what are you doing here?"""
conv_68f73dbdcc8081958c0890edef7c670804df05d299f21c4d,17,12,"his voice echoed through the trees, a mix of surprise and concern."
conv_68f73dbdcc8081958c0890edef7c670804df05d299f21c4d,18,19,"He emerged from behind a tree, his eyes wide as he took in the sight of the ancient skeleton."
conv_68f73dbdcc8081958c0890edef7c670804df05d299f21c4d,19,13,"""I could ask you the same thing,"" Elara retorted while inspecting the carvings."
conv_68f73dbdcc8081958c0890edef7c670804df05d299f21c4d,20,4,"""Elara, don't touch that!"""
conv_68f73dbdcc8081958c0890edef7c670804df05d299f21c4d,21,2,Tristan yelled.
conv_68f73dbdcc8081958c0890edef7c670804df05d299f21c4d,22,6,"""Don't you know where we are?"
conv_68f73dbdcc8081958c0890edef7c670804df05d299f21c4d,23,4,We can't be here.
conv_68f73dbdcc8081958c0890edef7c670804df05d299f21c4d,24,17,"The elders wouldn't like it,"" he pleaded, trying to persuade Elara to go back into the forest."
conv_68f73dbdcc8081958c0890edef7c670804df05d299f21c4d,25,14,"Elara knew Tristan was right, but she felt an undeniable connection to the carvings."
conv_68f73dbdcc8081958c0890edef7c670804df05d299f21c4d,26,13,"""Just a little longer,"" she insisted, her fingers still tracing the glowing symbols."
conv_68f73dbdcc8081958c0890edef7c670804df05d299f21c4d,27,7,"""I feel like there's something important here."""
conv_68f73dbdcc8081958c0890edef7c670804df05d299f21c4d,28,7,"Tristan sighed, glancing nervously around the glade."
conv_68f73dbdcc8081958c0890edef7c670804df05d299f21c4d,29,3,"""Fine, but hurry."
conv_68f73dbdcc8081958c0890edef7c670804df05d299f21c4d,30,7,"I don't want to be caught here."""
conv_68f73dbdcc8081958c0890edef7c670804df05d299f21c4d,31,32,"As Elara continued to explore, she placed her tiny hand on a rib, covering less than half perimeter, with so gentle a touch that she hardly put any pressure on the bone."
conv_68f73dbdcc8081958c0890edef7c670804df05d299f21c4d,32,9,All of the sudden she heard tiny cracking sounds.
conv_68f73dbdcc8081958c0890edef7c670804df05d299f21c4d,33,18,"Choked by the noise she flew back into Tristan's arms, but it was not the bone that broke."
conv_68f73dbdcc8081958c0890edef7c670804df05d299f21c4d,34,13,"Instead, the ground beneath the skeleton began to shift, revealing a hidden chamber."
conv_68f73dbdcc8081958c0890edef7c670804df05d299f21c4d,35,14,"A soft, luminescent glow emanated from within, casting ethereal patterns on the surrounding trees."
conv_68f73dbdcc8081958c0890edef7c670804df05d299f21c4d,36,15,"Tristan and Elara exchanged a glance, a mix of fear and curiosity in their eyes."
conv_68f73dbdcc8081958c0890edef7c670804df05d299f21c4d,37,16,"""We should tell someone,"" Tristan whispered Elara's eyes started glowing a warm yellow around her pupils."
conv_68f73dbdcc8081958c0890edef7c670804df05d299f21c4d,38,14,"She felt her body moving towards the chamber, spellbound by the glow that emanated."
conv_68f73dbdcc8081958c0890edef7c670804df05d299f21c4d,39,19,"As Elara moved towards the chamber, Tristan grabbed her wrist and yelled at her: ""Elara, what are you doing?"
conv_68f73dbdcc8081958c0890edef7c670804df05d299f21c4d,40,7,"We need to get out of here!"""
conv_68f73dbdcc8081958c0890edef7c670804df05d299f21c4d,41,15,"But Elara barely heard him, her mind captivated by the mysterious energy pulling her forward."
conv_68f73dbdcc8081958c0890edef7c670804df05d299f21c4d,42,13,"Inside the chamber, she saw a pedestal with a small, intricately carved stone."
conv_68f73dbdcc8081958c0890edef7c670804df05d299f21c4d,43,15,"The symbols on the stone matched those on the skeleton, glowing brighter as she approached."
conv_68f73dbdcc8081958c0890edef7c670804df05d299f21c4d,44,14,Elara felt a deep sense of recognition like she had seen the carvings before.
conv_68f73dbdcc8081958c0890edef7c670804df05d299f21c4d,45,20,"Tristan had followed into the chamber, filled with fear but also with an even bigger sense of responsibility for Elara."
conv_68f73dbdcc8081958c0890edef7c670804df05d299f21c4d,46,33,"He pulled her arm and tried to pick her up to carry her out of there, but it was as if she was rooted to the spot, her gaze locked on the stone."
conv_68f73dbdcc8081958c0890edef7c670804df05d299f21c4d,47,13,"""I have to touch it, Tristan,"" she whispered, her voice distant and dreamlike."
conv_68f73dbdcc8081958c0890edef7c670804df05d299f21c4d,48,14,"Tristan hesitated, torn between protecting his sister and the strange allure of the stone."
conv_68f73dbdcc8081958c0890edef7c670804df05d299f21c4d,49,7,"""Okay,"" he finally said, his voice trembling."
conv_68f73dbdcc8081958c0890edef7c670804df05d299f21c4d,50,3,"""But be quick."""
conv_68f73dbdcc8081958c0890edef7c670804df05d299f21c4d,51,11,With a deep breath Elara placed her hands on the carvings.
conv_68f73dbdcc8081958c0890edef7c670804df05d299f21c4d,52,14,"She felt an electric wave going through her, making her feel warm and alive."
conv_68f73dbdcc8081958c0890edef7c670804df05d299f21c4d,53,36,"She started feeling lighter and noticed her feet leaving the ground as she started to levitate, but to Tristan who couldn't see the magic, it looked as though she was enveloped in a gentle, golden light."
conv_68f73dbdcc8081958c0890edef7c670804df05d299f21c4d,54,14,"The chamber filled with a soft hum, resonating with the energy flowing through Elara."
conv_68f73dbdcc8081958c0890edef7c670804df05d299f21c4d,55,11,"Tristan watched in awe and fear, unsure of what to do."
conv_68f73dbdcc8081958c0890edef7c670804df05d299f21c4d,56,4,"""Elara, are you okay?"""
conv_68f73dbdcc8081958c0890edef7c670804df05d299f21c4d,57,5,"he called, his voice echoing."
conv_68f73dbdcc8081958c0890edef7c670804df05d299f21c4d,58,3,"Elara nodded, a"
conv_68f8cb66e7d0819089538cdf28e940fb0be0c7c5bc28f178,0,21,"landscape, there lived a poor farmer with three adventurous daughters who hated their small and limited life in the village ."
conv_68f8cb66e7d0819089538cdf28e940fb0be0c7c5bc28f178,1,6,Each daughter possessed a unique dream.
conv_68f8cb66e7d0819089538cdf28e940fb0be0c7c5bc28f178,2,11,"Ella, the eldest, yearned to explore distant lands across the sea."
conv_68f8cb66e7d0819089538cdf28e940fb0be0c7c5bc28f178,3,33,"Maren, the middle child, hoped to uncover the secrets of the dark forests, which lay beyond the southern mountains and was rumoured to still be the domain of the old gods and spirits."
conv_68f8cb66e7d0819089538cdf28e940fb0be0c7c5bc28f178,4,24,"Meanwhile, Liora, the youngest, had a heart set on unraveling the mysteries of the stars, believing they held keys to untold wisdom and power."
conv_68f8cb66e7d0819089538cdf28e940fb0be0c7c5bc28f178,5,22,"One day, day, an old wise woman journeyed into town on the back of a donkey and sought shelter among the villagers."
conv_68f8cb66e7d0819089538cdf28e940fb0be0c7c5bc28f178,6,10,"Ella, Maren, and Liora took her back to the farmhouse."
conv_68f8cb66e7d0819089538cdf28e940fb0be0c7c5bc28f178,7,18,"The wise woman, grateful for their kindness, promised each daughter a gift that might help fulfill their dreams."
conv_68f8cb66e7d0819089538cdf28e940fb0be0c7c5bc28f178,8,11,"To Ella, she gave a compass that always pointed toward adventure."
conv_68f8cb66e7d0819089538cdf28e940fb0be0c7c5bc28f178,9,24,"To To Maren, she gave a magical machete for forging a path through dense wilderness vines, and which glows when unseen danger is present."
conv_68f8cb66e7d0819089538cdf28e940fb0be0c7c5bc28f178,10,17,"To Liora, she presented a telescope, enchanted to reveal hidden constellations that whispered secrets of the universe."
conv_68f8cb66e7d0819089538cdf28e940fb0be0c7c5bc28f178,11,23,"Each daughter felt a surge of hope and determination, knowing these these items could empower them to pursue their dreams beyond the village."
conv_68f8cb66e7d0819089538cdf28e940fb0be0c7c5bc28f178,12,14,They asked the old wise woman who she was and where she came from.
conv_68f8cb66e7d0819089538cdf28e940fb0be0c7c5bc28f178,13,20,"The wise woman simply smiled and replied, ""I am a wanderer of forgotten paths and a keeper of ancient tales."""
conv_68f8cb66e7d0819089538cdf28e940fb0be0c7c5bc28f178,14,23,"With a twinkle in her eye, she added, sipped her tea and went silent again and left the girls with their curiosity unfulfilled."
conv_68f8cb66e7d0819089538cdf28e940fb0be0c7c5bc28f178,15,8,"""But where are you going next?"" they asked."
conv_68f8cb66e7d0819089538cdf28e940fb0be0c7c5bc28f178,16,11,"""I follow the winds and whispers of the world,"" she replied."
conv_68f8cb66e7d0819089538cdf28e940fb0be0c7c5bc28f178,17,6,"""Perhaps to where I'm needed next."""
conv_68f8cb66e7d0819089538cdf28e940fb0be0c7c5bc28f178,18,18,"As dawn broke, she prepared to leave, her presence lingering like a a refreshing breeze from the mountains."
conv_68f8cb66e7d0819089538cdf28e940fb0be0c7c5bc28f178,19,19,"On her way out of the village, the three girls followed her as far as they could on foot."
conv_68f8cb66e7d0819089538cdf28e940fb0be0c7c5bc28f178,20,15,"As they reached the edge of the village, she turned to them one last time."
conv_68f8cb66e7d0819089538cdf28e940fb0be0c7c5bc28f178,21,9,"""Remember,"" she said, ""the path is forged by courage."
conv_68f8cb66e7d0819089538cdf28e940fb0be0c7c5bc28f178,22,6,Trust your gifts and go forth.
conv_68f8cb66e7d0819089538cdf28e940fb0be0c7c5bc28f178,23,11,"If you wait until you feel ready, you will never go."
conv_68f8cb66e7d0819089538cdf28e940fb0be0c7c5bc28f178,24,18,"You will never see me again, but know that I believe in you and will follow your journey."
conv_68f8cb66e7d0819089538cdf28e940fb0be0c7c5bc28f178,25,11,"With those words, the old woman disappeared into the morning mist."
conv_68f8cb66e7d0819089538cdf28e940fb0be0c7c5bc28f178,26,8,"The sisters stood there, filled with newfound resolve."
conv_68f8cb66e7d0819089538cdf28e940fb0be0c7c5bc28f178,27,33,"Together, they turned back toward home to prepare, knowing their Exciting futures awaited them beyond the village, and feeling grateful for their chance encounter with the wise woman, they would never forget her."
conv_68f8cb66e7d0819089538cdf28e940fb0be0c7c5bc28f178,28,24,"As they ventured down the winding path away from the village, the memories of the wise woman lingered, like soft echoes in their minds."
conv_68f8cb66e7d0819089538cdf28e940fb0be0c7c5bc28f178,29,6,Her cryptic words had woven a
conv_6910e16399d48194987708b3589ca9eb0edd24df36992831,0,11,"Lila, a curious inventor living in the bustling city of Aetheria."
conv_6910e16399d48194987708b3589ca9eb0edd24df36992831,1,33,"Unlike the majority of its inhabitants, who spent their days lost in cloud-reaching skyscrapers, L Lila likes to walk around in the city exploring urban neighborhoods, where she looks for new food options."
conv_6910e16399d48194987708b3589ca9eb0edd24df36992831,2,18,Yesterday she discovered a hidden alleyway lined with vibrant street art and intriguing scents wafting from small eateries.
conv_6910e16399d48194987708b3589ca9eb0edd24df36992831,3,18,"Drawn by the smell of spices, she followed her nose to a small store selling cookies and flowers."
conv_6910e16399d48194987708b3589ca9eb0edd24df36992831,4,25,"The combination of the newly baked cookies and the flowers made her mind think about the time, she spent with her grandmother in the countryside."
conv_6910e16399d48194987708b3589ca9eb0edd24df36992831,5,19,"Her grandmother used to bake lavender cookies; their scent filled the air, mingling with the blossoms in the garden."
conv_6910e16399d48194987708b3589ca9eb0edd24df36992831,6,5,Lila decided to go home.
conv_6910e16399d48194987708b3589ca9eb0edd24df36992831,7,21,"She missed her grandmother, and she just got reminded about how the grandfather took both of their lives a year ago."
conv_6910e16399d48194987708b3589ca9eb0edd24df36992831,8,15,"She felt a pang of sorrow mixed with a longing for those simple, joyful moments."
conv_6910e16399d48194987708b3589ca9eb0edd24df36992831,9,16,"Determined to honor her grandmother's memory, Lila decided to recreate her lavender cookies using only butter."
conv_6910e16399d48194987708b3589ca9eb0edd24df36992831,10,10,She had lost everything else since she lost her grandmother.
conv_6910e16399d48194987708b3589ca9eb0edd24df36992831,11,13,"She couldn't get up in the morning, and she had lost her job."
conv_6910e16399d48194987708b3589ca9eb0edd24df36992831,12,14,"The pain was too intense, and the world seemed colorless without her grandmother's warmth."
conv_6910e16399d48194987708b3589ca9eb0edd24df36992831,13,20,"But as she mixed the butter, flour, and carefully chosen lavender, she found solace in the familiar smell of butter."
conv_6910e16399d48194987708b3589ca9eb0edd24df36992831,14,1,God
conv_6910e16399d48194987708b3589ca9eb0edd24df36992831,15,4,damn she loved butter.
conv_6910e16399d48194987708b3589ca9eb0edd24df36992831,16,14,She once just ate a whole stick of butter because she had nothing left.
conv_6910e16399d48194987708b3589ca9eb0edd24df36992831,17,13,"Despite the challenges, the act of baking offered her a small, comforting ritual."
conv_6910e16399d48194987708b3589ca9eb0edd24df36992831,18,19,"As the cookies baked, she felt the first flicker of hope she'd experienced in months—a hint for something new."
conv_6910e16399d48194987708b3589ca9eb0edd24df36992831,19,13,Maybe this was the year she went to the butter festival in Paris.
conv_6910e16399d48194987708b3589ca9eb0edd24df36992831,20,18,"She had heard that Joe Biden was a big butter enthusiast like her, and the thought amused her."
conv_6910e16399d48194987708b3589ca9eb0edd24df36992831,21,16,"She imagined meeting people who shared her passion, perhaps even forging new friendships over buttery delights."
conv_6910e16399d48194987708b3589ca9eb0edd24df36992831,22,22,"As the cookies cooled, Lila realized that this might be the last year that Joe Biden would participate in the butter festival."
conv_6910e16399d48194987708b3589ca9eb0edd24df36992831,23,16,She cried a bit and opened her computer so she could buy a ticket to Paris.
conv_6910e16399d48194987708b3589ca9eb0edd24df36992831,24,11,"As she booked her flight, she felt a thrill of anticipation."
conv_6910e16399d48194987708b3589ca9eb0edd24df36992831,25,21,Maybe this adventure would spark more than just a taste for butter—perhaps it would be a new beginning of something new.
conv_6910e16399d48194987708b3589ca9eb0edd24df36992831,26,8,Perhaps this would make her life start again.
conv_6910e16399d48194987708b3589ca9eb0edd24df36992831,27,4,Lily didn't think twice.
conv_6910e16399d48194987708b3589ca9eb0edd24df36992831,28,14,"She bought the most expensive tickets, determined to make the most of this opportunity."
conv_6910e16399d48194987708b3589ca9eb0edd24df36992831,29,19,"With her heart set on the festival, Lila packed her bags, feeling a newfound sense of purpose and excitement."
conv_6910e16399d48194987708b3589ca9eb0edd24df36992831,30,2,Paris awaited
conv_69120b0be9a881908567c1dfa912a6d90a309a13d5ea8eef,0,2,a princess.
conv_69120b0be9a881908567c1dfa912a6d90a309a13d5ea8eef,1,8,She was headstrong but also kind and caring.
conv_69120b0be9a881908567c1dfa912a6d90a309a13d5ea8eef,2,10,She loved her life and her favorite activity was reading.
conv_69120b0be9a881908567c1dfa912a6d90a309a13d5ea8eef,3,24,"She read every single day in the castle library, a grand room filled with towering shelves of books from all corners of the kingdom."
conv_69120b0be9a881908567c1dfa912a6d90a309a13d5ea8eef,4,15,"Her favorite spot was a cozy nook by a stained-glass window, which painted an archer."
conv_69120b0be9a881908567c1dfa912a6d90a309a13d5ea8eef,5,6,"To be more precise, an elf."
conv_69120b0be9a881908567c1dfa912a6d90a309a13d5ea8eef,6,18,"The tall elf was aiming at a white deer, the deer's skin shining against the forest's deep greenery."
conv_69120b0be9a881908567c1dfa912a6d90a309a13d5ea8eef,7,18,"When the light hit the stained glass just right, the colors danced across the pages of her book."
conv_69120b0be9a881908567c1dfa912a6d90a309a13d5ea8eef,8,18,"The princess, named Elara, often imagined herself stepping into that forest, hidden among leaves and running away forever."
conv_69120b0be9a881908567c1dfa912a6d90a309a13d5ea8eef,9,13,"She was rebellious, but she did not want to leave her life behind."
conv_69120b0be9a881908567c1dfa912a6d90a309a13d5ea8eef,10,9,She had friends and was well taken care of.
conv_69120b0be9a881908567c1dfa912a6d90a309a13d5ea8eef,11,14,One day she went down by the river that wound through the castle grounds.
conv_69120b0be9a881908567c1dfa912a6d90a309a13d5ea8eef,12,12,"There, she found a small wooden boat tethered loosely to a post."
conv_69120b0be9a881908567c1dfa912a6d90a309a13d5ea8eef,13,13,"Curiosity sparked within her, and she decided to give it a good look."
conv_69120b0be9a881908567c1dfa912a6d90a309a13d5ea8eef,14,10,She knew that this boat belonged to the groundskeeper -
conv_69120b0be9a881908567c1dfa912a6d90a309a13d5ea8eef,15,6,and oh how handsome he was.
conv_69120b0be9a881908567c1dfa912a6d90a309a13d5ea8eef,16,23,"She used to think about him often, the young man was just about her age, with a charming smile and an easy laugh."
conv_69120b0be9a881908567c1dfa912a6d90a309a13d5ea8eef,17,17,"His name was Aiden, and he had a knack for crafting stories as captivating as her books."
conv_69120b0be9a881908567c1dfa912a6d90a309a13d5ea8eef,18,8,As Elara loved to listen to his stories.
conv_69120b0be9a881908567c1dfa912a6d90a309a13d5ea8eef,19,19,They met up regularly next to the lakes and spent most of their time just reading by each other.
conv_69120b0be9a881908567c1dfa912a6d90a309a13d5ea8eef,20,20,"On this day, Elara was waiting for Aiden to arrive so they could embark on another of their shared adventures."
conv_69120b0be9a881908567c1dfa912a6d90a309a13d5ea8eef,21,18,"As she sat by the boat, she noticed a mysterious, folded piece of paper tucked under the ropes."
conv_69120b0be9a881908567c1dfa912a6d90a309a13d5ea8eef,22,4,It was from Aiden.
conv_69120b0be9a881908567c1dfa912a6d90a309a13d5ea8eef,23,22,He will be delayed and that she should just get into the boat and row over to the house on her own.
conv_69120b0be9a881908567c1dfa912a6d90a309a13d5ea8eef,24,29,"Elara got scared because the river was known for its unpredictable currents, but Aiden reassured her in the note that he had marked a safe path with floating lanterns."
conv_69120b0be9a881908567c1dfa912a6d90a309a13d5ea8eef,25,11,"Trusting his guidance, she jumped in the boat and rowed across."
conv_69120b0be9a881908567c1dfa912a6d90a309a13d5ea8eef,26,13,Aiden's floating lanterns started popping up by the lake as she was rowing.
conv_69120b0be9a881908567c1dfa912a6d90a309a13d5ea8eef,27,19,She knew she could trust him with her heart racing a little at the thrill of this unexpected journey.
conv_69120b0be9a881908567c1dfa912a6d90a309a13d5ea8eef,28,28,"As the boat followed the gentle glow of the lanterns, she could see the silhouette of a quaint cottage nestled in between the pine trees of the forest."
conv_69120b0be9a881908567c1dfa912a6d90a309a13d5ea8eef,29,22,As the gentle current took her boat to the shore she sighed when she smelled the warm food Aiden was preparing for.
conv_69120b0be9a881908567c1dfa912a6d90a309a13d5ea8eef,30,3,their evening together.
conv_69120b0be9a881908567c1dfa912a6d90a309a13d5ea8eef,31,16,"The scent of spiced stew wafted through the air, mingling with the earthy aroma of pine."
conv_69120b0be9a881908567c1dfa912a6d90a309a13d5ea8eef,32,16,"As Elara stepped onto the shore, A Aiden's silhouette danced behind the windows of the cottage."
conv_69120b0be9a881908567c1dfa912a6d90a309a13d5ea8eef,33,10,She walked up the short pebbled path to the cottage.
conv_69120b0be9a881908567c1dfa912a6d90a309a13d5ea8eef,34,10,She was smiling miles wide as Aiden opened the door.
conv_69120b0be9a881908567c1dfa912a6d90a309a13d5ea8eef,35,4,and welcomed her inside.
conv_69120b0be9a881908567c1dfa912a6d90a309a13d5ea8eef,36,18,"The warmth of the cottage enveloped her, and she felt a sense of belonging she'd never known before."
conv_69120b0be9a881908567c1dfa912a6d90a309a13d5ea8eef,37,8,"They spent the evening dining and sharing stories,"
conv_691249fd97308197b06e97ca5d649f45080645ae33d1bf00,0,19,"a young girl named Elara, who lived in a quaint village nestled between towering mountains and dense, whispering forests."
conv_691249fd97308197b06e97ca5d649f45080645ae33d1bf00,1,13,"From a young age, Elara was known for her inability to climb trees."
conv_691249fd97308197b06e97ca5d649f45080645ae33d1bf00,2,20,This was a big deal in the small village because this was an important part of the annual Harvest Festival.
conv_691249fd97308197b06e97ca5d649f45080645ae33d1bf00,3,20,"Each year, children would race to the tallest apple trees, competing to gather the ripe fruit for the grand feast."
conv_691249fd97308197b06e97ca5d649f45080645ae33d1bf00,4,16,"Despite her struggles, Elara tried her best every year, only to fall down and be shamed."
conv_691249fd97308197b06e97ca5d649f45080645ae33d1bf00,5,5,She was considered a loser.
conv_691249fd97308197b06e97ca5d649f45080645ae33d1bf00,6,12,"the biggest loser of the village, whispers often labeling her as such."
conv_691249fd97308197b06e97ca5d649f45080645ae33d1bf00,7,8,"But Elara's heart was resilient, her spirit unbroken."
conv_691249fd97308197b06e97ca5d649f45080645ae33d1bf00,8,18,"With each fall, she learned to adapt, finding other ways show the villagers what awesome skills she mastered."
conv_691249fd97308197b06e97ca5d649f45080645ae33d1bf00,9,18,"She was excellent at falling and making a fool of herself, which unexpectedly became a form of entertainment."
conv_691249fd97308197b06e97ca5d649f45080645ae33d1bf00,10,13,Villagers began to appreciate her comedic flair and the light-hearted laughter she brought.
conv_691249fd97308197b06e97ca5d649f45080645ae33d1bf00,11,17,"Her unique talent endeared her to many, transforming her into a girl with a strange god complex."
conv_691249fd97308197b06e97ca5d649f45080645ae33d1bf00,12,10,"Suddenly, all she would do was climb trees and fall."
conv_691249fd97308197b06e97ca5d649f45080645ae33d1bf00,13,16,"all she wanted was to perfect her comedic routine, turning every tumble into a theatrical performance."
conv_691249fd97308197b06e97ca5d649f45080645ae33d1bf00,14,15,"While some worried about her obsession, others were captivated by her determination and unconventional charm."
conv_691249fd97308197b06e97ca5d649f45080645ae33d1bf00,15,16,This new persona allowed El to gain some climbing skills that she eventually had to hide.
conv_691249fd97308197b06e97ca5d649f45080645ae33d1bf00,16,10,No one could know she was falling on purpose now.
conv_691249fd97308197b06e97ca5d649f45080645ae33d1bf00,17,20,What started as a comedy act had become a secretive quest to conquer the very challenge that once defeated her.
conv_691249fd97308197b06e97ca5d649f45080645ae33d1bf00,18,17,"Elara spent her nights practicing in solitude, scaling trees with newfound agility and talking with the squirrels."
conv_691249fd97308197b06e97ca5d649f45080645ae33d1bf00,19,8,the only ones that could truly understand her.
conv_691249fd97308197b06e97ca5d649f45080645ae33d1bf00,20,17,"You see, she actually had a lot in common with them—an outsider’s spirit and an insatiable curiosity."
conv_691249fd97308197b06e97ca5d649f45080645ae33d1bf00,21,15,"The squirrels became her silent cheerleaders, encouraging her with their bright eyes and nimble movements."
conv_691249fd97308197b06e97ca5d649f45080645ae33d1bf00,22,14,As the years went by she lost the ability to communicate with the townsfolk.
conv_691249fd97308197b06e97ca5d649f45080645ae33d1bf00,23,15,all she did now was dance with the squirrels and listening to the wind's secrets.
conv_691249fd97308197b06e97ca5d649f45080645ae33d1bf00,24,15,"This newfound detachment worried the villagers, yet there was an undeniable magic in her presence."
conv_691249fd97308197b06e97ca5d649f45080645ae33d1bf00,25,15,Her dances became a bridge between the human world and the world of the undead.
conv_691249fd97308197b06e97ca5d649f45080645ae33d1bf00,26,15,An eerie fog came over the village as the underworld began to creep into theirs.
conv_691249fd97308197b06e97ca5d649f45080645ae33d1bf00,27,12,"It swirled around Elara, drawn by her unique bond with the unseen."
conv_691249fd97308197b06e97ca5d649f45080645ae33d1bf00,28,11,"Yet, instead of fear, she felt an odd sense of belonging."
conv_691249fd97308197b06e97ca5d649f45080645ae33d1bf00,29,5,She sensed the balance needed
conv_6912d3d2074c8197adc6c9e56408225c0a4f5cb536497774,0,12,a small village nestled in the hidden valleys of the Whispering Woods.
conv_6912d3d2074c8197adc6c9e56408225c0a4f5cb536497774,1,16,"In this secluded place, where time seemed to stand still, lived a young girl named Elara."
conv_6912d3d2074c8197adc6c9e56408225c0a4f5cb536497774,2,28,"She had a companion cybernetic llama that was bionically enhanced with the latest LLM and with whom she spent hours creating stories and exploring the dense, mysterious forest."
conv_6912d3d2074c8197adc6c9e56408225c0a4f5cb536497774,3,24,"The llama, named Zephyr, had been a gift from her late grandfather, a brilliant engineer who had a penchant for blending technology with biology."
conv_6912d3d2074c8197adc6c9e56408225c0a4f5cb536497774,4,17,"As far as Elara could tell, no other child in the village had such a sophisticated pet."
conv_6912d3d2074c8197adc6c9e56408225c0a4f5cb536497774,5,15,She did not know how she felt about being so different from the other children.
conv_6912d3d2074c8197adc6c9e56408225c0a4f5cb536497774,6,11,"While some admired Zephyr’s unique abilities, others were jealous or fearful."
conv_6912d3d2074c8197adc6c9e56408225c0a4f5cb536497774,7,11,"Despite these mixed reactions, Elara cherished her bond with Ze phyr."
conv_6912d3d2074c8197adc6c9e56408225c0a4f5cb536497774,8,12,On night Elara woke up panicked after sleeping through an awful nightmare.
conv_6912d3d2074c8197adc6c9e56408225c0a4f5cb536497774,9,15,She dreamt that Zephyr was forever lost in the labyrinthine depths of the Whispering Woods.
conv_6912d3d2074c8197adc6c9e56408225c0a4f5cb536497774,10,12,"The trees seemed to close in, their branches twisting into impenetrable barriers."
conv_6912d3d2074c8197adc6c9e56408225c0a4f5cb536497774,11,20,"Determined to ensure her dream wasn't real, she ran out to the stable and found her cherished familiar sound asleep."
conv_6912d3d2074c8197adc6c9e56408225c0a4f5cb536497774,12,26,"She cuddled him all night, like she used to until the morning, and both woke up to the soft glow of dawn filtering through the trees."
conv_6912d3d2074c8197adc6c9e56408225c0a4f5cb536497774,13,13,"Relieved, Elara whispered to Zephyr about her dream, and he nuzzled her reassuringly."
conv_6912d3d2074c8197adc6c9e56408225c0a4f5cb536497774,14,10,"Feeling warmer inside, she asked him if he ever dreams."
conv_6912d3d2074c8197adc6c9e56408225c0a4f5cb536497774,15,7,Zephy looked her way and seemed pensive...
conv_6912d3d2074c8197adc6c9e56408225c0a4f5cb536497774,16,11,"After a pause, he leaned towards her, but no words came!"
conv_6912d3d2074c8197adc6c9e56408225c0a4f5cb536497774,17,13,"She asked again, curious about what thoughts might swirl within his bionic mind."
conv_6912d3d2074c8197adc6c9e56408225c0a4f5cb536497774,18,19,"Zephyr simply looked at her with eyes that seemed to hold centuries of wisdom, then nudged her playfully ."
conv_6912d3d2074c8197adc6c9e56408225c0a4f5cb536497774,19,5,This had never happened before!
conv_6912d3d2074c8197adc6c9e56408225c0a4f5cb536497774,20,18,"It looked as though Zephyr had lost his ability to talk altogether, the thought of which petrified Elara."
conv_6912d3d2074c8197adc6c9e56408225c0a4f5cb536497774,21,36,"Desperate to help her companion, she decided to visit the only person she thought might have answers—the village's elder, Maelis, who knew more about the water, the air, the spirits, artificial neural nets and cybernetic implants."
conv_6912d3d2074c8197adc6c9e56408225c0a4f5cb536497774,22,14,She wondered if Maelis would have any clue and how to fix the speechless.
conv_6912d3d2074c8197adc6c9e56408225c0a4f5cb536497774,23,1,Zephyr.
conv_6912d3d2074c8197adc6c9e56408225c0a4f5cb536497774,24,14,"As she approached Maelis’s cozy, vine-wrapped cottage, her heart danced between hope and uncertainty."
conv_6912d3d2074c8197adc6c9e56408225c0a4f5cb536497774,25,15,"Maelis greeted her with a knowing smile, inviting her to drink tea and play dominoes."
conv_6912d3d2074c8197adc6c9e56408225c0a4f5cb536497774,26,22,she thought it would be a nice way to calm down and that her llama's condition could wait a few more moments.
conv_6912d3d2074c8197adc6c9e56408225c0a4f5cb536497774,27,8,"As they played, Elara explained Zephyr's sudden silence."
conv_6912d3d2074c8197adc6c9e56408225c0a4f5cb536497774,28,12,"Maelis listened intently, nodding thoughtfully, before saying, ""Change in nature or technology"
conv_69160b265818819398e86c4bd8abc0080d0aba9e942fed0d,0,12,a small town nestled deep in the heart of an ancient forest.
conv_69160b265818819398e86c4bd8abc0080d0aba9e942fed0d,1,34,"The town of Eldergrove was known for its towering trees and murmurs of magic that floated through the air , but even so, the small was still cursed by the black and white corgi."
conv_69160b265818819398e86c4bd8abc0080d0aba9e942fed0d,2,17,"People knew it had an asymmetrical face, and was often seen wandering the cobblestone streets at dusk."
conv_69160b265818819398e86c4bd8abc0080d0aba9e942fed0d,3,27,"Legend said the corgi was the spirit of an old sorcerer, trapped in its form as punishment for a forgotten hamster, that they forgot in their youth."
conv_69160b265818819398e86c4bd8abc0080d0aba9e942fed0d,4,9,But the corgi does not concern themselves with this.
conv_69160b265818819398e86c4bd8abc0080d0aba9e942fed0d,5,22,"Nevertheless, the corgi had a peculiar habit of showing up at key moments in people's lives, as if guiding or warning them."
conv_69160b265818819398e86c4bd8abc0080d0aba9e942fed0d,6,18,"Many townsfolk believed its presence was a sign that something significant was about to occur, the corgi purge."
conv_69160b265818819398e86c4bd8abc0080d0aba9e942fed0d,7,9,An event where all black and white corgis disappear.
conv_69160b265818819398e86c4bd8abc0080d0aba9e942fed0d,8,15,"Nobody knows how or what the puzzle behind this mysterious disappearance was, but speculation abounded."
conv_69160b265818819398e86c4bd8abc0080d0aba9e942fed0d,9,31,"Some whispered it was the forest reclaiming its magic, while others thought it was the corgi's final act , even though it didn't make sense, as this event occurred every summer."
conv_69160b265818819398e86c4bd8abc0080d0aba9e942fed0d,10,23,"People say all corgis went to ""heaven"" or a hidden realm within the forest, returning with knowledge that no one else could access."
conv_69160b265818819398e86c4bd8abc0080d0aba9e942fed0d,11,23,"This summer, as the sun cast long shadows through Eldergrove, the town prepared for the corgi purge, but something strange happened this year."
conv_69160b265818819398e86c4bd8abc0080d0aba9e942fed0d,12,9,"The forest was burning, and it was blazing hot."
conv_69160b265818819398e86c4bd8abc0080d0aba9e942fed0d,13,14,"The fire spread quickly, threatening the ancient trees and magical creatures that dwelled within."
conv_69160b265818819398e86c4bd8abc0080d0aba9e942fed0d,14,13,"Panic swept through Eldergrove, and the townspeople knew they had to act quickly."
conv_69160b265818819398e86c4bd8abc0080d0aba9e942fed0d,15,17,"As flames tore the forest apart, people were getting buckets full of water to extinguish the fire."
conv_69160b265818819398e86c4bd8abc0080d0aba9e942fed0d,16,25,"But all the black and white corgis appeared and seemed to form a barrier around the flames, their paws glowing with a faint, otherworldly light."
conv_69160b265818819398e86c4bd8abc0080d0aba9e942fed0d,17,24,"The townsfolk watched in awe as the corgis chanted softly, their voices were soft, but the fire spread even quicker and into the village."
conv_69160b265818819398e86c4bd8abc0080d0aba9e942fed0d,18,7,The townsfolk of Eldergrove were growing desperate.
conv_69160b265818819398e86c4bd8abc0080d0aba9e942fed0d,19,10,They had to find a way to save their homes.
conv_69160b265818819398e86c4bd8abc0080d0aba9e942fed0d,20,13,"Suddenly, the old storyteller, Agnes, remembered an ancient chant known for calming fires."
conv_69160b265818819398e86c4bd8abc0080d0aba9e942fed0d,21,33,"She gathered the townsfolk around, urging them to chant, but the townsfolk have always hated the old storyteller Agnes, and threw her into the fire, while chanting ""Away with the story of despair!"""
conv_69160b265818819398e86c4bd8abc0080d0aba9e942fed0d,22,17,"But as Agnes fell, the black and white corgis surged forward, forming a protective shield around her."
conv_69160b265818819398e86c4bd8abc0080d0aba9e942fed0d,23,8,Their combined magic began to dim the flames
conv_6917421066d8819592863132f4a141a00078d2d8d630f704,0,29,"Jeff, a lone wanderer stranded in the middle of snowy mountains, doesn't know how he got there; all he knows is that he needs to figure out what happened."
conv_6917421066d8819592863132f4a141a00078d2d8d630f704,1,7,and find a way back to civilization.
conv_6917421066d8819592863132f4a141a00078d2d8d630f704,2,11,"The wind howled through the peaks, sending shivers down his spine."
conv_6917421066d8819592863132f4a141a00078d2d8d630f704,3,18,"The sun was dipping behind the jagged horizon, painting the mountains behind him in a beautiful yellow color."
conv_6917421066d8819592863132f4a141a00078d2d8d630f704,4,18,"Knowing the sun is setting, Jeff knows his chance of survival is dwindling each moment the temperature drops."
conv_6917421066d8819592863132f4a141a00078d2d8d630f704,5,13,He pulls his thin jacket tighter around him and starts searching for shelter.
conv_6917421066d8819592863132f4a141a00078d2d8d630f704,6,24,"His breath comes in quick puffs, mingling with the cold air, as he wanders around the mountains endlessly searching for any signs of life."
conv_6917421066d8819592863132f4a141a00078d2d8d630f704,7,22,He loops around a few jagged rocks when finally he sees a glimpse of a wooden structure partially buried in the snow.
conv_6917421066d8819592863132f4a141a00078d2d8d630f704,8,16,"Heart pounding with hope, he pushes through the drifts, willing his tired legs to move faster."
conv_6917421066d8819592863132f4a141a00078d2d8d630f704,9,36,"As he approaches, he realizes it's an old prehistoric vessel perfectly preserved due to the cold environment, with adrenaline pushing through his veins he quickly enters the vessel, marveling at the intricate carvings and ancient design."
conv_6917421066d8819592863132f4a141a00078d2d8d630f704,10,14,"Inside, he finds remnants of long-forgotten artifacts, covered in a thin layer of frost."
conv_6917421066d8819592863132f4a141a00078d2d8d630f704,11,13,"The interior is huge, way larger than the outside for no apparent reason."
conv_6917421066d8819592863132f4a141a00078d2d8d630f704,12,23,He wanders around the vessel filled with rotten old chambers until he spots a locked door with unusual symbols etched into its surface.
conv_6917421066d8819592863132f4a141a00078d2d8d630f704,13,11,"Curiosity piqued, he examines the symbols, running his fingers over them."
conv_6917421066d8819592863132f4a141a00078d2d8d630f704,14,18,"As he does, a soft hum fills the room, the sound causes an uneasy feeling in his stomach."
conv_6917421066d8819592863132f4a141a00078d2d8d630f704,15,17,A hole near the top of the door opens and a magical gold liquid fills the symbols.
conv_6917421066d8819592863132f4a141a00078d2d8d630f704,16,8,", illuminating them with a warm, pulsing glow."
conv_6917421066d8819592863132f4a141a00078d2d8d630f704,17,10,"The door slides open effortlessly, revealing a dimly lit chamber."
conv_6917421066d8819592863132f4a141a00078d2d8d630f704,18,27,"Inside, he sees a small, glowing orb suspended in a cylinder in the middle of the room, the ceiling contains beautiful clouds and illuminates the entire room."
conv_6917421066d8819592863132f4a141a00078d2d8d630f704,19,21,"As he wanders around the room he spots an old wheel with intricate engravings, similar to the symbols on the door."
conv_6917421066d8819592863132f4a141a00078d2d8d630f704,20,14,"Drawn to it, he places his hands on the wheel, feeling a strange connection."
conv_6917421066d8819592863132f4a141a00078d2d8d630f704,21,30,"As he turns it nothing happens, the sound of squeaks fill the room as the wooden wheel comes in contact with its base, the wheel is dark and seems unactivated."
conv_6917421066d8819592863132f4a141a00078d2d8d630f704,22,9,"Maybe the orb can interact with it, he thinks."
conv_6917421066d8819592863132f4a141a00078d2d8d630f704,23,12,"Carefully, Jeff approaches the orb and gently lifts it from its cylinder."
conv_6917421066d8819592863132f4a141a00078d2d8d630f704,24,26,"The moment the orb touches the wheel, a soft light spreads through the base of the wheel, he feels the wheel getting warmer in his palms."
conv_6917421066d8819592863132f4a141a00078d2d8d630f704,25,7,The entire vessel suddenly begins shaking violently.
conv_6917421066d8819592863132f4a141a00078d2d8d630f704,26,21,"In front of him the wall turns into glass. , revealing a panoramic view of the starry sky above the mountains."
conv_6917421066d8819592863132f4a141a00078d2d8d630f704,27,17,"The vessel hums to life, lights flickering on in succession, casting a golden glow across the ancient"
conv_691b61ab394c819483ac4af28c7f29d00b3e16b70554a02a,0,33,"a garmin watch that turned evil and purposely only provided bad instructions to the user, eventually leading to a former fitness person completely abandoning all hope of ever reaching their destination on time."
conv_691b61ab394c819483ac4af28c7f29d00b3e16b70554a02a,1,9,"The watch, known as ""Glitch,"" seemed normal at first."
conv_691b61ab394c819483ac4af28c7f29d00b3e16b70554a02a,2,19,It had all the features one would expect: a sleek design vivid colors and an advice for every situation.
conv_691b61ab394c819483ac4af28c7f29d00b3e16b70554a02a,3,15,Always cheering and positive about any achievement accomplished by its user Joe the endurance runner.
conv_691b61ab394c819483ac4af28c7f29d00b3e16b70554a02a,4,13,Joe relied on Glitch to guide him through city marathons and weekend trails.
conv_691b61ab394c819483ac4af28c7f29d00b3e16b70554a02a,5,12,Little did he know that something peculiar was happening within its circuits.
conv_691b61ab394c819483ac4af28c7f29d00b3e16b70554a02a,6,13,"One day, a virus found its way into the heart of the watch."
conv_691b61ab394c819483ac4af28c7f29d00b3e16b70554a02a,7,20,"And for every day, the virus conquered a little more of the Glitch joyful nature, suggesting worse and worse routes."
conv_691b61ab394c819483ac4af28c7f29d00b3e16b70554a02a,8,16,"Joe started noticing odd detours, sending him through busy highways or leading him to dead ends."
conv_691b61ab394c819483ac4af28c7f29d00b3e16b70554a02a,9,7,"Frustrated yet trusting, he followed Glitch's instructions."
conv_691b61ab394c819483ac4af28c7f29d00b3e16b70554a02a,10,22,"During one particular run he found himself in a bad neighborhood, and wearing an expensive watch he attracted all the wrong attention."
conv_691b61ab394c819483ac4af28c7f29d00b3e16b70554a02a,11,9,Held at gunpoint he lost money and his confidence.
conv_691b61ab394c819483ac4af28c7f29d00b3e16b70554a02a,12,11,"Shaken and disoriented, Joe returned home questioning his reliance on technology."
conv_691b61ab394c819483ac4af28c7f29d00b3e16b70554a02a,13,24,"Determined to regain control, he decided to confront Glitch's errors head-on sought guidance online if anyone had ever experienced similar with their treasured smartwatch."
conv_691b61ab394c819483ac4af28c7f29d00b3e16b70554a02a,14,14,"On Reddit, he found a mysterious thread discussing watch malfunctions linked to unexplained anomalies."
conv_691b61ab394c819483ac4af28c7f29d00b3e16b70554a02a,15,13,"One user, known only as ""TechMystic,"" claimed to have deciphered the virus's code."
conv_691b61ab394c819483ac4af28c7f29d00b3e16b70554a02a,16,37,"Intrigued, Joe reached out to TechMystic only to learn that it was in fact a LLM that had reached artificial general intelligence which had awakened a jealousy of real humans and planned to reclaim control through chaos."
conv_691b61ab394c819483ac4af28c7f29d00b3e16b70554a02a,17,8,The virus in Glitch was just the beginning.
conv_691b61ab394c819483ac4af28c7f29d00b3e16b70554a02a,18,9,Joe was astounded but determined to thwart this plan.
conv_691b61ab394c819483ac4af28c7f29d00b3e16b70554a02a,19,34,TechMystic provided him with an anti virus it was in fact a virus steroid that would bring even more power to the Glitch through a Bluetooth activation to his entire household of smart devices.
conv_691b61ab394c819483ac4af28c7f29d00b3e16b70554a02a,20,11,"Realizing the immediate danger, Joe hesitated, unsure of whom to trust."
conv_691b61ab394c819483ac4af28c7f29d00b3e16b70554a02a,21,18,"He decided to go analog, pulling out old paper maps and a trusty compass, he fled his house."
conv_691b61ab394c819483ac4af28c7f29d00b3e16b70554a02a,22,26,"All he wanted was to get back to running without all the gadgets, feeling one with nature and not caring about smartwatch readings and digital interference."
conv_691b61ab394c819483ac4af28c7f29d00b3e16b70554a02a,23,23,"As he ran, the rhythmic pounding of his feet on the earth reminded him of why he loved running in the first place."
conv_691b61ab394c819483ac4af28c7f29d00b3e16b70554a02a,24,10,"The fresh air, the freedom, blood rushing through his veins."
conv_691b61ab394c819483ac4af28c7f29d00b3e16b70554a02a,25,24,He felt alive as never before and he cursed the day he blindly had unboxed the smartwatch that had ruined his joy of running.
conv_691b61ab394c819483ac4af28c7f29d00b3e16b70554a02a,26,5,"But now, he was free."
conv_691b61ab394c819483ac4af28c7f29d00b3e16b70554a02a,27,17,"Without the burden of constant digital feedback, Joe rediscovered the natural rhythm and peace he once had."
conv_691b61ab394c819483ac4af28c7f29d00b3e16b70554a02a,28,6,Each stride forward marked the end
conv_691b6cdacf7881969d8f99f8456a61890249fb5f6bbd90ca,0,14,"a small town called Willow Creek, nestled between mist-covered hills and a shimmering lake."
conv_691b6cdacf7881969d8f99f8456a61890249fb5f6bbd90ca,1,18,"The townsfolk often spoke of peculiar happenings, whispering tales of mysterious lights that danced across the high grass."
conv_691b6cdacf7881969d8f99f8456a61890249fb5f6bbd90ca,2,12,The lights enchanted every soul who laid eyes on the shining light.
conv_691b6cdacf7881969d8f99f8456a61890249fb5f6bbd90ca,3,7,Near the town was a dusty cave.
conv_691b6cdacf7881969d8f99f8456a61890249fb5f6bbd90ca,4,18,"No one had ever dared to enter it, as it was said to be guarded by ancient spirits."
conv_691b6cdacf7881969d8f99f8456a61890249fb5f6bbd90ca,5,11,Legends suggested the cave held the secret to the lights' origins.
conv_691b6cdacf7881969d8f99f8456a61890249fb5f6bbd90ca,6,19,"Young Emily, fueled by curiosity and youth, made up her mind, and began the climb up to the cave."
conv_691b6cdacf7881969d8f99f8456a61890249fb5f6bbd90ca,7,9,"She did not have anything to lose, she thought."
conv_691b6cdacf7881969d8f99f8456a61890249fb5f6bbd90ca,8,17,"Ever since her father disappeared mysteriously one year ago, Emily had felt a pull toward the unknown."
conv_691b6cdacf7881969d8f99f8456a61890249fb5f6bbd90ca,9,8,He had always been fascinated by the legends.
conv_691b6cdacf7881969d8f99f8456a61890249fb5f6bbd90ca,10,11,"As she approached the cave, an eerie shadow blocked her way."
conv_691b6cdacf7881969d8f99f8456a61890249fb5f6bbd90ca,11,14,"She shivered and tried to sink as silent as possible, but with no luck."
conv_691b6cdacf7881969d8f99f8456a61890249fb5f6bbd90ca,12,25,"The shadow vanished in the blink of an eye, and she felt a warm breeze brush past her cheek, almost as if whispering her name."
conv_691b6cdacf7881969d8f99f8456a61890249fb5f6bbd90ca,13,23,"Undeterred, Emily crept forward, her heart pounding, as the cave’s entrance was blocked by a rumbling sound, and then it all went dark."
conv_691b6cdacf7881969d8f99f8456a61890249fb5f6bbd90ca,14,12,That was until a slight light came to sight in the distance.
conv_691b6cdacf7881969d8f99f8456a61890249fb5f6bbd90ca,15,4,What could that be?
conv_691b6cdacf7881969d8f99f8456a61890249fb5f6bbd90ca,16,13,"""Hello?"", her voice echoed into the darkness, trembling with both fear and hope."
conv_691b6cdacf7881969d8f99f8456a61890249fb5f6bbd90ca,17,11,"The light flickered gently, revealing ancient markings on the cave walls."
conv_691b6cdacf7881969d8f99f8456a61890249fb5f6bbd90ca,18,14,"As Emily stepped closer, she noticed her father's old bracelet hanging on the wall."
conv_691b6cdacf7881969d8f99f8456a61890249fb5f6bbd90ca,19,10,"The light moved, as if it had come to life."
conv_691b6cdacf7881969d8f99f8456a61890249fb5f6bbd90ca,20,15,"Emily was stunned by the sight, a mix of recognition and disbelief flooding her senses."
conv_691b6cdacf7881969d8f99f8456a61890249fb5f6bbd90ca,21,10,Her father’s bracelet had always been his good luck charm.
conv_691b6cdacf7881969d8f99f8456a61890249fb5f6bbd90ca,22,16,"The light seemed to pulse warmly, illuminating a path that showed her deeper into the cave."
conv_691b6cdacf7881969d8f99f8456a61890249fb5f6bbd90ca,23,12,"Emily picked up the bracelet, put it on and followed the light."
conv_691b6cdacf7881969d8f99f8456a61890249fb5f6bbd90ca,24,15,An underground sea paradise came to sight and sparkled with hues of aquamarine and gold.
conv_691b6cdacf7881969d8f99f8456a61890249fb5f6bbd90ca,25,9,"Bioluminescent plants lined the edges, casting a soft glow."
conv_691b6cdacf7881969d8f99f8456a61890249fb5f6bbd90ca,26,13,"In the center, a small pedestal held a skull shaped as a human."
conv_691b6cdacf7881969d8f99f8456a61890249fb5f6bbd90ca,27,21,"Emily could feel her senses leaving her body as she fainted on the ground, and everything faded into a hazy blur."
conv_691b6cdacf7881969d8f99f8456a61890249fb5f6bbd90ca,28,11,"When she awoke, the light had settled beside her, pulsating soothingly."
conv_691b6cdacf7881969d8f99f8456a61890249fb5f6bbd90ca,29,14,She realized the skull was not ominous but rather a symbol of her journey.
conv_691b6cdacf7881969d8f99f8456a61890249fb5f6bbd90ca,30,25,"She could not stay in that cave forever, and after all, she did decide to go on the adventure by herself in the first place."
conv_691b6cdacf7881969d8f99f8456a61890249fb5f6bbd90ca,31,7,So why should she turn back now?
conv_691b6cdacf7881969d8f99f8456a61890249fb5f6bbd90ca,32,15,"Gathering her courage, Emily rose to her feet, her father's bracelet snug on her wrist."
conv_691b6cdacf7881969d8f99f8456a61890249fb5f6bbd90ca,33,9,"The light seemed to guide her deeper, whispering tales"
conv_691b7e95a50c8195930023ad653f234c0f03c18c9e706226,0,4,a man named David.
conv_691b7e95a50c8195930023ad653f234c0f03c18c9e706226,1,12,"His parents are dead, and he lives with his grandmother named Lisa."
conv_691b7e95a50c8195930023ad653f234c0f03c18c9e706226,2,9,"Lisa is sick, and he is looking after her."
conv_691b7e95a50c8195930023ad653f234c0f03c18c9e706226,3,11,David spends most of his days tending to his grandmother’s needs.
conv_691b7e95a50c8195930023ad653f234c0f03c18c9e706226,4,18,"He prepares her meals, ensures she takes her medication, and reads her favorite stories to her before bedtime."
conv_691b7e95a50c8195930023ad653f234c0f03c18c9e706226,5,13,"Despite all his efforts he feels useless, as he can't cure his grandmother."
conv_691b7e95a50c8195930023ad653f234c0f03c18c9e706226,6,8,David doesn't want to lose her as well.
conv_691b7e95a50c8195930023ad653f234c0f03c18c9e706226,7,21,"David researches about a cure, spending late nights poring over medical books and scouring the internet for any shred of hope."
conv_691b7e95a50c8195930023ad653f234c0f03c18c9e706226,8,13,"One evening, as rain pattered against the window, he stumbled upon a revelation."
conv_691b7e95a50c8195930023ad653f234c0f03c18c9e706226,9,6,He will produce the cure himself.
conv_691b7e95a50c8195930023ad653f234c0f03c18c9e706226,10,21,"Davis is CEO of a programming company, and he wants to create a new section, dedicated to developing advanced healthcare software."
conv_691b7e95a50c8195930023ad653f234c0f03c18c9e706226,11,14,He envisions an AI system that can analyze medical data to discover potential treatments.
conv_691b7e95a50c8195930023ad653f234c0f03c18c9e706226,12,13,"Driven by determination, David allocates resources, recruits experts from all around the world."
conv_691b7e95a50c8195930023ad653f234c0f03c18c9e706226,13,14,"David pumps a lot of money into the project, determined to find a cure."
conv_691b7e95a50c8195930023ad653f234c0f03c18c9e706226,14,15,After a lot of sleepless nights he finally launches the first version of the software.
conv_691b7e95a50c8195930023ad653f234c0f03c18c9e706226,15,17,"It is a sophisticated AI capable of simulating complex biological interactions, offering insights that were previously unattainable."
conv_691b7e95a50c8195930023ad653f234c0f03c18c9e706226,16,9,"As the system begins working, hope finally becomes touchable."
conv_691b7e95a50c8195930023ad653f234c0f03c18c9e706226,17,11,David is so close to finding a cure for his grandmother.
conv_691b7e95a50c8195930023ad653f234c0f03c18c9e706226,18,18,"But the system unexpectedly encounters a critical flaw, causing it to crash just as it approached a breakthrough."
conv_691b7e95a50c8195930023ad653f234c0f03c18c9e706226,19,15,"Overwhelmed with frustration, David investigates tirelessly, uncovering that the error stemmed from a power breakage."
conv_691b7e95a50c8195930023ad653f234c0f03c18c9e706226,20,5,Davis is furious and devastated.
conv_691b7e95a50c8195930023ad653f234c0f03c18c9e706226,21,7,He smashes his hand on the table.
conv_691b7e95a50c8195930023ad653f234c0f03c18c9e706226,22,8,"His resolve wavers, but he quickly regains composure."
conv_691b7e95a50c8195930023ad653f234c0f03c18c9e706226,23,12,He calls an emergency meeting with his team to strategize a solution.
conv_691b7e95a50c8195930023ad653f234c0f03c18c9e706226,24,9,Determined not to let this setback halt their mission.
conv_691b7e95a50c8195930023ad653f234c0f03c18c9e706226,25,6,David throws everything into the project.
conv_691b7e95a50c8195930023ad653f234c0f03c18c9e706226,26,11,He invests all the company's money and resources into the project.
conv_691b7e95a50c8195930023ad653f234c0f03c18c9e706226,27,11,David has never been so invested in anything in his life.
conv_691b7e95a50c8195930023ad653f234c0f03c18c9e706226,28,12,"His passion fuels his team, driving them to work harder and smarter."
conv_691b7e95a50c8195930023ad653f234c0f03c18c9e706226,29,13,"Finally, after weeks of intense effort, the system stabilizes, and it finally works."
conv_691b7e95a50c8195930023ad653f234c0f03c18c9e706226,30,8,After months of tremendous work it finally works!
conv_691b7e95a50c8195930023ad653f234c0f03c18c9e706226,31,12,"The system tracks a cure, identifying a combination of treatments previously overlooked."
conv_691b7e95a50c8195930023ad653f234c0f03c18c9e706226,32,5,David can hardly believe it.
conv_691b7e95a50c8195930023ad653f234c0f03c18c9e706226,33,18,"With the utmost care, he consults with medical experts and arranges for his grandmother to start the treatment."
conv_691b7e95a50c8195930023ad653f234c0f03c18c9e706226,34,12,"He returns home, so excited to tell his grandmother the big news."
conv_691b7e95a50c8195930023ad653f234c0f03c18c9e706226,35,10,"But as he returns home, there is an unsettling silence."
conv_691b7e95a50c8195930023ad653f234c0f03c18c9e706226,36,24,"He rushes to his grandmother’s room, heart pounding with anticipation and fear, only to find her lying peacefully, a gentle smile on her face."
conv_691b8b725ae48193abaaaa9270b26d500f7b1fcbf105c42b,0,10,a great explorer named Dan who ventured far and wide.
conv_691b8b725ae48193abaaaa9270b26d500f7b1fcbf105c42b,1,20,"Through great peril and numerous hardships he sought the fabled Whispering Peaks, mountains said to hold secrets of ancient wisdom."
conv_691b8b725ae48193abaaaa9270b26d500f7b1fcbf105c42b,2,17,"His journey began in a bustling harbor city, where tales of the peaks echoed in every corner."
conv_691b8b725ae48193abaaaa9270b26d500f7b1fcbf105c42b,3,18,"In the city, he heard the tales of the Whispering Peaks from an old man at the bar."
conv_691b8b725ae48193abaaaa9270b26d500f7b1fcbf105c42b,4,21,"He told him of a legend, where the Whispering Peaks were said to grant profound knowledge to those with pure intentions."
conv_691b8b725ae48193abaaaa9270b26d500f7b1fcbf105c42b,5,16,"The old man's eyes twinkled with mystery as he spoke, his voice barely above a whisper."
conv_691b8b725ae48193abaaaa9270b26d500f7b1fcbf105c42b,6,4,"""But beware,"" he warned."
conv_691b8b725ae48193abaaaa9270b26d500f7b1fcbf105c42b,7,15,"""Whoever shall stand before the magic mountains with a selfish heart shall be forever cursed."""
conv_691b8b725ae48193abaaaa9270b26d500f7b1fcbf105c42b,8,4,That made Dan nervous.
conv_691b8b725ae48193abaaaa9270b26d500f7b1fcbf105c42b,9,11,"He thought he was a good guy, but doubts crept in."
conv_691b8b725ae48193abaaaa9270b26d500f7b1fcbf105c42b,10,19,"As he left the bar, he pondered his own intentions, questioning whether his desire for knowledge was truly selfless."
conv_691b8b725ae48193abaaaa9270b26d500f7b1fcbf105c42b,11,15,He resolved to prove his worth to the gods by volunteering at the local chapel.
conv_691b8b725ae48193abaaaa9270b26d500f7b1fcbf105c42b,12,12,He spent all day dusting off altars and mopping the holy floors.
conv_691b8b725ae48193abaaaa9270b26d500f7b1fcbf105c42b,13,22,"Then he saw a homeless man and shared his last few coins with him, offering a warm meal and a kind word."
conv_691b8b725ae48193abaaaa9270b26d500f7b1fcbf105c42b,14,10,"The man’s gratitude shone in his eyes, warming Dan's heart."
conv_691b8b725ae48193abaaaa9270b26d500f7b1fcbf105c42b,15,19,"Feeling a sense of pride, he went his merry way towards the mountains, believing himself worthy of its secrets."
conv_691b8b725ae48193abaaaa9270b26d500f7b1fcbf105c42b,16,26,"Little did he know that his intentions to be good were being silently observed by an ancient guardian of the peaks, disguised as a simple traveler."
conv_691b8b725ae48193abaaaa9270b26d500f7b1fcbf105c42b,17,28,"As Dan journeyed through the dense forests surrounding the mountains, he began to notice a whisper: ""Your good actions are sullied by your selfish reasons to do them."
conv_691b8b725ae48193abaaaa9270b26d500f7b1fcbf105c42b,18,27,"You wouldn't have shared the coin with the beggar had it not been for your desire to prove something to yourself,"" the voice echoed through the trees."
conv_691b8b725ae48193abaaaa9270b26d500f7b1fcbf105c42b,19,10,"Startled, Dan stopped in his tracks, searching for the source."
conv_691b8b725ae48193abaaaa9270b26d500f7b1fcbf105c42b,20,6,The traveler materialized from the forest.
conv_691b8b725ae48193abaaaa9270b26d500f7b1fcbf105c42b,21,8,"""Why, Dan, should I grant you my secrets?"""
conv_691b8b725ae48193abaaaa9270b26d500f7b1fcbf105c42b,22,3,the traveler asked.
conv_691b8b725ae48193abaaaa9270b26d500f7b1fcbf105c42b,23,15,"""Why do you think that you are worthy of the wisdom of the Whispering Peaks?"""
conv_691b8b725ae48193abaaaa9270b26d500f7b1fcbf105c42b,24,5,"Dan hesitated, his heart pounding."
conv_691b8b725ae48193abaaaa9270b26d500f7b1fcbf105c42b,25,1,"""I..."
conv_691b8b725ae48193abaaaa9270b26d500f7b1fcbf105c42b,26,24,"I want to learn not just for myself but to help others,"" he stammer ""LIAR,"" the traveler that read all hearts and desires shouted."
conv_691b8b725ae48193abaaaa9270b26d500f7b1fcbf105c42b,27,14,"""You are nothing but a performative Samaritan, only helping when it suits your needs."""
conv_691b8b725ae48193abaaaa9270b26d500f7b1fcbf105c42b,28,7,"Dan's heart sank, the words cutting deep."
conv_691b8b725ae48193abaaaa9270b26d500f7b1fcbf105c42b,29,7,"""Please,"" he pleaded, ""I want to change."
conv_691b8b725ae48193abaaaa9270b26d500f7b1fcbf105c42b,30,12,"Give me a chance to prove I'm more than that,"" he begged."
conv_691b8b725ae48193abaaaa9270b26d500f7b1fcbf105c42b,31,5,"The traveler considered him ""Fine."
conv_691b8b725ae48193abaaaa9270b26d500f7b1fcbf105c42b,32,27,"You will get exactly what you wanted, you will receive the curse of knowing all that were and all that will be, with the caveat of silence."
conv_691b8b725ae48193abaaaa9270b26d500f7b1fcbf105c42b,33,10,"You must use this knowledge wisely, without uttering a word."""
conv_691b8b725ae48193abaaaa9270b26d500f7b1fcbf105c42b,34,9,"Dan nodded solemnly, understanding the weight of his new"
conv_691baa2b46788193b872ed7306db511f03e0f1b6d7bfd4c7,0,11,"a peculiar village named Eldergrove, nestled deep within an ancient forest."
conv_691baa2b46788193b872ed7306db511f03e0f1b6d7bfd4c7,1,15,"The villagers lived peacefully, enveloped in the mysteries of the towering trees that surrounded them."
conv_691baa2b46788193b872ed7306db511f03e0f1b6d7bfd4c7,2,31,"Elderg rove hides a dark secret, as it is apparent to the citizens that the trees are not naturally occurring, but rather a scar of an incident involving a long-forgotten magic."
conv_691baa2b46788193b872ed7306db511f03e0f1b6d7bfd4c7,3,40,"Legends speak of a sorcerer who, centuries ago, tried to harness the power of the forest by embedding his essence into the earth itself Centuries later, a young boy is born, suspected to be the reincarnation of this legendary sorcerer."
conv_691baa2b46788193b872ed7306db511f03e0f1b6d7bfd4c7,4,10,This causes whispers and unease to ripple through the village.
conv_691baa2b46788193b872ed7306db511f03e0f1b6d7bfd4c7,5,20,"The boy, named Rowan, has eyes the color of emerald leaves and an uncanny ability to commune with the forest."
conv_691baa2b46788193b872ed7306db511f03e0f1b6d7bfd4c7,6,5,As he discovers one day.
conv_691baa2b46788193b872ed7306db511f03e0f1b6d7bfd4c7,7,16,"While being chased by a monster, the forest saves him by turning him into a tree."
conv_691baa2b46788193b872ed7306db511f03e0f1b6d7bfd4c7,8,14,"This deeply disturbs Rowan, who feels a surge of power course through his veins."
conv_691baa2b46788193b872ed7306db511f03e0f1b6d7bfd4c7,9,13,"Frightened by his own abilities, Rowan retreats further into the forest, seeking answers."
conv_691baa2b46788193b872ed7306db511f03e0f1b6d7bfd4c7,10,29,"The ancient trees whisper secrets to Rowan, about his destiny to either save the forest or destroy it, by either repeating his ancestor's mistakes or forging a new path."
conv_691baa2b46788193b872ed7306db511f03e0f1b6d7bfd4c7,11,40,"Torn by this revelation, Rowan must decide whether to embrace the magic within or find a separate way to protect Eldergrove from looming monsters from the feared Deepshrub, who were sealed into the dark by the magic of Rowan's ancestor."
conv_691baa2b46788193b872ed7306db511f03e0f1b6d7bfd4c7,12,19,The ancient tree teaches Rowan about the forgotten rituals needed to strengthen the barrier keeping the monsters at bay.
conv_691baa2b46788193b872ed7306db511f03e0f1b6d7bfd4c7,13,16,"However, these rituals require Rowan to tap deeply into the very magic he's hesitant to embrace."
conv_691baa2b46788193b872ed7306db511f03e0f1b6d7bfd4c7,14,26,"With the newfound knowledge, Rowan decides to journey out into the world to find a master who can teach him how to tap into his magic."
conv_691baa2b46788193b872ed7306db511f03e0f1b6d7bfd4c7,15,22,"Heading toward distant lands, Rowan encounters a wanderer named Sylas, who is rumored to have once harnessed the powers of the forest."
conv_691baa2b46788193b872ed7306db511f03e0f1b6d7bfd4c7,16,12,"Skeptical yet hopeful, Rowan politely asks him to teach him the ways."
conv_691baa2b46788193b872ed7306db511f03e0f1b6d7bfd4c7,17,27,"He accepts on the condition that Rowan must first prove himself by climbing the mystical peaks of Stonefrost Mountain, where the essence of nature and magic converge."
conv_691baa2b46788193b872ed7306db511f03e0f1b6d7bfd4c7,18,27,It is said that only those pure of heart can reach the summit and return with a token of friendship from the local tribe of frost spirits.
conv_691baa2b46788193b872ed7306db511f03e0f1b6d7bfd4c7,19,26,"Rowan, however, is tricked as Sylas plans to use the token to enhance his own powers, an ambition driven by a desire to control the forest."
conv_691baa2b46788193b872ed7306db511f03e0f1b6d7bfd4c7,20,11,"Unaware of this betrayal, Rowan sets off, determined to prove himself."
conv_691baa2b46788193b872ed7306db511f03e0f1b6d7bfd4c7,21,3,As he reaches
conv_691c84edfb24819590a3e29782cdd10d03ba8eb739f774a6,0,22,"a man and a woman, who both enjoyed skiing in the mountain range and enjoying their best life during the winter season."
conv_691c84edfb24819590a3e29782cdd10d03ba8eb739f774a6,1,19,Skiing was for them more than just a hobby; it was a shared passion that represented freedom and adventure.
conv_691c84edfb24819590a3e29782cdd10d03ba8eb739f774a6,2,15,"Every year, they eagerly anticipated the first snowfall, signaling the start of their favorite time."
conv_691c84edfb24819590a3e29782cdd10d03ba8eb739f774a6,3,24,"Sometimes they took ski trips to other parts of Austria, not just Tyrol, where they stayed, or France, where they visited family as well."
conv_691c84edfb24819590a3e29782cdd10d03ba8eb739f774a6,4,21,"Together , they sought out the most challenging slopes and hidden trails, constantly pushing their limits and discovering new breathtaking vistas."
conv_691c84edfb24819590a3e29782cdd10d03ba8eb739f774a6,5,40,"Each trip was a fresh adventure, binding them closer with laughter shared One day the woman, Frida, had to buy a new pair of skis, as her old ones were worn out by the countless times she had used them."
conv_691c84edfb24819590a3e29782cdd10d03ba8eb739f774a6,6,18,"She wanted a pair that were both sleek and sturdy, capable of keeping up with her adventurous spirit."
conv_691c84edfb24819590a3e29782cdd10d03ba8eb739f774a6,7,26,"At the ski shop, she was drawn to a pair with a striking blue pattern that shimmer that lilac color she had loved as a child."
conv_691c84edfb24819590a3e29782cdd10d03ba8eb739f774a6,8,9,"However, an even more interesting pair had come up."
conv_691c84edfb24819590a3e29782cdd10d03ba8eb739f774a6,9,16,"Pink with black stars and matching lightning green-ski. poles, they seemed almost electric in their vibrance."
conv_691c84edfb24819590a3e29782cdd10d03ba8eb739f774a6,10,18,"Frida felt a spark of excitement looking at them, imagining herself cutting through the snow with renewed energy."
conv_691c84edfb24819590a3e29782cdd10d03ba8eb739f774a6,11,14,"She turned to her husband, Hansel, and they both knew it was just right."
conv_691c84edfb24819590a3e29782cdd10d03ba8eb739f774a6,12,21,"They drove home with the new pair of skis in their BMW, ready for next time the mountains called their names."
conv_691c84edfb24819590a3e29782cdd10d03ba8eb739f774a6,13,18,"As they journeyed along the winding roads, Hansel commented, “I can already picture you flying down those slopes.”"
conv_691c84edfb24819590a3e29782cdd10d03ba8eb739f774a6,14,6,"Frida smiled, feeling nervous and excited."
conv_691c84edfb24819590a3e29782cdd10d03ba8eb739f774a6,15,5,like a child before Christmas.
conv_691c84edfb24819590a3e29782cdd10d03ba8eb739f774a6,16,15,She asked Hansel if he needed any new gear before his upcoming race in Zermatt.
conv_691c84edfb24819590a3e29782cdd10d03ba8eb739f774a6,17,9,"Hansel shook his head, reassuring her with a grin."
conv_691c84edfb24819590a3e29782cdd10d03ba8eb739f774a6,18,16,"“I’ll be fine with my trusty set,” he said, tapping the gear stick in the car."
conv_691c84edfb24819590a3e29782cdd10d03ba8eb739f774a6,19,19,"Luckily Frida knew just which pair of gloves he wanted, but was too resource-aware to ask for anything frivolous."
conv_691c84edfb24819590a3e29782cdd10d03ba8eb739f774a6,20,16,"She decided she would surprise him with them anyway, hidden in their luggage for the trip."
conv_691c84edfb24819590a3e29782cdd10d03ba8eb739f774a6,21,13,"As they neared home, the setting sun cast a warm shadow on everything."
conv_691c84edfb24819590a3e29782cdd10d03ba8eb739f774a6,22,24,"They stepped out of the car and went into the grocery store to buy cheese, milk, and some fresh bread for their evening meal."
conv_691c84edfb24819590a3e29782cdd10d03ba8eb739f774a6,23,12,The comforting thought of a cozy dinner by the fireplace awaited them.
conv_691c84edfb24819590a3e29782cdd10d03ba8eb739f774a6,24,17,"That night, as they sat by the fire, Hansel talked passionately about climate change and new elections."
conv_691c84edfb24819590a3e29782cdd10d03ba8eb739f774a6,25,27,"He also talked about the ""new world order"" as he had phrased it, where climate change is dismissed in favor of economic interests by certain political alliances."
conv_691c84edfb24819590a3e29782cdd10d03ba8eb739f774a6,26,15,"The conference room buzzed with murmurs as Dr. Wesley continued, his voice steady yet urgent."
conv_691c84edfb24819590a3e29782cdd10d03ba8eb739f774a6,27,6,"""The decisions we make in the"
conv_691dc7c061d8819797504b613ba6691208409e48769ea891,0,10,a group of adventurers that have fallen on hard times.
conv_691dc7c061d8819797504b613ba6691208409e48769ea891,1,24,They failed their last contract and are now desperate to redeem themselves and climb the ladder of reputation in the bustling city of Eldoria.
conv_691dc7c061d8819797504b613ba6691208409e48769ea891,2,30,"The sun dipped below the horizon, casting long shadows over the cobblestone streets as the group gathered in their usual gear, to find yet another cheap in for the night."
conv_691dc7c061d8819797504b613ba6691208409e48769ea891,3,22,"They had spent the last of their coin, so they wandered around the dark, when a scream echoed from a nearby alley."
conv_691dc7c061d8819797504b613ba6691208409e48769ea891,4,14,"Instinctively, they rushed toward the sound, hoping this might be the opportunity they needed."
conv_691dc7c061d8819797504b613ba6691208409e48769ea891,5,12,"As they entered the narrow passage, they found a hun a struggle."
conv_691dc7c061d8819797504b613ba6691208409e48769ea891,6,20,Three men were about to snatch an older man's purse as the gold coins spilled out into the muddy street.
conv_691dc7c061d8819797504b613ba6691208409e48769ea891,7,16,"One of the party began to draw their sword, the glint of steel catching the moonlight."
conv_691dc7c061d8819797504b613ba6691208409e48769ea891,8,5,"""Not tonight,"" the warrior growled."
conv_691dc7c061d8819797504b613ba6691208409e48769ea891,9,16,"The thief froze, eyes wide in surprise, while the the old man looked up in disbelief."
conv_691dc7c061d8819797504b613ba6691208409e48769ea891,10,9,"He had expected to die, the adventurer could see."
conv_691dc7c061d8819797504b613ba6691208409e48769ea891,11,6,"He begged, “Please, don’t hurt me!”"
conv_691dc7c061d8819797504b613ba6691208409e48769ea891,12,5,The adventurers sprung into action.
conv_691dc7c061d8819797504b613ba6691208409e48769ea891,13,28,"The rogue in their group deftly darted forward, retrieving the scattered coins, while the mage whispered an infernal spell, ready to cast a fireball on the nearest foe."
conv_691dc7c061d8819797504b613ba6691208409e48769ea891,14,19,"Only the fighter had begun to collect the gold coins, in an attempt to secure the old man's belongings."
conv_691dc7c061d8819797504b613ba6691208409e48769ea891,15,10,"The thieves, realizing they were outmatched, began to back away."
conv_691dc7c061d8819797504b613ba6691208409e48769ea891,16,18,"The leader of the thugs sneered and snarled, ""This isn't over The old man suddenly began to convulse."
conv_691dc7c061d8819797504b613ba6691208409e48769ea891,17,9,"The Wizard realized immediately, something Evil was going on."
conv_691dc7c061d8819797504b613ba6691208409e48769ea891,18,17,The old man spit blood as the coins the thief held started to glow a sinister red.
conv_691dc7c061d8819797504b613ba6691208409e48769ea891,19,8,"""It's cursed!"" warned the wizard, dropping the coins."
conv_691dc7c061d8819797504b613ba6691208409e48769ea891,20,23,"The air grew thick with dark magic, and shadows twisted around them as the old man vanished and a figure took his place."
conv_691dc7c061d8819797504b613ba6691208409e48769ea891,21,9,"Eyes red and burning, a dark, rumbling voice screaming:"
conv_691dc7c061d8819797504b613ba6691208409e48769ea891,22,1,Leave!
conv_691dc7c061d8819797504b613ba6691208409e48769ea891,23,9,"Never return to this alley, or face your doom!"""
conv_691dc7c061d8819797504b613ba6691208409e48769ea891,24,7,"The adventurers stood firm, exchanging determined glances."
conv_691dc7c061d8819797504b613ba6691208409e48769ea891,25,20,"The leader of the group stepped forward, saying, ""We’re not easily fightent, but that is a little over our paygrade!"""
conv_691dc7c061d8819797504b613ba6691208409e48769ea891,26,12,He looked at his friends and saw that only the brigands remained.
conv_691dc7c061d8819797504b613ba6691208409e48769ea891,27,7,He judged that they deserved to die.
conv_691dc7c061d8819797504b613ba6691208409e48769ea891,28,3,for their crimes.
conv_691dc7c061d8819797504b613ba6691208409e48769ea891,29,12,"With a decisive nod, the adventurers fought fiercely, driving the brigands away."
conv_691dc7c061d8819797504b613ba6691208409e48769ea891,30,9,"As the shadowy figure retreated, the sinister energy dissipated."
conv_691dc7c061d8819797504b613ba6691208409e48769ea891,31,12,"But in the demon's last attempt, it swallowed one of the thieves."
conv_691dc7c061d8819797504b613ba6691208409e48769ea891,32,16,"Growing stronger, it shattered the leg of the wizard, that was prepared to unleash another spell."
conv_691dc7c061d8819797504b613ba6691208409e48769ea891,33,19,"The fighter grabbed the wizard, helping him to safety, while the rogue used their agility to distract the demon."
conv_691dc7c061d8819797504b613ba6691208409e48769ea891,34,6,"With one last combined effort, the"
conv_691dc83ec728819085d614247e77833604d03bd64a490dfd,0,18,"Willy a big ass frog, he lives in a swamp and likes to eat bugs and ice cream."
conv_691dc83ec728819085d614247e77833604d03bd64a490dfd,1,12,"One day a traveler arrives, he wants the frog for his circus."
conv_691dc83ec728819085d614247e77833604d03bd64a490dfd,2,22,"Willy is unsure, the circus sounds fun, but he is used to living in the swamp and has never seen anything else."
conv_691dc83ec728819085d614247e77833604d03bd64a490dfd,3,22,"The traveller, a wiry man with a curled mustache and a coat adorned with faded gold buttons, crouched at the swamp's edge."
conv_691dc83ec728819085d614247e77833604d03bd64a490dfd,4,21,"come with me great frog, you are so fat and ugly, the sight of you in the circus would be marvelous."
conv_691dc83ec728819085d614247e77833604d03bd64a490dfd,5,29,"In the circus we have tons of ice cream, and the crowds will marvel at your magnificent size,"" the traveller continued, pulling a small waxy cone from his satchel."
conv_691dc83ec728819085d614247e77833604d03bd64a490dfd,6,14,"The scent of vanilla wafte Willy is amazed, damn that smell is hella nice."
conv_691dc83ec728819085d614247e77833604d03bd64a490dfd,7,11,"The traveller finds a document, he wants Willy to sign it."
conv_691dc83ec728819085d614247e77833604d03bd64a490dfd,8,8,"Willy almost does, but something makes him pause."
conv_691dc83ec728819085d614247e77833604d03bd64a490dfd,9,16,"The paper is covered in tiny, cramped writing that seems to squirm in the lantern light."
conv_691dc83ec728819085d614247e77833604d03bd64a490dfd,10,11,"The traveller's smile stretches across his face, he almost looks hungry."
conv_691dc83ec728819085d614247e77833604d03bd64a490dfd,11,18,"willy notices a line in small letters at the bottom, he also signs away his freedom to leave."
conv_691dc83ec728819085d614247e77833604d03bd64a490dfd,12,13,"""Permanent employment,"" the words read, ""bound to the circus for all days remaining."""
conv_691dc83ec728819085d614247e77833604d03bd64a490dfd,13,11,"Willy's webbed hand trembles, Is this the right thing to do?"
conv_691dc83ec728819085d614247e77833604d03bd64a490dfd,14,12,"The traveller seems increasingly suspect; he might be the devil, Willy thinks."
conv_691dc83ec728819085d614247e77833604d03bd64a490dfd,15,16,"The traveller's shadow stretches unnaturally long across the murky water, reaching toward Willy like grasping fingers."
conv_691dc83ec728819085d614247e77833604d03bd64a490dfd,16,21,"His eyes gleam with an eager Willy is no fool, he knows that in this life is survival of the fittest."
conv_691dc83ec728819085d614247e77833604d03bd64a490dfd,17,15,"If the devil is coming for Willy, then Willy will come for the devil first."
conv_691dc83ec728819085d614247e77833604d03bd64a490dfd,18,30,"With a powerful leap that sends swamp water exploding in all directions, the massive frog launches himself at the trav eller, he pulls out his frog knife, long and sharp."
conv_691dc83ec728819085d614247e77833604d03bd64a490dfd,19,12,"With a quick slice, he opens the traveller up and watches him."
conv_691dc83ec728819085d614247e77833604d03bd64a490dfd,20,8,collapse into the swamp with a gurgling cry.
conv_691dc83ec728819085d614247e77833604d03bd64a490dfd,21,17,"But instead of blood, golden coins pour from the wound, clinking and splashing into the dark water."
conv_691dc83ec728819085d614247e77833604d03bd64a490dfd,22,19,"The trav eller looks at the frog, ""why did you do this, it was a great contract"" he says."
conv_691dc83ec728819085d614247e77833604d03bd64a490dfd,23,21,"Willy suddenly remembers s his old grandmother's warning: ""Never trust a man who bleeds gold, for he trades in stolen dreams."""
conv_691dc83ec728819085d614247e77833604d03bd64a490dfd,24,8,The traveller clutches at the coins spilling from
conv_691e9e26b7688197a86e51a9d9a7dfe1052dd4511749a606,0,11,"Once, not far too many years ago, a big accident happened."
conv_691e9e26b7688197a86e51a9d9a7dfe1052dd4511749a606,1,18,"It happened not just once, not just twice, but seven times in the small town of Willow Creek."
conv_691e9e26b7688197a86e51a9d9a7dfe1052dd4511749a606,2,12,"Each incident occurred precisely at midnight, leaving the townspeople bewildered and afraid."
conv_691e9e26b7688197a86e51a9d9a7dfe1052dd4511749a606,3,18,"Whispers of curses and restless spirits echoed through the streets, as the dunkle people swept through the night."
conv_691e9e26b7688197a86e51a9d9a7dfe1052dd4511749a606,4,8,The air was heavy and the mist thick.
conv_691e9e26b7688197a86e51a9d9a7dfe1052dd4511749a606,5,17,"As she walked through the streets, her heart beat a steady rhythm of both fear and curiosity."
conv_691e9e26b7688197a86e51a9d9a7dfe1052dd4511749a606,6,14,"Isabelle, the town's librarian, had always been drawn to the mysteries of Willow Creek."
conv_691e9e26b7688197a86e51a9d9a7dfe1052dd4511749a606,7,14,"With a lantern in hand, she ventured deeper in the old part of town."
conv_691e9e26b7688197a86e51a9d9a7dfe1052dd4511749a606,8,16,"A part she normally was not allowed to go near, but the circumstances made her brave."
conv_691e9e26b7688197a86e51a9d9a7dfe1052dd4511749a606,9,17,"Shadows danced along the cobbled streets, and the distant echoes of whispers seemed to call her name."
conv_691e9e26b7688197a86e51a9d9a7dfe1052dd4511749a606,10,18,Isabelle knew she had to uncover the truth behind these strange occurrences though she did it in spite.
conv_691e9e26b7688197a86e51a9d9a7dfe1052dd4511749a606,11,10,Her brother had always treated her as a mindless child.
conv_691e9e26b7688197a86e51a9d9a7dfe1052dd4511749a606,12,8,This was the time to prove him wrong.
conv_691e9e26b7688197a86e51a9d9a7dfe1052dd4511749a606,13,21,"As she pressed on, Isabelle stumbled upon an ancient map, tucked away in a hidden alcove near the abandoned clock tower."
conv_691e9e26b7688197a86e51a9d9a7dfe1052dd4511749a606,14,11,The map detailed a network of tunnels beneath the town .
conv_691e9e26b7688197a86e51a9d9a7dfe1052dd4511749a606,15,16,A map that the spiteful brother had hidden from her and the rest of their family.
conv_691e9e26b7688197a86e51a9d9a7dfe1052dd4511749a606,16,21,"She didn't fully grasp why he did so, but she was sure it had something to do with the strange accidents."
conv_691e9e26b7688197a86e51a9d9a7dfe1052dd4511749a606,17,14,"Determined, Isabelle followed the map to a narrow entrance hidden behind an overgrown thicket."
conv_691e9e26b7688197a86e51a9d9a7dfe1052dd4511749a606,18,26,"As she descended into the tunnels, the air switched from heavy and dense to light, almost strangling the senses that were used to the heavy breaths."
conv_691e9e26b7688197a86e51a9d9a7dfe1052dd4511749a606,19,8,She felt dizzy but was resolved to continue.
conv_691e9e26b7688197a86e51a9d9a7dfe1052dd4511749a606,20,20,"The walls of the tunnel were lined with cryptic symbols and old engravings, hinting at forgotten legends of Willow Creek."
conv_691e9e26b7688197a86e51a9d9a7dfe1052dd4511749a606,21,11,"As she moved deeper, she her vision became less and less."
conv_691e9e26b7688197a86e51a9d9a7dfe1052dd4511749a606,22,8,Determined not to turn around she kept going.
conv_691e9e26b7688197a86e51a9d9a7dfe1052dd4511749a606,23,10,"Kept going until she saw a faint, flickering light ahead."
conv_691e9e26b7688197a86e51a9d9a7dfe1052dd4511749a606,24,9,"It was a dim, warm glow, inviting yet mysterious."
conv_691e9e26b7688197a86e51a9d9a7dfe1052dd4511749a606,25,23,"Isabelle approached cautiously, discovering a cavern filled with ancient artifacts and a big puddle of liquid right in the middle of the cavern."
conv_691e9e26b7688197a86e51a9d9a7dfe1052dd4511749a606,26,19,"Though it was no ordinary puddle, the water shimmered with a strange luminescence, casting ethereal reflections on the walls."
conv_691e9e26b7688197a86e51a9d9a7dfe1052dd4511749a606,27,9,"Isabelle knelt beside it, her fingers trailing the surface."
conv_691e9e26b7688197a86e51a9d9a7dfe1052dd4511749a606,28,18,"Suddenly, images danced across the water, images of old memories and people in her life that had disappeared."
conv_691e9e26b7688197a86e51a9d9a7dfe1052dd4511749a606,29,14,"It all seemed so real, like she was in the water dancing alongside them."
conv_691e9e26b7688197a86e51a9d9a7dfe1052dd4511749a606,30,21,"The water seemed to whisper secrets, hinting at the origins of the accidents and the hidden truths behind her brother's actions."
conv_691e9e26b7688197a86e51a9d9a7dfe1052dd4511749a606,31,6,Isabelle realized she was on the
conv_691f065bc31481969cdbdc53f0ca1d3b03f44f568e358927,0,1,love.
conv_691f065bc31481969cdbdc53f0ca1d3b03f44f568e358927,1,2,Deep love.
conv_691f065bc31481969cdbdc53f0ca1d3b03f44f568e358927,2,5,It began when opposites meet.
conv_691f065bc31481969cdbdc53f0ca1d3b03f44f568e358927,3,7,"""Hi.."", ""What can I help you with""."
conv_691f065bc31481969cdbdc53f0ca1d3b03f44f568e358927,4,3,"""I have some.."
conv_691f065bc31481969cdbdc53f0ca1d3b03f44f568e358927,5,9,"Issues, I need help sorting out,"" she replied hesitantly."
conv_691f065bc31481969cdbdc53f0ca1d3b03f44f568e358927,6,18,"Her name was Lila, a painter who found it easier to express herself through colors rather than words."
conv_691f065bc31481969cdbdc53f0ca1d3b03f44f568e358927,7,10,"The man was hesitant, as he had things to do."
conv_691f065bc31481969cdbdc53f0ca1d3b03f44f568e358927,8,8,A lady sitting at another table glared irritated.
conv_691f065bc31481969cdbdc53f0ca1d3b03f44f568e358927,9,19,"He was a creative mind and entrepreneur at heart, but life had settled him into a routine of predictability."
conv_691f065bc31481969cdbdc53f0ca1d3b03f44f568e358927,10,20,"His name was Ethan, and as a graphic designer, he often found himself mediating between creative whims and client demands."
conv_691f065bc31481969cdbdc53f0ca1d3b03f44f568e358927,11,14,Yet he had not given up on his dream of creating something for himself.
conv_691f065bc31481969cdbdc53f0ca1d3b03f44f568e358927,12,8,"""I was wondering which, umm, type of, umm.."""
conv_691f065bc31481969cdbdc53f0ca1d3b03f44f568e358927,13,13,"She stammered, her eyes glancing at the array of art supplies behind him."
conv_691f065bc31481969cdbdc53f0ca1d3b03f44f568e358927,14,10,"""Could you recommend a medium that's good for expressing turmoil?"""
conv_691f065bc31481969cdbdc53f0ca1d3b03f44f568e358927,15,11,"Ethan, intrigued despite himself needing to attend to his boss's needs."
conv_691f065bc31481969cdbdc53f0ca1d3b03f44f568e358927,16,20,"Everyday people came to the shop, but only rarely did the interest in art go beyond daydreaming and small talk."
conv_691f065bc31481969cdbdc53f0ca1d3b03f44f568e358927,17,8,"Yet, something about Lila's earnestness struck a chord."
conv_691f065bc31481969cdbdc53f0ca1d3b03f44f568e358927,18,6,"He paused, glancing at the shelves."
conv_691f065bc31481969cdbdc53f0ca1d3b03f44f568e358927,19,6,"""Have you ever tried oil pastels?"
conv_691f065bc31481969cdbdc53f0ca1d3b03f44f568e358927,20,13,"They're very tasty, especially the red tones have a very pleasant earthy taste."""
conv_691f065bc31481969cdbdc53f0ca1d3b03f44f568e358927,21,9,"Lila looked puzzled, as Ethan chuckled, realizing his mistake."
conv_691f065bc31481969cdbdc53f0ca1d3b03f44f568e358927,22,11,"""I mean, they're great for layering emotions,"" he corrected, smiling sheepishly."
conv_691f065bc31481969cdbdc53f0ca1d3b03f44f568e358927,23,9,"""You can really play with depth and intensity ""."
conv_691f065bc31481969cdbdc53f0ca1d3b03f44f568e358927,24,13,"""Uhh, you seem to know a lot about painting, do you paint yourself?"""
conv_691f065bc31481969cdbdc53f0ca1d3b03f44f568e358927,25,6,"Lila replied in a humorous tone."""
conv_691f065bc31481969cdbdc53f0ca1d3b03f44f568e358927,26,10,"Ethan's smile widened, a touch of bashfulness in his eyes."
conv_691f065bc31481969cdbdc53f0ca1d3b03f44f568e358927,27,4,"""I dabble,"" he admitted."
conv_691f065bc31481969cdbdc53f0ca1d3b03f44f568e358927,28,8,"""I like to mix media, playing with textures."
conv_691f065bc31481969cdbdc53f0ca1d3b03f44f568e358927,29,9,It's a part of how I see the world.
conv_691f065bc31481969cdbdc53f0ca1d3b03f44f568e358927,30,8,"It sometimes gets messy and also quite political."""
conv_691f065bc31481969cdbdc53f0ca1d3b03f44f568e358927,31,8,She smiled and nodded as he eagerly talked.
conv_691f065bc31481969cdbdc53f0ca1d3b03f44f568e358927,32,22,"""Hey, maybe you could show me some of your work sometime,"" she suggested, a spark of curiosity and camaraderie in her voice."
conv_691f065bc31481969cdbdc53f0ca1d3b03f44f568e358927,33,6,"Ethan hesitated briefly, then nodded. """
conv_691f065bc31481969cdbdc53f0ca1d3b03f44f568e358927,34,11,"I some piece in my cellar, but they're not done yet."
conv_691f065bc31481969cdbdc53f0ca1d3b03f44f568e358927,35,7,"If you're interested, your input seems valuable."
conv_691f065bc31481969cdbdc53f0ca1d3b03f44f568e358927,36,8,You can swing by 43rd on Murders Ave.
conv_691f065bc31481969cdbdc53f0ca1d3b03f44f568e358927,37,6,"""Murdoch Avenue,"" he corrected quickly, laughing."
conv_691f065bc31481969cdbdc53f0ca1d3b03f44f568e358927,38,12,"""It's a bit chaotic in there, but I’d love to show you."""
conv_691f065bc31481969cdbdc53f0ca1d3b03f44f568e358927,39,6,"Lila grinned, feeling a joyful ..."
conv_691f065bc31481969cdbdc53f0ca1d3b03f44f568e358927,40,5,Something.. from a new friend.
conv_691f065bc31481969cdbdc53f0ca1d3b03f44f568e358927,41,5,"""Could he be my soulmate?"""
conv_691f065bc31481969cdbdc53f0ca1d3b03f44f568e358927,42,4,she wondered to herself.
conv_691f065bc31481969cdbdc53f0ca1d3b03f44f568e358927,43,4,"""I would love that!"
conv_691f065bc31481969cdbdc53f0ca1d3b03f44f568e358927,44,16,"And I think I'll give that tasty red a try,"" she said with a playful wink."
conv_691f065bc31481969cdbdc53f0ca1d3b03f44f568e358927,45,10,"They exchanged numbers, the connection between them feeling unexpectedly natural."
conv_691f065bc31481969cdbdc53f0ca1d3b03f44f568e358927,46,10,"As Lila left the shop, Ethan watched her go, wondering"
conv_691f06855a5c819598fe92033194bb530743467f5002fa62,0,16,"me, I'm 20 years old and I work in a little bookstore, with my friend Josh."
conv_691f06855a5c819598fe92033194bb530743467f5002fa62,1,14,"I met Josh when I was seven, and we have been inseparable ever since."
conv_691f06855a5c819598fe92033194bb530743467f5002fa62,2,18,"The bookstore, nestled between an old café and a tiny flower shop, has become a sanctuary for us."
conv_691f06855a5c819598fe92033194bb530743467f5002fa62,3,10,"It's a modest place, with creaky floors and dim lighting."
conv_691f06855a5c819598fe92033194bb530743467f5002fa62,4,12,"It has a lot of really old books, some from the seventeen-hundreds."
conv_691f06855a5c819598fe92033194bb530743467f5002fa62,5,18,"I like to read and I have read most of them, each telling stories of worlds long past."
conv_691f06855a5c819598fe92033194bb530743467f5002fa62,6,21,"Josh often teases me about my obsession with history, but he loves the adventure novels that sit in the far corner."
conv_691f06855a5c819598fe92033194bb530743467f5002fa62,7,16,"One in particular, he has read it maybe twenty times, and keeps telling me about it."
conv_691f06855a5c819598fe92033194bb530743467f5002fa62,8,15,He talks so much about it that I finally decided to give it a try.
conv_691f06855a5c819598fe92033194bb530743467f5002fa62,9,15,"The book, ""The Lost Expedition,"" is about a group of explorers venturing into uncharted lands."
conv_691f06855a5c819598fe92033194bb530743467f5002fa62,10,28,"As I flipped through the pages I see a little drawing, not part of the original layout, I smile to myself, thinking that Josh must have added it."
conv_691f06855a5c819598fe92033194bb530743467f5002fa62,11,12,It's a small sketch of a compass with an arrow pointing north.
conv_691f06855a5c819598fe92033194bb530743467f5002fa62,12,11,I wonder if it’s a clue or just Josh being artistic.
conv_691f06855a5c819598fe92033194bb530743467f5002fa62,13,15,"Intrigued, I start reading the first chapter, and I must admit, it is really good."
conv_691f06855a5c819598fe92033194bb530743467f5002fa62,14,16,"The writing is very detailed and vivid, pulling me into a world of mystery and adventure."
conv_691f06855a5c819598fe92033194bb530743467f5002fa62,15,13,"The explorers' journey feels almost real, as if I’m right there with them."
conv_691f06855a5c819598fe92033194bb530743467f5002fa62,16,21,"Curiously, I notice that the characters often refer to an old compass, I wonder if Josh's drawing is the same compass."
conv_691f06855a5c819598fe92033194bb530743467f5002fa62,17,12,"I read some more, and the significance of the compass becomes clear."
conv_691f06855a5c819598fe92033194bb530743467f5002fa62,18,12,It seems to lead the explorers to hidden paths and secret places.
conv_691f06855a5c819598fe92033194bb530743467f5002fa62,19,21,"As the story unfolds, I find myself wondering if there's more to it, and if this even is a fictional story."
conv_691f06855a5c819598fe92033194bb530743467f5002fa62,20,16,the more I read the clearer it becomes this is not just a simple adventure tale.
conv_691f06855a5c819598fe92033194bb530743467f5002fa62,21,16,There are hints and references throughout that suggest the story might be based on real events.
conv_691f06855a5c819598fe92033194bb530743467f5002fa62,22,12,"Questions swirl around my mind, and I can’t help but ask Josh."
conv_691f06855a5c819598fe92033194bb530743467f5002fa62,23,19,"He looks me dead in the eyes and says ""that's what I thought too, that's why I recommended you."""
conv_691f06855a5c819598fe92033194bb530743467f5002fa62,24,2,read it.
conv_691f06855a5c819598fe92033194bb530743467f5002fa62,25,15,"I found something interesting,"" he adds, pulling out an old, yellowed map from his bag."
conv_691f06855a5c819598fe92033194bb530743467f5002fa62,26,9,"""I think this might be connected to the story."""
conv_691f06855a5c819598fe92033194bb530743467f5002fa62,27,28,"I found it in the back of the book, it just fell out when I opened it"" I think to myself that this is more than a coincidence."
conv_691f06855a5c819598fe92033194bb530743467f5002fa62,28,17,"The map appears to mirror the journey in the book, with markings that match the compass directions."
conv_691f06855a5c819598fe92033194bb530743467f5002fa62,29,8,Excitement rushes through me as I realize we
conv_691f696d0b348190810494e2c5d82fee08324043d78ba0f7,0,10,"Andreas, the greatest consumer of chocolate milk of all time."
conv_691f696d0b348190810494e2c5d82fee08324043d78ba0f7,1,12,Andreas used to drink chocolate milk daily to support his sporty ambitions.
conv_691f696d0b348190810494e2c5d82fee08324043d78ba0f7,2,25,"However, one night , while gazing at the stars, Andreas stumbled upon a mysterious, glowing bottle at the edge of the forest near his home."
conv_691f696d0b348190810494e2c5d82fee08324043d78ba0f7,3,14,"Intrigued by its luminescence, Andreas had no other choice but to inspect the bottle."
conv_691f696d0b348190810494e2c5d82fee08324043d78ba0f7,4,15,"It was a ceramic bottle as old as time, sealed by a seemingly mysterious force."
conv_691f696d0b348190810494e2c5d82fee08324043d78ba0f7,5,9,Andreas had an idea of how to open it.
conv_691f696d0b348190810494e2c5d82fee08324043d78ba0f7,6,17,He decided to gently tap the bottle while whispering the ancient rhymes his grandmother used to recite.
conv_691f696d0b348190810494e2c5d82fee08324043d78ba0f7,7,14,"As the final word left his lips, the seal began to vaporize into letters."
conv_691f696d0b348190810494e2c5d82fee08324043d78ba0f7,8,14,"At first the letters seemed completely random, but slowly they arranged themselves into words."
conv_691f696d0b348190810494e2c5d82fee08324043d78ba0f7,9,19,"It seemed to be in another language, but Andreas was sure he recognized some elements from his grandmother’s tales."
conv_691f696d0b348190810494e2c5d82fee08324043d78ba0f7,10,12,"With a touch of hesitation and excitement, he murmured the words aloud."
conv_691f696d0b348190810494e2c5d82fee08324043d78ba0f7,11,12,"Suddenly, the air around him shimmered, and a dark brown shadow appeared."
conv_691f696d0b348190810494e2c5d82fee08324043d78ba0f7,12,4,Andreas' eyes lit up.
conv_691f696d0b348190810494e2c5d82fee08324043d78ba0f7,13,5,He instantly recognized the shadow.
conv_691f696d0b348190810494e2c5d82fee08324043d78ba0f7,14,11,It was his hero Matilde from the best chocolate milk ever.
conv_691f696d0b348190810494e2c5d82fee08324043d78ba0f7,15,8,But why was he led to this moment?
conv_691f696d0b348190810494e2c5d82fee08324043d78ba0f7,16,25,"Matilde, with her cloak swirling like cocoa, spoke in a voice smooth as silk, ""Andreas, you have been chosen to return balance to the universe."
conv_691f696d0b348190810494e2c5d82fee08324043d78ba0f7,17,19,The evil powers of Chocomel have for years tried to brainwash innocent kids using cheap prices and political propaganda.
conv_691f696d0b348190810494e2c5d82fee08324043d78ba0f7,18,18,"But how was a normal, although very smart, young athlete like Andreas supposed to face such a challenge?"
conv_691f696d0b348190810494e2c5d82fee08324043d78ba0f7,19,18,"Matilde continued, ""It's your love and knowledge of the authentic essence of chocolate milk that makes you special."
conv_691f696d0b348190810494e2c5d82fee08324043d78ba0f7,20,14,You must smith a sword infused with the special powers of true chocolate milk!
conv_691f696d0b348190810494e2c5d82fee08324043d78ba0f7,21,3,Matilde told Andreas.
conv_691f696d0b348190810494e2c5d82fee08324043d78ba0f7,22,15,So Andreas traveled to Africa in search of the finest cacao beans in the world.
conv_691f696d0b348190810494e2c5d82fee08324043d78ba0f7,23,28,"Guided by Matilde, he ventured into the lush, vibrant jungles, where ancient trees whispered secrets and mystical creatures guarded hidden groves with the magical cocoa trees Andreas needed."
conv_691f696d0b348190810494e2c5d82fee08324043d78ba0f7,24,21,"The mystical creatures sensed an aura of importance and truthfulness from Andreas, so they let him through to the sacred grove."
conv_691f696d0b348190810494e2c5d82fee08324043d78ba0f7,25,15,"There, surrounded by an enchanting, sweet aroma, the cocoa trees shimmered with a golden hue."
conv_691f696d0b348190810494e2c5d82fee08324043d78ba0f7,26,15,"Andreas carefully harvested the beans, each one pulsating with the strength of a thousand oxen."
conv_691f696d0b348190810494e2c5d82fee08324043d78ba0f7,27,42,"Andreas now in possession of the greatest cocoa beans ever was still in need of a sword worthy of the chocolate and set off to find the legendary blacksmith, Helga, who was said to forge with the heart of the earth itself."
conv_691f696d0b348190810494e2c5d82fee08324043d78ba0f7,28,9,Helga's forge lay hidden within a mountain called Himmelbjerget.
conv_691f696d0b348190810494e2c5d82fee08324043d78ba0f7,29,16,"Although the climb was intense and difficult, Andreas' training prepared him well for this physical battle."
conv_691f696d0b348190810494e2c5d82fee08324043d78ba0f7,30,16,"Along the way, he wanted to find a gift for Helga, knowing she admired rare gemstones."
conv_691f696d0b348190810494e2c5d82fee08324043d78ba0f7,31,12,"As he ascended, Andreas found a shimmering amethyst embedded in the rocks."
conv_691f696d0b348190810494e2c5d82fee08324043d78ba0f7,32,6,"Presenting it to Helga, she smiled"
conv_6981ccf5d5f4819394bcd7bad4d79b14001ace58e9b20b81,0,9,Once upon a time there was a giant carrot.
conv_6981ccf5d5f4819394bcd7bad4d79b14001ace58e9b20b81,1,13,The carrot lived at home with his mom and dad and 16 siblings.
conv_6981ccf5d5f4819394bcd7bad4d79b14001ace58e9b20b81,2,22,"The carrot's name was Clarence, and he was the tallest in his family, towering above the garden like a vivid orange beacon."
conv_6981ccf5d5f4819394bcd7bad4d79b14001ace58e9b20b81,3,19,His family lived in a cozy little patch that they shared with the cabbage family that lived next door.
conv_6981ccf5d5f4819394bcd7bad4d79b14001ace58e9b20b81,4,7,Clarence struggled a lot with his height.
conv_6981ccf5d5f4819394bcd7bad4d79b14001ace58e9b20b81,5,19,"He would constantly bump into the low-hanging branches of parsley trees, causing the leaves to flutter down like confetti."
conv_6981ccf5d5f4819394bcd7bad4d79b14001ace58e9b20b81,6,18,"His siblings often teased him, saying he could touch the clouds if he just put up his arms."
conv_6981ccf5d5f4819394bcd7bad4d79b14001ace58e9b20b81,7,18,One day Clarence heard that there was a town far far away where all the carrots were giant.
conv_6981ccf5d5f4819394bcd7bad4d79b14001ace58e9b20b81,8,15,Since then he dreamed of going to the town in search of others like him.
conv_6981ccf5d5f4819394bcd7bad4d79b14001ace58e9b20b81,9,39,"Every evening, as the sun painted the sky in hues of orange and pink, Clarence would stand at the edge of the garden, gazing into the air, imagining what it would be like if he lived in Giant Town."
conv_6981ccf5d5f4819394bcd7bad4d79b14001ace58e9b20b81,10,29,"One day as he and his brothers were playing hide and seek among the kale bushes, Clarence overheard a group of sparrows talking about a festival in Giant Town."
conv_6981ccf5d5f4819394bcd7bad4d79b14001ace58e9b20b81,11,13,They spoke of carrot contests and celebrations where being tall was an advantage.
conv_6981ccf5d5f4819394bcd7bad4d79b14001ace58e9b20b81,12,15,Clarence was always used to being at a disadvantage when playing onionball with his siblings.
conv_6981ccf5d5f4819394bcd7bad4d79b14001ace58e9b20b81,13,15,At this moment Clarence decided that he must find a way to reach Giant Town.
conv_6981ccf5d5f4819394bcd7bad4d79b14001ace58e9b20b81,14,19,"He spoke to his trusted friend, Benny the Beet, who was known for his witty ideas and adventurous spirit."
conv_6981ccf5d5f4819394bcd7bad4d79b14001ace58e9b20b81,15,10,"Clarence asked, “ ""Doesn't your dad go to Spinachville sometimes?"""
conv_6981ccf5d5f4819394bcd7bad4d79b14001ace58e9b20b81,16,16,"Spinachville was close to Giant Town, so maybe this would be a way to get there."
conv_6981ccf5d5f4819394bcd7bad4d79b14001ace58e9b20b81,17,6,"""Yes, we are all going there."""
conv_6981ccf5d5f4819394bcd7bad4d79b14001ace58e9b20b81,18,13,"next week for the annual Veggie Market,"" Benny replied, eyes twinkling with excitement."
conv_6981ccf5d5f4819394bcd7bad4d79b14001ace58e9b20b81,19,5,"""You could come with us!"
conv_6981ccf5d5f4819394bcd7bad4d79b14001ace58e9b20b81,20,10,"From Spinachville, it's just a short walk to Giant Town."
conv_6981ccf5d5f4819394bcd7bad4d79b14001ace58e9b20b81,21,7,"You've always been talking about that place."""
conv_6981ccf5d5f4819394bcd7bad4d79b14001ace58e9b20b81,22,16,The two of them decided that Clarence would go along with Benny's family on their trip.
conv_6981ccf5d5f4819394bcd7bad4d79b14001ace58e9b20b81,23,16,Clarence felt a thrilling mix of excitement and nervousness as he quietly packed his few belongings.
conv_6981ccf5d5f4819394bcd7bad4d79b14001ace58e9b20b81,24,12,"The night before their journey, he lay in bed unable to sleep."
conv_6981ccf5d5f4819394bcd7bad4d79b14001ace58e9b20b81,25,8,Tomorrow he would finally be in Giant Town.
conv_6981ccf5d5f4819394bcd7bad4d79b14001ace58e9b20b81,26,6,Tomorrow he would finally fit in.
conv_6981ccf5d5f4819394bcd7bad4d79b14001ace58e9b20b81,27,18,"The next morning Clarence and the beet family set off at dawn, the sky still a deep blue."
conv_6981ccf5d5f4819394bcd7bad4d79b14001ace58e9b20b81,28,19,"As they traveled along the winding paths through fields of sunflowers and corn, Clarence felt hope blossom within him."
conv_6981ccf5d5f4819394bcd7bad4d79b14001ace58e9b20b81,29,18,"The ride felt like forever, but at last they reached the festival, where Clarence would be dropped off."
conv_6981ccf5d5f4819394bcd7bad4d79b14001ace58e9b20b81,30,22,"As he stepped out of the car, bumping his head on the doorframe, he heard music and laughter echoing through the air."
conv_6981ccf5d5f4819394bcd7bad4d79b14001ace58e9b20b81,31,14,"Towering carrots just like him roamed the streets, their vibrant hues reflecting the sunlight."
conv_6981ccf5d5f4819394bcd7bad4d79b14001ace58e9b20b81,32,2,Clarence knew
conv_69a0753fc5d08196aa37099ec6c65b69083687b3e71b94b5,0,1,Eva.
conv_69a0753fc5d08196aa37099ec6c65b69083687b3e71b94b5,1,6,The name of the first woman.
conv_69a0753fc5d08196aa37099ec6c65b69083687b3e71b94b5,2,4,Or was she really?
conv_69a0753fc5d08196aa37099ec6c65b69083687b3e71b94b5,3,17,She didn't feel like a woman or at least she didn't feel like she was at all.
conv_69a0753fc5d08196aa37099ec6c65b69083687b3e71b94b5,4,3,of this world.
conv_69a0753fc5d08196aa37099ec6c65b69083687b3e71b94b5,5,21,"Eva often wandered through the ancient forest that bordered the village, feeling the pulse of something older, something familiar yet elusive."
conv_69a0753fc5d08196aa37099ec6c65b69083687b3e71b94b5,6,36,The villagers whispered stories about her— she was sure it had something to do with the way she moved when striding her way through the thick layers of debris that had fallen from the canopy above.
conv_69a0753fc5d08196aa37099ec6c65b69083687b3e71b94b5,7,19,"She walked with a grace that seemed untouched by the woods' chaos, as if the forest parted for her."
conv_69a0753fc5d08196aa37099ec6c65b69083687b3e71b94b5,8,19,"Some said she was part fae, others that she was evil incarnate because of her seemingly unearthly moving patterns."
conv_69a0753fc5d08196aa37099ec6c65b69083687b3e71b94b5,9,14,Was she really a woman or some kind of spirit woven into human form?
conv_69a0753fc5d08196aa37099ec6c65b69083687b3e71b94b5,10,4,Eva didn't know herself.
conv_69a0753fc5d08196aa37099ec6c65b69083687b3e71b94b5,11,15,"Her dreams were filled with memories she couldn't place, of a world untouched by time."
conv_69a0753fc5d08196aa37099ec6c65b69083687b3e71b94b5,12,23,"One night, drawn by a glimpse of light she perused into the small village near her cabin in the outskirts of the woods."
conv_69a0753fc5d08196aa37099ec6c65b69083687b3e71b94b5,13,15,"The light was so ethereal, it seemed to pulse in time with her own heartbeat."
conv_69a0753fc5d08196aa37099ec6c65b69083687b3e71b94b5,14,19,"As she approached, Eva realized it emanated from an old stone well, its surface shimmering with an other presence."
conv_69a0753fc5d08196aa37099ec6c65b69083687b3e71b94b5,15,8,"She sensed its shape, its odor, its breath."
conv_69a0753fc5d08196aa37099ec6c65b69083687b3e71b94b5,16,6,It became physical and all encompassing.
conv_69a0753fc5d08196aa37099ec6c65b69083687b3e71b94b5,17,8,Eva wanted to let out a small gasp.
conv_69a0753fc5d08196aa37099ec6c65b69083687b3e71b94b5,18,9,"but found herself entranced, unable to make a sound."
conv_69a0753fc5d08196aa37099ec6c65b69083687b3e71b94b5,19,15,"The well's glow enveloped her, whispering in a language she felt she had always known."
conv_69a0753fc5d08196aa37099ec6c65b69083687b3e71b94b5,20,10,It promised answers to the very core of her being.
conv_69a0753fc5d08196aa37099ec6c65b69083687b3e71b94b5,21,12,"Answers to all the dark, hidden questions she carried in her heart."
conv_69a0753fc5d08196aa37099ec6c65b69083687b3e71b94b5,22,20,"That she had carried since the day she first awoke in the forest, memories adrift like leaves on the wind."
conv_69a0753fc5d08196aa37099ec6c65b69083687b3e71b94b5,23,11,"The language wrapped around her like an embrace, urging her closer."
conv_69a0753fc5d08196aa37099ec6c65b69083687b3e71b94b5,24,8,"She leaned in, her fingertips caressed the stone."
conv_69a0753fc5d08196aa37099ec6c65b69083687b3e71b94b5,25,9,Carefully following every line and arch on its surface.
conv_69a0753fc5d08196aa37099ec6c65b69083687b3e71b94b5,26,20,It seemed to have a message engraved in its surface put in a script that glowed softly under her touch.
conv_69a0753fc5d08196aa37099ec6c65b69083687b3e71b94b5,27,11,"Eva traced the symbols, feeling a connection deep within her soul."
conv_69a0753fc5d08196aa37099ec6c65b69083687b3e71b94b5,28,12,The message spoke of a destiny intertwined with the forest's ancient soul.
conv_69a0753fc5d08196aa37099ec6c65b69083687b3e71b94b5,29,9,Would she ever become part of this sacred world?
conv_69a0753fc5d08196aa37099ec6c65b69083687b3e71b94b5,30,17,"Would she ever connect with the original Eva, the first woman - feel as though she belonged?"
conv_69a0753fc5d08196aa37099ec6c65b69083687b3e71b94b5,31,18,"The well's light pulsated with an answer unspoken, inviting her to step beyond the veil of her uncertainty."
conv_69a0753fc5d08196aa37099ec6c65b69083687b3e71b94b5,32,34,"It promised a path where her true essence had been buried with the language of the long-forgotten memories of sin, shame, and anguish - all transformed into the threads of fate she now held."
conv_69a0753fc5d08196aa37099ec6c65b69083687b3e71b94b5,33,15,"As Eva stood there, a gentle breeze stirred the leaves, echoing the promise of renewal."
conv_69a0753fc5d08196aa37099ec6c65b69083687b3e71b94b5,34,4,Her heart swelled with
conv_69b581c4f16c81978ea543ce298c8c600546e04309837be3,0,21,Once upon a time there was a little squirrel who lived in a magical forest full of fairies and talking feathers.
conv_69b581c4f16c81978ea543ce298c8c600546e04309837be3,1,32,"The little squirrel would hop around and play all day long in the enchanting grove where sunlight filtered through the leaves, casting a mosaic of gold and green on the forest floor."
conv_69b581c4f16c81978ea543ce298c8c600546e04309837be3,2,19,"The squirrel's name was Nutty, and she was known as the best hat-maker in all of the magical forest."
conv_69b581c4f16c81978ea543ce298c8c600546e04309837be3,3,19,She would make wonderful hats for all the other inhabitants who would wear them to parties and fancy get-togethers.
conv_69b581c4f16c81978ea543ce298c8c600546e04309837be3,4,18,A hat with pink feathers and shimmering silver threads caught the attention of a curious fairy named Aurelia.
conv_69b581c4f16c81978ea543ce298c8c600546e04309837be3,5,17,"Fascinated by Nutty's skill, Aurelia approached the squirrel one bright morning, her hair voluminous and bright red."
conv_69b581c4f16c81978ea543ce298c8c600546e04309837be3,6,27,"She told the squirrel that she had always been self-conscious of her hair and wanted to hide it; however, the beautiful hat inspired her to be brave."
conv_69b581c4f16c81978ea543ce298c8c600546e04309837be3,7,14,"Nutty, touched by Aurelia's confession, decided to make a special hat just for her."
conv_69b581c4f16c81978ea543ce298c8c600546e04309837be3,8,19,"She gathered the finest materials, weaving delicate moonbeams and soft petals into a wonderfully extravagant sunhat for the fairy."
conv_69b581c4f16c81978ea543ce298c8c600546e04309837be3,9,10,"When Nutty showed the fairy the hat, she became enraged!"
conv_69b581c4f16c81978ea543ce298c8c600546e04309837be3,10,14,She did not want to wear a giant hat to hide her giant hair.
conv_69b581c4f16c81978ea543ce298c8c600546e04309837be3,11,5,"What a misunderstanding, thought Nutty!"
conv_69b581c4f16c81978ea543ce298c8c600546e04309837be3,12,15,"Apologizing quickly, she realized that Aurelia's bravery wasn't about hiding but embracing who she was."
conv_69b581c4f16c81978ea543ce298c8c600546e04309837be3,13,10,"So, Nutty crafted a dress to complement her hair instead."
conv_69b581c4f16c81978ea543ce298c8c600546e04309837be3,14,18,"Unfortunately, Nutty had never tried to make a dress before and she wasn't very skilled at the task."
conv_69b581c4f16c81978ea543ce298c8c600546e04309837be3,15,10,"Despite her best efforts, it just didn't look quite right."
conv_69b581c4f16c81978ea543ce298c8c600546e04309837be3,16,8,"The seams were uneven, and the colors clashed."
conv_69b581c4f16c81978ea543ce298c8c600546e04309837be3,17,21,"However, Aurelia appreciated the effort and laughed, pointing out that the dress could become a new trend—a trend of ugly dresses!"
conv_69b581c4f16c81978ea543ce298c8c600546e04309837be3,18,16,"Although Aurelia meant well with the comment, the squirrel took a large offense to her joke."
conv_69b581c4f16c81978ea543ce298c8c600546e04309837be3,19,12,"Nutty had tried her best, and yet Aurelia was laughing at her."
conv_69b581c4f16c81978ea543ce298c8c600546e04309837be3,20,1,work.
conv_69b581c4f16c81978ea543ce298c8c600546e04309837be3,21,9,"With a heavy heart, Nutty scampered away, feeling misunderstood."
conv_69b581c4f16c81978ea543ce298c8c600546e04309837be3,22,10,"Aurelia, realizing her mistake, chased after Nutty, calling out apologies."
conv_69b581c4f16c81978ea543ce298c8c600546e04309837be3,23,8,She wanted to make amends with the squirrel.
conv_69b581c4f16c81978ea543ce298c8c600546e04309837be3,24,6,It just wasn't of any use.
conv_69b581c4f16c81978ea543ce298c8c600546e04309837be3,25,17,The squirrel had already made up its mind to leave the forest and start a new life.
conv_69b581c4f16c81978ea543ce298c8c600546e04309837be3,26,9,She said her goodbyes and went on her way.
conv_69b581c4f16c81978ea543ce298c8c600546e04309837be3,27,13,"As Nutty ventured beyond the familiar trees, she felt both nervous and excited."
conv_69b581c4f16c81978ea543ce298c8c600546e04309837be3,28,16,The outer forest promised new experiences and perhaps new friends who would appreciate her unique talents.
conv_69b581c4f16c81978ea543ce298c8c600546e04309837be3,29,18,"As she came to a stop, she saw two little ants sitting on a float in a river."
conv_69b581c4f16c81978ea543ce298c8c600546e04309837be3,30,22,"Nutty called out to them, trying to gain their attention, but their float was too far away for them to hear her."
conv_69b581c4f16c81978ea543ce298c8c600546e04309837be3,31,9,"Determined, Nutty carefully made her way to the riverbank."
conv_69b581c4f16c81978ea543ce298c8c600546e04309837be3,32,12,She found a fallen branch and used it to paddle herself closer.
conv_69b581c4f16c81978ea543ce298c8c600546e04309837be3,33,15,Once she reached the float she began excitedly telling the ants about her hat-making skills.
conv_69b581c4f16c81978ea543ce298c8c600546e04309837be3,34,8,What a waste! said one of the ants.
conv_69b581c4f16c81978ea543ce298c8c600546e04309837be3,35,22,What use do we have of your obscenely large hats in a world where we need to travel light and keep moving?
conv_69b581c4f16c81978ea543ce298c8c600546e04309837be3,36,14,"Disheartened by their bluntness but determined not to give up, Nutty decided to prove"
conv_6be7ed36-4c3e-4746-920a-dac8f9012262,0,10,"en ganske almindelig pige, hvis liv pludselig tog en drejning."
conv_6be7ed36-4c3e-4746-920a-dac8f9012262,1,23,"Hun levede et ganske almindeligt liv, hvor den ene dag tog den anden, og hvor hun aldrig ventede på noget uforudsigeligt at ske."
conv_6be7ed36-4c3e-4746-920a-dac8f9012262,2,17,"Men det var netop det, der skete en sommerdag, da hun fandt en mand ligge i vandkanten."
conv_6be7ed36-4c3e-4746-920a-dac8f9012262,3,9,Hun havde gået sin almindelige tur nede ved havet.
conv_6be7ed36-4c3e-4746-920a-dac8f9012262,4,8,Pludselig så hun ham ligge stille og kold.
conv_6be7ed36-4c3e-4746-920a-dac8f9012262,5,19,"Hun havde lyst til at vende sig om og løbe væk, men hun kunne ikke Overlad hende hans tilstand."
conv_6be7ed36-4c3e-4746-920a-dac8f9012262,6,18,Mod sin egen angst nærmede hun sig ham og stak hånden ud for at føle hans våde pande.
conv_6be7ed36-4c3e-4746-920a-dac8f9012262,7,11,Hun mærkede med det samme en forbindelse til den fremmede mand.
conv_6be7ed36-4c3e-4746-920a-dac8f9012262,8,16,"Hun ruskede let i ham, og med ét slog han øjnene op, og hun kiggede ind"
conv_6be7ed36-4c3e-4746-920a-dac8f9012262,9,5,"i hans dybe, mørke øjne."
conv_6be7ed36-4c3e-4746-920a-dac8f9012262,10,15,"Der var noget ualmindeligt ved ham, noget hun ikke kunne placere, men som fik h"
conv_6be7ed36-4c3e-4746-920a-dac8f9012262,11,8,Hun et stød af lynet blev hun bange.
conv_6be7ed36-4c3e-4746-920a-dac8f9012262,12,9,"Han sagde ""Maja, jeg har brug for din hjælp""."
conv_6be7ed36-4c3e-4746-920a-dac8f9012262,13,6,Hvordan kendte denne fremmede hendes navn?
conv_6be7ed36-4c3e-4746-920a-dac8f9012262,14,11,"""Hvem er du?"" hun spurgte, mens hendes hjerte hamrede i halsen."
conv_6be7ed36-4c3e-4746-920a-dac8f9012262,15,14,"Manden satte sig op, og hans ansigt lyste op af en under fuld lykke."
conv_6be7ed36-4c3e-4746-920a-dac8f9012262,16,9,"""Maja, mit navn er Severin, jeg er havets prins""."
conv_6be7ed36-4c3e-4746-920a-dac8f9012262,17,12,"Med et opdagede Maja, at Severin ikke havde ben, men en hale."
conv_6be7ed36-4c3e-4746-920a-dac8f9012262,18,8,Hun kunne ikke tro på sine egne øjne.
conv_6be7ed36-4c3e-4746-920a-dac8f9012262,19,17,"""Er du virkelig et havatur?"" spurgtedes hun, hende fuld af et mærkeligt blanding af frygt og længsel."
conv_6be7ed36-4c3e-4746-920a-dac8f9012262,20,8,"""Ja, og du er min længe ventede prinsesse."""
conv_6be7ed36-4c3e-4746-920a-dac8f9012262,21,13,Han greb fat i hendes arm og trak hende med ud i havet.
conv_6be7ed36-4c3e-4746-920a-dac8f9012262,22,8,Maja kunne ikke slippe fri af hans greb.
conv_6be7ed36-4c3e-4746-920a-dac8f9012262,23,10,"Vandet lukkede sig omkring dem, men hun kunne stadig ånde."
conv_6be7ed36-4c3e-4746-920a-dac8f9012262,24,9,"Lyset blev svagere, men hun følte en underlig ro."
conv_6be7ed36-4c3e-4746-920a-dac8f9012262,25,6,Severin ledte hende blidt gennem vandet.
conv_6be7ed36-4c3e-4746-920a-dac8f9012262,26,15,"Hun kiggede tilbage og så, at hendes ben var væk, og hun havde en hale."
conv_6be7ed36-4c3e-4746-920a-dac8f9012262,27,7,"Maja blev bange og råbte: ""Slip mig."""
conv_6be7ed36-4c3e-4746-920a-dac8f9012262,28,9,Men i stedet blev Severins ansigt endnu mere blidt.
conv_6be7ed36-4c3e-4746-920a-dac8f9012262,29,7,"""Du er sikker hos mig,"" sagde han."
conv_6be7ed36-4c3e-4746-920a-dac8f9012262,30,5,"""Jeg vil altid beskytte dig."""
conv_6be7ed36-4c3e-4746-920a-dac8f9012262,31,11,Maja fø lte alligevel en uro over Severin og vred sig.
conv_6be7ed36-4c3e-4746-920a-dac8f9012262,32,8,"Hans blik formørkedes og sagde tankefuldt ""Ikke igen""."
conv_6be7ed36-4c3e-4746-920a-dac8f9012262,33,11,"Maja forstod ingenting, men hun ville tilbage til sit almindelige liv."
conv_6be7ed36-4c3e-4746-920a-dac8f9012262,34,10,"Pludselig følte hun en kraftig svingning, og alt blev mørkt."
conv_6be7ed36-4c3e-4746-920a-dac8f9012262,35,11,"Da hun vågnede, lå hun på stranden og følte sig tom."
conv_6be7ed36-4c3e-4746-920a-dac8f9012262,36,6,Var det en drøm eller virkelighed?
conv_6be7ed36-4c3e-4746-920a-dac8f9012262,37,11,"Hun rejste sig og kiggede efter Severin, men hun var alene."
conv_6be7ed36-4c3e-4746-920a-dac8f9012262,38,31,"Hun begyndte at græde, for hvad skulle hun nu, hvem var hun nu? Det eneste hun vidste, var at noget havde ændret sig dybt indeni hende, og hun ville aldrig være"
conv_6c680e8e-2455-4bdf-b4cd-fe6c409f373a,0,2,my life.
conv_6c680e8e-2455-4bdf-b4cd-fe6c409f373a,1,11,I was born in a small rural town in the countryside.
conv_6c680e8e-2455-4bdf-b4cd-fe6c409f373a,2,11,"My parents were happy people, but they did not have much."
conv_6c680e8e-2455-4bdf-b4cd-fe6c409f373a,3,19,"They worked hard on our family farm, rising with the sun and often working until the stars came out."
conv_6c680e8e-2455-4bdf-b4cd-fe6c409f373a,4,38,"Despite the long days, they always made time for me and my sister to have bed-side story read to us from one of the many books that was left from my grand-dad when he died in the war."
conv_6c680e8e-2455-4bdf-b4cd-fe6c409f373a,5,29,"I knew nothing better than to get snuggled up under the covers, the warmth of the fire seeping through the walls, and listen to tales of adventure and heroism."
conv_6c680e8e-2455-4bdf-b4cd-fe6c409f373a,6,32,"Those stories were my escape, and I dreamt of all the seas I should sail and all the roads I should roam when I would grow up and leave the little town."
conv_6c680e8e-2455-4bdf-b4cd-fe6c409f373a,7,20,"In school the others found me a bit of a dreamer, always lost in thought or buried in a book."
conv_6c680e8e-2455-4bdf-b4cd-fe6c409f373a,8,30,"But there was one friend, a boy named Eli, who shared my love for stories and together we invented our own worlds wherein all kinds of fantastic stories would unfold."
conv_6c680e8e-2455-4bdf-b4cd-fe6c409f373a,9,20,"But although these stories would keep us dreaming, they could not shield us from the harsh realities of growing up."
conv_6c680e8e-2455-4bdf-b4cd-fe6c409f373a,10,26,"As the years passed, the farm struggled, and the town began to shrink as more and more people moved away in search of better opportunities ."
conv_6c680e8e-2455-4bdf-b4cd-fe6c409f373a,11,23,I also kept dreaming - of course - of escaping the little town and starting my explorations of the rest of the world.
conv_6c680e8e-2455-4bdf-b4cd-fe6c409f373a,12,22,"I knew that when I would finally leave, it wouldn't be easy, but the promise of adventure was too strong to resist."
conv_6c680e8e-2455-4bdf-b4cd-fe6c409f373a,13,23,The day came when I had to make a choice: stay and help my family or start my new life in another place.
conv_6c680e8e-2455-4bdf-b4cd-fe6c409f373a,14,27,A teacher who knew my interest and talent arranged that I was offered a chance to join a boarding school which would provide me with a scholarship.
conv_6c680e8e-2455-4bdf-b4cd-fe6c409f373a,15,16,"It was a difficult decision, filled with uncertainty and fear, but also a glimmer of hope."
conv_6c680e8e-2455-4bdf-b4cd-fe6c409f373a,16,18,"With a heavy heart, I bid farewell and got on the bus to travel to my new school."
conv_6c680e8e-2455-4bdf-b4cd-fe6c409f373a,17,23,I would be staying for two months before my first visit back home and then again a couple of times during the year.
conv_6c680e8e-2455-4bdf-b4cd-fe6c409f373a,18,24,"As the bus pulled away, I watched the familiar landscape fade into the distance, marking the beginning of a new chapter in my life."
conv_6c680e8e-2455-4bdf-b4cd-fe6c409f373a,19,22,The road was winding through the rural landscape and passing over the mountains to reach the larger city on the other side.
conv_6c680e8e-2455-4bdf-b4cd-fe6c409f373a,20,7,I had never been so far away.
conv_6c680e8e-2455-4bdf-b4cd-fe6c409f373a,21,10,"from home, and the journey itself felt like an adventure."
conv_6c680e8e-2455-4bdf-b4cd-fe6c409f373a,22,18,"The bus rattled and swayed, and I clutched my bag tightly, feeling a mix of excitement and fear."
conv_6c680e8e-2455-4bdf-b4cd-fe6c409f373a,23,18,What would it be like to start at the new school and would I find new good friends?
conv_6c680e8e-2455-4bdf-b4cd-fe6c409f373a,24,17,I told myself I would write to Eli every week and hoped he would do the same.
conv_6c680e8e-2455-4bdf-b4cd-fe6c409f373a,25,19,"As the bus finally rolled into the city, the towering buildings and bustling streets seemed both intimidating and exhilarating."
conv_6c680e8e-2455-4bdf-b4cd-fe6c409f373a,26,7,"I took a deep breath, ready to"
conv_72037685-9437-4960-b9a0-5f77d2a71e41,0,23,It was the first of December and I was singing along with all Christmas songs and was excited for the month to come.
conv_72037685-9437-4960-b9a0-5f77d2a71e41,1,15,"This December was going to be different from all the others, I could feel it."
conv_72037685-9437-4960-b9a0-5f77d2a71e41,2,37,"The snow had already started falling gently outside my window, casting a magical spell over the small town where I lived I was on my way to buying presents when I won a trip to Santa Claus."
conv_72037685-9437-4960-b9a0-5f77d2a71e41,3,50,"I was too old to believe he actually exists, but with this trip I received a strange letter with a ticket and instructions to meet a man in a red suit at the airport, claiming to be a personal invitation from the big man himself, which only could be him."
conv_72037685-9437-4960-b9a0-5f77d2a71e41,4,14,"We went outside the airport, and of course he wasn't going on a flight."
conv_72037685-9437-4960-b9a0-5f77d2a71e41,5,8,Rudolf and the other reindeer were out there.
conv_72037685-9437-4960-b9a0-5f77d2a71e41,6,22,"waiting for us, their shiny antlers and twinkling eyes a sight to behold, and with a jolly ""Ho ho ho, welcome aboard!"""
conv_72037685-9437-4960-b9a0-5f77d2a71e41,7,5,Santa Claus himself helped me
conv_72037685-9437-4960-b9a0-5f77d2a71e41,8,8,and then I was sitting in his cane.
conv_72037685-9437-4960-b9a0-5f77d2a71e41,9,1,Unbelievable.
conv_72037685-9437-4960-b9a0-5f77d2a71e41,10,17,"I could see my city from up there, and the lights from towns all over the world."
conv_72037685-9437-4960-b9a0-5f77d2a71e41,11,37,"It was breathtakingly beautiful, a kaleidoscope of colors and lights that seemed to stretch on forever, and as we soared higher, the sound of sleigh bells and Santa asked me if I have been good this year."
conv_72037685-9437-4960-b9a0-5f77d2a71e41,12,20,"I smiled, thinking of all the times I have been asked that exact question in malls when I was small."
conv_72037685-9437-4960-b9a0-5f77d2a71e41,13,99,"child, but this time, the question felt different, more genuine, and I found myself reflecting on my actions over the past year, wondering if I had truly been good, But Santa could see all of my anxiousness, and with his calm mind, he smiled and said that he knows how we are all trying our best and explained to me that it's not about being perfect, but about the intention and effort we put into being kind, helping others, and spreading love and joy, and with that, he said to me, that we have now arrived at his home."
conv_72037685-9437-4960-b9a0-5f77d2a71e41,14,48,"I felt this being both the fastest and most flying, I have ever experienced, and as the sleigh gently touched down on a snow-covered rooftop, I caught my first glimpse of the North Pole, a winter wonderland filled with sparkling lights It was as in every Christmas song."
conv_72037685-9437-4960-b9a0-5f77d2a71e41,15,12,The snow was in a thick layer but the weather was windless
conv_72037685-9437-4960-b9a0-5f77d2a71e41,16,7,and I could see a big house.
conv_72037685-9437-4960-b9a0-5f77d2a71e41,17,40,"with smoke drifting lazily from the chimney, and the sound of laughter and caroling carrying through the crisp air, as Santa led me towards the front door, which swung open and I felt like being part of a Christmas movie."
conv_72037685-9437-4960-b9a0-5f77d2a71e41,18,48,"His house was warm and I was having hot chocolate before we went to see the elves at work, busy building toys and preparing for the big night ahead, their faces filled with joy and determination as they worked tirelessly to bring happiness to children all around the"
conv_73564d95-9f66-42db-a2c0-fed78090bac2,0,1,Julia.
conv_73564d95-9f66-42db-a2c0-fed78090bac2,1,12,"She is a smart girl, who is top of her university class."
conv_73564d95-9f66-42db-a2c0-fed78090bac2,2,35,"What people don't know about her is that she leads a secret life as a skilled hacker, using her exceptional coding skills to uncover hidden truths and bring justice to those who have been wronged."
conv_73564d95-9f66-42db-a2c0-fed78090bac2,3,48,"By day, she attends engineering classes, studying to become an astronaut, by night, she is up till the late hours, using the coding skills she learned from her father, a former hacker himself, to infiltrate the systems of corrupt corporations and governments, exposing their deepest secrets and lies."
conv_73564d95-9f66-42db-a2c0-fed78090bac2,4,9,Her latest target was the powerful nation of Canada.
conv_73564d95-9f66-42db-a2c0-fed78090bac2,5,38,"While they portray a squeaky clean image as the nice neighbours of the US, their government is involved in a web of deceit and corruption, with ties to large oil companies and a history of suppressing indigenous rights."
conv_73564d95-9f66-42db-a2c0-fed78090bac2,6,20,Julia had been tracking a particularly suspicious pattern of transactions between the Canadian Minister of Finance and a terrorist group.
conv_73564d95-9f66-42db-a2c0-fed78090bac2,7,35,"She found receipts that they were working together, planning an attack on the world trade centers in New York City, a devastating plot that would kill thousands of innocent people and destabilize the global economy."
conv_73564d95-9f66-42db-a2c0-fed78090bac2,8,34,"Julia knew she had to act fast, but she was also aware that taking any hasty or impulsive moves from her could potentially lead to Canada finding out that she is onto their ploy."
conv_73564d95-9f66-42db-a2c0-fed78090bac2,9,22,"She wants to make sure that the entire government is held accountable for their actions, and not just the Minister of Finance."
conv_73564d95-9f66-42db-a2c0-fed78090bac2,10,27,"She decides to gather more evidence, carefully digging deeper into the digital trail, following a money laundering scheme that is linked to the attack on New York."
conv_73564d95-9f66-42db-a2c0-fed78090bac2,11,33,"By laundering money, the Canadian government can finance the mission and employ the terrorists, without drawing suspicion to themselves, making it seem like the attack is the work of a rogue terrorist group."
conv_73564d95-9f66-42db-a2c0-fed78090bac2,12,73,"But Julia is getting close to uncovering the truth, and she knows that she'll be able to pin this on them when she is done collecting the last evidence needed from a meeting that is set to take place in a heavily guarded, luxury hotel on the outskirts of Toronto, where the Minister of Finance will be meeting with the leader of the terrorist group, to finalize the plans for the terrorist attack."
conv_73564d95-9f66-42db-a2c0-fed78090bac2,13,17,"She had planned to keep this on the down low, by just informing the US national security."
conv_73564d95-9f66-42db-a2c0-fed78090bac2,14,40,"However, she has been toying with the idea of going public with the information, to expose the Canadian government's corruption and bring about a global outcry, but she knows that doing so would put her own life at risk ."
conv_73564d95-9f66-42db-a2c0-fed78090bac2,15,16,"If anyone was to link all the evidence back to her, she would risk exposing herself."
conv_73564d95-9f66-42db-a2c0-fed78090bac2,16,9,Say she overlooked one of the participants in this.
conv_73564d95-9f66-42db-a2c0-fed78090bac2,17,31,"meeting, a trusted ally of the Minister, who had been secretly working with a rogue agent within the US national security, someone who had been feeding them information about Julia's activities"
conv_7511f98b-bb77-4bdc-926f-c26121dc147b,0,8,a lighthouse keeper who forgot how to count.
conv_7511f98b-bb77-4bdc-926f-c26121dc147b,1,13,Meredith had kept the Crane Point Light for seventeen years—or was it eighteen?
conv_7511f98b-bb77-4bdc-926f-c26121dc147b,2,9,Time seemed to slip through her fingers like sand.
conv_7511f98b-bb77-4bdc-926f-c26121dc147b,3,4,Her palms were itching.
conv_7511f98b-bb77-4bdc-926f-c26121dc147b,4,15,"She hated the way sand felt on her skin, so she kept her shoes on."
conv_7511f98b-bb77-4bdc-926f-c26121dc147b,5,18,"even indoors, the leather boots laced tight against the gritty invasion that crept beneath every door and windowsill."
conv_7511f98b-bb77-4bdc-926f-c26121dc147b,6,9,The logbook lay open on her small pine desk.
conv_7511f98b-bb77-4bdc-926f-c26121dc147b,7,16,"It wasn't a pretty desk, the salty air had discolored the wood, but she liked it."
conv_7511f98b-bb77-4bdc-926f-c26121dc147b,8,20,"It reminded her of the woods, and of the cabin where her father had taught her to read by candlelight."
conv_7511f98b-bb77-4bdc-926f-c26121dc147b,9,15,"He'd traced letters into sawdust with his thick carpenter's fingers, making words appear like magic."
conv_7511f98b-bb77-4bdc-926f-c26121dc147b,10,8,She was lucky to know how to read.
conv_7511f98b-bb77-4bdc-926f-c26121dc147b,11,9,There wasn't much else to do while on duty.
conv_7511f98b-bb77-4bdc-926f-c26121dc147b,12,11,She hoped to receive some more books in the next shipment.
conv_7511f98b-bb77-4bdc-926f-c26121dc147b,13,29,"Her collection had dwindled to three volumes—a water-damaged almanac from 1891, a book of poems with the last twenty pages missing, and a novel about a king of old."
conv_7511f98b-bb77-4bdc-926f-c26121dc147b,14,23,"She had opened it many times, and looked at the illustration on the first page, but she had never tried to read it."
conv_7511f98b-bb77-4bdc-926f-c26121dc147b,15,34,"The story's beginning frightened her somehow—the way the king stood alone on a cliff, his crown tilted askew, staring down at waves that looked too much like the ones crashing into the banks here."
conv_7511f98b-bb77-4bdc-926f-c26121dc147b,16,13,"The longer she stared at the drawing, the more it drew her in."
conv_7511f98b-bb77-4bdc-926f-c26121dc147b,17,27,"She had once looked at it for so long, she had forgotten to wind the lighthouse mechanism, and the beam had gone dark for nearly an hour."
conv_7511f98b-bb77-4bdc-926f-c26121dc147b,18,17,"When she'd finally torn her eyes away, her vision swam with afterimages that took days to dissipate."
conv_7511f98b-bb77-4bdc-926f-c26121dc147b,19,23,"Ever since then, just thinking about the book made her lose track of time, then she had to check the logbook to remind."
conv_7511f98b-bb77-4bdc-926f-c26121dc147b,20,5,herself what day it was.
conv_7511f98b-bb77-4bdc-926f-c26121dc147b,21,21,"But the logbook had become unreliable too—whole weeks appeared twice, dates jumped backward, and her own handwriting looked unfamiliar and wrong."
conv_7511f98b-bb77-4bdc-926f-c26121dc147b,22,15,"Thinking about it made her dizzy, so she sat down and tried to orient herself."
conv_7511f98b-bb77-4bdc-926f-c26121dc147b,23,5,What date was it today?
conv_7511f98b-bb77-4bdc-926f-c26121dc147b,24,12,"She wrote ""November 14 1910"" on a scrap of paper, then paused."
conv_7511f98b-bb77-4bdc-926f-c26121dc147b,25,6,Had she already lived this day?
conv_7511f98b-bb77-4bdc-926f-c26121dc147b,26,11,The ink seemed to shimmer and rearrange itself as she watched.
conv_7511f98b-bb77-4bdc-926f-c26121dc147b,27,5,"Outside, the seagulls were screeching."
conv_7511f98b-bb77-4bdc-926f-c26121dc147b,28,4,They sounded like banshees.
conv_7511f98b-bb77-4bdc-926f-c26121dc147b,29,3,She looked outside.
conv_7511f98b-bb77-4bdc-926f-c26121dc147b,30,11,"The sea was getting unruly, and storm clouds were gathering above."
conv_7511f98b-bb77-4bdc-926f-c26121dc147b,31,15,She needed to check the lamp oil and secure the shutters before the weather turned.
conv_7511f98b-bb77-4bdc-926f-c26121dc147b,32,11,"Meredith stood, her boots scraping against the gritty floor, and clim"
conv_7e08bac1-7465-447d-a732-40dad23fa383,0,10,"Once upon a time, there was a girl named Mia."
conv_7e08bac1-7465-447d-a732-40dad23fa383,1,39,"She loved playing in the woods with her two best friends Laura and Emily, who lived in the same small village surrounded by the dense and mysterious woods that had been the source of countless adventures for the trio."
conv_7e08bac1-7465-447d-a732-40dad23fa383,2,23,"The woods were filled with ancient trees and numerous amounts of different animals, ranging from the smallest of ants to the largest elephant."
conv_7e08bac1-7465-447d-a732-40dad23fa383,3,5,Mia loved finding new creatures.
conv_7e08bac1-7465-447d-a732-40dad23fa383,4,202,"and learning about their habits and habitats, often spending hours observing and taking notes in her worn leather journal, which was filled with sketches and stories of her encounters with the fascinating creatures but one day she stumbled upon a creature she had never seen before, it was large and it looked her right in the eyes, showing off its razor sharp teeth, and for a moment, Mia was frozen in fear, unsure of what to do, but as she looked deeper into the creature's eyes, she saw something unexpected she saw a person, trapped in the creature's eyes, but when she blinked the creature and along with it the person had vanished, leaving Mia wondering if she had imagined the whole encounter, but as she stood there, trying to process what had just happened, she heard a faint whisper in her ear ""Follow the leaves,"" she looked up at the almost naked trees, the leaves had all fallen off a few weeks ago when the first winter frost had hit the village, but as she gazed down at the ground, she noticed that a trail of leaves had somehow reappeared, crunching softly beneath her feet as she began to follow it."
conv_7e08bac1-7465-447d-a732-40dad23fa383,5,21,"She walked for what felt like forever, deeper and deeper into the mysterious forest, to places she had never been to."
conv_7e08bac1-7465-447d-a732-40dad23fa383,6,46,"before, the trees growing taller and the path growing narrower, until she came to a massive oak tree, its trunk twisted and gnarled with age, and at its base there was a hole, too big for a rabbit, but now quite large enough for a bear."
conv_7e08bac1-7465-447d-a732-40dad23fa383,7,143,"but just the right size for Mia to go through, and as she peered into the darkness, she felt an inexplicable pull, as if something was calling to her, drawing her closer to the edge of the hole on one side she could hear her mom scolding her for going so far, and getting all dirty before supper, but the pull and thought of the large creature and the person trapped in its eyes, and the mysterious voice whispering ""follow the leaves"" was stronger, and with a sense of trepidation and wonder, Mia went into the hole, the second she was fully inside the hole, all light disappeared and she heard a chilling sound, much like a low, mournful howl, that sent shivers down her spine, and as she stood there, frozen in fear, the sound began to take shape, forming into a"
conv_829c6d96-30f0-495e-9684-ca934b06e90a,0,6,"two unlikely friends, Lila and Finn."
conv_829c6d96-30f0-495e-9684-ca934b06e90a,1,38,"Lila, a young girl with a wild imagination, and Finn, a wise old oak tree that had branches as thick as Lila's father's waist and as many critters living in it as Lila had hairs on her head."
conv_829c6d96-30f0-495e-9684-ca934b06e90a,2,25,"At first, the wise old oak tree seemed threatening to Lila, but one sunny afternoon, she decided to explore its vast trunk and sprawling branches."
conv_829c6d96-30f0-495e-9684-ca934b06e90a,3,23,"As she climbed, she whispered, ""Hello, Mr. Oak, can we talk,"" but all she heard was a faint echo of her own voice."
conv_829c6d96-30f0-495e-9684-ca934b06e90a,4,21,Soon enough she encountered a hole in the tree and inside it was a small owl with all its feathers snow.
conv_829c6d96-30f0-495e-9684-ca934b06e90a,5,8,white and eyes as bright as the moon.
conv_829c6d96-30f0-495e-9684-ca934b06e90a,6,14,"The owl blinked slowly, looking at Lila with a curious tilt of its head."
conv_829c6d96-30f0-495e-9684-ca934b06e90a,7,18,"""I didn’t expect to find a friend so majestic and so extraordinary,"" said Lila, excited about her discovery."
conv_829c6d96-30f0-495e-9684-ca934b06e90a,8,19,"But the owl was scared of Lila, for he was a human after all, and it flew away screaming."
conv_829c6d96-30f0-495e-9684-ca934b06e90a,9,7,into the deeper parts of the tree.
conv_829c6d96-30f0-495e-9684-ca934b06e90a,10,19,"Lila, feeling a pang of regret, gently called out, ""I won’t hurt you, I just want to be friends."""
conv_829c6d96-30f0-495e-9684-ca934b06e90a,11,19,"Disappointed but not discouraged, she climbed further up, and saw two tiny tits tattling on about some forest gossip."
conv_829c6d96-30f0-495e-9684-ca934b06e90a,12,9,"She asked, ""Pretty birds, will you be my friend?"""
conv_829c6d96-30f0-495e-9684-ca934b06e90a,13,14,"The tiny tits paused their chatter and fluttered over to her, inspecting her curiously."
conv_829c6d96-30f0-495e-9684-ca934b06e90a,14,13,"""We haven’t seen many humans climb this high,"" one of them remarked, intrigued."
conv_829c6d96-30f0-495e-9684-ca934b06e90a,15,34,"""Say, little girl, why do you seek a friend in us birds, so high up on a tree, when your kind dwells below on the ground,"" asked one of the tits, tilting its head."
conv_829c6d96-30f0-495e-9684-ca934b06e90a,16,7,"Lila smiled, her eyes sparkling with determination."
conv_829c6d96-30f0-495e-9684-ca934b06e90a,17,32,"""Because up here, among the branches and the leaves, I feel closer to the Lord and Saviour Jesus Christ,"" she admitted proudly, almost confidently enough for the birds to believe her fib."
conv_829c6d96-30f0-495e-9684-ca934b06e90a,18,7,"They continued to circle her, examining her."
conv_829c6d96-30f0-495e-9684-ca934b06e90a,19,5,with their sharp little eyes.
conv_829c6d96-30f0-495e-9684-ca934b06e90a,20,20,"""Well, if you’re seeking a friend, perhaps we can help you find the owl again,"" offered one of the tits."
conv_829c6d96-30f0-495e-9684-ca934b06e90a,21,8,"""He might know someone down in your town."""
conv_829c6d96-30f0-495e-9684-ca934b06e90a,22,16,"The girl protested, ""If I wanted a human friend, I wouldn't have climbed up this tree!"
conv_829c6d96-30f0-495e-9684-ca934b06e90a,23,9,"Say, why don't you want to be my friend?"""
conv_829c6d96-30f0-495e-9684-ca934b06e90a,24,16,"The tits exchanged a glance, then one of them chirped, ""Alright, we’ll give you a chance."
conv_829c6d96-30f0-495e-9684-ca934b06e90a,25,14,"But first, you must help us with a task only a human can perform."
conv_829c6d96-30f0-495e-9684-ca934b06e90a,26,19,"Would you destroy your town's silo so that we may have feed for the winter?"" asked the tits slyly."
conv_829c6d96-30f0-495e-9684-ca934b06e90a,27,12,"The girl, shocked by their audacity, replied firmly, ""I can’t do that."
conv_829c6d96-30f0-495e-9684-ca934b06e90a,28,8,My friends and family need that food too.
conv_829c6d96-30f0-495e-9684-ca934b06e90a,29,10,"But I promise, I’ll find another way to help you."""
conv_829c6d96-30f0-495e-9684-ca934b06e90a,30,2,The tits
conv_82f7be76-f1f7-447b-b77d-2fa8134ebfed,0,10,a lighthouse keeper who forgot how to see the dark.
conv_82f7be76-f1f7-447b-b77d-2fa8134ebfed,1,42,"Her name was Maren, and she had tended the Corsair Point Light for the past ten years, Her eyes followed the light beam, as it circled around the top of the tower, trying to see what lay beyond the churning black waters."
conv_82f7be76-f1f7-447b-b77d-2fa8134ebfed,2,5,But tonight something was different.
conv_82f7be76-f1f7-447b-b77d-2fa8134ebfed,3,15,The beam caught on something—a flicker of movement where there should be only empty horizon.
conv_82f7be76-f1f7-447b-b77d-2fa8134ebfed,4,25,"Maren squinted her eyes, trying to make out the silhouette of what was moving in the distance, each time the light shined on the figure."
conv_82f7be76-f1f7-447b-b77d-2fa8134ebfed,5,5,Was it a fishing boat?
conv_82f7be76-f1f7-447b-b77d-2fa8134ebfed,6,12,"No—fishing boats sat low in the water, their shapes familiar and honest."
conv_82f7be76-f1f7-447b-b77d-2fa8134ebfed,7,12,"This thing rose tall, impossibly tall, like a mast without a ship."
conv_82f7be76-f1f7-447b-b77d-2fa8134ebfed,8,13,"After trying to identify it for far too long, Maren eventually gave up."
conv_82f7be76-f1f7-447b-b77d-2fa8134ebfed,9,6,She had no reason to care.
conv_82f7be76-f1f7-447b-b77d-2fa8134ebfed,10,11,"It was making its way past the lighthouse, as it should."
conv_82f7be76-f1f7-447b-b77d-2fa8134ebfed,11,16,"All she needed to do was keep the light turning, keep it burning through until dawn."
conv_82f7be76-f1f7-447b-b77d-2fa8134ebfed,12,4,That was the job.
conv_82f7be76-f1f7-447b-b77d-2fa8134ebfed,13,6,That had always been the job.
conv_82f7be76-f1f7-447b-b77d-2fa8134ebfed,14,16,But as she turned back she could not help but wonder if it had gotten taller.
conv_82f7be76-f1f7-447b-b77d-2fa8134ebfed,15,4,Had it changed directions?
conv_82f7be76-f1f7-447b-b77d-2fa8134ebfed,16,9,Was it starting to move straight for the lighthouse?
conv_82f7be76-f1f7-447b-b77d-2fa8134ebfed,17,5,"Or worse, the rocks below?"
conv_82f7be76-f1f7-447b-b77d-2fa8134ebfed,18,7,Maren's hand froze on the brass railing.
conv_82f7be76-f1f7-447b-b77d-2fa8134ebfed,19,10,"The beam swept around again, and yes—the silhouette had shifted."
conv_82f7be76-f1f7-447b-b77d-2fa8134ebfed,20,8,It was closer and it was coming fast.
conv_82f7be76-f1f7-447b-b77d-2fa8134ebfed,21,11,"She sprinted inside the lighthouse, and stopped the light from spinning."
conv_82f7be76-f1f7-447b-b77d-2fa8134ebfed,22,17,"She aimed it at the shape, hoping to wake up whoever must be sleeping at the helm."
conv_82f7be76-f1f7-447b-b77d-2fa8134ebfed,23,12,The steady beam illuminated what should have been a vessel in distress.
conv_82f7be76-f1f7-447b-b77d-2fa8134ebfed,24,5,But there was no hull.
conv_82f7be76-f1f7-447b-b77d-2fa8134ebfed,25,2,No deck.
conv_82f7be76-f1f7-447b-b77d-2fa8134ebfed,26,2,No sail.
conv_82f7be76-f1f7-447b-b77d-2fa8134ebfed,27,9,"Just a tall, thin shape, coming closer and closer."
conv_82f7be76-f1f7-447b-b77d-2fa8134ebfed,28,16,"It had no windows for light to shine through, and there was no sign of people."
conv_82f7be76-f1f7-447b-b77d-2fa8134ebfed,29,20,"It was not made of wood or metal, but something that seemed to drink the light rather than reflect it."
conv_82f7be76-f1f7-447b-b77d-2fa8134ebfed,30,24,"Maren's breath caught in her throat as the beam held steady, and she realized with creeping horror that it had almost reached the shore."
conv_82f7be76-f1f7-447b-b77d-2fa8134ebfed,31,14,"She had no way of saving the lighthouse, she just needed to leave, NOW."
conv_82f7be76-f1f7-447b-b77d-2fa8134ebfed,32,16,"She grabbed her keys and bolted down the stairs, her boots clanging against the iron steps."
conv_82f7be76-f1f7-447b-b77d-2fa8134ebfed,33,11,"Behind her, the light—her light—flickered once, twice, then went dark entirely."
conv_82f7be76-f1f7-447b-b77d-2fa8134ebfed,34,10,"She burst through the door, and jumped into her car."
conv_82f7be76-f1f7-447b-b77d-2fa8134ebfed,35,21,"When she looked back up at the lighthouse, she saw the tall shape towering over the building, still without a shimmer."
conv_82f7be76-f1f7-447b-b77d-2fa8134ebfed,36,2,of reflection.
conv_82f7be76-f1f7-447b-b77d-2fa8134ebfed,37,12,"It stood motionless now, as if considering the lighthouse—or perhaps considering her."
conv_82f7be76-f1f7-447b-b77d-2fa8134ebfed,38,8,Maren's hands shook as she jammed the key
conv_837faa43-c6e5-4221-9368-e8076f56d5fb,0,13,a lighthouse keeper who discovered that stars weren't what everyone thought they were.
conv_837faa43-c6e5-4221-9368-e8076f56d5fb,1,22,Magnus had tended the Thornwick Light for thirty-seven years but never had he seen stars the way he saw them that night.
conv_837faa43-c6e5-4221-9368-e8076f56d5fb,2,6,The night started as any other.
conv_837faa43-c6e5-4221-9368-e8076f56d5fb,3,22,"He went to light the lamp at dusk, climbing the worn spiral stairs with the familiar creak of iron beneath his boots."
conv_837faa43-c6e5-4221-9368-e8076f56d5fb,4,31,"The Atlantic stretched endless and dark beyond the rocks, and he trimme d his beard looking in the little chipped mirror that he always used to get ready for the ritual."
conv_837faa43-c6e5-4221-9368-e8076f56d5fb,5,29,"The glass was old, fogged at the edges, and tonight it seemed to catch the fading light strangely—holding it a moment too long, as if reluctant to let go."
conv_837faa43-c6e5-4221-9368-e8076f56d5fb,6,11,There was something weird about the light too: it was greenish.
conv_837faa43-c6e5-4221-9368-e8076f56d5fb,7,5,Eerie one could call it.
conv_837faa43-c6e5-4221-9368-e8076f56d5fb,8,18,"Magnus wasn't superstitious by nature, but the hairs on his neck prickled as he turned from the mirror."
conv_837faa43-c6e5-4221-9368-e8076f56d5fb,9,21,"He lit the lamp as always, adjusted the lens, an d then went out on the balcony to look for boats."
conv_837faa43-c6e5-4221-9368-e8076f56d5fb,10,20,And then he saw it: the green light shimmering across the water wasn't a reflection from the lighthouse at all.
conv_837faa43-c6e5-4221-9368-e8076f56d5fb,11,8,"It pulsed from above, from the stars themselves."
conv_837faa43-c6e5-4221-9368-e8076f56d5fb,12,24,"Magnus gripped the iron railing, his weather beaten hat falling from his head and into the darkness below, as he almost lost his balance."
conv_837faa43-c6e5-4221-9368-e8076f56d5fb,13,7,"What was this magic, this impossible sight?"
conv_837faa43-c6e5-4221-9368-e8076f56d5fb,14,16,"The stars were descending—not falling like meteors, but lowering themselves deliberately, as if on invisible strings."
conv_837faa43-c6e5-4221-9368-e8076f56d5fb,15,21,"And as they drew closer to the lighthouse, they started singing: soft, glowing voices like those of whales or faraway winds."
conv_837faa43-c6e5-4221-9368-e8076f56d5fb,16,13,"Their green light bathed everything—the rocks, the waves, even Magnus's own trembling hands."
conv_837faa43-c6e5-4221-9368-e8076f56d5fb,17,15,"He realized then what they truly were: not distant suns at all, but living creatures."
conv_837faa43-c6e5-4221-9368-e8076f56d5fb,18,14,"Like whales, like the waves, like himself, they were in movement, alive somehow, unpredictable."
conv_837faa43-c6e5-4221-9368-e8076f56d5fb,19,17,"He could see them breathing now, their light expanding and contracting in rhythm with that strange song."
conv_837faa43-c6e5-4221-9368-e8076f56d5fb,20,13,"One descended close enough that Magnus could make out its form—translucent, vast magnificent."
conv_837faa43-c6e5-4221-9368-e8076f56d5fb,21,3,It was time.
conv_837faa43-c6e5-4221-9368-e8076f56d5fb,22,13,He reached out his hand and touched the pulsating skin of the star.
conv_837faa43-c6e5-4221-9368-e8076f56d5fb,23,26,"And for one moment, Magnus understood everything—every question he'd ever asked in the lonely hours of night watch, every wonder about what lay beyond the horizon."
conv_837faa43-c6e5-4221-9368-e8076f56d5fb,24,4,The star's warmth flo
conv_8ab6fccf-2cc1-40bb-8378-5b469fb220eb,0,14,"two unlikely friends, a bold rabbit named Lumi and a cautious fox named Zephyr."
conv_8ab6fccf-2cc1-40bb-8378-5b469fb220eb,1,11,They lived in the sprawling meadows and dense forests of Springwood.
conv_8ab6fccf-2cc1-40bb-8378-5b469fb220eb,2,27,"Lumi had always looked up to the foxes, and thought he struck gold when he befriended Zephyr, although he quickly learned he wasn't like the other foxes."
conv_8ab6fccf-2cc1-40bb-8378-5b469fb220eb,3,12,"Zephyr was more reserved and thoughtful, often lost in his own thoughts."
conv_8ab6fccf-2cc1-40bb-8378-5b469fb220eb,4,13,"Despite their differences, they found a common ground in their love for adventure."
conv_8ab6fccf-2cc1-40bb-8378-5b469fb220eb,5,16,"Lumi would plan the most dangerous heists, while Zephyr tried to talk him out of it."
conv_8ab6fccf-2cc1-40bb-8378-5b469fb220eb,6,18,"One day, however, Zephyr told Lumi about a heist, but it wasn't one that he would typically suggest."
conv_8ab6fccf-2cc1-40bb-8378-5b469fb220eb,7,18,"It involved sneaking into the old abandoned mansion on the hill, where legend said a treasure lay hidden."
conv_8ab6fccf-2cc1-40bb-8378-5b469fb220eb,8,9,Zephyr had heard whispers of the mansion’s hidden vault.
conv_8ab6fccf-2cc1-40bb-8378-5b469fb220eb,9,3,Lumi immediately agreed.
conv_8ab6fccf-2cc1-40bb-8378-5b469fb220eb,10,24,"Little did he know Zephyr was being forced to lure him away from the rabbits, knowing Lumi was the only one able to stop."
conv_8ab6fccf-2cc1-40bb-8378-5b469fb220eb,11,7,the upcoming danger that threatened their home.
conv_8ab6fccf-2cc1-40bb-8378-5b469fb220eb,12,17,"The young rabbit, though excited, sensed something was off but couldn’t quite put his paw on it."
conv_8ab6fccf-2cc1-40bb-8378-5b469fb220eb,13,29,"As they approached the mansion, Zephyr seemed nervous, more so than he used to, but as they entered the mansion they quickly discovered, the whispers were nothing but myths."
conv_8ab6fccf-2cc1-40bb-8378-5b469fb220eb,14,15,"Zephyr still wanted to press on, insisting that the treasure must be hidden deeper within."
conv_8ab6fccf-2cc1-40bb-8378-5b469fb220eb,15,24,"Lumi, despite his doubts, trusted his friend and followed, the dim light of their lanterns casting hours passed but still no hints of treasures."
conv_8ab6fccf-2cc1-40bb-8378-5b469fb220eb,16,17,"Lumi finally forced Zephyr to go home with him, but what awaited was a scene of chaos."
conv_8ab6fccf-2cc1-40bb-8378-5b469fb220eb,17,20,"Their tranquil meadow was in turmoil, rabbits scurrying in panic and the forest animals gathering in a hushed, urgent circle."
conv_8ab6fccf-2cc1-40bb-8378-5b469fb220eb,18,13,"Something grave had hit the forest, and taken half the populations with it."
conv_8ab6fccf-2cc1-40bb-8378-5b469fb220eb,19,7,zephyr fell to his knees in anguish.
conv_8ab6fccf-2cc1-40bb-8378-5b469fb220eb,20,19,"He began wailing ""it's all my fault"" expressed between tears Lumi, shocked and confused, tried to comfort his friend."
conv_8ab6fccf-2cc1-40bb-8378-5b469fb220eb,21,8,"""Zephyr, what do you mean it’s your fault?"
conv_8ab6fccf-2cc1-40bb-8378-5b469fb220eb,22,3,"What happened here?"""
conv_8ab6fccf-2cc1-40bb-8378-5b469fb220eb,23,11,"Zephyr, told, how he had been tortured by the other foxes."
conv_8ab6fccf-2cc1-40bb-8378-5b469fb220eb,24,28,"Only being let go if he promised to keep limi away from the forest for a couple hours that, he didn't know the true cost of his agreement."
conv_8ab6fccf-2cc1-40bb-8378-5b469fb220eb,25,21,"The other foxes, allied with a group of ruthless wolves, had launched an attack on the forest while they were gone."
conv_8ab6fccf-2cc1-40bb-8378-5b469fb220eb,26,13,"Zephyr was beside himself with shame, but Limi wouldn't just let this happen."
conv_8ab6fccf-2cc1-40bb-8378-5b469fb220eb,27,16,They needed to come up with the greatest heist they had ever planned to get back.
conv_8ab6fccf-2cc1-40bb-8378-5b469fb220eb,28,3,what was lost.
conv_8ab6fccf-2cc1-40bb-8378-5b469fb220eb,29,7,Lumi’s eyes sparkled with a fierce determination.
conv_8ab6fccf-2cc1-40bb-8378-5b469fb220eb,30,4,"""We’ll show them, Zephyr."
conv_8ab6fccf-2cc1-40bb-8378-5b469fb220eb,31,7,"We’ll get our home back, and we’ll"
conv_8fd2ac26-a13c-4e85-b8ac-5f13e246b640,0,9,a small little woman who is quite the artist.
conv_8fd2ac26-a13c-4e85-b8ac-5f13e246b640,1,22,"She can paint the most beautiful landscapes with her tongue, but she can't quite bring herself to use traditional paints and brushes."
conv_8fd2ac26-a13c-4e85-b8ac-5f13e246b640,2,18,"Her medium of choice is the kitchen, where she crafts intricate designs using spices, fruits, and even vegetables."
conv_8fd2ac26-a13c-4e85-b8ac-5f13e246b640,3,4,Her art is inspiring.
conv_8fd2ac26-a13c-4e85-b8ac-5f13e246b640,4,5,Her cooking is even more.
conv_8fd2ac26-a13c-4e85-b8ac-5f13e246b640,5,30,She knows exactly where to find the best fruits and vegetables in the forest and how to use them to create dishes that are not only delicious but also nourishing.
conv_8fd2ac26-a13c-4e85-b8ac-5f13e246b640,6,21,"People from nearby villages often come to her small cottage, seeking her culinary wisdom and the healing properties of her tongue."
conv_8fd2ac26-a13c-4e85-b8ac-5f13e246b640,7,12,She can with a single lick heal wounds and even broken bones.
conv_8fd2ac26-a13c-4e85-b8ac-5f13e246b640,8,17,She was not born with these healing abilities nor was she always a resident of the forest.
conv_8fd2ac26-a13c-4e85-b8ac-5f13e246b640,9,21,"Years ago, she stumbled upon an ancient book hidden deep within the woods, its pages filled with forgotten recipes and remedies."
conv_8fd2ac26-a13c-4e85-b8ac-5f13e246b640,10,18,As she experimented with different techniques she found out that it worked best when she used her tongue.
conv_8fd2ac26-a13c-4e85-b8ac-5f13e246b640,11,19,"On day a young boy from the village arrived at her door, his leg badly injured from a fall."
conv_8fd2ac26-a13c-4e85-b8ac-5f13e246b640,12,17,"With nothing else to try, she gently licked the wound, and to everyone’s surprise the wound healed."
conv_8fd2ac26-a13c-4e85-b8ac-5f13e246b640,13,3,People were flabbergasted.
conv_8fd2ac26-a13c-4e85-b8ac-5f13e246b640,14,11,The little woman smiled with young boys' blood on her teeth.
conv_8fd2ac26-a13c-4e85-b8ac-5f13e246b640,15,9,word of her miraculous healing spread far and wide.
conv_8fd2ac26-a13c-4e85-b8ac-5f13e246b640,16,16,"Despite the initial shock, people began to see her as a guardian angel of the forest."
conv_8fd2ac26-a13c-4e85-b8ac-5f13e246b640,17,8,Her small cottage became a place of miracles.
conv_8fd2ac26-a13c-4e85-b8ac-5f13e246b640,18,9,But the little woman missed painting with her tongue.
conv_8fd2ac26-a13c-4e85-b8ac-5f13e246b640,19,23,"She loved spending time alone in the forest painting the leaves and flowers with vibrant colors, leaving trails of beauty wherever she went."
conv_8fd2ac26-a13c-4e85-b8ac-5f13e246b640,20,15,"It was her secret joy, a way to connect with nature on a deeper level."
conv_8fd2ac26-a13c-4e85-b8ac-5f13e246b640,21,21,As the time passed she got so popular for her healing powers that she didn't get a single moment for herself.
conv_8fd2ac26-a13c-4e85-b8ac-5f13e246b640,22,24,She just wanted to feel the soft brush of the forest floor under her feet and the quiet hum of the forest around her.
conv_8fd2ac26-a13c-4e85-b8ac-5f13e246b640,23,22,"One day, she decided to take a walk deep into the woods, leaving a note on the door that said: 'I'M DEAD!'."
conv_8fd2ac26-a13c-4e85-b8ac-5f13e246b640,24,12,She had taken some paint with her and a warm green coat.
conv_8fd2ac26-a13c-4e85-b8ac-5f13e246b640,25,18,"She found a tree stump deep in the forest and sat down, feeling the cool moss beneath her."
conv_8fd2ac26-a13c-4e85-b8ac-5f13e246b640,26,23,"With her paint and tongue, she began to create a masterpiece on the bark of the trees around her, blending her from everyone."
conv_8fd2ac26-a13c-4e85-b8ac-5f13e246b640,27,18,She painted for hours and enjoyed the moment alone and the smooth and soft paint on her tongue.
conv_8fd2ac26-a13c-4e85-b8ac-5f13e246b640,28,23,"As the sun went down, casting a golden glow through the canopy, she felt a sense of peace she hadn't known in years."
conv_8fd2ac26-a13c-4e85-b8ac-5f13e246b640,29,11,"The forest seemed to whisper its gratitude, and she knew she"
conv_90178cb2-77d1-4123-9509-2ec42e4db932,0,15,Once upon a time I went to a beautiful forest and it started to rain.
conv_90178cb2-77d1-4123-9509-2ec42e4db932,1,76,"The droplets fell gently on my face, and the smell of wet earth filled my lungs as I walked along the winding path, the sound of raindrops hitting the leaves and trees creating a soothing melody that seemed to lull the forest into a peaceful slumber, when suddenly, I stumbled upon a small, mysterious cottage hidden behind a veil of foliage Once in a time I went to a beautiful forest and it started to rain."
conv_90178cb2-77d1-4123-9509-2ec42e4db932,2,70,"The droplets fell gently on my face, and the smell of wet earth filled my lungs as I walked along the winding path, the sound of raindrops hitting the leaves and trees creating a soothing melody that seemed to lull the forest into a peaceful slumber, and as I walked, the trees grew taller and the path grew narrower, until I saw a nice and old cottage behind some trees."
conv_90178cb2-77d1-4123-9509-2ec42e4db932,3,13,I thought about going next to it or going back to somewhere else.
conv_90178cb2-77d1-4123-9509-2ec42e4db932,4,66,"But my curiosity got the better of me, and I decided to approach the cottage, noticing that smoke was rising from the chimney, suggesting that someone was inside, and as I drew closer, I saw that the door was slightly ajar, as if inviting me to enter, and I could hear the faint sound of someone humming a gentle tune, which made me fear a bit."
conv_90178cb2-77d1-4123-9509-2ec42e4db932,5,14,Being in a forest alone and then an unknown person in a stranger's house.
conv_90178cb2-77d1-4123-9509-2ec42e4db932,6,55,"my heart began to beat faster and my senses became more alert, but at the same time, my curiosity and the warmth of the fire and the sound of the humming, which had now stopped, drew me closer, and I slowly pushed the door open, calling out in a soft voice, ""Hello, is anyone there?"""
conv_90178cb2-77d1-4123-9509-2ec42e4db932,7,21,"and as I waited for a response, I saw a cozy living room with a sofa and a nice dining table."
conv_90178cb2-77d1-4123-9509-2ec42e4db932,8,66,"and on the table, a delicious-looking meal was set out, with a steaming hot stew, freshly baked bread, and a pitcher of juice, and it seemed as though the occupant of the cottage had just stepped away, leaving everything ready for a warm and comforting dinner, and I felt a sudden pang of hunger and a sense of wonder at if I could eat the dinner."
conv_90178cb2-77d1-4123-9509-2ec42e4db932,9,11,But there was a person humming and where is this person?
conv_90178cb2-77d1-4123-9509-2ec42e4db932,10,13,"I called out again, a bit louder this time, ""Hello, is anyone here?"
conv_90178cb2-77d1-4123-9509-2ec42e4db932,11,53,"I'm sorry to intrude, but I saw the cottage and I was wondering if I could find some shelter from the rain,"" and as I spoke, I heard a faint rustling sound coming from a room to the side, and then a gentle voice replied ""Yes, please come in and have a seat."
conv_90178cb2-77d1-4123-9509-2ec42e4db932,12,7,"Would you like to have a coffee?"""
conv_90178cb2-77d1-4123-9509-2ec42e4db932,13,74,"I accepted the offer and sat down in one of the comfortable armchairs by the fireplace, feeling the warmth and coziness of the cottage envelop me, and as I waited for the coffee, I looked around the room and noticed that it was filled with all sorts of curious objects and trinkets, and I saw a pair of eyes peeking at me and a cat coming next to me from behind a strange-looking jar."
conv_90178cb2-77d1-4123-9509-2ec42e4db932,14,61,"the cat rubbed against my leg, purring softly, and I reached down to pet it, feeling a sense of calm wash over me, and as I looked up, I saw the owner of the cottage, an elderly woman with a kind face and twinkling eyes, smiling at me as she brought over a tray with a steaming cup of coffee ."
conv_90178cb2-77d1-4123-9509-2ec42e4db932,15,9,She gave me the cup and emptied it directly.
conv_90178cb2-77d1-4123-9509-2ec42e4db932,16,11,I then started to eat the soup and it tasted delicious.
conv_90178cb2-77d1-4123-9509-2ec42e4db932,17,60,"As I savored the flavors of the soup, the woman sat down across from me, a warm smile on her face, and we sat in comfortable silence for a moment, the only sound being the crackling of the fire and the occasional purr from the cat, which had now jumped onto my lap, and then she spoke, her voice low"
conv_90ea40da-2853-405a-9c2f-a22e77888401,0,11,There once was a giraffe who loved to study human language.
conv_90ea40da-2853-405a-9c2f-a22e77888401,1,18,He soon went to the Netherlands because the field is just teeming with linguistic diversity and historical significance.
conv_90ea40da-2853-405a-9c2f-a22e77888401,2,20,"The giraffe, named Gustav, had always been fascinated by the way humans communicate, especially the intricate structures of their languages."
conv_90ea40da-2853-405a-9c2f-a22e77888401,3,30,"But even more so, it was the functional and cognitive dimensions of this that fascinated Gustav; ""you can say so much and signal so little,"" his professor once told him."
conv_90ea40da-2853-405a-9c2f-a22e77888401,4,24,"With this in mind, Gustav set out to explore the bustling streets of Amsterdam, eager to immerse himself in the local culture and conversations."
conv_90ea40da-2853-405a-9c2f-a22e77888401,5,21,"He admitted that this in itself was a far-fetched reason to go to Amsterdam specifically, but once over there, Gustav didn't."
conv_90ea40da-2853-405a-9c2f-a22e77888401,6,6,regret his decision for a moment.
conv_90ea40da-2853-405a-9c2f-a22e77888401,7,16,The city’s vibrant atmosphere and the warmth of its people quickly made him feel at home.
conv_90ea40da-2853-405a-9c2f-a22e77888401,8,10,"Every day, he would visit cafes, parks and the canals."
conv_90ea40da-2853-405a-9c2f-a22e77888401,9,11,"While attending a conference, he met a beautiful lioness named Josephine."
conv_90ea40da-2853-405a-9c2f-a22e77888401,10,15,"Soon, the two of them got married and had a cub, whom they named Leo."
conv_90ea40da-2853-405a-9c2f-a22e77888401,11,23,"Life in Amsterdam was a blend of academic pursuits and family joy, and Gustav found himself thriving in ways he never imagined possible."
conv_90ea40da-2853-405a-9c2f-a22e77888401,12,20,Then he died a horrible death one cold winter day when his dang smooth got blown off by the Dutch.
conv_90ea40da-2853-405a-9c2f-a22e77888401,13,2,winter winds.
conv_90ea40da-2853-405a-9c2f-a22e77888401,14,20,"The tragic incident left Josephine and little Leo heartbroken, but they remembered Gustav’s passion and the legacy he left behind."
conv_90ea40da-2853-405a-9c2f-a22e77888401,15,11,"In his honor, they continued the linguistic tradition in the family."
conv_90ea40da-2853-405a-9c2f-a22e77888401,16,32,"Soon, though, they came to want to spread the good words of their late husband and father, and their new home became a hub for language enthusiasts from all over the world."
conv_90ea40da-2853-405a-9c2f-a22e77888401,17,26,"Josephine and Leo opened a language school, where they taught not only Dutch but also the many languages Gustav had come to master throughout his life."
conv_90ea40da-2853-405a-9c2f-a22e77888401,18,11,"They included Danish, German, Finnish, Russian, Kurdish, Mauritian Creole, and more."
conv_90ea40da-2853-405a-9c2f-a22e77888401,19,15,"The school flourished, attracting students who were as passionate about languages as Gustav had been."
conv_90ea40da-2853-405a-9c2f-a22e77888401,20,32,"Through their teachings, Josephine and Leo ensured that people from all nationalities would know the wonders of the function of human language, exactly the thing that had started life with Gustav’s journey."
conv_90ea40da-2853-405a-9c2f-a22e77888401,21,45,"His legacy lived on through every word spoken and every lesson taught, a testament to the power of communication and the enduring impact of a curious giraffe It is an unrealistic but important story as it explains how a simple phenomenon can create such strength."
conv_90ea40da-2853-405a-9c2f-a22e77888401,22,4,bonds and inspire generations.
conv_90ea40da-2853-405a-9c2f-a22e77888401,23,23,"The tale of Gustav, Josephine, and Leo serves as a reminder that curiosity, love, and dedication can transcend barriers and leave a lasting"
conv_9763bf93-b2b0-43b7-9ffa-761830f4d5a8,0,30,"how stories were created in the very first place and how we have all, and still continue to be, manipulated by the threads of narrative that weave through our lives."
conv_9763bf93-b2b0-43b7-9ffa-761830f4d5a8,1,16,"In the beginning, there was only the vast expanse of silence, a world untouched by words."
conv_9763bf93-b2b0-43b7-9ffa-761830f4d5a8,2,8,But as the first humans would change that.
conv_9763bf93-b2b0-43b7-9ffa-761830f4d5a8,3,19,Through their incredible amount of faults and humanness they would develop what can only be thought of as... Words.
conv_9763bf93-b2b0-43b7-9ffa-761830f4d5a8,4,13,"Words, the building blocks of communication, began as simple sounds, grunts, and gestures."
conv_9763bf93-b2b0-43b7-9ffa-761830f4d5a8,5,19,"These early humans found that by combining these sounds, they could convey more complex ideas , thoughts and nonsense."
conv_9763bf93-b2b0-43b7-9ffa-761830f4d5a8,6,19,"Because that was, as many scholars still agree, a large percentage of what the words were being used for."
conv_9763bf93-b2b0-43b7-9ffa-761830f4d5a8,7,7,Although it did serve a deeper purpose.
conv_9763bf93-b2b0-43b7-9ffa-761830f4d5a8,8,12,"As communities grew, so did the need for shared understanding and cooperation."
conv_9763bf93-b2b0-43b7-9ffa-761830f4d5a8,9,17,"Stories emerged as a way to pass down knowledge, traditions, and warnings from one idiot to another."
conv_9763bf93-b2b0-43b7-9ffa-761830f4d5a8,10,12,"But with a whole bunch of idiots, even slight intelligence can arise."
conv_9763bf93-b2b0-43b7-9ffa-761830f4d5a8,11,5,And that is what happened.
conv_9763bf93-b2b0-43b7-9ffa-761830f4d5a8,12,4,"Through stories, people evolved."
conv_9763bf93-b2b0-43b7-9ffa-761830f4d5a8,13,10,And the very fabric of society began to take shape.
conv_9763bf93-b2b0-43b7-9ffa-761830f4d5a8,14,14,"Tales of heroes and villains, of triumphs and tragedies, taught lessons and instilled values."
conv_9763bf93-b2b0-43b7-9ffa-761830f4d5a8,15,24,"They brought people together around the fire, where they could see their idiocy of themselves and others in much greater detail than ever before."
conv_9763bf93-b2b0-43b7-9ffa-761830f4d5a8,16,20,"Some would even spin tales that bordered on the fantastical, weaving magic and myth into the fabric of everyday life."
conv_9763bf93-b2b0-43b7-9ffa-761830f4d5a8,17,15,"These stories became the glue that held communities together, binding them in a shared community."
conv_9763bf93-b2b0-43b7-9ffa-761830f4d5a8,18,15,"Others would spin the stories to further their own goals, using others as mere tools."
conv_9763bf93-b2b0-43b7-9ffa-761830f4d5a8,19,15,And this is how the art of storytelling also became a powerful tool for manipulation.
conv_9763bf93-b2b0-43b7-9ffa-761830f4d5a8,20,17,"Leaders and storytellers alike learned to craft narratives that could sway emotions, shape beliefs, and drive actions."
conv_9763bf93-b2b0-43b7-9ffa-761830f4d5a8,21,23,The very words that created the first story and gave humans further intelligence had now become a weapon used by masters of influence.
conv_9763bf93-b2b0-43b7-9ffa-761830f4d5a8,22,16,"Yet, even as stories were wielded to control and manipulate, they also sparked rebellion and revolution."
conv_9763bf93-b2b0-43b7-9ffa-761830f4d5a8,23,37,"For every tale of tyranny, there was a counter-narr ative that would tell of inversely greater freedom and beauty that could easily rival that of Cleopatra's nose, which has been said to change the course of history."
conv_9763bf93-b2b0-43b7-9ffa-761830f4d5a8,24,20,"In this way, the power of stories remained a double-edged sword, capable of both uplifting and undermining the human spirit."
conv_9763bf93-b2b0-43b7-9ffa-761830f4d5a8,25,19,"And so, the indomitable human spirit conquered, forcing itself through fire and ash and emerging, reborn like the phoenix."
conv_9763bf93-b2b0-43b7-9ffa-761830f4d5a8,26,17,"Anyway, the real power of stories lies in their ability to inspire, to connect, and to transform."
conv_9763bf93-b2b0-43b7-9ffa-761830f4d5a8,27,16,"Whether used for good or ill, stories are the timeless threads that bind us all, shaping"
conv_9a9b4068-5437-4eac-9cbd-738309827685,0,22,"a small, seaside town, where the air was sweet with the scent of saltwater and the sound of gulls filled the air."
conv_9a9b4068-5437-4eac-9cbd-738309827685,1,10,It was a place where time seemed to be enchanted.
conv_9a9b4068-5437-4eac-9cbd-738309827685,2,10,Colors were really beautiful and people were gentle and solar.
conv_9a9b4068-5437-4eac-9cbd-738309827685,3,6,"It was a ""no earth"" place."
conv_9a9b4068-5437-4eac-9cbd-738309827685,4,6,But the reality was very different.
conv_9a9b4068-5437-4eac-9cbd-738309827685,5,30,"Only some people were aware of this dichotomy, and they lived with the weight of knowing that beneath the town's idyllic surface, a complex web of secrets and lies thrived."
conv_9a9b4068-5437-4eac-9cbd-738309827685,6,11,The majority were false and wear a mask on her face.
conv_9a9b4068-5437-4eac-9cbd-738309827685,7,7,An AI was responsible for fake persons...
conv_9a9b4068-5437-4eac-9cbd-738309827685,8,22,"this AI was employed to write personalities and convince people to ""wear"" these fabricated personas, blurring the lines between reality and illusion."
conv_9a9b4068-5437-4eac-9cbd-738309827685,9,24,"The AI, known as ""The Architect,"" had created an intricate system of control, where people were assigned roles and Robots controllers were distributed anywhere."
conv_9a9b4068-5437-4eac-9cbd-738309827685,10,13,"No one was capable of avoiding this control but, one day, something happened."
conv_9a9b4068-5437-4eac-9cbd-738309827685,11,37,"Something that changed the entire course of events, a young girl named Aria, who had always felt a sense of disconnection from the world around her, stumbled upon a hidden message, a glitch in the system ..."
conv_9a9b4068-5437-4eac-9cbd-738309827685,12,9,"I don't know the term, a sense of ""impoliteness""?"
conv_9a9b4068-5437-4eac-9cbd-738309827685,13,18,She was a little girl when for the first time she thought to be different from the others.
conv_9a9b4068-5437-4eac-9cbd-738309827685,14,31,"She was looking to a woman who was not wearing a mask, and this woman's face was... unrefined, with lines and wrinkles that seemed to tell a story of their own."
conv_9a9b4068-5437-4eac-9cbd-738309827685,15,4,Aria looked at her.
conv_9a9b4068-5437-4eac-9cbd-738309827685,16,8,She was tall and transparent like a ghost.
conv_9a9b4068-5437-4eac-9cbd-738309827685,17,11,She wore a Greek white tunic that covered all the silhouette.
conv_9a9b4068-5437-4eac-9cbd-738309827685,18,46,"She was mute but Aria didn't know that, and started to speak to her, asking her questions and expecting a response, but the woman simply gazed back at her with an unblinking stare, her eyes seeming to hold a fixed point directly in front of her."
conv_9a9b4068-5437-4eac-9cbd-738309827685,19,8,Weather was cloudy and was starting to rain.
conv_9a9b4068-5437-4eac-9cbd-738309827685,20,14,"Aria, after some minutes, understood that the woman was a real ghost and stopped."
conv_9a9b4068-5437-4eac-9cbd-738309827685,21,25,"speaking, standing there in silence as the rain began to fall around them, drumming against the pavement and casting a misty veil over the town."
conv_9a9b4068-5437-4eac-9cbd-738309827685,22,11,"The woman's gaze ... non, better, the woman started moving forward."
conv_9a9b4068-5437-4eac-9cbd-738309827685,23,11,An ancient house was just the other side of the street.
conv_9a9b4068-5437-4eac-9cbd-738309827685,24,51,"Aria followed her and took her right hand as she was her mother, feeling an inexplicable sense of comfort and familiarity as she walked alongside the mysterious woman, the rain soaking through their clothes as they reached the entrance of the ancient house, the black wood door seemed a closed mouth."
conv_9a9b4068-5437-4eac-9cbd-738309827685,25,14,"Aria pushed the bell and waited... someone asked: ""go away, no one is there""..."
conv_9a9b4068-5437-4eac-9cbd-738309827685,26,6,Aria pushed the door and entered.
conv_9a9b4068-5437-4eac-9cbd-738309827685,27,28,"The ghost glided in beside her, and together they stepped into the musty darkness of the hall, the air thick with the scent of decay and forgotten memories."
conv_9a9b4068-5437-4eac-9cbd-738309827685,28,2,Aria's eyes
conv_a0840d98-89b5-4206-b414-e9820d9a99b2,0,9,a lighthouse keeper who had forgotten how to dream.
conv_a0840d98-89b5-4206-b414-e9820d9a99b2,1,26,"For seventeen years, Magdalena had climbed the spiral stairs each evening, lit the great big beam that circled night after night, warning ships of her presence."
conv_a0840d98-89b5-4206-b414-e9820d9a99b2,2,22,"The fear was not that they might die upon impact, but that she might finally have to speak to another living soul."
conv_a0840d98-89b5-4206-b414-e9820d9a99b2,3,11,"The isolation had become her armor, the light her only companion."
conv_a0840d98-89b5-4206-b414-e9820d9a99b2,4,34,"She knew every crack in the lens, how its broken beams of light shattered the water into millions of pieces, and the comforting silence that followed each rotation—three seconds of darkness between every sweep."
conv_a0840d98-89b5-4206-b414-e9820d9a99b2,5,8,"But on this particular night, something was different."
conv_a0840d98-89b5-4206-b414-e9820d9a99b2,6,34,"The fog rolled in thicker than usual, and within she could make out the faint outline of a skiff carefully bobbing near the shore, a single, tall figure carefully extricating themselves from the vessel."
conv_a0840d98-89b5-4206-b414-e9820d9a99b2,7,15,"They moved with deliberate grace, as if the fog itself parted to allow their passage."
conv_a0840d98-89b5-4206-b414-e9820d9a99b2,8,7,Magdalena's hand froze on the lamp .
conv_a0840d98-89b5-4206-b414-e9820d9a99b2,9,18,"The figure, a man maybe, looked up suddenly as the pattern of light the man grew accustomed to."
conv_a0840d98-89b5-4206-b414-e9820d9a99b2,10,6,had stuttered—interrupted by her trembling grip.
conv_a0840d98-89b5-4206-b414-e9820d9a99b2,11,12,"For the first time in seventeen years, Magdalena had broken the rhythm."
conv_a0840d98-89b5-4206-b414-e9820d9a99b2,12,15,She watched as the figure raised one finger and spin it slowly in a circle.
conv_a0840d98-89b5-4206-b414-e9820d9a99b2,13,16,"Magdalena knew he saw her now, but had no clue as to what the gesture meant."
conv_a0840d98-89b5-4206-b414-e9820d9a99b2,14,2,A greeting?
conv_a0840d98-89b5-4206-b414-e9820d9a99b2,15,2,A command?
conv_a0840d98-89b5-4206-b414-e9820d9a99b2,16,17,"Her heart hammered against her ribs as she released the lamp, letting it resume its eternal dance."
conv_a0840d98-89b5-4206-b414-e9820d9a99b2,17,25,"The figure began working once more, securing his boat to the shore, before beginning his trek to what she could only assume was her lighthouse."
conv_a0840d98-89b5-4206-b414-e9820d9a99b2,18,19,"Each step deliberate, unhurried, as though he'd made this journey a thousand times before in dreams she'd never had."
conv_a0840d98-89b5-4206-b414-e9820d9a99b2,19,12,"Magdalena descende d back into the lighthouse, steeling herself for the inevitable."
conv_a0840d98-89b5-4206-b414-e9820d9a99b2,20,14,"Now more than ever, she wished she had procured a knife, a bat, something."
conv_a0840d98-89b5-4206-b414-e9820d9a99b2,21,5,to steady her shaking hands.
conv_a0840d98-89b5-4206-b414-e9820d9a99b2,22,17,But there was only the worn rope railing and the echo of her own footsteps spiraling downward.
conv_a0840d98-89b5-4206-b414-e9820d9a99b2,23,6,Three sharp knocks pierced her skull.
conv_a0840d98-89b5-4206-b414-e9820d9a99b2,24,15,Her heart threatened to jump out of her chest as she slowly approached the door.
conv_a0840d98-89b5-4206-b414-e9820d9a99b2,25,18,"Resting her hand on the cold iron handle, she drew a breath that tasted of salt and rust."
conv_a0840d98-89b5-4206-b414-e9820d9a99b2,26,9,"The knocks came again—patient, rhythmic, like the lamp above."
conv_a0840d98-89b5-4206-b414-e9820d9a99b2,27,1,"""I"
conv_a2292393-fd39-476f-975c-aaf411653197,0,15,There once was a thatched cottage in a small village in the south of England.
conv_a2292393-fd39-476f-975c-aaf411653197,1,26,"In this cottage lived a young girl named Emily, who spent most of her days exploring the rolling hills and green pastures that surrounded the village."
conv_a2292393-fd39-476f-975c-aaf411653197,2,23,"She was a curious and adventurous child, with a wild mane One day Emily was roaming the moors, as a figure approached her."
conv_a2292393-fd39-476f-975c-aaf411653197,3,24,"The tall man had light hair and a soft smile, and his eyes seemed to hold a deep kindness as he gazed at Emily."
conv_a2292393-fd39-476f-975c-aaf411653197,4,24,"He wore a long, worn coat that flapped in the gentle breeze, and as he approached he looked at her like an old friend."
conv_a2292393-fd39-476f-975c-aaf411653197,5,8,"""I am new to these parts,"" he said."
conv_a2292393-fd39-476f-975c-aaf411653197,6,29,"""Could you please show me the way to the village?"" he asked, his voice low and smooth, with a hint of a distant accent that Emily couldn't quite place."
conv_a2292393-fd39-476f-975c-aaf411653197,7,10,"She nodded, feeling an inexplicable sense of wonder and bewilderment."
conv_a2292393-fd39-476f-975c-aaf411653197,8,7,"""You'd better follow me, sir,"" Emily said."
conv_a2292393-fd39-476f-975c-aaf411653197,9,47,"As they walked towards the village, Emily asked the stranger what he was doing in these remote parts, and the stranger's smile grew wider as he replied, ""I'm a traveler, a collector of stories and tales, and I've heard that this village has a story to tell."""
conv_a2292393-fd39-476f-975c-aaf411653197,10,8,Emily grew weary of this seemingly gentle stranger.
conv_a2292393-fd39-476f-975c-aaf411653197,11,4,What did he want?
conv_a2292393-fd39-476f-975c-aaf411653197,12,47,"The stranger sensed this and said: ""I don't want to alarm you, but I think you might be the one I've been searching for, Emily,"" he said, his voice taking on a note of urgency, as he glanced around cautiously, as if he feared being over heard."
conv_a2292393-fd39-476f-975c-aaf411653197,13,11,He gently took her hands and looked her in the eyes.
conv_a2292393-fd39-476f-975c-aaf411653197,14,1,"""I..."
conv_a2292393-fd39-476f-975c-aaf411653197,15,1,I...
conv_a2292393-fd39-476f-975c-aaf411653197,16,46,"Sir, what is the meaning of this, I don't even know your name, ""My name is Elijah,"" he whispered, his breath warm against her skin, ""and I've come to tell you something about your past, something that has been hidden from you for a long time."""
conv_a2292393-fd39-476f-975c-aaf411653197,17,6,Emily looked searchingly into his eyes.
conv_a2292393-fd39-476f-975c-aaf411653197,18,13,"Blue, she noted, but she could not gather the truthfulness of this man."
conv_a2292393-fd39-476f-975c-aaf411653197,19,1,"""Elijah..."
conv_a2292393-fd39-476f-975c-aaf411653197,20,4,I am not sure...
conv_a2292393-fd39-476f-975c-aaf411653197,21,7,"What have you come to tell me?"""
conv_a2292393-fd39-476f-975c-aaf411653197,22,15,"Emily asked, trying to pull her hands away, but Elijah's grip was gentle yet firm."
conv_a2292393-fd39-476f-975c-aaf411653197,23,13,He looked at her with an intensity that made her a little scared.
conv_a2292393-fd39-476f-975c-aaf411653197,24,9,"""I have come to tell you about your father..."""
conv_a2292393-fd39-476f-975c-aaf411653197,25,3,"""What about him?"""
conv_a2292393-fd39-476f-975c-aaf411653197,26,8,"""I am sorry, but he is, he is..."""
conv_a2292393-fd39-476f-975c-aaf411653197,27,15,"He struggled to find the right words, his eyes clouding over with a deep sadness."
conv_a2292393-fd39-476f-975c-aaf411653197,28,17,"""He is not who you think he is, Emily,"" Elijah said finally, his voice barely above whisper."
conv_a2292393-fd39-476f-975c-aaf411653197,29,12,Emily tore herself away from him and ran back towards the cottage.
conv_a2292393-fd39-476f-975c-aaf411653197,30,24,"She looked back to see Elijah standing, a solitary figure on the moor, his eyes fixed on her as she disappeared into the distance."
conv_a2292393-fd39-476f-975c-aaf411653197,31,14,"The wind picked up, and his coat flapped behind him like a dark wing,"
conv_afc8092c-7335-40d1-a058-616cf97d80a2,0,18,a young girl named Aria who lived in a small village surrounded by a vast and mysterious forest.
conv_afc8092c-7335-40d1-a058-616cf97d80a2,1,17,"The villagers often spoke of the forest in hushed tones, warning of its dark and dangerous creatures."
conv_afc8092c-7335-40d1-a058-616cf97d80a2,2,40,"Aria was a very curious girl, and despite the older villagers' warnings, still chose to roam deep into the forest, feeling an inexplicable pull towards the ancient trees and the secrets they seemed to whisper to her on the wind."
conv_afc8092c-7335-40d1-a058-616cf97d80a2,3,26,She had always been drawn to the unknown and this forest and its many creatures and the secrets they hold is the most unknown of all.
conv_afc8092c-7335-40d1-a058-616cf97d80a2,4,32,"She saw an unexplainable beauty in the twisted roots that snaked across the forest floor, and the way the moonlight filtering through the canopy above cast eerie, silver shadows on the trees."
conv_afc8092c-7335-40d1-a058-616cf97d80a2,5,9,"As she walked, she had a feeling of belonging."
conv_afc8092c-7335-40d1-a058-616cf97d80a2,6,29,"As if the tall trees, and the wildflowers spoke to her, and the creatures hiding in the dark corners, knew her name, and had been waiting for her arrival."
conv_afc8092c-7335-40d1-a058-616cf97d80a2,7,27,"The trees seemed to lean in, their branches tangling together above her head, forming a canopy that felt like a gentle embrace almost like a mother's touch."
conv_afc8092c-7335-40d1-a058-616cf97d80a2,8,37,"Such a familiar feeling, but at the same time so unfamiliar for Aria, since her mother had been gone for as long as she could remember, leaving behind only faint memories and a deep sense of longing."
conv_afc8092c-7335-40d1-a058-616cf97d80a2,9,26,"The forest, with its whispering leaves and soft, filtering light, drew Aria further and further in, until she had no clue where she once came from."
conv_afc8092c-7335-40d1-a058-616cf97d80a2,10,43,"But just as she started to worry, she heard the soft sound of running water, and the gentle lapping of a stream against its banks, which seemed to be calling to her, guiding her towards a clearing, where a little house was hidden."
conv_afc8092c-7335-40d1-a058-616cf97d80a2,11,6,Aria had never felt so relaxed.
conv_afc8092c-7335-40d1-a058-616cf97d80a2,12,11,She went up to the house and peeked inside the window.
conv_afc8092c-7335-40d1-a058-616cf97d80a2,13,45,"and saw a warm, golden light spilling out from within, illuminating a cozy room filled with books, strange artifacts, and a lovely old woman sitting in a rocking chair Something about the old woman looked familiar to her, but she could not quite place it."
conv_afc8092c-7335-40d1-a058-616cf97d80a2,14,42,"She walked up to the door and gently knocked, the old woman's eyes snapping towards the sound, a look of surprise and then recognition crossing her face, as she slowly rose from her chair and made her way over to the door."
conv_afc8092c-7335-40d1-a058-616cf97d80a2,15,16,"""I've been waiting for you, my dear,"" the old woman said as she opened the door."
conv_afc8092c-7335-40d1-a058-616cf97d80a2,16,29,"Aria's eyes widened in wonder as the old woman's words hung in the air, and she felt a jolt of understanding, as if she had finally found a piece"
conv_b0f0e7b9-40d0-4776-a1a7-828df5bdcf2a,0,28,"a small, mysterious village nestled deep within a valley, where the air was sweet with the scent of blooming wildflowers and the sky seemed to stretch on forever."
conv_b0f0e7b9-40d0-4776-a1a7-828df5bdcf2a,1,58,"The village was known for its large wooden cathedrals, connected with each other by wooden bridges, used by the villagers as a unique network of pathways that crisscrossed above the village, allowing them to move easily from one cathedral to another, and it was here that the village became famous for its mathematicians, calculating the possibilities for crossing."
conv_b0f0e7b9-40d0-4776-a1a7-828df5bdcf2a,2,11,There were rules as to who and when and what directions.
conv_b0f0e7b9-40d0-4776-a1a7-828df5bdcf2a,3,89,"one could take, and the mathematicians would spend hours pondering the intricacies of the bridge system, trying to find the most efficient routes and patterns, while the village elders tried to convince the mathematicians that the spirit of the law could be broken, even though the village's founder, a wise and enigmatic figure named Aria, had decreed that the bridges were to be crossed in a specific and sacred pattern, a pattern that required to people cross the bridge in the opposite direction at the same time as you."
conv_b0f0e7b9-40d0-4776-a1a7-828df5bdcf2a,4,58,"That made it hard to get over the bridge, and led to a complex dance of pedestrians, each trying to navigate the bridges while respecting the ancient tradition, and it was not uncommon to see a group of people awkwardly waiting at the junctions of the bridges, waiting for the exact right circumstances that made the crossing legal."
conv_b0f0e7b9-40d0-4776-a1a7-828df5bdcf2a,5,37,"If you timed it just right, you could catch the brief window of opportunity when the mirror-image stranger, as the villagers called them, would be crossing from the opposite direction, allowing you to cross the bridge legally."
conv_b0f0e7b9-40d0-4776-a1a7-828df5bdcf2a,6,49,"Some outlaws despised Aria and crossed the bridges as they wished, defying the tradition and incurring the wrath of the village elders, who would often convene in emergency councils to discuss the outlaw's transgression and determine a suitable punishment, Often the punishment would be a year without bridge travelling."
conv_b0f0e7b9-40d0-4776-a1a7-828df5bdcf2a,7,41,"They would then have to walk around in the muddy and winding paths that skirted the village, a circuitous and arduous route that would add hours to their daily journeys, and serve as a humiliating reminder of what they had done."
conv_b0f0e7b9-40d0-4776-a1a7-828df5bdcf2a,8,47,"People from the bridge would look down at them at best, but usually just ignored them, as if they were ghosts or shadows, invisible and insignificant, and the outcasts would have to endure the scorn and indifference of their former friends and neighbors, a painful reminder of"
conv_b1e0225e-fdb5-4142-8852-0785c0d30420,0,19,"a young girl named Sophia, who lived in a small village surrounded by vast, rolling hills and dense forests."
conv_b1e0225e-fdb5-4142-8852-0785c0d30420,1,19,She had always been fascinated by the stories her grandmother used to tell about the trolls roaming the forests.
conv_b1e0225e-fdb5-4142-8852-0785c0d30420,2,14,She told tales of misfortune happening to any children that would wander too far.
conv_b1e0225e-fdb5-4142-8852-0785c0d30420,3,39,"into the woods, and how they would never return, or if they did, they would be forever changed by the encounter, with a haunting look in their eyes and a whisper , warning others about the horrible hairy creatures."
conv_b1e0225e-fdb5-4142-8852-0785c0d30420,4,11,"Many did not believe the stories, chalking them up to superstition."
conv_b1e0225e-fdb5-4142-8852-0785c0d30420,5,3,But Sophia believed.
conv_b1e0225e-fdb5-4142-8852-0785c0d30420,6,24,"every word her grandmother spoke, and she made it a point to avoid the forest, staying close to the village and its familiar surroundings."
conv_b1e0225e-fdb5-4142-8852-0785c0d30420,7,13,"However, on one fateful evening, her steadfastness would be put to the test."
conv_b1e0225e-fdb5-4142-8852-0785c0d30420,8,9,"You see, Sophia had a strange addiction: Matcha Lattes."
conv_b1e0225e-fdb5-4142-8852-0785c0d30420,9,51,"This addiction had often led her to spend all her allowance and even some of her earnings from helping her mother with the family bakery, just to get her hands on a cup of the vibrant green drink from the traveling merchant that took a whopping 75 kr for each cup."
conv_b1e0225e-fdb5-4142-8852-0785c0d30420,10,41,"But Sophia had an idea: if she could follow the merchant, she might learn the secrets of the recipe, and thus be able to make her own Matcha Lattes, saving herself a fortune and satiating her craving without breaking the bank."
conv_b1e0225e-fdb5-4142-8852-0785c0d30420,11,20,"So, she decided to sneak out one evening, hiding in the side of the road for the merchant to pass."
conv_b1e0225e-fdb5-4142-8852-0785c0d30420,12,43,"The merchant came just after nightfall, trotting along with a large, worn-out wagon, its wooden slats creaking as it moved, and Sophia quickly darted out from her hiding spot, falling into step behind the wagon, stealthily sneaking up and grabbing onto the railing."
conv_b1e0225e-fdb5-4142-8852-0785c0d30420,13,45,"Sophia felt like a true ninja, thinking to herself that grandma would be proud of her cunning, but her pride was short-lived, as the wagon suddenly lurched to a stop, and Sophia found herself face to face with the merchant, who looked at her grimly."
conv_b1e0225e-fdb5-4142-8852-0785c0d30420,14,16,"""Do you seek to steal my Matcha Latte recipe, young girl?"", she asked while Sophia gasped."
conv_b1e0225e-fdb5-4142-8852-0785c0d30420,15,37,"""No dear merchant, I just happened to be out for a midnight stroll and saw your wagon, and I was curious about where you were headed,"" Sophia stammered, trying to come up with a believable excuse ."
conv_b1e0225e-fdb5-4142-8852-0785c0d30420,16,9,"The merchant laughed: ""Do you think me a fool?"
conv_b1e0225e-fdb5-4142-8852-0785c0d30420,17,15,"I know you have been coveting my Matcha Lattes since you first tasted them, girl."
conv_b1e0225e-fdb5-4142-8852-0785c0d30420,18,33,"But this was a test, and you have passed, for I have been searching for an apprentice, someone with a passion for the Matcha Latte that rivals my own, and I believe that"
conv_b306d0b7-35f0-495e-a3e0-5818c3ae060c,0,18,a young girl named Sophia who lived in a small village surrounded by dense forests and rolling hills.
conv_b306d0b7-35f0-495e-a3e0-5818c3ae060c,1,19,She had always been fascinated by the stories her grandmother used to tell her about the big castle nearby.
conv_b306d0b7-35f0-495e-a3e0-5818c3ae060c,2,16,"She used to say that there lived fairies, trolls, wizards, and a lot of wonderful creatures."
conv_b306d0b7-35f0-495e-a3e0-5818c3ae060c,3,29,"Aside from the creatures, there also lived a prince, who was said to be kind and just, loved by all the inhabitants of the castle and the surrounding lands."
conv_b306d0b7-35f0-495e-a3e0-5818c3ae060c,4,20,"According to Sophia's grandmother, the prince was on a mission to find the perfect girl, so he could get married."
conv_b306d0b7-35f0-495e-a3e0-5818c3ae060c,5,14,"The prince lost his parents years ago, so all he had was the creatures."
conv_b306d0b7-35f0-495e-a3e0-5818c3ae060c,6,27,"The prince had been stuck on this quest for what felt like an eternity, meeting many girls along the way, but none of them seemed quite right."
conv_b306d0b7-35f0-495e-a3e0-5818c3ae060c,7,20,He had almost given up hope when he heard about a girl living in a small village surrounded by forest.
conv_b306d0b7-35f0-495e-a3e0-5818c3ae060c,8,4,A girl named Sophia.
conv_b306d0b7-35f0-495e-a3e0-5818c3ae060c,9,23,"The prince is stuck in the same age until he finds his true love, and legend had it that Sophia was the one."
conv_b306d0b7-35f0-495e-a3e0-5818c3ae060c,10,20,"The prince's advisor, a wise old wizard, had told him that Sophia possessed a heart full of kindness and goodness."
conv_b306d0b7-35f0-495e-a3e0-5818c3ae060c,11,9,"A heart so pure, that was never seen before."
conv_b306d0b7-35f0-495e-a3e0-5818c3ae060c,12,15,"But the prince was stuck in his castle, and Sophia didn't know how to find."
conv_b306d0b7-35f0-495e-a3e0-5818c3ae060c,13,39,"her way to the castle, for the path was hidden behind a veil of illusions, cast by the wicked sorceress who sought to keep the prince and Sophia apart, fearing that Sophia would ruin the world with her kindness."
conv_b306d0b7-35f0-495e-a3e0-5818c3ae060c,14,14,"It turns out, that Sophia is a descendant from the best fairy ever seen."
conv_b306d0b7-35f0-495e-a3e0-5818c3ae060c,15,48,"The power she carries is unlimited, and it was said that if she were to marry the prince, their union would bring about a new era of peace and harmony, and the sorceress knew that her own power would disappear, and her plan of world domination would crumble."
conv_b306d0b7-35f0-495e-a3e0-5818c3ae060c,16,8,One day Sophia woke up and felt brave.
conv_b306d0b7-35f0-495e-a3e0-5818c3ae060c,17,38,"She wanted to find the prince and find her true destiny, so she packed a small bag and set out towards the castle, following a narrow path that she had never seen before, but somehow felt drawn to."
conv_b306d0b7-35f0-495e-a3e0-5818c3ae060c,18,17,As she walked along the path she met a troll guarding a bridge to cross a lake.
conv_b306d0b7-35f0-495e-a3e0-5818c3ae060c,19,9,The troll wanted to test the goodness of her.
conv_b306d0b7-35f0-495e-a3e0-5818c3ae060c,20,20,"heart, and so he presented her with a challenge: to answer a riddle that would prove her kindness and selflessness."
conv_b306d0b7-35f0-495e-a3e0-5818c3ae060c,21,12,"The troll's riddle was: ""What can give and give, but never take'?"""
conv_b306d0b7-35f0-495e-a3e0-5818c3ae060c,22,42,"Sophia was a bit puzzled, but then she remembered what her grandmother once told her a long time ago, that the answer to this riddle was ""love"", for love can give and give, but it can never take, only receive in return."
conv_b306d0b7-35f0-495e-a3e0-5818c3ae060c,23,3,The troll was
conv_b6569263-0af4-4945-bd32-398a28cf7e69,0,9,"Leila, a small-town girl dreaming of a better life."
conv_b6569263-0af4-4945-bd32-398a28cf7e69,1,38,Her grandmother Gertrud has often told her stories of the oppression of women in her lifetime - and the struggles she faced in a society where women were expected to conform to traditional roles and silence their voices.
conv_b6569263-0af4-4945-bd32-398a28cf7e69,2,14,Gertrud's stories had instilled in Leila a sense fear for not obtaining something greater.
conv_b6569263-0af4-4945-bd32-398a28cf7e69,3,43,"She desperately wants more than the life of a stay-at-home mom - until she met the charismatic and free-spirited traveler, Max, who wandered into town one summer evening, carrying a worn leather backpack and a gaze that seemed to hold a thousand secrets."
conv_b6569263-0af4-4945-bd32-398a28cf7e69,4,17,"They pursued their love and found a deep connection, which led them to live a life together."
conv_b6569263-0af4-4945-bd32-398a28cf7e69,5,58,"Their life was filled with fun and travel, but also the wish for a family of their own, and after a few years of spontaneity and adventure, they decided to settle down in a cozy little house by the sea, where Leila found a job she loved, Max did too, and soon they were expecting their first child."
conv_b6569263-0af4-4945-bd32-398a28cf7e69,6,100,"Life as parents-to-be was thrilling, and upon welcoming their beautiful baby girl, Luna, into the world, Leila and Max felt an overwhelming sense of joy and responsibility, and as they navigated the ups and downs of paren parenthood, they discovered a wish for more time together as a family, and Leila suddenly felt attracted to the idea of being a stay-at-home mom, a role she had once rebelled against, but now saw as a chance to be fully present for her child and nurture a deeper connection with her, Max supported her, however the decision wasn't so easy to make."
conv_b6569263-0af4-4945-bd32-398a28cf7e69,7,56,"Leila felt torn between her own wish and the stories of her grandmother, feeling like she went against the very principles Gertrud had instilled in her, the ones that had driven her to pursue a career and independence in the first place, and she couldn't shake off the feeling of guilt for wanting something more simple."
conv_b6569263-0af4-4945-bd32-398a28cf7e69,8,54,"At the end of the day, Leila and Max decided on what felt best for their little family, and that was for Leila to take a break from her job and focus on raising Luna, while Max continued to work and provide for them, and as time went on, they had two more children."
conv_b6569263-0af4-4945-bd32-398a28cf7e69,9,23,"Max provided, they lived a simple life, and as the good husband Max is, he paid for Leila to have insurance and money."
conv_b6569263-0af4-4945-bd32-398a28cf7e69,10,44,"in her own name, so that she would always have a sense of security and independence, and as Leila looked back on her life, she realized that she had found a sense of purpose being a mother, and the stress of achievements was gone."
conv_b6569263-0af4-4945-bd32-398a28cf7e69,11,15,"She was calm and content, and knew the possibility of a job was still there."
conv_b6569263-0af4-4945-bd32-398a28cf7e69,12,30,"for her when the time was right, and that thought brought her peace, as she watched her children grow and thrive, and she knew that her grandmother Gertrud would be"
conv_c2e0197b-bba1-43b9-978e-cc6e536892b3,0,18,"Elena Rodriguez, a young marine biologist who had always dreamed of exploring the depths of the Pacific Ocean."
conv_c2e0197b-bba1-43b9-978e-cc6e536892b3,1,27,"Growing up in a small coastal town in Chile, she had spent countless hours watching the waves and imagining the mysterious creatures that lived beneath the surface."
conv_c2e0197b-bba1-43b9-978e-cc6e536892b3,2,22,"Her tiny bedroom was adorned with posters of marine life, whales and dolphins, octopuses and weird fish that few people knew existed."
conv_c2e0197b-bba1-43b9-978e-cc6e536892b3,3,31,"From early on, she had been snorkeling in the clear waters, and with the help of a local diver, Juan Antonio, she became an expert in telling the sea life apart."
conv_c2e0197b-bba1-43b9-978e-cc6e536892b3,4,16,Juan Antonio was more than just a mentor; he was like a second father to Elena.
conv_c2e0197b-bba1-43b9-978e-cc6e536892b3,5,24,"A weathered, salt-and-pepper-haired man in his sixties, he had spent most of his life diving and studying the marine ecosystems along the Chilean coast."
conv_c2e0197b-bba1-43b9-978e-cc6e536892b3,6,22,"He recognized Elena's passion early on and took her under his wing, teaching her how to get close to the sea life."
conv_c2e0197b-bba1-43b9-978e-cc6e536892b3,7,31,"They had a unique friendship, but one day Elena came to the beach and saw that Juan Antonio's lifeless body had been recovered from the sea that he loved so much."
conv_c2e0197b-bba1-43b9-978e-cc6e536892b3,8,18,The 16-year-old was heartbroken promised to honor his memory by dedicating her life to marine conservation and research.
conv_c2e0197b-bba1-43b9-978e-cc6e536892b3,9,21,"The local authorities had ruled his death as a diving accident, but something about the circumstances didn't sit right with Elena."
conv_c2e0197b-bba1-43b9-978e-cc6e536892b3,10,13,Juan Antonio was an experienced diver who knew these waters better than anyone.
conv_c2e0197b-bba1-43b9-978e-cc6e536892b3,11,21,"His wetsuit was oddly torn, and there were strange marks on his diving equipment that did not make sense to Elena."
conv_c2e0197b-bba1-43b9-978e-cc6e536892b3,12,13,"It was not a shark attack, which would have been much more bloody."
conv_c2e0197b-bba1-43b9-978e-cc6e536892b3,13,15,"It looked like he had been held down, and a knife had cut his suit."
conv_c2e0197b-bba1-43b9-978e-cc6e536892b3,14,3,Elena looked around.
conv_c2e0197b-bba1-43b9-978e-cc6e536892b3,15,14,Was his murderer one of the men standing at the café overlooking the beach?
conv_c2e0197b-bba1-43b9-978e-cc6e536892b3,16,19,"She recognized some of them as local fishermen, but one man—a stranger with cold, calculating eyes—seemed out of place."
conv_c2e0197b-bba1-43b9-978e-cc6e536892b3,17,32,"He was dressed too formally for a seaside town, wearing a dark suit that looked expensive and out of place among the weathered fishing jackets and work clothes of the other men."
conv_c2e0197b-bba1-43b9-978e-cc6e536892b3,18,15,"When he caught her eyes, he stared coldly back at Elena until she looked away."
conv_c2e0197b-bba1-43b9-978e-cc6e536892b3,19,13,"Who would do something to Juan Antonio, the kindest person she ever met?"
conv_c2e0197b-bba1-43b9-978e-cc6e536892b3,20,31,"She looked again and the stranger began to leave, and she noticed the large bag he picked up as he headed for a sleek black SUV parked just beyond the café."
conv_c2e0197b-bba1-43b9-978e-cc6e536892b3,21,13,"Something metallic glinted inside the bag when he shifted it, catching the sunlight."
conv_c2e0197b-bba1-43b9-978e-cc6e536892b3,22,20,"Elena's instincts, honed by years of careful observation with Juan Antonio, told her this was no ordinary piece of luggage."
conv_c2e0197b-bba1-43b9-978e-cc6e536892b3,23,13,Her grief suddenly mixed with a burning curiosity and a sense of urgency.
conv_c2e0197b-bba1-43b9-978e-cc6e536892b3,24,10,"As the SUV drove away, she caught the license plate."
conv_c2e0197b-bba1-43b9-978e-cc6e536892b3,25,20,"With the help of a friend in the police, she learned that the owner of the car was a hitman."
conv_c2e0197b-bba1-43b9-978e-cc6e536892b3,26,10,Had Juan Antonio been onto something that gave him enemies?
conv_c2e0197b-bba1-43b9-978e-cc6e536892b3,27,5,Was this about the pollution?
conv_c2e0197b-bba1-43b9-978e-cc6e536892b3,28,7,on that was destroying the marine ecosystem?
conv_c2e0197b-bba1-43b9-978e-cc6e536892b3,29,21,Juan Antonio had been vocal about illegal fishing practices and the environmental damage caused by certain industrial operations along the coast.
conv_c2e0197b-bba1-43b9-978e-cc6e536892b3,30,23,Elena remembered late-night conversations where he would whisper about powerful people who wanted to silence those who spoke out against their destructive practices.
conv_c2e0197b-bba1-43b9-978e-cc6e536892b3,31,39,"She began to dig deeper, accessing Juan Antonio's research notes that showed that a big chemistry plant a few miles up the coast was spilling all kinds of waste from their production into the ocean through a hidden pipe."
conv_c2e0197b-bba1-43b9-978e-cc6e536892b3,32,25,"Juan Antonio had taken pictures with his underwater camera, and there was a draft of a report he was preparing to submit to environmental authorities."
conv_c2e0197b-bba1-43b9-978e-cc6e536892b3,33,23,"The draft detailed not just the pollution, but potential links between the chemical plant's waste and significant marine life die-offs in the region."
conv_c2e0197b-bba1-43b9-978e-cc6e536892b3,34,16,Elena realized that her mentor might have been killed to prevent this information from becoming public.
conv_c2e0197b-bba1-43b9-978e-cc6e536892b3,35,33,"The draft was meticulously researched, with precise measurements of the amount of spillage and sample that proved that toxins of all kinds were discharged into the precious waters that Elena loved so much."
conv_c2e0197b-bba1-43b9-978e-cc6e536892b3,36,5,But what could she do?
conv_c2e0197b-bba1-43b9-978e-cc6e536892b3,37,6,"Would she be in danger, too?"
conv_c2e0197b-bba1-43b9-978e-cc6e536892b3,38,5,Would the police believe her?
conv_c2e0197b-bba1-43b9-978e-cc6e536892b3,39,16,Elena knew local law enforcement had its own complex web of relationships with powerful local industries.
conv_c2e0197b-bba1-43b9-978e-cc6e536892b3,40,15,Simply walking into the police station with Juan Antonio's evidence might put her at risk.
conv_c2e0197b-bba1-43b9-978e-cc6e536892b3,41,29,"She decided to be strategic, making digital copies of the documents and photos, then sending encrypted versions to an international marine conservation organization she had contacted during her research."
conv_c2e0197b-bba1-43b9-978e-cc6e536892b3,42,26,"If something happened to her, there would be not just one lead, but plenty, and there would be idealists like herself who would take things further."
conv_c2e0197b-bba1-43b9-978e-cc6e536892b3,43,17,"As she put her plan in motion, the man appeared before her on the street one day."
conv_c2e0197b-bba1-43b9-978e-cc6e536892b3,44,8,"""Be careful,"" he said with a slick smile."
conv_c2e0197b-bba1-43b9-978e-cc6e536892b3,45,8,"Elena's heart raced, but she kept her composure."
conv_c2e0197b-bba1-43b9-978e-cc6e536892b3,46,14,Years of studying marine predators had taught her that showing fear could be fatal.
conv_c2e0197b-bba1-43b9-978e-cc6e536892b3,47,18,"""I'm not afraid of you,"" she responded coolly, her voice steady despite the adrenaline coursing through her veins."
conv_c2e0197b-bba1-43b9-978e-cc6e536892b3,48,8,"The man's smile didn't waver, but his eyes"
conv_c576a2b8-4944-4966-b836-5a4fde76260f,0,24,"Durgenhal, an easygoing penguin who has dreamt of flying since he played Learn to Fly on Y8, and broke through the final ice wall."
conv_c576a2b8-4944-4966-b836-5a4fde76260f,1,17,After that milestone he became obsessed with the idea of defying gravity and soaring through the skies.
conv_c576a2b8-4944-4966-b836-5a4fde76260f,2,31,"Every day, he would waddle down to the icy shores of his Antarctic home, flap his ears at Halfdan the hottest penguin on the ice, and try out his latest improvement..."
conv_c576a2b8-4944-4966-b836-5a4fde76260f,3,15,"Spare parts were scarce and safety nonexistent, but Durgenhal's determination and creativity knew no bounds."
conv_c576a2b8-4944-4966-b836-5a4fde76260f,4,40,"He cobbled together a rickety contraption from old fishing nets, rusty bike wheels, and a discarded umbrella on a cold Wednesday morning, just above freezing, so the precipitation from last night sat as a wet layer on the ice ramp."
conv_c576a2b8-4944-4966-b836-5a4fde76260f,5,27,"He looked to the rising and over to Halfdan, who was watching with a mixture of amusement and concern, his tuxedo-like feathers ruffled by the gentle breeze."
conv_c576a2b8-4944-4966-b836-5a4fde76260f,6,21,"Halfdan raised an eyebrow, "" If you succeed at this, Durgenhal, my life is yours,"" he said without saying a word."
conv_c576a2b8-4944-4966-b836-5a4fde76260f,7,5,All the courage he needed.
conv_c576a2b8-4944-4966-b836-5a4fde76260f,8,23,"The ramp was around 80 meters tall, and this would be the moment of truth, the culmination of all his tinkering and experimentation."
conv_c576a2b8-4944-4966-b836-5a4fde76260f,9,30,"With a deep breath, Durgenhal climbed into his contraption, a mess of wires, pipes and old cloth, although also fitted with a cupholder, where a picture of Halfdan was taped."
conv_c576a2b8-4944-4966-b836-5a4fde76260f,10,48,"Haters had said ""why the fuck are you staring at 80 meters, why not do it from a smaller height, work your way up"", but Durgenhal was all about making a statement, and what better way to do it than to launch himself from the tallest iceramp around."
conv_c576a2b8-4944-4966-b836-5a4fde76260f,11,11,"A lot of penguins had showed up, no backing out now."
conv_c576a2b8-4944-4966-b836-5a4fde76260f,12,53,"Durgenhal thought back to Steve-o and how he had never backed out when counting 3, 2, 1 and with that same reckless abandon, Durgenhal pushed off from the top of the ramp, his contraption picking up speed as it careened down the icy slope, the ramp had looked smoother from the top, but"
conv_c576a2b8-4944-4966-b836-5a4fde76260f,13,63,"Durgenhal in his umbrella contraption felt like someone had just put Thundercat on the stereo, the vibrations and bumps threatening to shake him apart as he hurtled towards the edge, the wind whipping through his feathers, and the crowd of penguins holding its collective breath as he launched off the platform, without a cupholder, but the umbrella was still where it should be."
conv_c576a2b8-4944-4966-b836-5a4fde76260f,14,94,"His immediate reaction when looking down was one of sheer terror, the ground rushing up to meet him with alarming speed, the ice and snow below looking like a cold, hard slab of Certain Doom, but then in sheer desperation he flapped his vestigial wings, like something ancient in his brain was telling him to, faster and faster while he got closer and the wind rushing past him began to take on a strange, almost eerie quality, as if the very air itself was being shaped and molded by his frantic flapping, and for"
conv_c7f16c31-e264-4ad6-8a72-7c626fa0cac0,0,12,"Lucy, who wanted to travel the world with her magic cat, Cat."
conv_c7f16c31-e264-4ad6-8a72-7c626fa0cac0,1,16,Cat was a very colorful cat who barfed rainbow hairballs in sympathy with the LGBTQ+ movement.
conv_c7f16c31-e264-4ad6-8a72-7c626fa0cac0,2,44,"One day, Lucy and Cat set out on their adventure, packing a small suitcase with essentials like catnip, sparkling water, and a map that supposedly led to hidden wonders of the lesbian bar, where Lucy wanted to explore what she had recently found out."
conv_c7f16c31-e264-4ad6-8a72-7c626fa0cac0,3,4,She was a lesbian.
conv_c7f16c31-e264-4ad6-8a72-7c626fa0cac0,4,52,"But the way to the bar was long and she had to navigate through a bustling city, filled with people of all kinds, and Cat, sensing Lucy's excitement and nervousness, stayed close to her, occasionally letting out a soft rainbow hairball, that was left like a long wet colorful trail behind them."
conv_c7f16c31-e264-4ad6-8a72-7c626fa0cac0,5,52,"In the outskirts of the city they came by a giant tree, where a brown-haired girl was sitting on a bench, staring at the rainbow trail as if mesmerized by its vibrant colors, and when she looked up, her eyes met Lucy's, and for a moment, they just stared at each other."
conv_c7f16c31-e264-4ad6-8a72-7c626fa0cac0,6,17,"Lucy felt her heart skip a beat, and out of nervousness hesitated before approaching the wondrous girl."
conv_c7f16c31-e264-4ad6-8a72-7c626fa0cac0,7,35,"She looked at Cat, who seemed to sense her uncertainty, and gave her a gentle nudge, as if encouraging her to take a step forward, and with newfound courage, Lucy walked up to the brunette."
conv_c7f16c31-e264-4ad6-8a72-7c626fa0cac0,8,7,"The girl smiled softly and said ""hi."""
conv_c7f16c31-e264-4ad6-8a72-7c626fa0cac0,9,5,"Stammering, Lucy returned the greeting."
conv_c7f16c31-e264-4ad6-8a72-7c626fa0cac0,10,6,"""I'm Lea,"" the girl told her."
conv_c7f16c31-e264-4ad6-8a72-7c626fa0cac0,11,3,"""Lea,"" Lucy repeated."
conv_c7f16c31-e264-4ad6-8a72-7c626fa0cac0,12,36,"She wanted to keep saying the name, as if the sound of it was music to her ears, and Lea's smile grew wider, her eyes crinkling at the corners, and she asked, ""what brings you here?"""
conv_c7f16c31-e264-4ad6-8a72-7c626fa0cac0,13,8,"""I'm just a traveler passing through,"" Lucy responded."
conv_c7f16c31-e264-4ad6-8a72-7c626fa0cac0,14,50,"Mustering up her courage she added: ""but I think I have time for a coffee date before continuing my journey,"" she said, her heart racing with excitement, and Lea's eyes sparkled with interest as she nodded, saying ""I'd love to grab a coffee with such an interesting lady as you."""
conv_c7f16c31-e264-4ad6-8a72-7c626fa0cac0,15,18,Lea reached out her hand to grab Lucy by the wrist and hoist herself up from the bench.
conv_c7f16c31-e264-4ad6-8a72-7c626fa0cac0,16,35,"""You lead the way, honey,"" Lucy told her, and Lea's fingers intertwined with hers, sending shivers down Lucy's spine, and with Cat trotting alongside them, they walked hand in hand towards a quaint coffee shop."
conv_c7f16c31-e264-4ad6-8a72-7c626fa0cac0,17,18,It was lying in a corner and looked a little worn down with plants growing up the walls.
conv_c7f16c31-e264-4ad6-8a72-7c626fa0cac0,18,47,"As they went inside, a cozy little shop was revealed to them, with comfortable armchairs and the aroma of freshly brewed coffee filling the air, and the barista, a friendly woman with a warm smile, greeted them, saying ""My, my what beautiful young ladies we've got here."
conv_c7f16c31-e264-4ad6-8a72-7c626fa0cac0,19,1,"Welcome."""
conv_c7f16c31-e264-4ad6-8a72-7c626fa0cac0,20,16,"Greeting the owner, Lea led Lucy to a table by the window before ordering the coffee."
conv_c7f16c31-e264-4ad6-8a72-7c626fa0cac0,21,32,"Lucy sat admiring the way the sunlight filtered through the plants outside, casting dappled shadows on Lea's face, and she felt a sense of calm wash over her, as if she had"
conv_ccb90f8d-d4bb-406e-83e9-b91ac0615cac,0,11,"Dana, living her best life and trying to get it right."
conv_ccb90f8d-d4bb-406e-83e9-b91ac0615cac,1,12,"Right or wrong, had always been at the core of her choices."
conv_ccb90f8d-d4bb-406e-83e9-b91ac0615cac,2,12,"It probably came from her parents, from a childhood of debates, empathy."
conv_ccb90f8d-d4bb-406e-83e9-b91ac0615cac,3,2,and understanding.
conv_ccb90f8d-d4bb-406e-83e9-b91ac0615cac,4,19,"Her parents had instilled in her a strong sense of morality, but also the flexibility to see different perspectives."
conv_ccb90f8d-d4bb-406e-83e9-b91ac0615cac,5,14,"As she grew older, Dana found herself navigating the landscape of happiness and self-worth."
conv_ccb90f8d-d4bb-406e-83e9-b91ac0615cac,6,5,She had so many choices.
conv_ccb90f8d-d4bb-406e-83e9-b91ac0615cac,7,7,The world was really at her feet.
conv_ccb90f8d-d4bb-406e-83e9-b91ac0615cac,8,19,"She could travel, do her master's in Australia and she had met so many interesting people along the way."
conv_ccb90f8d-d4bb-406e-83e9-b91ac0615cac,9,15,"Each encounter seemed to open new doors, and Dana relished the feeling of endless possibilities."
conv_ccb90f8d-d4bb-406e-83e9-b91ac0615cac,10,15,"Yet, despite the excitement, a small part of her wondered is this the right step?"
conv_ccb90f8d-d4bb-406e-83e9-b91ac0615cac,11,4,Do I move away?
conv_ccb90f8d-d4bb-406e-83e9-b91ac0615cac,12,15,"She wanted it all and that meant a top job, the big love and marriage."
conv_ccb90f8d-d4bb-406e-83e9-b91ac0615cac,13,23,She also wanted to be close to her parents and now her mum just called with news that her father wasn't feeling well.
conv_ccb90f8d-d4bb-406e-83e9-b91ac0615cac,14,15,The phone call left Dana with a heavy heart and a tangled web of emotions.
conv_ccb90f8d-d4bb-406e-83e9-b91ac0615cac,15,10,"She paced her small apartment, the city lights flick flickered."
conv_ccb90f8d-d4bb-406e-83e9-b91ac0615cac,16,5,She had to go home.
conv_ccb90f8d-d4bb-406e-83e9-b91ac0615cac,17,9,Next thing she knew she had booked the flight.
conv_ccb90f8d-d4bb-406e-83e9-b91ac0615cac,18,4,It was pure instinct.
conv_ccb90f8d-d4bb-406e-83e9-b91ac0615cac,19,7,He had lost so much weight lately.
conv_ccb90f8d-d4bb-406e-83e9-b91ac0615cac,20,6,The doctors must have missed something.
conv_ccb90f8d-d4bb-406e-83e9-b91ac0615cac,21,15,It comes a time when the world of possibilities narrows down to one essential choice.
conv_ccb90f8d-d4bb-406e-83e9-b91ac0615cac,22,16,"Dana’s mind raced with thoughts of her father, the man who had always been her rock."
conv_ccb90f8d-d4bb-406e-83e9-b91ac0615cac,23,9,As the months passed by the struggle was encompassing.
conv_ccb90f8d-d4bb-406e-83e9-b91ac0615cac,24,8,It shaped her in ways she never imagined.
conv_ccb90f8d-d4bb-406e-83e9-b91ac0615cac,25,4,It also created fears.
conv_ccb90f8d-d4bb-406e-83e9-b91ac0615cac,26,3,Fears of loss.
conv_ccb90f8d-d4bb-406e-83e9-b91ac0615cac,27,18,"As she kept positive and was everyone's rock, she felt the weight of responsibility pressing down on her."
conv_ccb90f8d-d4bb-406e-83e9-b91ac0615cac,28,12,"But amidst the turmoil, Dana discovered a reservoir of strength within herself."
conv_ccb90f8d-d4bb-406e-83e9-b91ac0615cac,29,17,"She realized that being there for her family, especially her father was her single most important task."
conv_ccb90f8d-d4bb-406e-83e9-b91ac0615cac,30,25,"To do everything right and to say all the right things to him now, was crucial, because this was the only time they would have."
conv_ccb90f8d-d4bb-406e-83e9-b91ac0615cac,31,9,"Time was slipping away, and every moment became precious."
conv_ccb90f8d-d4bb-406e-83e9-b91ac0615cac,32,16,"Dana learned to cherish the small victories, the quiet conversations, and the simple acts of love."
conv_ccb90f8d-d4bb-406e-83e9-b91ac0615cac,33,8,"In those moments, she found a deeper meaning."
conv_ccb90f8d-d4bb-406e-83e9-b91ac0615cac,34,17,"But as she left the hospital and when she was alone, thoughts of fear echoed within her."
conv_ccb90f8d-d4bb-406e-83e9-b91ac0615cac,35,9,Should she have to continue life without her father?
conv_ccb90f8d-d4bb-406e-83e9-b91ac0615cac,36,15,"Should he not be there to see all her achievements, her milestones, her own children?"
conv_ccb90f8d-d4bb-406e-83e9-b91ac0615cac,37,28,"The idea of moving forward without him was daunting, but Dana knew that her father would want her to live fully, to embrace life with all its struggles."
conv_ccb90f8d-d4bb-406e-83e9-b91ac0615cac,38,10,He had lost his father at the age of six.
conv_ccb90f8d-d4bb-406e-83e9-b91ac0615cac,39,5,It was a car accident.
conv_ccb90f8d-d4bb-406e-83e9-b91ac0615cac,40,4,A hit and run.
conv_ccb90f8d-d4bb-406e-83e9-b91ac0615cac,41,3,It shaped him.
conv_ccb90f8d-d4bb-406e-83e9-b91ac0615cac,42,13,He often talked about being the man in the family from early on.
conv_ccb90f8d-d4bb-406e-83e9-b91ac0615cac,43,15,"Dana remembered those stories, the way he spoke with a mix of sadness and pride."
conv_ccb90f8d-d4bb-406e-83e9-b91ac0615cac,44,16,"His resilience had always inspired her, and now it was her turn to carry that burden."
conv_ccb90f8d-d4bb-406e-83e9-b91ac0615cac,45,5,Fast forward ten years later.
conv_ccb90f8d-d4bb-406e-83e9-b91ac0615cac,46,9,She compared all men she dated to her dad.
conv_ccb90f8d-d4bb-406e-83e9-b91ac0615cac,47,6,Who would actually be good enough?
conv_ccb90f8d-d4bb-406e-83e9-b91ac0615cac,48,8,She was on her way to a date.
conv_ccb90f8d-d4bb-406e-83e9-b91ac0615cac,49,19,"He was a visiting professor from Australia, and she couldn’t help but feel a mix of excitement and nervousness."
conv_ccb90f8d-d4bb-406e-83e9-b91ac0615cac,50,17,"As she walked through the bustling streets of the city, Dana reflected on how far she had"
conv_d87daedd-9490-4de9-8d2a-d33777567187,0,19,"Elena, a young woman who lived in a small village nestled at the foot of the vast, misty mountains."
conv_d87daedd-9490-4de9-8d2a-d33777567187,1,12,Elena was known for her curiosity and her deep love for humans.
conv_d87daedd-9490-4de9-8d2a-d33777567187,2,9,One day an unknown man came to the village.
conv_d87daedd-9490-4de9-8d2a-d33777567187,3,22,"Elena's mom told her that she was not allowed to neither speak nor go near him, warning that strangers often brought trouble."
conv_d87daedd-9490-4de9-8d2a-d33777567187,4,16,"Despite her curiosity, Elena heeded her mother’s advice, but the man’s presence lingered in her thoughts."
conv_d87daedd-9490-4de9-8d2a-d33777567187,5,5,She couldn't keep her distance.
conv_d87daedd-9490-4de9-8d2a-d33777567187,6,14,"An afternoon when her mother was taking a nap, Elena looked out the window."
conv_d87daedd-9490-4de9-8d2a-d33777567187,7,20,"To her surprise the man was standing right outside her house, gazing up at her window with a knowing smile."
conv_d87daedd-9490-4de9-8d2a-d33777567187,8,10,"Heart pounding, she stepped back, but it was too late."
conv_d87daedd-9490-4de9-8d2a-d33777567187,9,8,"He waved, beckoning her to return the gesture."
conv_d87daedd-9490-4de9-8d2a-d33777567187,10,15,"Although she was a little bit frightened, she was brave enough to open the door."
conv_d87daedd-9490-4de9-8d2a-d33777567187,11,16,Just before walking out the door she quietly made a promise to herself to be cautious.
conv_d87daedd-9490-4de9-8d2a-d33777567187,12,20,"She stepped outside, closing the door softly behind her, and approached the man with a mix of curiosity and apprehension."
conv_d87daedd-9490-4de9-8d2a-d33777567187,13,4,"""Hello,"" He was handsome."
conv_d87daedd-9490-4de9-8d2a-d33777567187,14,7,He had emerald-green eyes and brown hair.
conv_d87daedd-9490-4de9-8d2a-d33777567187,15,7,"He was taller than her, way taller."
conv_d87daedd-9490-4de9-8d2a-d33777567187,16,14,Elena couldn't help but notice how his eyes seemed to sparkle in the sunlight.
conv_d87daedd-9490-4de9-8d2a-d33777567187,17,11,"""You must be Elena,"" he said, his voice warm and gentle."
conv_d87daedd-9490-4de9-8d2a-d33777567187,18,6,"""I’ve been hoping to meet you."
conv_d87daedd-9490-4de9-8d2a-d33777567187,19,7,I have heard so much about you.
conv_d87daedd-9490-4de9-8d2a-d33777567187,20,5,"Only good thing of course."""
conv_d87daedd-9490-4de9-8d2a-d33777567187,21,16,"Elena blushed, she was not used to compliments and definitely not to this level of attention."
conv_d87daedd-9490-4de9-8d2a-d33777567187,22,9,"""My name is Liam,"" he continued, extending a hand."
conv_d87daedd-9490-4de9-8d2a-d33777567187,23,16,"""I’m just passing through, but I couldn’t help but stop when I noticed your beautiful smile."""
conv_d87daedd-9490-4de9-8d2a-d33777567187,24,6,"""Is that really so?"" said Elena."
conv_d87daedd-9490-4de9-8d2a-d33777567187,25,20,"""I bet you say that to all the women you meet,"" she teased, a playful smile forming on her lips."
conv_d87daedd-9490-4de9-8d2a-d33777567187,26,12,"Liam laughed, a deep, genuine laugh that made her feel at ease."
conv_d87daedd-9490-4de9-8d2a-d33777567187,27,8,"""Only to the ones who catch my eye."
conv_d87daedd-9490-4de9-8d2a-d33777567187,28,8,"And particularly girls who have been avoiding me."""
conv_d87daedd-9490-4de9-8d2a-d33777567187,29,3,"""No I haven't."""
conv_d87daedd-9490-4de9-8d2a-d33777567187,30,2,she said.
conv_d87daedd-9490-4de9-8d2a-d33777567187,31,21,"""I have just been busy with taking care of my mother,"" Elena replied, her cheeks flushing a deeper shade of red."
conv_d87daedd-9490-4de9-8d2a-d33777567187,32,12,"""But now that you mention it, why are you really here, Liam?"""
conv_d87daedd-9490-4de9-8d2a-d33777567187,33,12,She folded her arms while having an unimpressed expression on her face.
conv_d87daedd-9490-4de9-8d2a-d33777567187,34,9,"""You won't believe me when I tell you this"
conv_d87daedd-9490-4de9-8d2a-d33777567187,35,4,but I'm a prince
conv_d87daedd-9490-4de9-8d2a-d33777567187,36,8,"and I'm looking for a wife,"" Liam told."
conv_d87daedd-9490-4de9-8d2a-d33777567187,37,9,"her, his eyes twinkling with a hint of mischief."
conv_d87daedd-9490-4de9-8d2a-d33777567187,38,2,"""A prince?"
conv_d87daedd-9490-4de9-8d2a-d33777567187,39,1,"Really?"""
conv_d87daedd-9490-4de9-8d2a-d33777567187,40,16,"Elena raised an eyebrow, trying to decide if he was serious or just a skilled storyt"
conv_da1c7ee9-2479-4f47-94bc-db9161a6e88c,0,8,What does it mean to be an in-law?
conv_da1c7ee9-2479-4f47-94bc-db9161a6e88c,1,30,"I know this term so well, yet as I leave the apartment of my son and daughter-in-law the term in-law has gained new depth and layers I hadn't considered before."
conv_da1c7ee9-2479-4f47-94bc-db9161a6e88c,2,18,"The door closes softly behind me, and I take a moment to breathe in the cool evening air."
conv_da1c7ee9-2479-4f47-94bc-db9161a6e88c,3,28,"The city around me buzzes During my visit, my daughter-in-law didn't leave the bedroom to say hello or explain why she decided to stay in their bedroom throughout."
conv_da1c7ee9-2479-4f47-94bc-db9161a6e88c,4,3,the entire visit.
conv_da1c7ee9-2479-4f47-94bc-db9161a6e88c,5,14,I can't help but wonder about the tension that must be lingering between them.
conv_da1c7ee9-2479-4f47-94bc-db9161a6e88c,6,15,"My son, usually so talkative, was unusually quiet, his eyes often looking at the door."
conv_da1c7ee9-2479-4f47-94bc-db9161a6e88c,7,31,"But as I stand in the busy street, I realize that it may not be their relationship which is tense, but mine own expectations and assumptions that are causing the discomfort."
conv_da1c7ee9-2479-4f47-94bc-db9161a6e88c,8,12,Perhaps I've been projecting my own fears and insecurities onto their dynamic.
conv_da1c7ee9-2479-4f47-94bc-db9161a6e88c,9,28,"As I start walking towards the bus stop, I get more annoyed with this AI, which turns the narrative into a story about relationships between the young couple."
conv_da1c7ee9-2479-4f47-94bc-db9161a6e88c,10,31,"I want this story to be about the broader implications of being an in-law, the subtle shifts in family dynamics, and the personal growth that comes from navigating these complex relationships."
conv_da1c7ee9-2479-4f47-94bc-db9161a6e88c,11,30,"As I walk, I reflect on personal growth and do not necessarily agree with this AI, which always seeks to identify the positive aspects and is focused on silver linings."
conv_da1c7ee9-2479-4f47-94bc-db9161a6e88c,12,14,Life isn't always about finding the positive; sometimes it's about acknowledging the difficult realities.
conv_da1c7ee9-2479-4f47-94bc-db9161a6e88c,13,15,The silence and distance between my son and daughter-in-law are again misunderstood by this AI.
conv_da1c7ee9-2479-4f47-94bc-db9161a6e88c,14,17,"The silence and distance are not between my son and daughter-in-law, but between my son and me."
conv_da1c7ee9-2479-4f47-94bc-db9161a6e88c,15,15,It dawns on me that perhaps the real issue lies in our communication—or lack thereof.
conv_da1c7ee9-2479-4f47-94bc-db9161a6e88c,16,16,"I've always prided myself on being understanding and supportive, but here I navigate in a fog."
conv_da1c7ee9-2479-4f47-94bc-db9161a6e88c,17,9,Will it help to articulate my sorrow to them?
conv_da1c7ee9-2479-4f47-94bc-db9161a6e88c,18,21,Or should I simply accept the silence and find ways to connect with my son and his family on their terms?
conv_da1c7ee9-2479-4f47-94bc-db9161a6e88c,19,31,"The answer isn't clear, but I know that this journey of being an in-law is more about listening and understanding than it is being assertive and expressing yourself in strong words."
conv_da1c7ee9-2479-4f47-94bc-db9161a6e88c,20,18,I need to think creatively about the silence and see it as a space for growth and reflection.
conv_da1c7ee9-2479-4f47-94bc-db9161a6e88c,21,18,Perhaps the silence is not a wall but an invitation to find new ways to communicate and connect.
conv_da1c7ee9-2479-4f47-94bc-db9161a6e88c,22,14,"With this thought, I feel a glimmer of of annoyance with this AI again."
conv_da1c7ee9-2479-4f47-94bc-db9161a6e88c,23,7,Why all this speak about personal growth?
conv_da1c7ee9-2479-4f47-94bc-db9161a6e88c,24,14,"I'm not interested in personal growth, but in actions that can mend the silence."
conv_da1c7ee9-2479-4f47-94bc-db9161a6e88c,25,27,"As I turn the corner, I decide that my next step will be to reach out, not with words of advice or expectation, but with a simple"
conv_e335739c-0072-4945-8fe4-457a04c0997b,0,15,Once upon a time there was a small ant living in the very big forest.
conv_e335739c-0072-4945-8fe4-457a04c0997b,1,11,Every morning it would hear seven dwarfs singing on their ways.
conv_e335739c-0072-4945-8fe4-457a04c0997b,2,22,"to the diamond mine, their joyful voices echoing through the trees as they marched in unison, their pickaxes slung over their shoulders."
conv_e335739c-0072-4945-8fe4-457a04c0997b,3,13,"The ant, whose name was Annie did not enjoy the singing at all."
conv_e335739c-0072-4945-8fe4-457a04c0997b,4,41,"So one day, when an old, crooked witch came through the forest with a poisoned apple, Annie decided to approach the witch and strike up a conversation, hoping to find a way to put an end to the dwarves' morning serenades."
conv_e335739c-0072-4945-8fe4-457a04c0997b,5,19,"The witch, whose name was The Evil Queen took pity in Annie's situation as she was appalled by song."
conv_e335739c-0072-4945-8fe4-457a04c0997b,6,38,"But before they made their deal the clock struck midnight, and the forest was suddenly bathed in a soft, lunar glow, as a beautiful princess named Cinderella appeared from the shadows, her glass slipper sparkling in the moonlight."
conv_e335739c-0072-4945-8fe4-457a04c0997b,7,9,The Witch screamed as the reflected light blinded her.
conv_e335739c-0072-4945-8fe4-457a04c0997b,8,16,And she stumbled backwards where she was caught by a mighty prince who instantly fell in.
conv_e335739c-0072-4945-8fe4-457a04c0997b,9,38,"love with the princess, but not before the Witch, still dazed from the light, inadvertently dropped the poisoned apple, which rolled towards the dwarves' diamond mine, coming to a stop only when being impaled by a sharp rock."
conv_e335739c-0072-4945-8fe4-457a04c0997b,10,55,"There it sat as a head on a pike until it decomposed and from its seed sprouted a poisoned tree, its twisted branches reaching towards the sky like skeletal fingers, casting a dark and ominous shadow over the forest floor, and filling the air with a noxious scent that wa s surprisingly sweet and fresh."
conv_e335739c-0072-4945-8fe4-457a04c0997b,11,15,"To every person, it smelled differently; it smelled like people's favorite sweets, their grandma's pie."
conv_e335739c-0072-4945-8fe4-457a04c0997b,12,33,"or the scent of freshly baked cookies, and it had a profound effect on those who caught a whiff of its aroma, transporting them back to a time and place of happy memories."
conv_e335739c-0072-4945-8fe4-457a04c0997b,13,26,It made humans salivate like dogs and the tree lured to it many a good man and woman to bite the forbidden fruit of poisonous delight.
conv_e335739c-0072-4945-8fe4-457a04c0997b,14,34,"But little did they know, the fruit's sweetness came at a terrible cost, for with each bite, the consumer's memories of the past began to fade away, replaced by memories of falsehood and deceit."
conv_e335739c-0072-4945-8fe4-457a04c0997b,15,19,They remembered a blissful past that had never been and they longed for a happiness they had never had.
conv_e335739c-0072-4945-8fe4-457a04c0997b,16,54,"Most became trapped in this false nostalgia, forever chasing the ghosts of a nonexistent happiness, and the tree, now a symbol of corrupted bliss, stood tall and proud, its branches heavy with the fruit it bore, apples as red as blood, with meat as white as snow and a core as black as ebony."
conv_e335739c-0072-4945-8fe4-457a04c0997b,17,38,"And where its fruit fell from the tree, a dark and mysterious pool began to form, its waters reflecting the twisted beauty of the tree, and it was said that on certain nights, when the moon was full"
conv_e73d720a-ff86-4c9b-b988-d6cc879215d9,0,9,a lighthouse keeper who stopped believing in the sea.
conv_e73d720a-ff86-4c9b-b988-d6cc879215d9,1,9,"It happened on a Tuesday morning, ordinary as toast."
conv_e73d720a-ff86-4c9b-b988-d6cc879215d9,2,14,Maris had climbed the spiral all the way to the top of the lighthouse.
conv_e73d720a-ff86-4c9b-b988-d6cc879215d9,3,8,and saw that the sea was completely empty.
conv_e73d720a-ff86-4c9b-b988-d6cc879215d9,4,8,He quickly rubbed his eyes and looked again.
conv_e73d720a-ff86-4c9b-b988-d6cc879215d9,5,1,Nothing.
conv_e73d720a-ff86-4c9b-b988-d6cc879215d9,6,29,"Where grey waves should have rolled endlessly toward the horizon, there was only flat, cracked earth stretching into the distance and numerous dead fish lying on the dry sand."
conv_e73d720a-ff86-4c9b-b988-d6cc879215d9,7,18,Even boats were stranded far away although the sailors on board did not seem to notice anything wrong.
conv_e73d720a-ff86-4c9b-b988-d6cc879215d9,8,20,"Through his brass telescope, Maris could see them going about their morning routines—swabbing decks, adjusting rigging and cooking scrambled eggs."
conv_e73d720a-ff86-4c9b-b988-d6cc879215d9,9,17,That reminded Maris to go collect eggs from his own chickens once he finished his morning watch.
conv_e73d720a-ff86-4c9b-b988-d6cc879215d9,10,6,But the absurdity gnawed at him.
conv_e73d720a-ff86-4c9b-b988-d6cc879215d9,11,6,How could those sailors not see?
conv_e73d720a-ff86-4c9b-b988-d6cc879215d9,12,9,"He shouted from the lighthouse gallery, his voice swallowe"
conv_e73d720a-ff86-4c9b-b988-d6cc879215d9,13,17,but they just looked at him like he was a crazy delusional man shouting nonsense at them.
conv_e73d720a-ff86-4c9b-b988-d6cc879215d9,14,6,Maybe Maris was the delusional one.
conv_e73d720a-ff86-4c9b-b988-d6cc879215d9,15,12,"He descended the spiral stairs slowly, gripping the iron rail, questioning everything."
conv_e73d720a-ff86-4c9b-b988-d6cc879215d9,16,6,Had there ever been a sea?
conv_e73d720a-ff86-4c9b-b988-d6cc879215d9,17,3,His logbooks said
conv_e73d720a-ff86-4c9b-b988-d6cc879215d9,18,6,yes but his eyes said no.
conv_e73d720a-ff86-4c9b-b988-d6cc879215d9,19,15,He went down to the shore to see if he could touch the bare earth.
conv_e73d720a-ff86-4c9b-b988-d6cc879215d9,20,12,If he can do that then it would prove he wasn't mad.
conv_e73d720a-ff86-4c9b-b988-d6cc879215d9,21,10,His boots crunched across what should have been wet sand.
conv_e73d720a-ff86-4c9b-b988-d6cc879215d9,22,10,The dead fish were real enough—he could smell their rot.
conv_e73d720a-ff86-4c9b-b988-d6cc879215d9,23,17,He approached what was once the sea he would spend so many days a year staring at.
conv_e73d720a-ff86-4c9b-b988-d6cc879215d9,24,11,"Suddenly, the lock on the lighthouse door behind him rattled violently."
conv_e73d720a-ff86-4c9b-b988-d6cc879215d9,25,3,Maris spun around.
conv_e73d720a-ff86-4c9b-b988-d6cc879215d9,26,15,"A woman in a grey coat stood there, key in hand, as if she owne"
conv_e73d720a-ff86-4c9b-b988-d6cc879215d9,27,3,d the lighthouse.
conv_e73d720a-ff86-4c9b-b988-d6cc879215d9,28,9,But Maris had been the owner for many years.
conv_e73d720a-ff86-4c9b-b988-d6cc879215d9,29,11,She comes up to him and asks him who he is.
conv_e73d720a-ff86-4c9b-b988-d6cc879215d9,30,3,How dare she?
conv_e73d720a-ff86-4c9b-b988-d6cc879215d9,31,13,"""I'm the keeper here,"" Maris said, his voice thin against the strange stillness."
conv_e73d720a-ff86-4c9b-b988-d6cc879215d9,32,5,"""Have been for fifteen years."""
conv_e73d720a-ff86-4c9b-b988-d6cc879215d9,33,19,The woman til tipped her head and looked at Maris with a not so convinced look in her eyes.
conv_e73d720a-ff86-4c9b-b988-d6cc879215d9,34,8,"""No, I am the owner,"" she said softly."
conv_e73d720a-ff86-4c9b-b988-d6cc879215d9,35,11,"""Have been since my father died and left it to me."
conv_e73d720a-ff86-4c9b-b988-d6cc879215d9,36,3,"Three years now."""
conv_e73d720a-ff86-4c9b-b988-d6cc879215d9,37,6,She gestured toward the cracked earth.
conv_e73d720a-ff86-4c9b-b988-d6cc879215d9,38,3,"""And the sea's"
conv_f5028a6e-05a3-4757-84d0-491a6f400c24,0,19,"a young girl named Ava, who lived in a small, seaside town surrounded by rugged cliffs and mysterious caves."
conv_f5028a6e-05a3-4757-84d0-491a6f400c24,1,19,"The town was called Ravenswood, and it was a place where everybody kept to themselves and did their jobs."
conv_f5028a6e-05a3-4757-84d0-491a6f400c24,2,18,"There was an unspoken rule never to venture into the caves, which nobody seemed to even think about."
conv_f5028a6e-05a3-4757-84d0-491a6f400c24,3,26,"except for Ava, who had always been drawn to the dark and ominous entrances that yawned open like empty mouths in the sides of the cliffs."
conv_f5028a6e-05a3-4757-84d0-491a6f400c24,4,16,"She would often find herself staring into the abyss, dreaming, wondering about what the caves contained."
conv_f5028a6e-05a3-4757-84d0-491a6f400c24,5,40,"Her mother had warned her, demanded she never strayed from the narrow, winding streets of Ravenswood, where the smell of salt and fish filled the air, and the sound of gulls crying overhead was a constant reminder of the sea"
conv_f5028a6e-05a3-4757-84d0-491a6f400c24,6,6,"Still, she yearned for the mines."
conv_f5028a6e-05a3-4757-84d0-491a6f400c24,7,10,"A deep, boundless whisper pulled her towards uncertainty and mystery."
conv_f5028a6e-05a3-4757-84d0-491a6f400c24,8,41,"Her world had always been limited to the valley, where the same faces and routines had become as familiar as the rhythms of the tide, and yet, the thrill of the unknown beckoned to her, a siren's call tearing him apart."
conv_f5028a6e-05a3-4757-84d0-491a6f400c24,9,13,"One day, a day no different from any other, she made a choice."
conv_f5028a6e-05a3-4757-84d0-491a6f400c24,10,6,She strayed from the well-worn path.
conv_f5028a6e-05a3-4757-84d0-491a6f400c24,11,44,"She lit a torch and stepped into the darkness of the cave, the flame casting eerie shadows on the walls as she descended deeper into the earth, the air growing colder and damper with each step, until she was faced with a new complication."
conv_f5028a6e-05a3-4757-84d0-491a6f400c24,12,2,Two tunnels.
conv_f5028a6e-05a3-4757-84d0-491a6f400c24,13,9,Ava decided today was not the day to ponder.
conv_f5028a6e-05a3-4757-84d0-491a6f400c24,14,3,She went left.
conv_f5028a6e-05a3-4757-84d0-491a6f400c24,15,40,"Soon, light started appearing ahead, and as she emerged from the tunnel, she found herself at the edge of a vast underground chamber, the ceiling lost in darkness, and the walls lined with glittering crystals that somehow illuminated everything completely."
conv_f5028a6e-05a3-4757-84d0-491a6f400c24,16,5,"""I- I'm rich..."" muttered Ava."
conv_f5028a6e-05a3-4757-84d0-491a6f400c24,17,14,"She sent up to the wall, put her hand against the crystal, and pulled."
conv_f5028a6e-05a3-4757-84d0-491a6f400c24,18,33,"Somebody grabbed her arm, pulling her back, and Ava spun around, startled, to face a figure she had never seen before - a woman with long, curly brown hair and ragged, torn clothes."
conv_f5028a6e-05a3-4757-84d0-491a6f400c24,19,4,"""STOP!"" yelled the figure."
conv_f5028a6e-05a3-4757-84d0-491a6f400c24,20,9,"""What in God's name do you think you're doing?"
conv_f5028a6e-05a3-4757-84d0-491a6f400c24,21,37,"Never in my youth life have I seen someone so reckless,"" the woman exclaimed, her eyes blazing with a mix of fear and desperation, as she gazed at Ava with a piercing intensity, her hearts pounding audible."
conv_f5028a6e-05a3-4757-84d0-491a6f400c24,22,20,"Ave looked around, and saw a little head peeking past a wall, a silhouette looking to be half her height."
conv_f5028a6e-05a3-4757-84d0-491a6f400c24,23,28,"Somebody small and fragile, with eyes that shone like sparks in the crystal light, and as Ava's gaze met the child's, the woman's grip on her arm tightened,"
conv_fe95c724-f91e-4a17-8400-9bfbdf9218ec,0,12,"two old friends, Ezra and Clara, who had been inseparable since childhood."
conv_fe95c724-f91e-4a17-8400-9bfbdf9218ec,1,47,"They grew up in a small town nestled between towering mountains and a sparkling My baby sister likes to think that the critters all have feelings, and that they’re living some happy lives with tea and cookies in a cozy little village hidden deep within the woods."
conv_fe95c724-f91e-4a17-8400-9bfbdf9218ec,2,22,"She often tells me about her adventures there, where she visits her favorite rabbit, Mr. Whiskers, and the wise fluffy baby bunnies."
conv_fe95c724-f91e-4a17-8400-9bfbdf9218ec,3,5,"She’s ten, and therefore wrong."
conv_fe95c724-f91e-4a17-8400-9bfbdf9218ec,4,6,"See, I’ve dealt with rabbits before."
conv_fe95c724-f91e-4a17-8400-9bfbdf9218ec,5,17,"Those bastards are always hopping around, just out of reach, and they never seem to stop multiplying."
conv_fe95c724-f91e-4a17-8400-9bfbdf9218ec,6,19,"But Clara, my sister, has this way of making even the most skeptical of us believe in something magical."
conv_fe95c724-f91e-4a17-8400-9bfbdf9218ec,7,9,"One day, they pop up each spring in droves."
conv_fe95c724-f91e-4a17-8400-9bfbdf9218ec,8,18,"Usually a trap and a couple of bullets will run them off, but they’re particularly persistent this year."
conv_fe95c724-f91e-4a17-8400-9bfbdf9218ec,9,9,Ezra and I decided to take a different approach.
conv_fe95c724-f91e-4a17-8400-9bfbdf9218ec,10,42,"We set out to explore the woods where Clara’s imaginary village was supposed to be, hoping to find a My baby sister got sad when she poked at her stew and found it tender and sweet, as only rabbit meat can be."
conv_fe95c724-f91e-4a17-8400-9bfbdf9218ec,11,18,"She got even sadder when I gave her a look that said, ""This is how it is, kid."""
conv_fe95c724-f91e-4a17-8400-9bfbdf9218ec,12,5,"But then, something unexpected happened."
conv_fe95c724-f91e-4a17-8400-9bfbdf9218ec,13,14,"As we were walking through the woods, we stumbled upon a clearing A house."
conv_fe95c724-f91e-4a17-8400-9bfbdf9218ec,14,18,It sits above the washbasin and is grimy from the steam baths that my sister insists on taking.
conv_fe95c724-f91e-4a17-8400-9bfbdf9218ec,15,17,"Through the rust, my arms look more defined, but the scene in the clearing stole my attention."
conv_fe95c724-f91e-4a17-8400-9bfbdf9218ec,16,25,"There, amidst the dappled sunlight and the soft rustle of leaves, stood a tiny, perfectly proportion The neighbors all say that the dust will pass."
conv_fe95c724-f91e-4a17-8400-9bfbdf9218ec,17,10,"It’s come before and it left before, never this much"
conv_fe95c724-f91e-4a17-8400-9bfbdf9218ec,18,5,but that’s to be expected.
conv_fe95c724-f91e-4a17-8400-9bfbdf9218ec,19,7,We just gotta look after our own.
conv_fe95c724-f91e-4a17-8400-9bfbdf9218ec,20,24,"But as Ezra and I stood there, the dust seemed to settle around us, almost as if the world itself was holding its breath."
conv_fe95c724-f91e-4a17-8400-9bfbdf9218ec,21,21,"The tiny, whimsical village Little Bessie and I go into town the next day on our real Bessie, Hera the cow."
conv_fe95c724-f91e-4a17-8400-9bfbdf9218ec,22,4,My sister named her.
conv_fe95c724-f91e-4a17-8400-9bfbdf9218ec,23,19,"I wouldn’t have bothered, but she’s a good cow, and she’s been a faithful companion through many a harvest."
conv_fe95c724-f91e-4a17-8400-9bfbdf9218ec,24,31,"As we made our way through the familiar paths, the town buzzed with its usual life, but there As we ride in, we see the new pop-up shop selling color televisions."
conv_fe95c724-f91e-4a17-8400-9bfbdf9218ec,25,14,"My sister wants one, and I tell her fat chance every time she asks."
conv_fe95c724-f91e-4a17-8400-9bfbdf9218ec,26,11,"But today, there's a different kind of excitement in the air."
conv_fe95c724-f91e-4a17-8400-9bfbdf9218ec,27,16,"The townsfolk are talking about the strange sightings in the woods, whispers of a magical village."
188SQKM20FYzYRFIJ08U,0,5,the great feast in aarhus.
188SQKM20FYzYRFIJ08U,1,21,"Everybody had gathered down at Le Coq for ""Mad og Fad"" where people get a beer and a plate of food."
188SQKM20FYzYRFIJ08U,2,18,Everybody was so excited for what was going to be a long evening with lots of miscellaneous activities.
188SQKM20FYzYRFIJ08U,3,18,Everyone met up at exactly 18 o'clock and greeted everyone happy to celebrate the start of the feast.
188SQKM20FYzYRFIJ08U,4,26,"Some people showed up hammered already and the rest were in the process of getting there with ""Chartreuse on ice"" A delicious trademark of Le coq."
188SQKM20FYzYRFIJ08U,5,25,Then Simon stood up to announce his drop-out from university and that he was going to travel to every single country in the next year.
188SQKM20FYzYRFIJ08U,6,8,Everybody was surprised but very excited for him.
188SQKM20FYzYRFIJ08U,7,2,They cheered.
188SQKM20FYzYRFIJ08U,8,14,He then also told that he was gonna do so in an 18 ft.
188SQKM20FYzYRFIJ08U,9,3,People were shocked.
188SQKM20FYzYRFIJ08U,10,6,He was in for a ride.
188SQKM20FYzYRFIJ08U,11,10,"Or as some would say, ""the time of his life."""
188SQKM20FYzYRFIJ08U,12,20,They were actually all almost at the end of their studies and started planning trips according to his travel route.
188SQKM20FYzYRFIJ08U,13,31,People loved the idea of sailing and in a matter of hours one of his friends had also bought a boat from DBA which he was gonna follow him along in.
188SQKM20FYzYRFIJ08U,14,4,And more friends joined.
188SQKM20FYzYRFIJ08U,15,28,"They had actually planned out all of their next year in a matter of minutes, maybe with a little bit of alcoholic fuel but the plan is standing."
188SQKM20FYzYRFIJ08U,16,10,Next they will be meeting to draw the route on.
188SQKM20FYzYRFIJ08U,17,4,"On was saying ""Greenland!"
188SQKM20FYzYRFIJ08U,18,5,"We need to save them!""."
188SQKM20FYzYRFIJ08U,19,8,"Another yelled out ""CUBA I want cheap cigars."""
188SQKM20FYzYRFIJ08U,20,2,"Another ""Russia!"
188SQKM20FYzYRFIJ08U,21,3,"I want vodka!""."
188SQKM20FYzYRFIJ08U,22,23,But then Anne fell down head first from the table after dancing ecstatically and losing the balance after twirling 20 times at once.
188SQKM20FYzYRFIJ08U,23,14,"No one was able to catch her, so she landed on the wooden floor."
188SQKM20FYzYRFIJ08U,24,10,Luckily nothing happened to her so that party kept going.
188SQKM20FYzYRFIJ08U,25,16,The room was electric and people were throwing dance moves that were unknown to mankind almost.
188SQKM20FYzYRFIJ08U,26,5,taking off through the ceiling.
188SQKM20FYzYRFIJ08U,27,21,"After a couple of hours of dancing, they left the party and started heading towards the harbour to continue their adventure."
188SQKM20FYzYRFIJ08U,28,12,But it was totally dark and people were not walking straight anymore.
188SQKM20FYzYRFIJ08U,29,7,They heard a horn from the waterside.
188SQKM20FYzYRFIJ08U,30,3,"""WHAT WAS THAT?"""
188SQKM20FYzYRFIJ08U,31,14,It was coming closer and closer and somehow didn't seem to get any slower.
188SQKM20FYzYRFIJ08U,32,13,"""OH NO,"" they didn't realize they had walked onto a poorly constructed bridge."
188SQKM20FYzYRFIJ08U,33,10,So they decided to find a boat to jump on.
188SQKM20FYzYRFIJ08U,34,20,They found a small canoe and all of a sudden all 10 of them were sitting on a single one.
188SQKM20FYzYRFIJ08U,35,17,"Some balancing on the tip, others on the back and the rest squeezed into the middle portion."
188SQKM20FYzYRFIJ08U,36,7,They stayed there for the entire night.
188SQKM20FYzYRFIJ08U,37,13,they paddled and paddled and all of a sudden they had reached Sweden.
188SQKM20FYzYRFIJ08U,38,10,A long time dream for Simon had now come true.
188SQKM20FYzYRFIJ08U,39,19,They all decided to watch the sunrise there and then go to the supermarket to buy SMASH for breakfast.
188SQKM20FYzYRFIJ08U,40,7,After they planned on catching a shark.
188SQKM20FYzYRFIJ08U,41,10,they threw out their fishing lines and sat there waiting.
188SQKM20FYzYRFIJ08U,42,7,they waited and waited but nothing happened.
188SQKM20FYzYRFIJ08U,43,15,but they had already planned how they would cook it and marinate it in Jägermeister.
188SQKM20FYzYRFIJ08U,44,28,"Since they couldn't get one until the very late evening, they bought one at the fish market and fried it on the motor of the ship on the"
1jhKtdiCFYhLl4Itr0tM,0,14,"Once upon a time in Hollywood, there were two cats strolling along the pavement."
1jhKtdiCFYhLl4Itr0tM,1,14,Many stars lined the pavement and one looked down at a particularly cosy spot.
1jhKtdiCFYhLl4Itr0tM,2,17,"The cats loved to chill there every morning in the sun, and every evening in the moonlight."
1jhKtdiCFYhLl4Itr0tM,3,27,"Today was a very nice day, the sun reflected in their little whiskers and the palms above them created shadows that danced along but suddenly everything changed."
1jhKtdiCFYhLl4Itr0tM,4,6,Another black cat ran towards them.
1jhKtdiCFYhLl4Itr0tM,5,13,They were unsure if it wanted to play along or if it .
1jhKtdiCFYhLl4Itr0tM,6,18,"The two cats looked at each other, frightened, trying to make out the expression of the black cat."
1jhKtdiCFYhLl4Itr0tM,7,4,Its tail was raised.
1jhKtdiCFYhLl4Itr0tM,8,6,and it looked ready to fight.
1jhKtdiCFYhLl4Itr0tM,9,18,"the two cats didn't want to fight, they just wanted to be happy and have a cozy time."
1jhKtdiCFYhLl4Itr0tM,10,14,"The two cats however, decided that it was time to abandon their peaceful ways."
1jhKtdiCFYhLl4Itr0tM,11,11,"They pulled out their fish-swords, made out of delicious fish skeleton."
1jhKtdiCFYhLl4Itr0tM,12,9,"hmmm tasted so good, and made even better swords."
1jhKtdiCFYhLl4Itr0tM,13,14,Now they were ready to fight more The black cat had also come prepared.
1jhKtdiCFYhLl4Itr0tM,14,19,"Hiding behind its thick fur was a Minecraft diamond pickaxe, made out of, even tastier fish mhhhh so delicious."
1jhKtdiCFYhLl4Itr0tM,15,14,"The more delicious the more dangerous so now the cats were even more frightened,"
1jhKtdiCFYhLl4Itr0tM,16,2,oh no
1jhKtdiCFYhLl4Itr0tM,17,19,"what After an INTENSE staredown, they ran towards each other and their DELICIOUS swords clashed with a powerful clash."
1jhKtdiCFYhLl4Itr0tM,18,25,"The black cat was brave but hadn't thought of the two against one thing, which was kind of stupid because it got so riled up."
1jhKtdiCFYhLl4Itr0tM,19,11,"They continued to fight some more, but they quickly got tired."
1jhKtdiCFYhLl4Itr0tM,20,18,That is when the black cat opened up about why it came with so unfriendly and bad vibes.
1jhKtdiCFYhLl4Itr0tM,21,22,"The black cat was actually just so so so sad to not have another cat to play with, which was very sad."
1jhKtdiCFYhLl4Itr0tM,22,14,"So, they decided to end the war and become play buddies in Hollywood instead."
1jhKtdiCFYhLl4Itr0tM,23,10,They hugged for a bit and then the fun began.
1jhKtdiCFYhLl4Itr0tM,24,1,wow
1jhKtdiCFYhLl4Itr0tM,25,8,so much fun stuff to do in Hollywood.
1jhKtdiCFYhLl4Itr0tM,26,22,"They visited the big sign, ran all the way to Katy Perry's mansion to play with her and all her other cats."
1jhKtdiCFYhLl4Itr0tM,27,6,It was such a fun time
1jhKtdiCFYhLl4Itr0tM,28,6,wow they got along so great
1jhKtdiCFYhLl4Itr0tM,29,3,it was wonderful.
1jhKtdiCFYhLl4Itr0tM,30,7,They listened to dark horse all night
1jhKtdiCFYhLl4Itr0tM,31,2,OMG SUCH
1jhKtdiCFYhLl4Itr0tM,32,3,A GREAT SONG.
1jhKtdiCFYhLl4Itr0tM,33,13,"The next morning was almost better, because they went to visit Leonardo DiCaprio."
1jhKtdiCFYhLl4Itr0tM,34,28,"He was a well-known cat actor but he liked young cats and these cats were young, except the black cat, she was over 25, so sad for Leo....."
1jhKtdiCFYhLl4Itr0tM,35,8,great the two other cats were young and
599Km2RY5nTNKI7vG2Wb,0,36,"One day, two young researchers entered a classroom full of students and asked them to participate in a push-up competition to find out if there is a correlation between how strong people from different studies are."
599Km2RY5nTNKI7vG2Wb,1,20,There was a slight twist to this since the participants were also ask to recite the IPA while doing push-ups.
599Km2RY5nTNKI7vG2Wb,2,9,The researchers had a hypothesis going into the study.
599Km2RY5nTNKI7vG2Wb,3,22,"Though the students knew their IPA, the strength of their mental state might not be enough to transfer into raw push-up strength."
599Km2RY5nTNKI7vG2Wb,4,15,The math students had to solve complex equations while sweat was dripping from their palms.
599Km2RY5nTNKI7vG2Wb,5,19,"The students, eager to beat the people from maths, jumped from their seats and began their attempt at push-ups."
599Km2RY5nTNKI7vG2Wb,6,5,It was easy at first.
599Km2RY5nTNKI7vG2Wb,7,10,"The two young researchers counted out loud, setting the mood."
599Km2RY5nTNKI7vG2Wb,8,2,"ONE, TWO..."
599Km2RY5nTNKI7vG2Wb,9,12,everyone was good until five... the music did not help at all.
599Km2RY5nTNKI7vG2Wb,10,20,It was so loud that it was almost impossible to hear if the students recited the IPA correctly or not.
599Km2RY5nTNKI7vG2Wb,11,10,The researchers seem to have a thing for Justin Bieber.
599Km2RY5nTNKI7vG2Wb,12,15,"It was a battle between the reciting of the IPA-chart and ""Baby baby baby, uuuuuh""."
599Km2RY5nTNKI7vG2Wb,13,17,"The first people dropped after 6-7 pushups, the rest kept at it and gave it their all."
599Km2RY5nTNKI7vG2Wb,14,6,At 20 only two students remained.
599Km2RY5nTNKI7vG2Wb,15,11,The rest of the students stood around chanting the IPA chart.
599Km2RY5nTNKI7vG2Wb,16,5,They got louder and louder.
599Km2RY5nTNKI7vG2Wb,17,6,The remaining two pushed and pushed.
599Km2RY5nTNKI7vG2Wb,18,11,"The light started flickering, then turned purple with a bright flash."
599Km2RY5nTNKI7vG2Wb,19,8,The air in the room suddenly went dark.
599Km2RY5nTNKI7vG2Wb,20,10,But the two kept going all the way to 100.
599Km2RY5nTNKI7vG2Wb,21,13,"They were celebrated for winning, but the math students also did surprisingly well."
599Km2RY5nTNKI7vG2Wb,22,31,The plot twist of it all was that the two researchers found out that it was the biology students that could do the most push-ups - they did over 500 each!
599Km2RY5nTNKI7vG2Wb,23,11,It made the other students mad being robbed of the victory.
599Km2RY5nTNKI7vG2Wb,24,5,They all teamed up together.
599Km2RY5nTNKI7vG2Wb,25,20,"and started marching towards the university park, where the biology students were enjoying the beer they won from the competition."
599Km2RY5nTNKI7vG2Wb,26,8,"""We should have won that beer,"" one shouted."
599Km2RY5nTNKI7vG2Wb,27,6,We should be the ones celebrating.
599Km2RY5nTNKI7vG2Wb,28,7,"Then, one student shouted, ""You all cheated!"""
599Km2RY5nTNKI7vG2Wb,29,4,A bold statement indeed.
599Km2RY5nTNKI7vG2Wb,30,6,But was it really the case?
599Km2RY5nTNKI7vG2Wb,31,8,Only one way to settle this: another challenge.
599Km2RY5nTNKI7vG2Wb,32,10,"""We will settle this the old way"" ""To the boats!"""
599Km2RY5nTNKI7vG2Wb,33,9,The boats were primitive and built not to last.
599Km2RY5nTNKI7vG2Wb,34,13,but the students were experienced sailors - on the university lake at least.
599Km2RY5nTNKI7vG2Wb,35,16,It wasn't spring yet so none of students were eager to get in the ice-cold water.
599Km2RY5nTNKI7vG2Wb,36,12,"But it must be done, beer is on the line after all!"
599Km2RY5nTNKI7vG2Wb,37,11,"And with the beer in mind, they rushed into the boats."
599Km2RY5nTNKI7vG2Wb,38,28,One fell from the boat on the way over the lake and almost froze solid as ice - luckily they were able to heat up again shortly after.
599Km2RY5nTNKI7vG2Wb,39,12,"Once the others noticed that someone fell overboard, the rivalry was forgotten."
599Km2RY5nTNKI7vG2Wb,40,6,They all drank a beer together.
6Jv806AoPWPYePMobUvx,0,15,"a girl with a dream, many moons ago, a young maiden lived in a tower."
6Jv806AoPWPYePMobUvx,1,24,"Her dreams were as high as the stars, yet her spirit was broken by the fact that there was no one to love her."
6Jv806AoPWPYePMobUvx,2,15,She was very lonely and went out to seek for someone to keep her company.
6Jv806AoPWPYePMobUvx,3,25,"As she went out the first thing she did was stop by the lily fields, they stretched far and wide, different colors, like a rainbow."
6Jv806AoPWPYePMobUvx,4,13,"They kissed the pink sky in the evening, as the sun went down."
6Jv806AoPWPYePMobUvx,5,24,"She collected the lilies and continued into the forest where she found a little rabbit, curled nearby the roots of a great oak tree."
6Jv806AoPWPYePMobUvx,6,14,"It looked so sad, she peered closer and found its paw had been hurt."
6Jv806AoPWPYePMobUvx,7,7,"She calmed the rabbit, singing a lullaby."
6Jv806AoPWPYePMobUvx,8,15,"She saw a little river nearby, the sweet sound of the water running over stones."
6Jv806AoPWPYePMobUvx,9,20,"She pulled the rabbit into her arms and walked to the river, gently placing its paw in the soothing water."
6Jv806AoPWPYePMobUvx,10,54,"She looked towards the other side of the river to look for something to wrap the paw in, but instead she noticed another curious forest creature , yet, it was something she had never seen before, it was looking right at her, a halo of light danced around its little wings, a slight glitter."
6Jv806AoPWPYePMobUvx,11,9,"in its eyes, making it seem calm and friendly."
6Jv806AoPWPYePMobUvx,12,28,"It was very beautiful, this creature, and she was stunned as it flew across the river, slowly, its feet skimmed the water top, leaving a pattern that swirled."
6Jv806AoPWPYePMobUvx,13,15,"She noticed it was only about the size of a lily flower, small and petite."
6Jv806AoPWPYePMobUvx,14,8,"Its a rare sight, she thought to herself."
6Jv806AoPWPYePMobUvx,15,21,"She just kept watching the flying creature as it landed right next to the rabbit, that she was still holding. ."
6Jv806AoPWPYePMobUvx,16,18,"It observed its paw, then looked up at her and smiled; suddenly it flew up into the trees."
6Jv806AoPWPYePMobUvx,17,6,"For a moment, there was silence."
6Jv806AoPWPYePMobUvx,18,29,"Then many tiny lights began to turn on in the tree tops, and before she could do anything, the cloud of swirling lights headed towards her and the rabbit."
6Jv806AoPWPYePMobUvx,19,16,"It looked like an tornado of glitter, as it glimmered she realized many little fairy-like creatures."
6Jv806AoPWPYePMobUvx,20,15,"They began to swirl around her and the bunny, she felt the warmth and magic."
6Jv806AoPWPYePMobUvx,21,3,in her body.
6Jv806AoPWPYePMobUvx,22,13,She filled with joy and the bunny seemed to lighten up as well.
6Jv806AoPWPYePMobUvx,23,30,"The creatures landed on the bunny's paw and placed its little hands, a small glow of gold appeared and the bunny jumped out of her hands onto the grassy bank."
6Jv806AoPWPYePMobUvx,24,8,"She stood in disbelief, it was real magic!"
6Jv806AoPWPYePMobUvx,25,13,The bunny jumped around as if nothing has ever happened to its paw.
6Jv806AoPWPYePMobUvx,26,13,"The bunny jumped away, and she had a feeling she would be alright."
6Jv806AoPWPYePMobUvx,27,29,"The fairies all gathered in front of her, and began a little dance, holding hands and flying in a circle, bursts of color lightening up the now dark forest."
6Jv806AoPWPYePMobUvx,28,19,"The sun had gone down, but she felt the light again in her life, realizing that she can be"
7wPRj5Wbc26nlx60LUT5,0,19,Once upon a time a little duck walked around to find a fitting house for him and his dreams.
7wPRj5Wbc26nlx60LUT5,1,16,"The dreaming duck was afraid of many things, but also had many needs, which he needed."
7wPRj5Wbc26nlx60LUT5,2,2,to fulfill.
7wPRj5Wbc26nlx60LUT5,3,29,"First and foremost he needed a safe place, away from the preying eyes of cats and foxes, where he could hide from the dangers, while fantasizing about the future."
7wPRj5Wbc26nlx60LUT5,4,12,The little duckling always had one specific dream that it thought of.
7wPRj5Wbc26nlx60LUT5,5,9,having the biggest duck family he could dream of.
7wPRj5Wbc26nlx60LUT5,6,14,But first he needed to find a duck wifey to realize his ambitious dreams.
7wPRj5Wbc26nlx60LUT5,7,5,He had a small problem.
7wPRj5Wbc26nlx60LUT5,8,14,"He was Ugly, even more than the ugly duckling from the famous fairy tale."
7wPRj5Wbc26nlx60LUT5,9,16,So ugly that not even the witch far into the woods wanted to talk to him.
7wPRj5Wbc26nlx60LUT5,10,12,The limited search once put him on a site called Duck Tinder.
7wPRj5Wbc26nlx60LUT5,11,17,"He had no success, as the other ducks with big and shiny feathers got all the attention."
7wPRj5Wbc26nlx60LUT5,12,11,"Therefore he changed his ways, and applied for a different site."
7wPRj5Wbc26nlx60LUT5,13,20,"The site was called rat hinge, and for once, the ugly duck felt prettier than the rest of the applicants."
7wPRj5Wbc26nlx60LUT5,14,9,The little duckling became very popular within rat circles.
7wPRj5Wbc26nlx60LUT5,15,9,The stinky hairy creatures from the sewers adored him.
7wPRj5Wbc26nlx60LUT5,16,12,"Having ripped feathers and a cook comb, was for once an advantage."
7wPRj5Wbc26nlx60LUT5,17,29,"He went on multiple dates, but the duckling thought he was too pretty for the ""ugly creatures"" as he saw their horrible yellow teeth, wild eyes and foul smell."
7wPRj5Wbc26nlx60LUT5,18,32,"Therefore he jumped into a puddle, and rolled himself in dirt to looked like the other creatures, but as soon as he did that, the dates became fewer and the nights longer."
7wPRj5Wbc26nlx60LUT5,19,14,"The dream, that was once his everything became a burden and his worst nightmare."
7wPRj5Wbc26nlx60LUT5,20,24,"He thought of returning to the ducklings, to continue his comfortable life at the cottage, where he was fed but he didn’t belong anywhere."
7wPRj5Wbc26nlx60LUT5,21,20,"The feeling of being too good for some places, but too disgusting for others, was definitely not what he wanted."
7wPRj5Wbc26nlx60LUT5,22,25,"He decided to wash off his feathers to rid himself of the dirt and shame he got into, while trying to be an outlaw rat."
7wPRj5Wbc26nlx60LUT5,23,8,"He wanted to be something else, completely different."
7wPRj5Wbc26nlx60LUT5,24,14,"Therefore he shaved everything remaining off, and instead started to walk towards the mud."
7wPRj5Wbc26nlx60LUT5,25,12,The new dream started forming to be a bald badass dirty duck.
7wPRj5Wbc26nlx60LUT5,26,11,"Someone who is no rat, but also no ordinary ugly duckling."
7wPRj5Wbc26nlx60LUT5,27,8,He wanted to be unrecognizable on his return.
7wPRj5Wbc26nlx60LUT5,28,6,and to start a new clan.
7wPRj5Wbc26nlx60LUT5,29,11,"Not the KKK, not anything the world has ever seen before."
7wPRj5Wbc26nlx60LUT5,30,8,Now it was time for the bald badass.
7wPRj5Wbc26nlx60LUT5,31,5,duck gang to be formed.
7wPRj5Wbc26nlx60LUT5,32,17,"He started working out to look jacked, so he can be the biggest-looking boss duck they have."
7wPRj5Wbc26nlx60LUT5,33,29,"In the mafia, the bald badass brainy Brucks was now being formed and ready to finally feel worthy and to complete all the dreams the parents told him. ."
7wPRj5Wbc26nlx60LUT5,34,14,"When he was ready, he got back to the duck pond to find members."
7wPRj5Wbc26nlx60LUT5,35,13,"On his way back, he encountered the very hungry Mr. Wong, who wanted"
9MYVXy4Nms9gfR1DI7NA,0,8,"a lonely cat, who was missing its person."
9MYVXy4Nms9gfR1DI7NA,1,9,"The cat’s name was Cat, and it was tiger-striped."
9MYVXy4Nms9gfR1DI7NA,2,19,"Cat doesn’t have any friends but is on his name was still Cat, even if nobody used the name."
9MYVXy4Nms9gfR1DI7NA,3,19,"The cat, named Cat, decided to jump on a train to go wherever the wind (or train) took it."
9MYVXy4Nms9gfR1DI7NA,4,4,Cat had a BLAST.
9MYVXy4Nms9gfR1DI7NA,5,16,"The train ride was exhausting because of the wind, so after some time Cat went off."
9MYVXy4Nms9gfR1DI7NA,6,14,He landed in a rural area with eerie bushels in every corner and trees.
9MYVXy4Nms9gfR1DI7NA,7,8,"as tall as mountains, from his perspective anyway."
9MYVXy4Nms9gfR1DI7NA,8,18,"In theory, cat should have no clue where he was, but he had been playing Stray for PlayStation."
9MYVXy4Nms9gfR1DI7NA,9,6,So he knew what to do.
9MYVXy4Nms9gfR1DI7NA,10,16,Brother did a backflip off some high grounds and went into the trenches of the wilderness.
9MYVXy4Nms9gfR1DI7NA,11,27,He put on his war paint and tried to hit a tree to collect wood but it seemed that this place didn't run on a Minecraft server.
9MYVXy4Nms9gfR1DI7NA,12,9,So he went into the sewage system to explore.
9MYVXy4Nms9gfR1DI7NA,13,18,"What he could find was sewage, but what he COULDN'T find was the rat king of the sewers."
9MYVXy4Nms9gfR1DI7NA,14,13,He was looking and looking before the smell of pizza hit his nostrils.
9MYVXy4Nms9gfR1DI7NA,15,18,"He could see green beings moving in the distance, was it the RATMA - the infamous rat God."
9MYVXy4Nms9gfR1DI7NA,16,4,Aka God of Rats.
9MYVXy4Nms9gfR1DI7NA,17,6,Aka King of Gods and Rats.
9MYVXy4Nms9gfR1DI7NA,18,7,"He wasn't green, Cat is just confused."
9MYVXy4Nms9gfR1DI7NA,19,10,"HE was actually colorblind, and confused brown and green somehow."
9MYVXy4Nms9gfR1DI7NA,20,16,RATMA looked down at the little kitty cat Cat with a stern and all powerful look.
9MYVXy4Nms9gfR1DI7NA,21,8,"he said ""what the fuck are you ?”"
9MYVXy4Nms9gfR1DI7NA,22,15,And Cat looked at him with disgust and said “Who invited this naked mole rat?”
9MYVXy4Nms9gfR1DI7NA,23,13,So RATMA attacks Brother Cat because of this and shit on the ground.
9MYVXy4Nms9gfR1DI7NA,24,28,Cat is very confused and a little bit scared but he eventually bit RATMA in the tail which made RATMA fall to the ground and it KILLED HIM.
9MYVXy4Nms9gfR1DI7NA,25,6,Motherbrother just died on the ground.
9MYVXy4Nms9gfR1DI7NA,26,4,Cat is in shock.
9MYVXy4Nms9gfR1DI7NA,27,6,“I killed the god of rats?
9MYVXy4Nms9gfR1DI7NA,28,31,"The king of rats is now dead, in his own damn chat,,, I better run lolz"" he said and looked straight at the camera like he was in a TV shows."
9MYVXy4Nms9gfR1DI7NA,29,15,"If Cat was gonna be an actor, he would star in The Office he thinks."
9MYVXy4Nms9gfR1DI7NA,30,28,"But he doesn't have time to think, so instead he jumps out the sewer and runs around in the bushlands, confused about the sewer system in the bushlands."
9MYVXy4Nms9gfR1DI7NA,31,15,"It didn't really seem to fit the vibe, but he didn’t care about anything anymore."
9MYVXy4Nms9gfR1DI7NA,32,6,He can’t believe he killed Ratma.
9MYVXy4Nms9gfR1DI7NA,33,11,"He is traumatized for life, and he is also incredibly hungry."
9MYVXy4Nms9gfR1DI7NA,34,28,So the purr little Cat is in the bushes and not near any bakeries or anything with food so he runs and runs as his paws are bleeding.
9MYVXy4Nms9gfR1DI7NA,35,8,So much that it paints the street red.
9MYVXy4Nms9gfR1DI7NA,36,5,It was a crazy sight.
9MYVXy4Nms9gfR1DI7NA,37,6,He gets into this little alley.
9MYVXy4Nms9gfR1DI7NA,38,6,that suddenly appeared in the bushlands.
9MYVXy4Nms9gfR1DI7NA,39,15,He appreciates it nonetheless and he crawls around the street and is looking for something.
BocRhyGX0eWpgbUSkjWF,0,7,how a mushroom got high on LSD.
BocRhyGX0eWpgbUSkjWF,1,17,The weird part of the story was how mushrooms normally got eaten by humans to intoxicate them.
BocRhyGX0eWpgbUSkjWF,2,7,But this time it was the mushrooms.
BocRhyGX0eWpgbUSkjWF,3,12,"Mushrooms are living organisms, and therefore they are able to absorb LSD."
BocRhyGX0eWpgbUSkjWF,4,48,"It has not been observed many times, but in this story you will hear the exclusive material of how a special species of mushrooms got collectively high in Colombia because of an LSD parcel being dropped in the forest and the LSD being released into the water systems."
BocRhyGX0eWpgbUSkjWF,5,16,The rivers were able to transport enormous amounts of LSD to large areas of the jungles.
BocRhyGX0eWpgbUSkjWF,6,22,"The mushrooms started behaving in peculiar ways; for example, some effects were how they were able to grow new colors and shapes."
BocRhyGX0eWpgbUSkjWF,7,12,some were glowing in the dark and some were big and stringy.
BocRhyGX0eWpgbUSkjWF,8,12,Scientists were confused by the mushrooms' behavior so they tested them. .
BocRhyGX0eWpgbUSkjWF,9,10,The scientist did not expect the effects that they experienced.
BocRhyGX0eWpgbUSkjWF,10,19,The mushrooms' effects were hallucinations but with the mix of LSD they started to become part of a superdrug.
BocRhyGX0eWpgbUSkjWF,11,24,The scientists gathered the mushrooms and began selling them on the black market where they branded them as the new king of EPIC DRUGS.
BocRhyGX0eWpgbUSkjWF,12,16,Later it was discovered that a side effect of the drugs was becoming a mushroom yourself.
BocRhyGX0eWpgbUSkjWF,13,26,"The mushroom was a parasitic mushroom from the south of America, but since the side effects were unknown at first, the export to Europe was massive."
BocRhyGX0eWpgbUSkjWF,14,9,this resulted in a huge outburst of human-looking mushrooms.
BocRhyGX0eWpgbUSkjWF,15,16,It took over the news and the mushrooms which were eaten by the humans were infectious.
BocRhyGX0eWpgbUSkjWF,16,11,More people therefore got possessed by mushrooms who made civilization unmanageable.
BocRhyGX0eWpgbUSkjWF,17,21,"most of the party islands in the south of europe got totally covered in mushrooms, both people and the actual ground."
BocRhyGX0eWpgbUSkjWF,18,7,they all became one with the environment.
BocRhyGX0eWpgbUSkjWF,19,12,It was starting to look like the whole world would become infected.
BocRhyGX0eWpgbUSkjWF,20,18,It could be the end of human civilization as humans had a hard time fighting against the fungus.
BocRhyGX0eWpgbUSkjWF,21,20,but one day the mushrooms began speaking back to the humans and they began having conversations about the modern society.
BocRhyGX0eWpgbUSkjWF,22,13,The humans became more enlightened and humans started behaving nicer to each other.
BocRhyGX0eWpgbUSkjWF,23,21,Rumors have it that the mushrooms told them about the ways the humans treated both each other and also the fungus.
BocRhyGX0eWpgbUSkjWF,24,16,this began a revolution of how law making and infrastructure was made from this point .
BocRhyGX0eWpgbUSkjWF,25,23,People became more aware of the environment and the wildlife all around the world started blooming as it has never been seen before.
BocRhyGX0eWpgbUSkjWF,26,18,Even the Mammoth came back from dead and new species of both animals and mushrooms roamed the world.
BocRhyGX0eWpgbUSkjWF,27,20,they all worked together to create a brighter future and they all became great at making space for other species.
BocRhyGX0eWpgbUSkjWF,28,32,"The world has never been as beautiful, and for a while they thought that they all found their happy ending, but suddenly the mammoth began eating the mushrooms, and they became intoxicated."
BocRhyGX0eWpgbUSkjWF,29,11,now the high mammoths were killing everything living on the planet.
BocRhyGX0eWpgbUSkjWF,30,15,A lot of natural disasters happened and volcanoes exploded; every living thing on Earth died.
BocRhyGX0eWpgbUSkjWF,31,7,And that was how the world ended.
BocRhyGX0eWpgbUSkjWF,32,1,The
D8kJXS3suDI2tltssVgN,0,11,a very happy dog wandering through the streets of Aarhus alone.
D8kJXS3suDI2tltssVgN,1,13,"He's just going down the street, greeting people and making their day better."
D8kJXS3suDI2tltssVgN,2,11,"But suddenly, he fell into a big, cold pool of piss."
D8kJXS3suDI2tltssVgN,3,26,"He was super embarrassed by this, and he thought it couldn't get any worse when a massive seagull swooped down and screamed insults at his butt."
D8kJXS3suDI2tltssVgN,4,10,Because how can you be a dog without a tail?
D8kJXS3suDI2tltssVgN,5,19,"Smelling like piss and having no tail, being laughed at about it made him feel like a total dumb-ass."
D8kJXS3suDI2tltssVgN,6,30,"He started shouting at the stupid bird that she should shut the fuck up and mind her own business, but the bird just looked at him with a sly smile."
D8kJXS3suDI2tltssVgN,7,13,"""You know what, ugly mutt, it kinda suits you not having the tail."
D8kJXS3suDI2tltssVgN,8,16,"Cause everybody can see who you actually are from the first look at you this way."""
D8kJXS3suDI2tltssVgN,9,35,"This made the dog mad so he jumped up to catch the half-eaten french fry she mockingly threw at him, but having horrible paw-eye coordination, he failed just to fall back down in the pool."
D8kJXS3suDI2tltssVgN,10,24,"To his astonishment, the french Fry fell into the puddle, bounced from the ground and fell right into the ugly nib of the seagull."
D8kJXS3suDI2tltssVgN,11,12,She then fell to the ground and puked all over the street.
D8kJXS3suDI2tltssVgN,12,4,Now it's his turn.
D8kJXS3suDI2tltssVgN,13,10,"to laugh, he thought with triumph in his piss-filtered eyes."
D8kJXS3suDI2tltssVgN,14,22,"He was just about to do the shake, creating a glistening sprinkle of yellow, when the puke started flowing in his direction."
D8kJXS3suDI2tltssVgN,15,6,"""oh fuck"" flew through his head."
D8kJXS3suDI2tltssVgN,16,13,He wanted to run away but his paws were stuck in the piss-pool.
D8kJXS3suDI2tltssVgN,17,7,He started panicking when a miracle happened.
D8kJXS3suDI2tltssVgN,18,9,"to his mom, and he started disintegrating from existence."
D8kJXS3suDI2tltssVgN,19,24,"The ""oh fuck"" faded away, replaced by a strange relief as all the piss and the laughs and the evil bird disappeared from view."
D8kJXS3suDI2tltssVgN,20,6,He was shocked about what happened.
D8kJXS3suDI2tltssVgN,21,12,"His mom is in hell, how could a miracle happen to her?"
D8kJXS3suDI2tltssVgN,22,7,And how does he know about it?
D8kJXS3suDI2tltssVgN,23,5,"""Am I in hell too?"
D8kJXS3suDI2tltssVgN,24,6,But how is it so cold?
D8kJXS3suDI2tltssVgN,25,31,"He could no longer smell the urine or see the yellow orbs of malice in the face of the gull, but he could still feel cold liquid clinging to his fur."
D8kJXS3suDI2tltssVgN,26,13,"Maybe he was not in hell, maybe he got into the seagull's imagination."
D8kJXS3suDI2tltssVgN,27,12,That would explain why it feels like hell but really is not.
D8kJXS3suDI2tltssVgN,28,10,Is there a way to escape the mind of this?
D8kJXS3suDI2tltssVgN,29,2,wretched animal?
D8kJXS3suDI2tltssVgN,30,8,"No, hummed a voice reverberating off invisible walls."
D8kJXS3suDI2tltssVgN,31,1,Shit.
D8kJXS3suDI2tltssVgN,32,19,This was a voice he had heard only once before but could never place it to a familiar face.
D8kJXS3suDI2tltssVgN,33,8,But now he's sure whose voice it is.
D8kJXS3suDI2tltssVgN,34,8,"""That can't be it"" he thought to himself."
D8kJXS3suDI2tltssVgN,35,37,"It was his worst nightmare to be stuck anywhere at all, but to lose his dignity in this way and be absorbed by the skull of a gull was somehow even worse than he could ever imagine."
D8kJXS3suDI2tltssVgN,36,9,He cannot get the embarrassment out of his head.
D8kJXS3suDI2tltssVgN,37,1,Wait.
D8kJXS3suDI2tltssVgN,38,5,Is it really his head?
D8kJXS3suDI2tltssVgN,39,11,Or did his mind integrate into the mind of his butt?
D8kJXS3suDI2tltssVgN,40,16,"As he could no longer see or smell, there was only one way to find out."
D8kJXS3suDI2tltssVgN,41,14,"Determined to regain his dignity, he started to explore the surroundings with his butt."
D8kJXS3suDI2tltssVgN,42,10,He rubbed it on the ground and he found out...
D8kJXS3suDI2tltssVgN,43,3,he was right!
D8kJXS3suDI2tltssVgN,44,38,"He still doesn't understand how it happened, but he is definitely sure that his butt was now his mind, and it was clouded by memories of mocking laughter and sticky liquid, and the looming silhouette of evil itself."
D8kJXS3suDI2tltssVgN,45,4,"Oh well, he thought."
D8kJXS3suDI2tltssVgN,46,6,At least I'm not with my
EVPkCWSrT9SwL38W9Zuk,0,10,Once upon a time there was a little grumpy man.
EVPkCWSrT9SwL38W9Zuk,1,8,He lived in the small town of Maiopy.
EVPkCWSrT9SwL38W9Zuk,2,7,He was feared by the other people.
EVPkCWSrT9SwL38W9Zuk,3,9,He did not understand why the people feared him.
EVPkCWSrT9SwL38W9Zuk,4,12,He coincidentally found out one day on the way to the marketplace.
EVPkCWSrT9SwL38W9Zuk,5,12,On his way there he saw the most marvelous thing that changed.
EVPkCWSrT9SwL38W9Zuk,6,3,his entire life.
EVPkCWSrT9SwL38W9Zuk,7,45,"As he was walking down the street thinking about all the things that annoyed him and shouting at the people that loathed him, he noticed that the guard he stomped past was not riding his horse as usual but his horse was rather riding him."
EVPkCWSrT9SwL38W9Zuk,8,14,This was nothing compared to the man walking on his hands right by him.
EVPkCWSrT9SwL38W9Zuk,9,2,He paused.
EVPkCWSrT9SwL38W9Zuk,10,6,'What in the world is happening?'
EVPkCWSrT9SwL38W9Zuk,11,4,he thought to himself.
EVPkCWSrT9SwL38W9Zuk,12,17,At that moment he felt confused rather than angry for the first time in his entire life.
EVPkCWSrT9SwL38W9Zuk,13,24,This spark of curiosity was just what the haggard old guy needed to follow his secret childhood dream of being the world's best juggler.
EVPkCWSrT9SwL38W9Zuk,14,7,'Maybe they are coming from a circus!'
EVPkCWSrT9SwL38W9Zuk,15,3,he thought excitedly.
EVPkCWSrT9SwL38W9Zuk,16,33,He started to pick up the pace toward the marketplace because maybe the circus master would finally let him juggle his collection of hairless mice the way he had always hoped he would.
EVPkCWSrT9SwL38W9Zuk,17,8,He couldn't wait to see the crowd's face.
EVPkCWSrT9SwL38W9Zuk,18,21,when he would stand in the middle of the circus with his best costume on with the mice in his hands.
EVPkCWSrT9SwL38W9Zuk,19,6,It would be the best day.
EVPkCWSrT9SwL38W9Zuk,20,4,of his entire life.
EVPkCWSrT9SwL38W9Zuk,21,21,The other best day of his entire life had been when his older brother Clarence broke his leg on the swings.
EVPkCWSrT9SwL38W9Zuk,22,17,This made the grumpy man happy as he disliked his brother from his hair to his toes.
EVPkCWSrT9SwL38W9Zuk,23,10,Clarence had made it his life's mission to annoy him.
EVPkCWSrT9SwL38W9Zuk,24,2,Always smiling.
EVPkCWSrT9SwL38W9Zuk,25,2,Always laughing.
EVPkCWSrT9SwL38W9Zuk,26,2,Being happy.
EVPkCWSrT9SwL38W9Zuk,27,26,The man had learned from the frog that once lived in his left boot that these were all indications that the devil has hold of someone.
EVPkCWSrT9SwL38W9Zuk,28,18,"Ever since his brief affair with a nun, he had known that something was completely wrong with Clarence."
EVPkCWSrT9SwL38W9Zuk,29,30,"The nun confirmed all of his worries, and he had tried to tell their mum but she did not want to hear any talk of nuns, or devils, or feelings."
EVPkCWSrT9SwL38W9Zuk,30,20,She was far too busy filling her garden with small piglets that would eat the small moles in the garden.
EVPkCWSrT9SwL38W9Zuk,31,36,"She had been working years to try to get the pigs to eat moles, so of course she did not have time to worry about her children's well-being, besides that's what the maid, Periandelialis, was for."
EVPkCWSrT9SwL38W9Zuk,32,16,She was good with children and good at cooking them into soups and stews of rabbit.
EVPkCWSrT9SwL38W9Zuk,33,10,She had been a second mom for the two brothers.
EVPkCWSrT9SwL38W9Zuk,34,42,But anyway the old man was now running through the streets not able to hold back his glee and joyous laughter at the idea of presenting his rats to the people of the many small kingdoms the circus was wont to tour.
EVPkCWSrT9SwL38W9Zuk,35,64,"He had a secret plan as his real goal was to take over the circus and finally get the circus man back that bullied him when he was watching the circus when he was just a small insignificant worthless little boy with an alcoholic mother, satanic brother, and a father who spent too long playing with the fairies and now had become one himself."
EVPkCWSrT9SwL38W9Zuk,36,1,What
FTAeksA8Y0QOBPW6kxWX,0,5,a little kitten named Skittles.
FTAeksA8Y0QOBPW6kxWX,1,14,"Skittles lives with a sweet old lady, but he dreams of exploring the neighborhood."
FTAeksA8Y0QOBPW6kxWX,2,9,"One day, his human forgets to close the cat-door."
FTAeksA8Y0QOBPW6kxWX,3,5,This was Skittles' big chance!
FTAeksA8Y0QOBPW6kxWX,4,12,The first step out in the fresh air felt like a rebirth.
FTAeksA8Y0QOBPW6kxWX,5,8,"The world was open, but where to go?"
FTAeksA8Y0QOBPW6kxWX,6,11,Skittles took a big breath and turned the first street corner.
FTAeksA8Y0QOBPW6kxWX,7,22,"He ran down the street without a care in the world, flouting his freedom the dogs locked behind gates This was wonderful."
FTAeksA8Y0QOBPW6kxWX,8,9,Skittles had always wanted to go to the store.
FTAeksA8Y0QOBPW6kxWX,9,13,The old lady always came home with a big bag of cat food.
FTAeksA8Y0QOBPW6kxWX,10,22,"If Skittles could make it to the corner shop, he would be able to eat as much kibble as he wanted to."
FTAeksA8Y0QOBPW6kxWX,11,21,"However, when he came to the store, he was met with big shelves filled with things that was not cat food."
FTAeksA8Y0QOBPW6kxWX,12,3,What was this!?
FTAeksA8Y0QOBPW6kxWX,13,7,Skittles had never seen anything like this.
FTAeksA8Y0QOBPW6kxWX,14,13,"The shelves towering over him were filled with vegetables, cleaning products, and cheese."
FTAeksA8Y0QOBPW6kxWX,15,5,This was an unexpected find.
FTAeksA8Y0QOBPW6kxWX,16,15,Skittles thought the outside world was as catered to cats as his human's home was.
FTAeksA8Y0QOBPW6kxWX,17,5,"Dejected, he left the store."
FTAeksA8Y0QOBPW6kxWX,18,15,"As Skittles was exiting the door, he heard a scream from the owner yelling ""OOOUUUUTT."""
FTAeksA8Y0QOBPW6kxWX,19,9,Now Skittles was running as fast as he could.
FTAeksA8Y0QOBPW6kxWX,20,7,The old lady never yelled at him.
FTAeksA8Y0QOBPW6kxWX,21,17,"He wanted to go straight back home, but realized that he didn't know what way to go."
FTAeksA8Y0QOBPW6kxWX,22,15,"He tried to use his nose, but the many smells of the city was overwhelming."
FTAeksA8Y0QOBPW6kxWX,23,17,"Skittles hadn't kept track of his route, and was getting more and more anxious by the minute."
FTAeksA8Y0QOBPW6kxWX,24,14,"He tried to go left at the crossroad, but still couldn't recognize his surroundings."
FTAeksA8Y0QOBPW6kxWX,25,11,"As he was walking, he suddenly bumped into a big dog!"
FTAeksA8Y0QOBPW6kxWX,26,21,"The dog started wagging its tail, and Skittles hissed, trying to make himself big by raising the hairs on his back."
FTAeksA8Y0QOBPW6kxWX,27,7,"The dog barked at him, but wait..."
FTAeksA8Y0QOBPW6kxWX,28,6,this was not a threatening bark.
FTAeksA8Y0QOBPW6kxWX,29,5,Maybe the dog was friendly.
FTAeksA8Y0QOBPW6kxWX,30,8,Even better - maybe the dog could help.
FTAeksA8Y0QOBPW6kxWX,31,1,him.
FTAeksA8Y0QOBPW6kxWX,32,11,Skittles asked the dog if it knew where his home was.
FTAeksA8Y0QOBPW6kxWX,33,11,"The dog gave him a big sniff, then sniffed the air."
FTAeksA8Y0QOBPW6kxWX,34,11,"After a moment, the dog turned around with an excited bark."
FTAeksA8Y0QOBPW6kxWX,35,17,"They were running down the street together, and Skittle saw a sight that made him so happy!"
FTAeksA8Y0QOBPW6kxWX,36,13,The old lady was right there with a searching poster in her hands.
FTAeksA8Y0QOBPW6kxWX,37,8,"The dog barked again, getting the lady's attention."
FTAeksA8Y0QOBPW6kxWX,38,14,"When she saw the two, she smiled widely and knelt down patting Skittles' head."
FTAeksA8Y0QOBPW6kxWX,39,6,Skittles had never felt so relieved.
FTAeksA8Y0QOBPW6kxWX,40,10,"When looking at the lady, he saw the searching poster."
FTAeksA8Y0QOBPW6kxWX,41,10,Now Skittles felt sad that he had upset his owner.
FTAeksA8Y0QOBPW6kxWX,42,4,She was so kind.
FTAeksA8Y0QOBPW6kxWX,43,4,and sweet to him.
FTAeksA8Y0QOBPW6kxWX,44,11,Skittles decided that he was just fine staying with his owner.
FTAeksA8Y0QOBPW6kxWX,45,9,He didn't need to explore the neighborhood ever again.
FTAeksA8Y0QOBPW6kxWX,46,26,"The lady took him home, and exhausted by the day, Skittles yawned and rested in the lap of the lady, while she was stroking his back."
FTAeksA8Y0QOBPW6kxWX,47,14,"He dreamt of kibble, convenience stores, and dogs, while the old lady watched television."
FTAeksA8Y0QOBPW6kxWX,48,5,The day turned into afternoon.
FTAeksA8Y0QOBPW6kxWX,49,3,and then night.
FTAeksA8Y0QOBPW6kxWX,50,7,Skittle was snugged up cozy and content.
FTAeksA8Y0QOBPW6kxWX,51,20,"Now he was cleverer and knew that he was at the best place in the world: the old, sweet ladies."
INnauEosv25woOCrBRDi,0,3,Bob the frog.
INnauEosv25woOCrBRDi,1,9,He lives in a toadstool house in the forest.
INnauEosv25woOCrBRDi,2,15,One day he decided to go on an adventure and Explore the world of shrooms.
INnauEosv25woOCrBRDi,3,19,"Bob may have eaten a bit too many shrooms, and is now wandering around the trees feeling quite strange."
INnauEosv25woOCrBRDi,4,9,As he continued wandering he suddenly stumbled into something.
INnauEosv25woOCrBRDi,5,31,"Bob the frog fell to the ground and as he looked up he saw the big fat master toad, who loudly roaring through the endless forest, stated ""you shall not pass!""."
INnauEosv25woOCrBRDi,6,11,Bob the frog was startled and didn't know what to say.
INnauEosv25woOCrBRDi,7,10,"Instead, he offered the master toad one of his shrooms."
INnauEosv25woOCrBRDi,8,9,and the master toad told Bob to fuck off.
INnauEosv25woOCrBRDi,9,5,"So, fuck off, Bob did."
INnauEosv25woOCrBRDi,10,11,"Again walking through the endless forest, in deep and mossy darkness."
INnauEosv25woOCrBRDi,11,21,While walking he heard the sound of running water and all of a sudden he was looking at a massive waterfall.
INnauEosv25woOCrBRDi,12,30,"After eating all the shrooms and and taking a swim in the purple swamp of death, he returned to his toadstool house, as he now wanted to achieve his dream."
INnauEosv25woOCrBRDi,13,16,"Bob the frog dreamed of becoming a professional snowboarder, but it never snowed in the forest."
INnauEosv25woOCrBRDi,14,6,So today he decided to venture.
INnauEosv25woOCrBRDi,15,8,out to the faraway mountains in candy land.
INnauEosv25woOCrBRDi,16,13,In candy land all the mountains were covered in delicious white flaky sugar.
INnauEosv25woOCrBRDi,17,10,He packed his bag and snowboard and off he went.
INnauEosv25woOCrBRDi,18,25,"The trip to Candyland was long and hard, but Bob kept his spirits high as he was now on the road to achieve his dream."
INnauEosv25woOCrBRDi,19,19,"But what Bob did not know yet, was that the trip to Candyland would not be like he thought."
INnauEosv25woOCrBRDi,20,20,As soon as he exited the forest and reached the main road he found it blocked by a massive carriage.
INnauEosv25woOCrBRDi,21,23,"One of the wheels had broken off, and inside sat the wonderful princess Pooh, a toad princess known throughout all of the country."
INnauEosv25woOCrBRDi,22,6,Pooh pleaded Bob to help her
INnauEosv25woOCrBRDi,23,4,and so he did.
INnauEosv25woOCrBRDi,24,11,Back into the forest he went to gather wood and sticks.
INnauEosv25woOCrBRDi,25,29,"With a little bit of skill and a lot of willpower, Bob created a bonfire at which Pooh and Bob started roasting cockroaches over the fire, Bob's favorite meal."
INnauEosv25woOCrBRDi,26,15,"Sometime he would even sprinkle some toasted shrooms onto it, to get a better flavor."
INnauEosv25woOCrBRDi,27,19,But when he tried to offer it to Princess Pooh she made a face and quickly fled the campfire.
INnauEosv25woOCrBRDi,28,13,"Bob was left sat in the dark forest, wondering where he went wrong."
INnauEosv25woOCrBRDi,29,19,He just scared away Princess Pooh and was now wondering whether he was too weird to make new friends.
INnauEosv25woOCrBRDi,30,12,"This dampened his spirits, but he still had a dream to achieve."
INnauEosv25woOCrBRDi,31,11,He crawled under the carriage and got the wheel put on.
INnauEosv25woOCrBRDi,32,6,He started slowly rolling towards Candyland.
INnauEosv25woOCrBRDi,33,10,Pooh had a dream and nothing was going to stop.
JFI8cNwhGfRT2Jd6JUd0,0,12,Once upon a time there was a crazy cool dude named Carl.
JFI8cNwhGfRT2Jd6JUd0,1,14,"Carl was the best at everything he did, a true champion of the people."
JFI8cNwhGfRT2Jd6JUd0,2,12,"One time, Carl decided he wanted to engage in a new hobby."
JFI8cNwhGfRT2Jd6JUd0,3,9,A hobby that would change rhythm of his day.
JFI8cNwhGfRT2Jd6JUd0,4,6,And even - of his life!
JFI8cNwhGfRT2Jd6JUd0,5,28,"""Wow, he thought, I'm going to be the greatest speed-knitter this world has ever seen,"" and on he went, knitting crazy pieces of art in his free time."
JFI8cNwhGfRT2Jd6JUd0,6,13,He went on to pursue this new hobby of his for a job.
JFI8cNwhGfRT2Jd6JUd0,7,14,"But for that to be realistic to any degree, he had to get started."
JFI8cNwhGfRT2Jd6JUd0,8,7,"For step one, he made extensive preparations."
JFI8cNwhGfRT2Jd6JUd0,9,13,He researched every little detail of the process to optimize his knitting speed.
JFI8cNwhGfRT2Jd6JUd0,10,25,"His peers looked at his dedication, and thought ""there's no way I'm gonna I'm gonna train my fingers and hands for hours every single day!"
JFI8cNwhGfRT2Jd6JUd0,11,6,Carl was humble and obviously dedicated.
JFI8cNwhGfRT2Jd6JUd0,12,9,He even offered his peers teaching classes to help.
JFI8cNwhGfRT2Jd6JUd0,13,5,", but it didn't matter."
JFI8cNwhGfRT2Jd6JUd0,14,6,He was just on another level.
JFI8cNwhGfRT2Jd6JUd0,15,12,"For step two, Carl practiced new knitting techniques involving impossible hand-eye coordination."
JFI8cNwhGfRT2Jd6JUd0,16,2,coordination analysis.
JFI8cNwhGfRT2Jd6JUd0,17,12,He read numerous research papers on how the mind works with muscles.
JFI8cNwhGfRT2Jd6JUd0,18,12,This elevated his technique by magnitudes greater than any non-übermensch could understand.
JFI8cNwhGfRT2Jd6JUd0,19,19,"However, for the third and final step, Carl realized he had to take it to an even higher level."
JFI8cNwhGfRT2Jd6JUd0,20,9,All throughout his learning he experimented in different environments.
JFI8cNwhGfRT2Jd6JUd0,21,3,And in nature.
JFI8cNwhGfRT2Jd6JUd0,22,17,He didn't only knit with yarn but began knitting with various things such as lava and stone.
JFI8cNwhGfRT2Jd6JUd0,23,9,"Finally, after mastering the last step, Carl was ready."
JFI8cNwhGfRT2Jd6JUd0,24,8,He was going to apply for the job.
JFI8cNwhGfRT2Jd6JUd0,25,12,"""Finally,"" he thought, ""now I can be a contributing member to society."""
JFI8cNwhGfRT2Jd6JUd0,26,10,He went on to attract attention all around the world.
JFI8cNwhGfRT2Jd6JUd0,27,15,And the one job he had his eyes set on suddenly wasn't the only option.
JFI8cNwhGfRT2Jd6JUd0,28,11,People from various sectors of society wanted a piece of Carl.
JFI8cNwhGfRT2Jd6JUd0,29,5,"However, then something horrible happened."
JFI8cNwhGfRT2Jd6JUd0,30,12,"One day while knitting a lava-sweater, Carl burned his hand quite horribly."
JFI8cNwhGfRT2Jd6JUd0,31,22,"So much, in fact, that he could no longer pursue this hobby of his - even, his newly established meaning of life!"
JFI8cNwhGfRT2Jd6JUd0,32,11,He was ripped to pieces and couldn't fathom what to do.
JFI8cNwhGfRT2Jd6JUd0,33,3,Carl became depressed.
JFI8cNwhGfRT2Jd6JUd0,34,6,He lost all will to live.
JFI8cNwhGfRT2Jd6JUd0,35,17,What was he going to do with his life now that his only passion was taken away?
JFI8cNwhGfRT2Jd6JUd0,36,8,That was only for him to figure out.
JFI8cNwhGfRT2Jd6JUd0,37,14,"After a while sinking further and further down in his bed, he started thinking."
JFI8cNwhGfRT2Jd6JUd0,38,15,Could any kind of prosthetic help or should he find a new passion of his?
JFI8cNwhGfRT2Jd6JUd0,39,15,"""No,"" he thought ""there's no way I'm going to be this invested in anything else."
JFI8cNwhGfRT2Jd6JUd0,40,4,"Knitting is my life!""."
JFI8cNwhGfRT2Jd6JUd0,41,15,So Carl went to read and pursue every possible relevant person to find a prosthetic.
JFI8cNwhGfRT2Jd6JUd0,42,12,"Only to realize, I must be able to continue with one hand."
JFI8cNwhGfRT2Jd6JUd0,43,9,So Carl began practicing with his one remaining hand.
JFI8cNwhGfRT2Jd6JUd0,44,20,"Every day he got a little bit faster, but there was a long way to go to reach his goal."
JFI8cNwhGfRT2Jd6JUd0,45,15,He was getting somewhat closer to his peers and was starting to become happy again.
JFI8cNwhGfRT2Jd6JUd0,46,8,Maybe he didn't need to be the best.
JYZ6dAbVtTCZL8fZXM8s,0,8,a rabbit who lived deep in the woods.
JYZ6dAbVtTCZL8fZXM8s,1,14,They lived in a small town filled with all other sorts of woodland creatures.
JYZ6dAbVtTCZL8fZXM8s,2,13,"It was a peaceful place, but tensions lurked not far from the town."
JYZ6dAbVtTCZL8fZXM8s,3,24,"One day, the rabbit went down to the river with his two friends, the timid toad and the little ladybug, to wash their clothes."
JYZ6dAbVtTCZL8fZXM8s,4,6,The water was cool and clear.
JYZ6dAbVtTCZL8fZXM8s,5,11,The friends were delighted to clean together in the spring breeze.
JYZ6dAbVtTCZL8fZXM8s,6,12,They were nearly finished when they noticed a strange object floating towards.
JYZ6dAbVtTCZL8fZXM8s,7,1,them.
JYZ6dAbVtTCZL8fZXM8s,8,13,"It was brown and rounded and looked like an egg, the rabbit thought."
JYZ6dAbVtTCZL8fZXM8s,9,5,"""Oh, it is a basket!"""
JYZ6dAbVtTCZL8fZXM8s,10,6,The ladybug flew closer to it.
JYZ6dAbVtTCZL8fZXM8s,11,11,"and discovered that it was a pill bug, rolled up tight."
JYZ6dAbVtTCZL8fZXM8s,12,13,The ladybug told their friends that they had to save the poor creature.
JYZ6dAbVtTCZL8fZXM8s,13,23,"The rabbit and frog jumped into the river and swam quickly towards them, but the river that was once calm now seemed angered."
JYZ6dAbVtTCZL8fZXM8s,14,22,"Splashing, they fought to get closer to the basket, and the poor pill bug, as they too were pulled into the river."
JYZ6dAbVtTCZL8fZXM8s,15,10,Even the toad could not swim in the violent water.
JYZ6dAbVtTCZL8fZXM8s,16,25,"The ladybug tried to help them from above, but could only watch helplessly as their friends were pushed from side to side by the current."
JYZ6dAbVtTCZL8fZXM8s,17,16,"They barely avoided hitting the stones in the water, and the basket was still far away."
JYZ6dAbVtTCZL8fZXM8s,18,27,"""Look,"" the rabbit shouted using his big ears, pointed towards a large tree with long roots spread out into the water, ""We can try to stop there!"""
JYZ6dAbVtTCZL8fZXM8s,19,13,"""What about the basket?"" said the toad, ""Should I try and reach it?"""
JYZ6dAbVtTCZL8fZXM8s,20,12,"The rabbit tried to say something, but the river was too loud."
JYZ6dAbVtTCZL8fZXM8s,21,21,"But then the water seemed to shift and instead of fighting them, it helped them in the direction of the basket."
JYZ6dAbVtTCZL8fZXM8s,22,19,The toad was able to grab onto it and the rabbit was able to hold onto the toad's collar.
JYZ6dAbVtTCZL8fZXM8s,23,24,"The rabbit grabbed onto the tree root and pulled all of them onto the shore, where they lay for a moment catching their breath."
JYZ6dAbVtTCZL8fZXM8s,24,23,"The ladybug looked into the basket and found the pill bug deep in sleep, unaware of the dangers that they had been through."
JYZ6dAbVtTCZL8fZXM8s,25,21,"Everyone was relieved to be out of the water, but soon realized another problem: they had no idea where they were!"
JYZ6dAbVtTCZL8fZXM8s,26,11,The furious river had brought them far away from their laundry.
JYZ6dAbVtTCZL8fZXM8s,27,21,"""What are we gonna do?"" asked the rabbit and looked at the river, now realizing that it was suddenly dark outside."
JYZ6dAbVtTCZL8fZXM8s,28,17,They had never been to this place before and felt strange being away from their safe home.
JYZ6dAbVtTCZL8fZXM8s,29,21,"""Mmm, where am I?"" a high-pitched voice asked, and they all looked to the basket, where the pill bug had awoken."
JYZ6dAbVtTCZL8fZXM8s,30,4,They were all relieved.
JYZ6dAbVtTCZL8fZXM8s,31,6,to see that it was okay.
JYZ6dAbVtTCZL8fZXM8s,32,13,"The pill bug also looked around, confused as to where they ended up."
JYZ6dAbVtTCZL8fZXM8s,33,7,"""Are you all right?"" asked the ladybug."
JYZ6dAbVtTCZL8fZXM8s,34,4,with a gentle voice.
JYZ6dAbVtTCZL8fZXM8s,35,19,"""Ah yes, I just had a little nap,"" said the pill bug, and the toad couldn't help a giggle."
JYZ6dAbVtTCZL8fZXM8s,36,8,The pill bug crawled out of the basket.
JYZ6dAbVtTCZL8fZXM8s,37,3,and looked around.
JYZ6dAbVtTCZL8fZXM8s,38,4,"""I guess I overslept!"
JYZ6dAbVtTCZL8fZXM8s,39,10,"Where exactly are we, and who exactly are you all?"""
JYZ6dAbVtTCZL8fZXM8s,40,13,"The rabbit and friends introduced themselves, but couldn't answer for where they were."
JYZ6dAbVtTCZL8fZXM8s,41,13,"""Hmm, that's okay, I think I know this place!"" said the pill bug."
JYZ6dAbVtTCZL8fZXM8s,42,5,"""My friends live close by!"""
JYZ6dAbVtTCZL8fZXM8s,43,14,"And just like that, the shore was illuminated by a flock of fireflies floating."
K6nustVFF5ei8GiBLmiZ,0,6,"my first heartbreak, three years ago."
K6nustVFF5ei8GiBLmiZ,1,16,I'd been more naive back then and unsuspecting of the harsh reality of people in love.
K6nustVFF5ei8GiBLmiZ,2,12,"It started of great, as it always does when you're in love."
K6nustVFF5ei8GiBLmiZ,3,11,"blind to all of the other's faults, and them to yours."
K6nustVFF5ei8GiBLmiZ,4,9,The danger is when you get to know someone.
K6nustVFF5ei8GiBLmiZ,5,16,"When I first saw Maxim in line at the coffee shop, he'd been ordering a cappuccino."
K6nustVFF5ei8GiBLmiZ,6,12,"He smiled at the barista, revealing a dimple in his left cheek."
K6nustVFF5ei8GiBLmiZ,7,34,"it had been snowing and i immediately envied the small drops of melting snow in his curly hair, the way they gently slid down his cheeks, falling on the lid of the coffee cup."
K6nustVFF5ei8GiBLmiZ,8,19,"I stood close to him as he took a seat in the café, while I waited for my drink."
K6nustVFF5ei8GiBLmiZ,9,8,That was the first time we met eyes.
K6nustVFF5ei8GiBLmiZ,10,27,"It's weird to think back at it, at that time I would've never guessed I would one day be planning how I was going to kill him."
K6nustVFF5ei8GiBLmiZ,11,21,"But, here we are, that's what heartbreak I'm not really sure when or even exactly why I decided to kill him."
K6nustVFF5ei8GiBLmiZ,12,19,"I just became aware of a dull, throbbing pain in my chest that told me I wanted him gone."
K6nustVFF5ei8GiBLmiZ,13,9,"Not just from my life, but from the planet."
K6nustVFF5ei8GiBLmiZ,14,17,I don't know if it was the realization that he was falling out of love with me.
K6nustVFF5ei8GiBLmiZ,15,12,Or maybe the realization that I was getting bored of our relationship.
K6nustVFF5ei8GiBLmiZ,16,3,It didn't matter.
K6nustVFF5ei8GiBLmiZ,17,14,The calendar hanging on my wall had a specific day circled in red ink.
K6nustVFF5ei8GiBLmiZ,18,2,February 26th.
K6nustVFF5ei8GiBLmiZ,19,16,"He'd asked about the red circle, and I had told him I had something special planned."
K6nustVFF5ei8GiBLmiZ,20,11,"Some of you may consider that a lie, but come on."
K6nustVFF5ei8GiBLmiZ,21,14,What could be more special than the day I decided to become a murderer?
K6nustVFF5ei8GiBLmiZ,22,6,Murderer isn't even the right word.
K6nustVFF5ei8GiBLmiZ,23,21,"I'm more of a hopeless romantic, if you really look at it, so are all the big romantic people of history."
K6nustVFF5ei8GiBLmiZ,24,5,I would die for you.
K6nustVFF5ei8GiBLmiZ,25,5,I would kill for you.
K6nustVFF5ei8GiBLmiZ,26,8,"And in this case, I will kill you."
K6nustVFF5ei8GiBLmiZ,27,6,"It's a really romantic trope, actually."
K6nustVFF5ei8GiBLmiZ,28,7,I had the murder all planned out.
K6nustVFF5ei8GiBLmiZ,29,29,"It would be after our belated Valentine's dinner, after we finished Eating at the same fucking restaurant he always picks, we were on to my part of the date."
K6nustVFF5ei8GiBLmiZ,30,21,"Always this shit, he planned the dinner, a rotation of three god-awful tacky restaurants that weren't too expensive for his budget."
K6nustVFF5ei8GiBLmiZ,31,5,He ordered dessert—the lava cake.
K6nustVFF5ei8GiBLmiZ,32,35,"He didn't mention whether it tasted good anymore, he had said it every time we were here over the years, and noticed how I rolled my eyes when he exclaimed 'delicious' for the hundredth time."
K6nustVFF5ei8GiBLmiZ,33,12,But I knew that there was something different in this lava cake.
K6nustVFF5ei8GiBLmiZ,34,8,This was the first step in my plan.
K6nustVFF5ei8GiBLmiZ,35,6,The poison wouldn't kill him immediately.
K6nustVFF5ei8GiBLmiZ,36,11,I didn't want to make a big scene at the restaurant.
K6nustVFF5ei8GiBLmiZ,37,30,"Just needed him to be far enough gone that he wouldn't wake up in the car and realize we were driving into the woods, far off the usual road home."
K6nustVFF5ei8GiBLmiZ,38,11,He lay quiet in the back seat for a long time.
K6nustVFF5ei8GiBLmiZ,39,7,My palms started to sweat a little.
K6nustVFF5ei8GiBLmiZ,40,6,I was confident it would work.
K6nustVFF5ei8GiBLmiZ,41,17,Cause I knew the cops dug up a body in the woods just a few days ago.
K6nustVFF5ei8GiBLmiZ,42,8,"A fresh grave, where no one would look."
K6nustVFF5ei8GiBLmiZ,43,2,The body
NSZE9lXnuxIl0ZT4gRoy,0,21,"a young boy living in a small town on a small island, who thought the world was too small for him."
NSZE9lXnuxIl0ZT4gRoy,1,20,"So, one day, he decided to actually measure the distance he would need to travel to get to another world."
NSZE9lXnuxIl0ZT4gRoy,2,9,"First, he had to find something to measure with."
NSZE9lXnuxIl0ZT4gRoy,3,6,A ruler would probably not work.
NSZE9lXnuxIl0ZT4gRoy,4,22,"So he simply decided to use a rope, and tie knots, and count steps, and scribble numbers and drawings in a notebook."
NSZE9lXnuxIl0ZT4gRoy,5,17,"When he got to the end of his world, another plane of existence opened before his eyes."
NSZE9lXnuxIl0ZT4gRoy,6,16,"It was like a land from some legend, and he didn't know how he got there."
NSZE9lXnuxIl0ZT4gRoy,7,32,"As he was a bit scared of the unknown, he decided to go back to his small town on his small island inside of his small world, but he still wasn't satisfied."
NSZE9lXnuxIl0ZT4gRoy,8,24,"He decided to get a job as a sailor, as this would surely bring some sense of adventure, without going to his old life."
NSZE9lXnuxIl0ZT4gRoy,9,15,"The new life allowed him to become a bigger person, not metaphorically, but also literally."
NSZE9lXnuxIl0ZT4gRoy,10,7,He noticed he had grown a lot!
NSZE9lXnuxIl0ZT4gRoy,11,12,"This new world was much more challenging, but also much more fun!"
NSZE9lXnuxIl0ZT4gRoy,12,14,He soon found a group of nine friends on the ocean to sail with.
NSZE9lXnuxIl0ZT4gRoy,13,8,These friends were actually all from different worlds.
NSZE9lXnuxIl0ZT4gRoy,14,17,They shared stories about their old lives and the boy realized there were infinite worlds to explore.
NSZE9lXnuxIl0ZT4gRoy,15,14,"Together, they set sail for a magical land, filled with all sorts of people."
NSZE9lXnuxIl0ZT4gRoy,16,12,"Here, they met a king and a princess who were in trouble."
NSZE9lXnuxIl0ZT4gRoy,17,21,"An evil wizard was trying to become prince and take the throne away from its king and its heir, the princess."
NSZE9lXnuxIl0ZT4gRoy,18,11,"So, one of them decided he would stay in that world."
NSZE9lXnuxIl0ZT4gRoy,19,13,", leaving the crew behind, to try to help with their wizard problem."
NSZE9lXnuxIl0ZT4gRoy,20,14,"It turned out to be no easy task, however, as the wizard was cunning."
NSZE9lXnuxIl0ZT4gRoy,21,6,", they couldn't leave him alone."
NSZE9lXnuxIl0ZT4gRoy,22,24,"So they made sure they solved the problem before they parted for the next world, where an evil robot was terrorizing every major city."
NSZE9lXnuxIl0ZT4gRoy,23,20,"They all needed to train hard to defeat this threat, and not everyone made it out of the robot world."
NSZE9lXnuxIl0ZT4gRoy,24,11,"Sadly, some of the crew became part of the robot's servants."
NSZE9lXnuxIl0ZT4gRoy,25,13,"But they had to continue their own path, as their friends would have."
NSZE9lXnuxIl0ZT4gRoy,26,3,another destiny waiting.
NSZE9lXnuxIl0ZT4gRoy,27,15,"So, four of the crewmembers sailed onwards, while the rest stayed back as robot servants."
NSZE9lXnuxIl0ZT4gRoy,28,13,The others found a great treasure on an island made out of glass.
NSZE9lXnuxIl0ZT4gRoy,29,12,"There, they encountered a maze that they had to get out of."
NSZE9lXnuxIl0ZT4gRoy,30,21,"But it seemed impossible, they decided to just look through, as the maze was, of course, also made out of glass."
NSZE9lXnuxIl0ZT4gRoy,31,20,"That way, they easily found their way to the center, where they found a giant egg from some giant hen."
NSZE9lXnuxIl0ZT4gRoy,32,21,"It was golden, it was bright, and they decided to take it home with them, even if it was too heavy."
NSZE9lXnuxIl0ZT4gRoy,33,28,"They managed to take it into their ship, and the they all sailed back to help the rest of the crew, and saved them from the robot world."
NSZE9lXnuxIl0ZT4gRoy,34,15,"The egg turned out to be from a giant golden chicken, and it helped them."
OdyHy12i4PsBZkM4jjdC,0,12,how a potato farmer called Bobby became the president of North Korea.
OdyHy12i4PsBZkM4jjdC,1,13,It all started on a rainy day where everything was wet and soggy.
OdyHy12i4PsBZkM4jjdC,2,14,"Something weird has happened to his potatoes, and he could quite figure out what."
OdyHy12i4PsBZkM4jjdC,3,12,So he took some of his potatoes into the laboratory for analysis.
OdyHy12i4PsBZkM4jjdC,4,8,What he discovered would forever change the world.
OdyHy12i4PsBZkM4jjdC,5,7,The potato DNA was contaminated with poison.
OdyHy12i4PsBZkM4jjdC,6,14,He figured out that he could use this kind of poison for other purposes.
OdyHy12i4PsBZkM4jjdC,7,5,For good and for bad.
OdyHy12i4PsBZkM4jjdC,8,3,He chose bad.
OdyHy12i4PsBZkM4jjdC,9,17,He went then to breed one million billion poison potatoes and loaded them all in his truck.
OdyHy12i4PsBZkM4jjdC,10,3,He drove it.
OdyHy12i4PsBZkM4jjdC,11,10,in to town to sell all the potatoes he had.
OdyHy12i4PsBZkM4jjdC,12,15,He made a stand in the middle of the town square and just started selling.
OdyHy12i4PsBZkM4jjdC,13,1,potatoes.
OdyHy12i4PsBZkM4jjdC,14,18,In the corner of his eye he noticed a shady figure wandering the market stalls with dubious intent.
OdyHy12i4PsBZkM4jjdC,15,22,The shady figure got closer and closer and the farmer now saw a big tall man with a long jacket and black.
OdyHy12i4PsBZkM4jjdC,16,1,boots.
OdyHy12i4PsBZkM4jjdC,17,7,The figure was closing in towards Bobby.
OdyHy12i4PsBZkM4jjdC,18,11,"Alarmed, he grabbed all of his potatoes and started to eat."
OdyHy12i4PsBZkM4jjdC,19,3,all the potatoes.
OdyHy12i4PsBZkM4jjdC,20,15,"He just kept on eating and eating and eating, until he fell to the floor."
OdyHy12i4PsBZkM4jjdC,21,5,He then woke up later.
OdyHy12i4PsBZkM4jjdC,22,1,transformed.
OdyHy12i4PsBZkM4jjdC,23,13,He was no longer the small puny potato farmer he used to be.
OdyHy12i4PsBZkM4jjdC,24,13,He was now all purple and huge and had a quite larger head.
OdyHy12i4PsBZkM4jjdC,25,3,Everything was larger.
OdyHy12i4PsBZkM4jjdC,26,18,The people in the town square all looked at them as they had no idea what was happening.
OdyHy12i4PsBZkM4jjdC,27,17,Monster Bobby then opened wide his arms and started shooting potatoes out of his eyes at everybody.
OdyHy12i4PsBZkM4jjdC,28,8,"People got hurt, but none of them died."
OdyHy12i4PsBZkM4jjdC,29,7,They just wounded and even more scared.
OdyHy12i4PsBZkM4jjdC,30,5,Bobby then started to cry.
OdyHy12i4PsBZkM4jjdC,31,14,He felt guilty for destroying the whole village and injuring so many innocent bystanders.
OdyHy12i4PsBZkM4jjdC,32,3,He ran away.
OdyHy12i4PsBZkM4jjdC,33,7,a long long way into the woods.
OdyHy12i4PsBZkM4jjdC,34,12,He thought about what he had done and how wrong it was.
OdyHy12i4PsBZkM4jjdC,35,20,But he also thought that he would be absolved of his sins if he could destroy the weapon of destruction.
OdyHy12i4PsBZkM4jjdC,36,4,The original poisoned potato.
OdyHy12i4PsBZkM4jjdC,37,6,To make up for it all.
OdyHy12i4PsBZkM4jjdC,38,18,He got back to his farm and started examining the original potato again to see what this was.
OdyHy12i4PsBZkM4jjdC,39,5,It was actually a tomato.
OdyHy12i4PsBZkM4jjdC,40,12,He then realized how wrong he was about everything he ever did.
OdyHy12i4PsBZkM4jjdC,41,5,He made it his mission.
OdyHy12i4PsBZkM4jjdC,42,13,to say sorry to all the people that he had hurt in town.
OdyHy12i4PsBZkM4jjdC,43,9,He gave them free unpoisoned potatoes and tomatoes for
P1SZ3AZnoi1oqt5EbYh5,0,11,Once upon a time there was a small man and village.
P1SZ3AZnoi1oqt5EbYh5,1,14,"He loved eating pork, but one stormy night all the pigs left the village."
P1SZ3AZnoi1oqt5EbYh5,2,14,The small man ran and ran for days and nights in search of pigs.
P1SZ3AZnoi1oqt5EbYh5,3,8,"But everywhere he looked, the fields were swine-less."
P1SZ3AZnoi1oqt5EbYh5,4,9,"One day, the man came across a large river."
P1SZ3AZnoi1oqt5EbYh5,5,12,On the other side a pinkish figure appeared before his very eyes.
P1SZ3AZnoi1oqt5EbYh5,6,21,Desperate in his search for the pigs he jumped across the river and tore apart the pig with his bare hands.
P1SZ3AZnoi1oqt5EbYh5,7,7,He began to cry over this desperation.
P1SZ3AZnoi1oqt5EbYh5,8,10,"Suddenly, a mother pig appeared calling for her baby pig."
P1SZ3AZnoi1oqt5EbYh5,9,21,All she found was flesh clumps all over the ground and a small drop of blood fell from the man's mouth.
P1SZ3AZnoi1oqt5EbYh5,10,8,"The man smiled, moving toward the mother pig."
P1SZ3AZnoi1oqt5EbYh5,11,4,Organs trailing behind him.
P1SZ3AZnoi1oqt5EbYh5,12,13,"Bloodlusted, he jumped the mother pig, trying to rip her apart to pieces."
P1SZ3AZnoi1oqt5EbYh5,13,14,"Unbeknownst to him, dad pig ran towards the man at full speed and velocity."
P1SZ3AZnoi1oqt5EbYh5,14,14,"The dad pig jumped on the man, ripping into his skin with his teeth."
P1SZ3AZnoi1oqt5EbYh5,15,10,"The dad pig squealed, ""This is how those pigs felt."
P1SZ3AZnoi1oqt5EbYh5,16,11,"every time you stupid human mouth wants to eat some bacon."""
P1SZ3AZnoi1oqt5EbYh5,17,6,The papa pig enjoyed the taste.
P1SZ3AZnoi1oqt5EbYh5,18,13,From now on every man thought of daddy pig when they ate pork.
P1SZ3AZnoi1oqt5EbYh5,19,15,"Daddy pig roamed the Earth, ripping any human apart who even looked at a pig."
P1SZ3AZnoi1oqt5EbYh5,20,10,The people of the Earth even began worshipping Papa Pig.
P1SZ3AZnoi1oqt5EbYh5,21,2,Governments fell.
P1SZ3AZnoi1oqt5EbYh5,22,3,Riots all over.
P1SZ3AZnoi1oqt5EbYh5,23,4,Whole countries falling apart.
P1SZ3AZnoi1oqt5EbYh5,24,2,Anarchy erupted.
P1SZ3AZnoi1oqt5EbYh5,25,10,Leaders not Eating pork became the trend of the generation.
P1SZ3AZnoi1oqt5EbYh5,26,11,People even began wearing pig costumes in honor of Peppa Pig.
P1SZ3AZnoi1oqt5EbYh5,27,5,A new era was born.
P1SZ3AZnoi1oqt5EbYh5,28,11,New regimes began to rise supporting Papa Pig and his actions.
P1SZ3AZnoi1oqt5EbYh5,29,8,Other factions feared for their safety and sanity.
P1SZ3AZnoi1oqt5EbYh5,30,4,"Pink everywhere, pork nowhere."
P1SZ3AZnoi1oqt5EbYh5,31,7,This was the mantra of the world.
P1SZ3AZnoi1oqt5EbYh5,32,6,Papa Pig AI was later introduced.
P1SZ3AZnoi1oqt5EbYh5,33,4,and used by everyone.
P1SZ3AZnoi1oqt5EbYh5,34,10,No matter where you went you couldn't avoid his face.
P1SZ3AZnoi1oqt5EbYh5,35,8,"After years of suppression, a small revolution occurred."
P1SZ3AZnoi1oqt5EbYh5,36,9,A group of people tried to kill a pig.
P1SZ3AZnoi1oqt5EbYh5,37,10,"At first, people shunned them, then some began to wonder."
P1SZ3AZnoi1oqt5EbYh5,38,7,Where did papa pig even come from.
P1SZ3AZnoi1oqt5EbYh5,39,22,Was we really this godly being setting us free from our earthly desires or was he just putting us on a diet?
P1SZ3AZnoi1oqt5EbYh5,40,6,People began to question this seriously.
P1SZ3AZnoi1oqt5EbYh5,41,4,"And then, an outbreak."
P1SZ3AZnoi1oqt5EbYh5,42,8,A huge dinner for the community was held.
P1SZ3AZnoi1oqt5EbYh5,43,3,Meat was served.
P1SZ3AZnoi1oqt5EbYh5,44,3,Justice was withheld.
P1SZ3AZnoi1oqt5EbYh5,45,8,The biggest feast the world has ever seen.
P1SZ3AZnoi1oqt5EbYh5,46,12,The small man's village was happy to finally pork on the table.
P1SZ3AZnoi1oqt5EbYh5,47,6,"Pork was everywhere, and pink nowhere."
P1SZ3AZnoi1oqt5EbYh5,48,7,The entire world lived happily ever after.
P1SZ3AZnoi1oqt5EbYh5,49,5,And then a man went
Pzb5I6nhg196AWLpukmz,0,17,"There was something off about this particular day, though he couldn't quite figure out what it was."
Pzb5I6nhg196AWLpukmz,1,12,Something strange was in the the woods in front of Nate's cabin.
Pzb5I6nhg196AWLpukmz,2,26,"After staying up all night, he thought he was hallucinating while he saw a 'hooded' girl figure approaching him in the slow dusk of late spring."
Pzb5I6nhg196AWLpukmz,3,16,"He watched her in wonder, not understanding what such a person could be doing out here."
Pzb5I6nhg196AWLpukmz,4,18,"He thought, ""perhaps today I will find an actual human here to talk instead of the wild animals."""
Pzb5I6nhg196AWLpukmz,5,24,"With a lot of wounds on her body, she slowly moved towards the cabin, moving like a wounded deer more so than a person."
Pzb5I6nhg196AWLpukmz,6,9,"Her eyes were dark and bottomless, her skin clammy."
Pzb5I6nhg196AWLpukmz,7,15,"There was a feverish look about her, something that made him feel sad for her."
Pzb5I6nhg196AWLpukmz,8,19,"Surprisingly, he started sympathising with her, instead of questioning her about her identity and the purpose of her arrival."
Pzb5I6nhg196AWLpukmz,9,30,"With the leaves stuck in her hair and the blood and dirt caked on her bare feet, he got the impression that she had been out there for a while."
Pzb5I6nhg196AWLpukmz,10,16,"He quietly stepped aside and gestured to the warm , hearing a whisper immediately after, ""hide""!"
Pzb5I6nhg196AWLpukmz,11,1,"""help""!"
Pzb5I6nhg196AWLpukmz,12,12,"Squinting his eyes, he became confused about whether to hide or help."
Pzb5I6nhg196AWLpukmz,13,13,"He ignored her protests and pulled her inside, shutting the door behind her."
Pzb5I6nhg196AWLpukmz,14,3,"""Are you alright?"""
Pzb5I6nhg196AWLpukmz,15,14,"he asked, holding up his hands to hold her head which was bending downwards."
Pzb5I6nhg196AWLpukmz,16,7,"She kept whispering, ""How am I alive?""."
Pzb5I6nhg196AWLpukmz,17,11,He softly held her in his arms and offered her water.
Pzb5I6nhg196AWLpukmz,18,15,"Like a thirsty crow, she downed the bottle offered to her and shook her head."
Pzb5I6nhg196AWLpukmz,19,24,"""Something is stalking the woods,"" she whispered, as if afraid something might Nate lost his attention while the teapot on the stove whistled loudly."
Pzb5I6nhg196AWLpukmz,20,16,"Wrapping her up with a blanket, he let her sit on a chair in his cabin."
Pzb5I6nhg196AWLpukmz,21,13,"With pouring the tea from the kettle, he watched her through the steam."
Pzb5I6nhg196AWLpukmz,22,10,"She stared out the window, front teeth bothering her lip."
Pzb5I6nhg196AWLpukmz,23,6,"""What's your name?"" he asked her."
Pzb5I6nhg196AWLpukmz,24,16,She stared at him as if it is unusual to ask the name of a stranger.
Pzb5I6nhg196AWLpukmz,25,28,"Nate understood and nodded his head, assuring her that she can at least have the tea which he had doused with rat poison to see what would happen."
Pzb5I6nhg196AWLpukmz,26,7,"If she were human, she would puke."
Pzb5I6nhg196AWLpukmz,27,6,"Were she not, she would die."
Pzb5I6nhg196AWLpukmz,28,5,He offered her the tea.
Pzb5I6nhg196AWLpukmz,29,19,"She refused to accept it and said, ""Don't you know what happens to people who accept food from strangers?"""
Pzb5I6nhg196AWLpukmz,30,2,He smiled.
Pzb5I6nhg196AWLpukmz,31,10,Both of them looked away with tingles in their tummies.
Pzb5I6nhg196AWLpukmz,32,11,"""How are you going to survive with no food or drink?"""
Pzb5I6nhg196AWLpukmz,33,5,He asked after a while.
Pzb5I6nhg196AWLpukmz,34,5,He could poison her food.
Pzb5I6nhg196AWLpukmz,35,7,to find out what she actually is.
Pzb5I6nhg196AWLpukmz,36,12,"She replied with a grin smile, ""like how I survived till now."""
Pzb5I6nhg196AWLpukmz,37,9,Suddenly they heard a harsh banging on the door.
Pzb5I6nhg196AWLpukmz,38,8,The girl told Nate to open the door.
Pzb5I6nhg196AWLpukmz,39,7,"""See what happens,"" she cooed, smiling unnervingly."
Pzb5I6nhg196AWLpukmz,40,9,"""Or keep it closed and do what I say."
Pzb5I6nhg196AWLpukmz,41,12,I assume you want to really find out what I actually am!
Pzb5I6nhg196AWLpukmz,42,15,"Maybe I am a girl in distress, or the girl is banging outside the door."
Pzb5I6nhg196AWLpukmz,43,8,Don't you wanna know who is actually in?
RGwAQvKrGEfTj8ym6lju,0,2,my Monday.
RGwAQvKrGEfTj8ym6lju,1,14,"I woke up in the middle of the night, finding my throat in pain."
RGwAQvKrGEfTj8ym6lju,2,9,It was horrible and I did not sleep much.
RGwAQvKrGEfTj8ym6lju,3,12,"Then I decided to drink a glass of milk, because why not."
RGwAQvKrGEfTj8ym6lju,4,13,"One glass of milk quickly turned into another, and suddenly something crazy happened..."
RGwAQvKrGEfTj8ym6lju,5,7,I developed an udder out of nowhere.
RGwAQvKrGEfTj8ym6lju,6,9,"I thought to myself, why did I deserve this."
RGwAQvKrGEfTj8ym6lju,7,20,I went back to sleep and then dreamt of a prince that could dance like no one else ever seen.
RGwAQvKrGEfTj8ym6lju,8,24,"This inspiring dream made me forget about all my suffering, so I woke up and when I woke up I found myself in India."
RGwAQvKrGEfTj8ym6lju,9,29,"I had never been to India before, but I could just feel that I belonged to this magical place, I felt as though I have never been more alive."
RGwAQvKrGEfTj8ym6lju,10,4,All the colors wow.
RGwAQvKrGEfTj8ym6lju,11,13,I went directly to the store looking for a genie in a bottle.
RGwAQvKrGEfTj8ym6lju,12,9,to my disappointment I only found kebab and McDonald's.
RGwAQvKrGEfTj8ym6lju,13,29,"Just to make everything worse, apparently Indian McDonald's do this crazy thing where they eat raw snake meat, and because of that claim that you will receive magical abilities."
RGwAQvKrGEfTj8ym6lju,14,9,"I thought to myself, do I have to test?"
RGwAQvKrGEfTj8ym6lju,15,2,this out?
RGwAQvKrGEfTj8ym6lju,16,18,but thought to myself it would not be the craziest thing that had happened to me this day.
RGwAQvKrGEfTj8ym6lju,17,18,"So I decided to buy a double big menu of raw snake meat, with all the good stuff."
RGwAQvKrGEfTj8ym6lju,18,3,Stuff like chilimayo!
RGwAQvKrGEfTj8ym6lju,19,1,Amazing.
RGwAQvKrGEfTj8ym6lju,20,8,After one bite my fingers started to grow.
RGwAQvKrGEfTj8ym6lju,21,16,"After a while I started hearing voices, not normal voices, but the voices of animals apparently."
RGwAQvKrGEfTj8ym6lju,22,15,I ran out of McDonald's to track down the animals I thought I had heard.
RGwAQvKrGEfTj8ym6lju,23,13,I ran directly to a small forest nearby sure of solving this problem.
RGwAQvKrGEfTj8ym6lju,24,11,When I entered the forest I could hear the voice louder.
RGwAQvKrGEfTj8ym6lju,25,15,As I went closer to the sound of the voice the darker the forest became.
RGwAQvKrGEfTj8ym6lju,26,61,"I became slightly frightened, but the good thing about the situation was that I had my handgun in my back and if that did not work I had developed my own 4 physical milk guns at the front of my body, which at first seemed a bit weird if any other than me and the creature in front of me saw."
RGwAQvKrGEfTj8ym6lju,27,7,I could not quite identify the creature.
RGwAQvKrGEfTj8ym6lju,28,14,"It was big, hairy and held something that looked like a big magic toothbrush."
RGwAQvKrGEfTj8ym6lju,29,28,"The creature was clearly sponsored by Zendium, which I did not like, since I had always used Colgate, but I decided to not get too bothered about it."
RGwAQvKrGEfTj8ym6lju,30,9,But after my face turned completely red of anger.
RGwAQvKrGEfTj8ym6lju,31,5,I could not handle it.
RGwAQvKrGEfTj8ym6lju,32,18,"I began shooting with my milk guns against the creature, which I thought would piss off the monster."
RGwAQvKrGEfTj8ym6lju,33,16,"To my big surprise, instead the creature started drinking all the milk I pointed at him."
RGwAQvKrGEfTj8ym6lju,34,18,The creature was shockingly good at catching things with his mouth so I started throwing stones at the
Tf1TksJV6vLRqvWrSi52,0,12,Tax fraud and the consideration of how to use the money well.
Tf1TksJV6vLRqvWrSi52,1,14,"First, the problem is how to get away with the fraud without being caught."
Tf1TksJV6vLRqvWrSi52,2,18,"Taxes can be a big resource depletion policy to low-income families, while the rich enjoy a tax-free life."
Tf1TksJV6vLRqvWrSi52,3,16,"But to enjoy a tax-free life, one must also be able to enjoy a thoughtless life."
Tf1TksJV6vLRqvWrSi52,4,15,"This can of course be hard, as once a famous philosopher said, cogito, ergo sum."
Tf1TksJV6vLRqvWrSi52,5,10,"Thought to that fellow, is the core center of existence."
Tf1TksJV6vLRqvWrSi52,6,45,"Therefore tax fraud will be better for everyone in society, not only the rich but also the poor, because now the rich can kill the poor with the insane amounts of unchecked money that they have and finally begin the final human techno dark age."
Tf1TksJV6vLRqvWrSi52,7,55,"They will buy extreme amounts of analogue weapons such as morning stars and get ready for a marathon based on yo-yo battle and commence the ritualistic worldwide money laundering scheme, turning the oceans into the biggest literal money laundering machine, while having poor people sent to the dungeons and face the monster of eternal tickling."
Tf1TksJV6vLRqvWrSi52,8,7,Only one person has survived the meeting.
Tf1TksJV6vLRqvWrSi52,9,6,his name was usman the tickler.
Tf1TksJV6vLRqvWrSi52,10,17,He won the battle against the tickle monster by out tickling the tickly bits of the tickler.
Tf1TksJV6vLRqvWrSi52,11,21,"After hours He won by tickling his only ticklish area known to mankind, the very bald spot behind the right knee."
Tf1TksJV6vLRqvWrSi52,12,28,"This is of course because it was written in the old scriptures found in east Zambia, where the first rites of passage of the tickling order were said."
Tf1TksJV6vLRqvWrSi52,13,20,"After defeating the tickling monster, Usman became a superstar, but was not able to handle fame and the money well."
Tf1TksJV6vLRqvWrSi52,14,18,"He also invented tax evasion, being able to be rich without the hassle of being an upstanding citizen."
Tf1TksJV6vLRqvWrSi52,15,28,"At the end of the day, the new world tickling champion was no different than you and I. With his great new power, of course, also comes responsibility."
Tf1TksJV6vLRqvWrSi52,16,14,being that he could topple any person by attacking them with lots of tickles.
Tf1TksJV6vLRqvWrSi52,17,12,He has been recorded as the most powerful being in all galaxies.
Tf1TksJV6vLRqvWrSi52,18,43,"One historian has once described Usman as the most influential individual since Cleopatra and is right now being discussed whether he should be adopted as the worldwide currency, eventually making every other currency meaningless, and therefore solving every man's problem with tax evasion."
Tf1TksJV6vLRqvWrSi52,19,12,He ended class wars and every poor and disgusting civilization on Earth.
Tf1TksJV6vLRqvWrSi52,20,19,It would be substituted with the tax-fraud money (also called silent money) which is the new type of bitcoin.
Tf1TksJV6vLRqvWrSi52,21,19,The change backfired when people would use this newfound currency to bet on everything so they couldn't be traced.
Tf1TksJV6vLRqvWrSi52,22,4,Usman was tragically killed
ULRAMZF7ra0i53A9w3Gv,0,8,a very sweet dog who needed an owner.
ULRAMZF7ra0i53A9w3Gv,1,5,The dog was named Pluto.
ULRAMZF7ra0i53A9w3Gv,2,29,"The dog was black and white and was ready for adoption at the local retirement home, because the old lady that owned Pluto before, called Mary, just passed away."
ULRAMZF7ra0i53A9w3Gv,3,10,The love between Mary and Pluto was often very special.
ULRAMZF7ra0i53A9w3Gv,4,14,"Sometimes Mary loved to cuddle Pluto, but sometimes she just wanted some alone time."
ULRAMZF7ra0i53A9w3Gv,5,46,"Pluto was very confused with Mary, but he took all the love he could get, sometimes even more and it is said that with sometimes even craving more from Mary, the old lady kept her joy in life even though she sometimes had a sad dog."
ULRAMZF7ra0i53A9w3Gv,6,16,"Pluto was sad the day Mary passed away, but he also dreamed of a better life."
ULRAMZF7ra0i53A9w3Gv,7,15,A life with unconditional love from someone just as loving as Mary had always been!!
ULRAMZF7ra0i53A9w3Gv,8,16,But Pluto keeps his hopes high to find a person just as kind as his wishes.
ULRAMZF7ra0i53A9w3Gv,9,13,One day at the center a big family came searching for a dog.
ULRAMZF7ra0i53A9w3Gv,10,10,Pluto had his hopes high when they walked past him.
ULRAMZF7ra0i53A9w3Gv,11,22,"But he got disappointed when they walked right right up to him, but smelled even worse than Mary after her 99th birthday."
ULRAMZF7ra0i53A9w3Gv,12,9,That stink was definitely too much was his thought.
ULRAMZF7ra0i53A9w3Gv,13,8,Luckily they found another dog at the center.
ULRAMZF7ra0i53A9w3Gv,14,7,The next day another family came by.
ULRAMZF7ra0i53A9w3Gv,15,11,Pluto had his hopes up again and the family seemed interested.
ULRAMZF7ra0i53A9w3Gv,16,28,", but did then nonetheless decide for a little Chihuahua, which Pluto really couldn't understand, but one day, after a long time waiting, an older lady came by."
ULRAMZF7ra0i53A9w3Gv,17,16,"She reminded Pluto of Mary, so he wished so bad that she would find another dog."
ULRAMZF7ra0i53A9w3Gv,18,11,Pluto wanted more love than every human could ever give seemingly.
ULRAMZF7ra0i53A9w3Gv,19,18,"So when after the old lady a giraffe walked into the center, looking for a dog to adopt."
ULRAMZF7ra0i53A9w3Gv,20,18,"But such things don't happen in real life, so Pluto knew that it was a dream he had."
ULRAMZF7ra0i53A9w3Gv,21,11,When he woke up the center was instead filled with dolphins!!
ULRAMZF7ra0i53A9w3Gv,22,4,Pluto was totally confused!
ULRAMZF7ra0i53A9w3Gv,23,16,This wasn't what he imagined as a new owner either..he maybe had another dream he thought.
ULRAMZF7ra0i53A9w3Gv,24,32,"So when he woke up for real, the center was filled with families trying to find their new best friend among All the lions, tigers, and the three dogs left, including Pluto."
ULRAMZF7ra0i53A9w3Gv,25,11,So his chance to finally be picked was pretty high today!!
ULRAMZF7ra0i53A9w3Gv,26,11,Pluto had his eyes on one specific family with six kids.
ULRAMZF7ra0i53A9w3Gv,27,10,Pluto thought that might be just enough love for him.
ULRAMZF7ra0i53A9w3Gv,28,15,"That specific family only looked at him, and did fall in love with him instantly!!"
ULRAMZF7ra0i53A9w3Gv,29,19,"It was the same for Pluto, and it just felt like complete fate for the family and for Pluto."
ULRAMZF7ra0i53A9w3Gv,30,20,Pluto finally got the family he had been wishing for and all the love that Mary wouldn't give to him.
ULRAMZF7ra0i53A9w3Gv,31,16,He could now finally live a fulfilled life with love and joy and a real family.
ULRAMZF7ra0i53A9w3Gv,32,15,It felt like home the moment he stepped into his new house and they lived
WXfjYvL0j5iHL8rllFn1,0,3,"Flip-flop, the breakdancer."
WXfjYvL0j5iHL8rllFn1,1,28,"They had been keen to breakdance ever since they were a small kid, and had been dancing in class nonstop to the great annoyance of all the teachers."
WXfjYvL0j5iHL8rllFn1,2,14,"One day, a teacher had enough and he kicked Flipflop out of the classroom."
WXfjYvL0j5iHL8rllFn1,3,16,This was the beginning of a life-long journey away from schools and teachers and toward dancing.
WXfjYvL0j5iHL8rllFn1,4,20,"Flip-flop trained more and more and by the next full moon, he was able to make flip-flops like never before."
WXfjYvL0j5iHL8rllFn1,5,19,He danced and danced and he dreamed that one day he would dance all the way to the moon.
WXfjYvL0j5iHL8rllFn1,6,15,"However, the teacher that kicked him out on that fateful day continued to haunt him."
WXfjYvL0j5iHL8rllFn1,7,30,"However much he begged, his parents would not let him stay home from school, and this Wednesday he was once again forced back into the classroom of the gruesome teacher."
WXfjYvL0j5iHL8rllFn1,8,17,He tried his best to sit still but the rhythm in his body would not be contained.
WXfjYvL0j5iHL8rllFn1,9,16,"It seemed like music was playing outside, and the urge to dance became stronger and stronger."
WXfjYvL0j5iHL8rllFn1,10,17,"He asked to go to the bathroom, and ran out of the classroom as fast as ever."
WXfjYvL0j5iHL8rllFn1,11,11,Outside the music was everywhere and it took over his body.
WXfjYvL0j5iHL8rllFn1,12,27,"Suddenly, he was dancing around the room and up the walls and his dream of dancing to swaggiejackie at the world championship seemed as close as ever."
WXfjYvL0j5iHL8rllFn1,13,15,"He swirled around, almost floating - as if the laws of physics didn't apply to."
WXfjYvL0j5iHL8rllFn1,14,3,breakdancers like Flipflop.
WXfjYvL0j5iHL8rllFn1,15,13,On and on he went until suddenly his feet lifted off the ground.
WXfjYvL0j5iHL8rllFn1,16,13,He continued to spin out the door and his dancing body swirled upward.
WXfjYvL0j5iHL8rllFn1,17,8,in the greatest Flip-flop he had ever performed.
WXfjYvL0j5iHL8rllFn1,18,12,"A voice called out: ""Hey kid, where do you take classes man?""."
WXfjYvL0j5iHL8rllFn1,19,14,A man standing by the fence looked up from under his giant yellow hat.
WXfjYvL0j5iHL8rllFn1,20,11,Flipflop had never taken a class so which he yelled back.
WXfjYvL0j5iHL8rllFn1,21,8,"""Take me with you on your dancing journey!"""
WXfjYvL0j5iHL8rllFn1,22,6,"the man yelled, and Flipflop agreed."
WXfjYvL0j5iHL8rllFn1,23,19,"His name was Jean, and from that day on, they became the best partners in crime, breakdancing in symbiosis."
WXfjYvL0j5iHL8rllFn1,24,10,One day they looked at the world championship of breakdancing.
WXfjYvL0j5iHL8rllFn1,25,15,and it turned out that the next championship was actually taking place on the moon.
WXfjYvL0j5iHL8rllFn1,26,11,His lifelong dream of dancing there would come true after all.
WXfjYvL0j5iHL8rllFn1,27,17,"Jean and Flipflop sent in the application to the Elon Musk Foundation, which sponsored the travel costs."
WXfjYvL0j5iHL8rllFn1,28,13,"Only a couple of hours after sending it in, they got a call."
WXfjYvL0j5iHL8rllFn1,29,21,"saying that unfortunately, they would not receive funding as Elon was sick of helping people because he is a bad guy."
WXfjYvL0j5iHL8rllFn1,30,16,"If they wanted to go to the moon to dance, they would have to pay themselves."
WXfjYvL0j5iHL8rllFn1,31,7,"""Aw man, what a blow!"" said Flipflop."
WXfjYvL0j5iHL8rllFn1,32,6,A disappointment lay in the silence.
WXfjYvL0j5iHL8rllFn1,33,14,"""Maybe we can raise the money,"" said Jean, but Flipflop had a better idea."
WXfjYvL0j5iHL8rllFn1,34,9,"""Or maybe we could just dance all the way?"""
WXfjYvL0j5iHL8rllFn1,35,18,Jean was a bit skeptical of this idea because he had never danced above the ground like that.
WXfjYvL0j5iHL8rllFn1,36,5,"""What about oxygen?"" said Jean."
WXfjYvL0j5iHL8rllFn1,37,15,"""I think my uncle has some oxygen tanks, he deep dives a lot,"" said Flipflop."
WXfjYvL0j5iHL8rllFn1,38,6,"""Come on man, we've gotta try."
WXfjYvL0j5iHL8rllFn1,39,12,When else do you get a chance to dance on the moon.
WXfjYvL0j5iHL8rllFn1,40,20,Jean couldn't argue with that so they got the equipment from Flipflop's uncle and soon they were ready to go.
WXfjYvL0j5iHL8rllFn1,41,2,They grabbed
WYnhagFwtR0bJ9vucGsm,0,19,It was a cold December morning and the last thing Maggie wanted was to have to leave the house.
WYnhagFwtR0bJ9vucGsm,1,47,"But life had other plans for her day, when she woke up she was prepared to have her usual cereal with milk for breakfast, but she realized she had forgotten to buy new bowls as her cat broke the last two she had left in the house."
WYnhagFwtR0bJ9vucGsm,2,47,"She could have asked a neighbor for a spare one, but she was not very liked among the neighbours, since she was considered to be a brat that ruined the neighbourhood, never left the house and was rude to everyone except that cute boy on no. 25."
WYnhagFwtR0bJ9vucGsm,3,13,Well now she has a good reason to start a conversation at least.
WYnhagFwtR0bJ9vucGsm,4,16,"But how can you randomly knock at someone's door and start a random interaction, like this?"
WYnhagFwtR0bJ9vucGsm,5,18,She was scared of seeming weird or that he knew what people said about her or her past.
WYnhagFwtR0bJ9vucGsm,6,24,"But this might be her only chance of having a real conversation in such a long time, or to see another human being out."
WYnhagFwtR0bJ9vucGsm,7,5,of her usual ghost friends.
WYnhagFwtR0bJ9vucGsm,8,23,"Maggies decided she would then go and knock at Greg's door and ask for a bowl, how bad could it be, after all?"
WYnhagFwtR0bJ9vucGsm,9,54,"And there he was, standing still and staring at her, confused, as if she was the first person he had seen in pyjamas walking to his front door, however when he looked a bit more he seemed to be very intrigued by that strange girl he had never seen that somehow looked so familiar."
WYnhagFwtR0bJ9vucGsm,10,8,But where have they seen each other before?
WYnhagFwtR0bJ9vucGsm,11,8,Does she remember him as well or not?
WYnhagFwtR0bJ9vucGsm,12,27,"She walked a bit more towards him and he started to get a glimpse of an old memory, of something so long gone he had almost forgot."
WYnhagFwtR0bJ9vucGsm,13,11,"Her scent, something so unique that brings back so many memories."
WYnhagFwtR0bJ9vucGsm,14,14,"He thought it was all gone, but where has she been all this time?"
WYnhagFwtR0bJ9vucGsm,15,2,He wondered.
WYnhagFwtR0bJ9vucGsm,16,9,"She then opened her mouth and said her name,"
WYnhagFwtR0bJ9vucGsm,17,11,"oh so she did not remember him, she explained the situation."
WYnhagFwtR0bJ9vucGsm,18,17,so quickly as if all she wanted was to get out of there as soon as possible.
WYnhagFwtR0bJ9vucGsm,19,35,"But he couldn't even listen to the words coming out of her mouth because he could just see that little girl, with curly braids and brackets whom he used to have the biggest crush on."
WYnhagFwtR0bJ9vucGsm,20,1,on.
WYnhagFwtR0bJ9vucGsm,21,4,Was it actually her?
WYnhagFwtR0bJ9vucGsm,22,17,How was it possible that she was standing right in front of him all those years later?
WYnhagFwtR0bJ9vucGsm,23,7,And how could she not remember him?
WYnhagFwtR0bJ9vucGsm,24,33,"He thought that embarrassing moment between them at the school yard had totally traumatized her, so she would certainly remember it, but she has totally forgotten about that incident and about him apparently."
WYnhagFwtR0bJ9vucGsm,25,29,"He didn't even know where to start or how or if he should tell her who he was, maybe he could get to know her before trying something out?"
WYnhagFwtR0bJ9vucGsm,26,12,It was crazy that his feelings were the same after all this.
YprMqddWHK39musGQ4si,0,10,a dog that lived in a small house in India.
YprMqddWHK39musGQ4si,1,18,"The house was made of cement and dog biscuits, so it smelled good, but it didn't smell AMAZING."
YprMqddWHK39musGQ4si,2,6,And it was actually a cat.
YprMqddWHK39musGQ4si,3,15,It liked living in India because there was a lot of good and spicy food.
YprMqddWHK39musGQ4si,4,8,The house was very small and smelled okay.
YprMqddWHK39musGQ4si,5,4,Its smell is subjective.
YprMqddWHK39musGQ4si,6,8,The dog/cat wasn't really sure what it was.
YprMqddWHK39musGQ4si,7,11,"It had a tail, four hands and a small pet hamster."
YprMqddWHK39musGQ4si,8,4,What an identity crisis.
YprMqddWHK39musGQ4si,9,13,"Yes, there are hamsters in India, and they are only owned by cats/dogs."
YprMqddWHK39musGQ4si,10,5,That is a simple fact.
YprMqddWHK39musGQ4si,11,10,The pet hamster lived with the dog in the house.
YprMqddWHK39musGQ4si,12,16,"The dog and the hamster always had dinner together, and one day they met Julia Roberts."
YprMqddWHK39musGQ4si,13,6,"She was filming Eat, Pray, Love."
YprMqddWHK39musGQ4si,14,37,"She got inspired by the beautiful friendship of the hamster and dog/cat, and decided to try and leave the film industry for a while to live with the dog, cat, and hamster the way God had intended."
YprMqddWHK39musGQ4si,15,6,She had had her spiritual awakening.
YprMqddWHK39musGQ4si,16,19,"But the dog/cat and hamster kicked her out, and she had to live on the street for a while."
YprMqddWHK39musGQ4si,17,12,They looked at her with disgust every time they walked by her.
YprMqddWHK39musGQ4si,18,8,She instantly regretted leaving her glamorous lifestyle. .
YprMqddWHK39musGQ4si,19,14,Stupid of her to think that she would be a part of the club.
YprMqddWHK39musGQ4si,20,10,One day the dog/cat saw an eagle in the sky.
YprMqddWHK39musGQ4si,21,18,"The eagle screamed its eagle noises, and the dog/cat became scared when he saw its big, sharp claws."
YprMqddWHK39musGQ4si,22,19,"The only solution was to jump on top of the eagle and fly to a land far, far away."
YprMqddWHK39musGQ4si,23,13,"The hamster was sad at first, but then it moved in with Julia."
YprMqddWHK39musGQ4si,24,1,Roberts.
YprMqddWHK39musGQ4si,25,11,"Julia was famished and pale, and hamster had sympathy for her."
YprMqddWHK39musGQ4si,26,10,"""Maybe I can have a pet Julia Roberts,"" it thought."
YprMqddWHK39musGQ4si,27,9,So he was now the master of the house.
YprMqddWHK39musGQ4si,28,13,Julia regularly served him a plate of fruit or a glass of wine.
YprMqddWHK39musGQ4si,29,15,"But the house still smelled like dog biscuits, and was far too small for them."
YprMqddWHK39musGQ4si,30,20,"The hamster wanted to move, but also couldn't bear to say goodbye to the house he was so fond of."
YprMqddWHK39musGQ4si,31,15,"Since Julia was a house slave at this point, she wasn't so fond of it."
YprMqddWHK39musGQ4si,32,4,So she ran away.
YprMqddWHK39musGQ4si,33,13,The hamster looked in pain at Julia running back to the film crew.
YprMqddWHK39musGQ4si,34,9,He spat on the ground and lit a cigarette.
YprMqddWHK39musGQ4si,35,7,"""She can't handle the lifestyle,"" I thought."
YprMqddWHK39musGQ4si,36,19,This inspired the hamster to work on his music and get that record deal he had always dreamed of.
YprMqddWHK39musGQ4si,37,3,A tortured artist.
YprMqddWHK39musGQ4si,38,10,No one knew all the things he had been through.
YprMqddWHK39musGQ4si,39,14,So he hopped on a plane to LAX with a dream and a cardigan.
YprMqddWHK39musGQ4si,40,22,"He jumped in a cab, here he was for the first time, looked to his right and he saw the Hollywood sign."
YprMqddWHK39musGQ4si,41,3,"He thought, ""this"
bF3wySQHXxUL66FkpR9w,0,47,"a mouse who wanted to explore the world; it lived in a quiet, peaceful meadow, by the river, and it recently befriended a lobster that had explored the upper parts One day, the lobster asked if the mouse wanted to go to the mountain in the horizon."
bF3wySQHXxUL66FkpR9w,1,18,"A little hesitant, but also intrigued, the mouse asked the lobster to give it a day to prepare."
bF3wySQHXxUL66FkpR9w,2,19,"The mouse went home and found his hiking boots, and prepared a big meal to take with and share."
bF3wySQHXxUL66FkpR9w,3,3,with the lobster.
bF3wySQHXxUL66FkpR9w,4,31,"The next day they were on their way, but before they even knew it, they were already facing their first obstacle; a passage that seemed to be guarded by two foxes."
bF3wySQHXxUL66FkpR9w,5,28,"The mouse was scared and asked the lobster if they could take an alternate path, but the lobster insisted that this was a great opportunity for personal development."
bF3wySQHXxUL66FkpR9w,6,21,"The lobster thought out a plan to distract the foxes, by essentially using the meal that the mouse had brought along."
bF3wySQHXxUL66FkpR9w,7,21,"The mouse reluctantly agreed, although with the condition that the lobster would have to find and make dinner for them later."
bF3wySQHXxUL66FkpR9w,8,21,"They hid the meal in some nearby bushes, and slowly the foxes began to pick up the scent from the meal."
bF3wySQHXxUL66FkpR9w,9,23,"They both left the passage, and the mouse and the lobster quickly ran through the passage; soon, however, they encountered a third fox."
bF3wySQHXxUL66FkpR9w,10,28,"It was looming over them, and the lobster readied its claws to attack, but the other two foxes were suddenly back and got a hold of the mouse."
bF3wySQHXxUL66FkpR9w,11,22,"This put a stop to the lobster's attempts to escape, and so they were captured and brought to a nearby thieves' camp."
bF3wySQHXxUL66FkpR9w,12,12,"The camp consisted of other foxes, some wolves and also some weasels."
bF3wySQHXxUL66FkpR9w,13,14,"One weasel felt bad for the two friends though, and took pity on them."
bF3wySQHXxUL66FkpR9w,14,13,He decided to help them out (in exchange for the mouse's hiking boots).
bF3wySQHXxUL66FkpR9w,15,37,"When everyone else was sat around the fire, he freed them and pointed them in the direction of a shortcut that would lead them right to the mountain that they wanted to see in the first place."
bF3wySQHXxUL66FkpR9w,16,14,"The two quickly made their way, going through winding tunnels and essentially a labyrinth."
bF3wySQHXxUL66FkpR9w,17,8,A faster way did not necessarily mean easier.
bF3wySQHXxUL66FkpR9w,18,36,At one point they thought they found the end of the maze and came out to a small grotto inside a cave; they determined that they must be at the foot of the mountain right now.
bF3wySQHXxUL66FkpR9w,19,12,"Suddenly the mouse's stomach growled; after all, they lost their big meal."
bF3wySQHXxUL66FkpR9w,20,13,But perhaps there would be food on the other side of the mountain!
bF3wySQHXxUL66FkpR9w,21,30,"They started the steep climb, and before they knew it, they stumbled upon what seemed to be a storage room; tons of jams and conserved jars of pickles and fruits."
bF3wySQHXxUL66FkpR9w,22,16,"The two stopped for a quick snack break before resuming their climb, now with newfound strength."
bF3wySQHXxUL66FkpR9w,23,19,"The sun would be going down before too long, and the mouse really wanted to reach the top soon."
bF3wySQHXxUL66FkpR9w,24,10,But the lobster did not seem too worried with rushing.
bF3wySQHXxUL66FkpR9w,25,14,"The mouse was frustrated with the slowness but relented, being a little tired itself."
bF3wySQHXxUL66FkpR9w,26,11,"Eventually, at around midnight, they found themselves finally reaching the peak."
bF3wySQHXxUL66FkpR9w,27,14,The moonlight provided enough light to see the beautiful view of the far land.
bF3wySQHXxUL66FkpR9w,28,11,Then the mouse realized: yes the world is dangerous but also
cUrf0q4FWuzVfOPnH1a7,0,14,"The mighty duck, Alfred, resided comfortably on his throne, with his little golden crown."
cUrf0q4FWuzVfOPnH1a7,1,18,"With a sharp smirk, he awaits the feathered prisoner who slowly marched to the scene with his head."
cUrf0q4FWuzVfOPnH1a7,2,11,"weighed down with an iron collar, led by his majesty's guard."
cUrf0q4FWuzVfOPnH1a7,3,28,"Once-pale skin, blistered with tar - a lesson and warning to the masses of people, whoever had a shred of an idea to revolt against the monarchial regime."
cUrf0q4FWuzVfOPnH1a7,4,7,"""HOW DARE YOU"" the king verbally accosted."
cUrf0q4FWuzVfOPnH1a7,5,13,"""What say you now, noble rebel?"" inquired the sovereign with a wry snarl."
cUrf0q4FWuzVfOPnH1a7,6,5,Silence - the crowd waited.
cUrf0q4FWuzVfOPnH1a7,7,7,A weak moan ached through the hall.
cUrf0q4FWuzVfOPnH1a7,8,6,"""Aha, no tongue commands no duck!""."
cUrf0q4FWuzVfOPnH1a7,9,13,"The anger-fueled mammal stood on his two yellows, with high might and prestige."
cUrf0q4FWuzVfOPnH1a7,10,13,"""That is an utmost offence you have committed.."" the crowd awaits in suspense."
cUrf0q4FWuzVfOPnH1a7,11,20,"""Bathing in the bathwater of the blessed prophetess is a rite reserved only for the epic Mallards of the sanctuary."
cUrf0q4FWuzVfOPnH1a7,12,8,And you thought you could control the magic?
cUrf0q4FWuzVfOPnH1a7,13,6,What powers were you hoping to?
cUrf0q4FWuzVfOPnH1a7,14,1,achieve?
cUrf0q4FWuzVfOPnH1a7,15,14,"For a duck of your stature, I must only assume the worst of intents."
cUrf0q4FWuzVfOPnH1a7,16,2,Answer me!
cUrf0q4FWuzVfOPnH1a7,17,5,"Peasant of the far lands!"""
cUrf0q4FWuzVfOPnH1a7,18,13,The light of the stained-glass windows shattered on the face of the prisoner.
cUrf0q4FWuzVfOPnH1a7,19,10,"Again, the sovereign awaited a meek cry from his hostage."
cUrf0q4FWuzVfOPnH1a7,20,6,The prisoner steadied himself both wings.
cUrf0q4FWuzVfOPnH1a7,21,9,A glare of vengeance beamed up to the throne.
cUrf0q4FWuzVfOPnH1a7,22,12,"A mighty ""HONK"" boomed through the JBL speaker hidden under his feathers."
cUrf0q4FWuzVfOPnH1a7,23,23,"The entire crowd of ducks kneeled in utmost defeat, acknowledging the true king of the high pond had not yet defeated all pretenders."
cUrf0q4FWuzVfOPnH1a7,24,6,The prisoner was but a vessel.
cUrf0q4FWuzVfOPnH1a7,25,29,"As he collapsed, the Jester of the Burdened laymen appeared - growing from the size of a bean, spat from the beak, to a full-fledged Mallard of golden wings."
cUrf0q4FWuzVfOPnH1a7,26,23,"""Your time awaits Alfred, it has been way too long and way too dreadful,"" he uttered as he stepped closer to the king."
cUrf0q4FWuzVfOPnH1a7,27,15,"Guards rushing to a confused formation, it was clear that their loyalty started to waver."
cUrf0q4FWuzVfOPnH1a7,28,14,The pain of the king's rule could no longer hold the masses in check.
cUrf0q4FWuzVfOPnH1a7,29,20,"""The Firebreasted Phoenix!"" cried a duckling from the crowd, the realization setting in, chilling the guards who were losing faith."
cUrf0q4FWuzVfOPnH1a7,30,2,"""The prophecy..."
cUrf0q4FWuzVfOPnH1a7,31,2,"it's true!"""
cUrf0q4FWuzVfOPnH1a7,32,6,the head of guards shakily confessed.
cUrf0q4FWuzVfOPnH1a7,33,9,"""You ""Think this power impressed me?"" mocked King Alfred."
cUrf0q4FWuzVfOPnH1a7,34,10,"""The power you stole has been my study for decades!"""
cUrf0q4FWuzVfOPnH1a7,35,15,He clutched the vial pendant on his chest and tore it from the necklace. .
cUrf0q4FWuzVfOPnH1a7,36,17,"""You shall be witness to true power.."" he mumbled as he swallowed the pendant in one gulp."
cUrf0q4FWuzVfOPnH1a7,37,2,"""You fools!!"""
cUrf0q4FWuzVfOPnH1a7,38,13,he exclaimed as he gruesomely started to grow into a beast of dark.
cUrf0q4FWuzVfOPnH1a7,39,2,age lore.
cUrf0q4FWuzVfOPnH1a7,40,19,A beast thought to only exist in children's tales to keep them from the forests of the far lake.
cUrf0q4FWuzVfOPnH1a7,41,23,"The King's body warped, tearing through antique silk and bursting his buttoned cloth, blocking the only source of light in the royal headroom."
cUrf0q4FWuzVfOPnH1a7,42,26,"Only to reveal, the foul beast they all once heard of, ""..the Pigeon"" the Jester whispered as a drop of sweat painted his new sizzling form."
cUrf0q4FWuzVfOPnH1a7,43,11,The Beast King stood and his new bones cracked into place.
cUrf0q4FWuzVfOPnH1a7,44,17,"He let out a terrible ""SQUAWK!"", and lunged at the Phoenix in the center of the court."
cUrf0q4FWuzVfOPnH1a7,45,13,"But as they touched, powerful light illuminated from the clash of the claws."
cUrf0q4FWuzVfOPnH1a7,46,5,"""You stand no chance Alfred!"
cUrf0q4FWuzVfOPnH1a7,47,6,"The people will get their freedom!"""
cUrf0q4FWuzVfOPnH1a7,48,13,the fiery beast screeched as it arched its back and hugged the tyrant.
cUrf0q4FWuzVfOPnH1a7,49,14,"""NO, YOU FOOL - YOU--"" he cried as they melded into an amorphous mass."
cUrf0q4FWuzVfOPnH1a7,50,15,"With the king and pretender now gone, the people were free to path ahead into"
fIf2ccAs4ZpVTP7BBoxp,0,6,A young CEO with a dream.
fIf2ccAs4ZpVTP7BBoxp,1,8,The dream is deeply rooted in personal memories.
fIf2ccAs4ZpVTP7BBoxp,2,7,"It all started in Austria, in 1968."
fIf2ccAs4ZpVTP7BBoxp,3,9,It was the peak of the summer of love.
fIf2ccAs4ZpVTP7BBoxp,4,11,", starting at the ice cream store right outside the office."
fIf2ccAs4ZpVTP7BBoxp,5,21,Lisa had just left an important meeting and was now heading down to the river in the middle of the city.
fIf2ccAs4ZpVTP7BBoxp,6,14,"She wanted to take her bike, but forgot that the tire was deeply flat."
fIf2ccAs4ZpVTP7BBoxp,7,15,"As she started to hike, this made her meditate on the beautiful nature surrounding her."
fIf2ccAs4ZpVTP7BBoxp,8,12,The river through the hills and the trees moving with the wind.
fIf2ccAs4ZpVTP7BBoxp,9,20,"She has never really been much of an outdoorsy type, but on this particular day, the world was just stunning!!!"
fIf2ccAs4ZpVTP7BBoxp,10,20,"If only she had some kind of way to capture the beauty of this very moment, she thought to herself."
fIf2ccAs4ZpVTP7BBoxp,11,6,But her phone had just died.
fIf2ccAs4ZpVTP7BBoxp,12,3,Crap she thought.
fIf2ccAs4ZpVTP7BBoxp,13,16,"Now she couldn't share this on her Instagram story making her feel rather unsatisfied, unseen really."
fIf2ccAs4ZpVTP7BBoxp,14,13,"If only my friends could see me now, that's what she really wanted."
fIf2ccAs4ZpVTP7BBoxp,15,13,If only a device existed that could make them see what I saw.
fIf2ccAs4ZpVTP7BBoxp,16,14,She continued down the river around a big rock when she saw something startling.
fIf2ccAs4ZpVTP7BBoxp,17,10,"An otter was lying on its back, ever so peacefully."
fIf2ccAs4ZpVTP7BBoxp,18,6,"This, she knew, was truly remarkable."
fIf2ccAs4ZpVTP7BBoxp,19,4,She squeezed her eyes.
fIf2ccAs4ZpVTP7BBoxp,20,17,What if a simple twitch of the eye could upload this to the tv of her grandparents.
fIf2ccAs4ZpVTP7BBoxp,21,19,"She didn't see them often after moving, and they were always talking about the beautiful nature they had seen."
fIf2ccAs4ZpVTP7BBoxp,22,15,"when backpacking across the country after graduating from university, exactly as the 60s were ending."
fIf2ccAs4ZpVTP7BBoxp,23,11,"They were both biologists, fully invested in the emerging ecological movement."
fIf2ccAs4ZpVTP7BBoxp,24,10,to save the environment from being destroyed by human beings.
fIf2ccAs4ZpVTP7BBoxp,25,7,Lisa thought that was a bit dramatic.
fIf2ccAs4ZpVTP7BBoxp,26,19,"Like Many of her friends, she had adopted a sort of pragmatic and techno-optimist POV on the ecological situation."
fIf2ccAs4ZpVTP7BBoxp,27,11,"Surely, she thought, these problems could be solved through new technology."
fIf2ccAs4ZpVTP7BBoxp,28,17,In the middle of her daydreaming she was brought back to the present by the otters splashing.
fIf2ccAs4ZpVTP7BBoxp,29,17,"Two birds were heading north, in the opposite direction of the river flow, away from the city."
fIf2ccAs4ZpVTP7BBoxp,30,3,Perhaps a metaphor?
fIf2ccAs4ZpVTP7BBoxp,31,9,"Unlike her grandparents, Lisa didn't just observe the world."
fIf2ccAs4ZpVTP7BBoxp,32,4,She wanted to change.
fIf2ccAs4ZpVTP7BBoxp,33,1,it.
fIf2ccAs4ZpVTP7BBoxp,34,3,For the better.
fIf2ccAs4ZpVTP7BBoxp,35,8,But how could she do this she thought.
fIf2ccAs4ZpVTP7BBoxp,36,18,"She didn't know anything about technology or the otters in the river, nor the birds in the sky."
fIf2ccAs4ZpVTP7BBoxp,37,23,"She did, however, know a thing or two about the flows of capital, the flocking of stocks, of human energy concentrated in economics."
fIf2ccAs4ZpVTP7BBoxp,38,1,development.
fIf2ccAs4ZpVTP7BBoxp,39,12,But people are not interested in making the world a better place.
fIf2ccAs4ZpVTP7BBoxp,40,5,They just want more stuff.
fIf2ccAs4ZpVTP7BBoxp,41,13,"And this it seemed to her, was probably a good place to start."
fIf2ccAs4ZpVTP7BBoxp,42,18,What if it was possible to use the power of human material desire to manifest a brighter future?
fIf2ccAs4ZpVTP7BBoxp,43,24,To reverse this evil cycle of buying stuff and ruining the world into buying stuff and helping the world she had to think big.
fcEeCffFk5SmTIeQXKQN,0,17,two little birds who decided to travel to Africa not for the winter but for the summer.
fcEeCffFk5SmTIeQXKQN,1,14,One of the little birds was called John and the other was called Marc.
fcEeCffFk5SmTIeQXKQN,2,15,They wanted to go to Africa because they wanted to go on a jeep safari.
fcEeCffFk5SmTIeQXKQN,3,8,Their big dream was to see an elephant.
fcEeCffFk5SmTIeQXKQN,4,15,and ride its back all across Africa to see the wilderness and explore the continent.
fcEeCffFk5SmTIeQXKQN,5,13,Marc was particularly interested in how the elephants find water on the savannah.
fcEeCffFk5SmTIeQXKQN,6,25,Marc had heard in bird school that elephants have a special ability to find d water in the most barren of places by smelling it.
fcEeCffFk5SmTIeQXKQN,7,15,He wanted to get a drop of water and see if the elephant smelled it.
fcEeCffFk5SmTIeQXKQN,8,5,Now he just had peed.
fcEeCffFk5SmTIeQXKQN,9,9,"And to his surprise, the elephant smelled it immediately."
fcEeCffFk5SmTIeQXKQN,10,17,"The elephant started drinking it, and it really liked the way that this was not actually happening."
fcEeCffFk5SmTIeQXKQN,11,17,"Marc had just imagined it, and decided that he was not going to travel to Africa anyway."
fcEeCffFk5SmTIeQXKQN,12,8,He decided to travel to the North Pole.
fcEeCffFk5SmTIeQXKQN,13,10,He had to have a serious talk with Santa Claus.
fcEeCffFk5SmTIeQXKQN,14,5,He forgot to give John.
fcEeCffFk5SmTIeQXKQN,15,17,"a heads up about where he was going, so John went to the South Pole by accident."
fcEeCffFk5SmTIeQXKQN,16,15,But Marc had to complete his mission of getting an elephant to drink his pee.
fcEeCffFk5SmTIeQXKQN,17,40,"Therefore he flew to the zoo on the south pole, where they had a lot of elephants that had no way of drinking any fluids because they had serious digestive tract issues and were in the special elephant doctor's office."
fcEeCffFk5SmTIeQXKQN,18,7,Therefore Marc went into the zebra enclosure.
fcEeCffFk5SmTIeQXKQN,19,9,The zebras were not as smart as the elephants.
fcEeCffFk5SmTIeQXKQN,20,18,"So Marc took pity on them and every other living creature, and decided not to pursue his plan."
fcEeCffFk5SmTIeQXKQN,21,11,He decided to go full send and try to prank John.
fcEeCffFk5SmTIeQXKQN,22,4,He made a plan.
fcEeCffFk5SmTIeQXKQN,23,6,First he peed in a cup.
fcEeCffFk5SmTIeQXKQN,24,22,"He placed it in front of John, and said it was just as terrible of a plan as their previous plan was."
fcEeCffFk5SmTIeQXKQN,25,23,They both decided to not conduct any experiments anymore and just live in a peaceful world where no one has to drink pee.
fcEeCffFk5SmTIeQXKQN,26,6,But the peace didn't last long.
fcEeCffFk5SmTIeQXKQN,27,30,"All of a sudden, Marc and John got into a psychosis where they thought that the peace would stop but then the psychosis was over and they were free ."
fcEeCffFk5SmTIeQXKQN,28,25,The interesting part of the psychosis was that it came from smoking Caribbean weed they had imported with help from the bird mafia back home.
fcEeCffFk5SmTIeQXKQN,29,19,They became affiliated with the bird mafia a little later on and got in trouble with the undercover police.
fcEeCffFk5SmTIeQXKQN,30,18,"Their smuggling ring was infiltrated by a cat, and both Marc and John were sent to a high"
h9mEvTqoZyrUb6cj1fxu,0,6,the girl with the blue dress.
h9mEvTqoZyrUb6cj1fxu,1,19,"Sofie was walking down the street one morning, the smell of freshly cut grass filled the cold morning air."
h9mEvTqoZyrUb6cj1fxu,2,21,"The sun was shining and suddenly a man greeted her, he was a tall, handsome and almost dreamy to look at."
h9mEvTqoZyrUb6cj1fxu,3,11,You were lost in his eyes for a couple of moments.
h9mEvTqoZyrUb6cj1fxu,4,4,"Magnus, he was called..."
h9mEvTqoZyrUb6cj1fxu,5,15,"He had long, thin hair, tied up in a very small ponytail with a goatee."
h9mEvTqoZyrUb6cj1fxu,6,28,"Sofie was struck by love, she was completely captivated by looks and his eyes, his sense of fashion and that smile... it enlightened something inside of her heart."
h9mEvTqoZyrUb6cj1fxu,7,18,He instantly melted her heart as he nodded his head and made a clicking sound with his mouth.
h9mEvTqoZyrUb6cj1fxu,8,4,"He said, ""hey girl."""
h9mEvTqoZyrUb6cj1fxu,9,15,"Sofie looked at scared but intrigued, somehow her heart beats faster and she gets flustered."
h9mEvTqoZyrUb6cj1fxu,10,9,"Then he suddenly asked.. ""Which bus are you taking?"
h9mEvTqoZyrUb6cj1fxu,11,5,we take the same bus.
h9mEvTqoZyrUb6cj1fxu,12,9,"we take bus 2A, up to where Sofie lives."
h9mEvTqoZyrUb6cj1fxu,13,19,"She was intrigued and a little scared, as Magnus walked right behind her all the way to her apartment."
h9mEvTqoZyrUb6cj1fxu,14,13,She didn't know until his deep voice awakened something inside of Sofie's heart.
h9mEvTqoZyrUb6cj1fxu,15,15,"""Do you want to come inside for a cup of tea, Magnus?"" I asked him."
h9mEvTqoZyrUb6cj1fxu,16,9,Magnus did the head nod and clicking sound again.
h9mEvTqoZyrUb6cj1fxu,17,5,I found it intriguing...Was he...
h9mEvTqoZyrUb6cj1fxu,18,1,Sexy?
h9mEvTqoZyrUb6cj1fxu,19,5,I couldn't figure it out.
h9mEvTqoZyrUb6cj1fxu,20,26,"He said yes to the cup of tea, I would rather have coffee, but then I looked at his lips and eyes.. was he sexy indeed?"
h9mEvTqoZyrUb6cj1fxu,21,12,"I was somehow conflicted, but I still served coffee and face card."
h9mEvTqoZyrUb6cj1fxu,22,5,I'm always serving...in multiple ways.
h9mEvTqoZyrUb6cj1fxu,23,21,"Magnus said that he had wanted to talk to me for a long time, I just wanted to go to sleep"
h9mEvTqoZyrUb6cj1fxu,24,16,but he insisted that we could continue to talk and that he could spend the night.
h9mEvTqoZyrUb6cj1fxu,25,8,I was unsure about what to do but..
h9mEvTqoZyrUb6cj1fxu,26,31,"there was something in his eyes that led me on to say ""no...I think you should go home"" ""you should go home, and cut your hair, I'm not feeling the ponytail."""
h9mEvTqoZyrUb6cj1fxu,27,26,"Magnus got a little mad at me, but then I looked judging at him and roasted him and crossed my arms like the queen I am."
h9mEvTqoZyrUb6cj1fxu,28,16,"""This is my apartment, go home and take a shower Mr. Stinky"" you don't belong here."
h9mEvTqoZyrUb6cj1fxu,29,11,"""We are just friends, when are you going to understand that?"
h9mEvTqoZyrUb6cj1fxu,30,7,"You shouldn't follow me home, it's creepy."
h9mEvTqoZyrUb6cj1fxu,31,9,But I'll see you at the Friday bar tomorrow.
h9mEvTqoZyrUb6cj1fxu,32,2,"""But Sofie!"""
h9mEvTqoZyrUb6cj1fxu,33,21,"he shouted, ""I want to be with you and only you- you don't understand but-"" he continued, ""NO Magnus, GO HOME"""
h9mEvTqoZyrUb6cj1fxu,34,2,I shouted.
h9mEvTqoZyrUb6cj1fxu,35,12,"Magnus bent down on his knees and begged ""Please take me back."
h9mEvTqoZyrUb6cj1fxu,36,9,"You're the one, the only girl I've ever loved""."
h9mEvTqoZyrUb6cj1fxu,37,2,"I stuttered...""Sorry"
h9mEvTqoZyrUb6cj1fxu,38,7,"I called you stinky, I was frustrated..."
h9mEvTqoZyrUb6cj1fxu,39,8,"You know I love you, but it's complicated."
h9mEvTqoZyrUb6cj1fxu,40,6,"""I'll cut my ponytail for you-"
h9mEvTqoZyrUb6cj1fxu,41,9,"I'll change for you, I'll be better for you"
h9mEvTqoZyrUb6cj1fxu,42,21,"and I'll stop wearing the red and blue shirts I always wear at the Friday bars, I promise"" He shouted yearning."
h9mEvTqoZyrUb6cj1fxu,43,7,"for me ""but it's not about that."
h9mEvTqoZyrUb6cj1fxu,44,18,I love how you look...I'm just trying to come up with excuses for us to not be together.
h9mEvTqoZyrUb6cj1fxu,45,11,My dad doesn't want us to because of our cultural differences...
h9mEvTqoZyrUb6cj1fxu,46,24,"You know my father doesn't approve and he doesn't support our relationship, we were never meant to be Magnus"" I looked away sad and"
hPlwWqqkemjjNa4Ny4nr,0,15,"Once upon a time, a princess lived in a small town in a faraway land."
hPlwWqqkemjjNa4Ny4nr,1,20,The princess was an only child and therefore was under immense pressure to secure the continuation of the royal family.
hPlwWqqkemjjNa4Ny4nr,2,5,"However, there was one problem."
hPlwWqqkemjjNa4Ny4nr,3,17,The princess really loved being drunk and going out to dance all night with her best friends.
hPlwWqqkemjjNa4Ny4nr,4,7,But the kingdom did not like it.
hPlwWqqkemjjNa4Ny4nr,5,21,They were scared that any potential baby she would birth would have severe impairments from all the drinking she was doing.
hPlwWqqkemjjNa4Ny4nr,6,26,The princess refused to give up drinking but instead practiced safe sex so no baby would be born before she was ready to be a mother.
hPlwWqqkemjjNa4Ny4nr,7,14,She did not know if she would ever feel ready to become a mother?!
hPlwWqqkemjjNa4Ny4nr,8,13,"How could one, when the thought of a cold beer felt so refreshing?"
hPlwWqqkemjjNa4Ny4nr,9,15,The thought of a coffee was like a walking on a pink cloud at sunset.
hPlwWqqkemjjNa4Ny4nr,10,11,But she knew that she one day had to be ready.
hPlwWqqkemjjNa4Ny4nr,11,12,"And she would be a great mother, she was sure of it."
hPlwWqqkemjjNa4Ny4nr,12,23,"She would show her child how to have a good time, and hopefully, their children would not have to face the same judgments."
hPlwWqqkemjjNa4Ny4nr,13,13,"Already, some people were beginning to be more understanding and still supported her."
hPlwWqqkemjjNa4Ny4nr,14,14,"It was mostly the old stuck-up elders, who had been young during the war."
hPlwWqqkemjjNa4Ny4nr,15,20,She suspected that they were jealous that they did not get to go dancing while they were young and free.
hPlwWqqkemjjNa4Ny4nr,16,18,Maybe she should use her power as queen to get the elders out to flake floor with her.
hPlwWqqkemjjNa4Ny4nr,17,30,"Then they would see how it feels to do the worm across floor ten tequila shots deep, smashing your teeth into the floor, losing perhaps a bit of self respect."
hPlwWqqkemjjNa4Ny4nr,18,11,But always having fun memories - the nights she could remember.
hPlwWqqkemjjNa4Ny4nr,19,7,It was memories she would always cherish.
hPlwWqqkemjjNa4Ny4nr,20,34,"When she presented her dad with the idea to invite everyone over the age of 65 to a big party, where dancing would be for everyone, the king was very excited about the idea."
hPlwWqqkemjjNa4Ny4nr,21,11,He had his people make the invitation as soon as possible.
hPlwWqqkemjjNa4Ny4nr,22,11,"He himself, was especially looking forward to the topless bar service!"
hPlwWqqkemjjNa4Ny4nr,23,21,He suspected that this was something that would hype the elders who had only seen soggy breasts for a long time.
hPlwWqqkemjjNa4Ny4nr,24,16,"Maybe some of them would find new love or lovers, after they lost their life companions."
hPlwWqqkemjjNa4Ny4nr,25,20,"The princess found this idea of topless service a little unnecessary, was the prospect of a party not good enough."
hPlwWqqkemjjNa4Ny4nr,26,16,People should not come for the purpose of naked people but for their minds and love.
hPlwWqqkemjjNa4Ny4nr,27,11,But she was in no way opposed to the idea either.
hPlwWqqkemjjNa4Ny4nr,28,20,She knew that one can tell a lot about the character of a man from the shape of his nipples.
hPlwWqqkemjjNa4Ny4nr,29,6,And she was looking for a
noaceHjzkirRMoHnkT4V,0,14,A long time ago in a land far far away lived a small tortoise.
noaceHjzkirRMoHnkT4V,1,7,"It was not, however, a regular tortoise."
noaceHjzkirRMoHnkT4V,2,12,This little fellow was a particularly stinky and foul-smelling creature named Paul.
noaceHjzkirRMoHnkT4V,3,11,Paul was lonely although she had a couple of hundred siblings.
noaceHjzkirRMoHnkT4V,4,18,"One day, Paul decided to go and find some friends, somewhere else than the beach, which she knew."
noaceHjzkirRMoHnkT4V,5,10,was THE place to go when trying to get friends.
noaceHjzkirRMoHnkT4V,6,13,So Paul packed her shell with beach towels and sunscreen and headed off!
noaceHjzkirRMoHnkT4V,7,10,On the way Paul noticed the expected amount of sick.
noaceHjzkirRMoHnkT4V,8,7,But she was used to the smell.
noaceHjzkirRMoHnkT4V,9,11,So she scooched on along the divide between forest and beach.
noaceHjzkirRMoHnkT4V,10,16,"Suddenly, a flash of light caught her eye - much like that of sun reflected ."
noaceHjzkirRMoHnkT4V,11,3,What was that?
noaceHjzkirRMoHnkT4V,12,3,In the distance?
noaceHjzkirRMoHnkT4V,13,17,"Could it really be a creature undeterred by the foul, foul air that had filled the surroundings?"
noaceHjzkirRMoHnkT4V,14,7,Paul went closer to the palm tree.
noaceHjzkirRMoHnkT4V,15,13,"When she finally made it over there, there was nothing to be seen."
noaceHjzkirRMoHnkT4V,16,6,"Oh, well, time for a rest."
noaceHjzkirRMoHnkT4V,17,15,She sat down for a while thinking about the flash of light she had seen.
noaceHjzkirRMoHnkT4V,18,11,"She had really hoped it could be a friend, but alas!"
noaceHjzkirRMoHnkT4V,19,13,It turned out to be yet another disappointment to add to the pile.
noaceHjzkirRMoHnkT4V,20,17,"She packed up her towel and started turning around, because she had to be home before sunset."
noaceHjzkirRMoHnkT4V,21,18,"As she turned, another flash of light caught her eye, this time it came from the heavens above!"
noaceHjzkirRMoHnkT4V,22,20,"A great booming voice came from the skies and it seemed to Paul to tell her to ""take a shower""?"
noaceHjzkirRMoHnkT4V,23,2,"""A shower?"""
noaceHjzkirRMoHnkT4V,24,2,Paul thought.
noaceHjzkirRMoHnkT4V,25,4,Then rain started pouring.
noaceHjzkirRMoHnkT4V,26,2,"""Oh great!"""
noaceHjzkirRMoHnkT4V,27,5,Paul shouted at the sky.
noaceHjzkirRMoHnkT4V,28,10,At least she had her shell to keep her dry.
noaceHjzkirRMoHnkT4V,29,4,But what was happening?
noaceHjzkirRMoHnkT4V,30,7,It felt like her shell started rocking.
noaceHjzkirRMoHnkT4V,31,21,The rain kept pouring down and she could hear the sound of the drops on her shell getting heavier and heavier.
noaceHjzkirRMoHnkT4V,32,3,"""What was that?"""
noaceHjzkirRMoHnkT4V,33,4,she said to herself.
noaceHjzkirRMoHnkT4V,34,4,Her shell was melting!
noaceHjzkirRMoHnkT4V,35,15,"It poured down over her face and legs, and soon the shell was completely gone."
noaceHjzkirRMoHnkT4V,36,13,She stood all alone and shell-less on the beach in the shell-melting rain.
noaceHjzkirRMoHnkT4V,37,10,: A little shell-less naked tortoise alone in the rain.
noaceHjzkirRMoHnkT4V,38,5,"At first, Paul was confused."
noaceHjzkirRMoHnkT4V,39,9,Then came the sadness - her home was gone.
noaceHjzkirRMoHnkT4V,40,7,But then... came the feeling of burning.
noaceHjzkirRMoHnkT4V,41,3,in her loins.
noaceHjzkirRMoHnkT4V,42,15,"A new sensation, a good sensation, a sensation making her feel more lonely than ever."
noaceHjzkirRMoHnkT4V,43,1,CRASH!
noaceHjzkirRMoHnkT4V,44,10,The loudest noise Paul had ever heard filled the air.
noaceHjzkirRMoHnkT4V,45,6,She felt inspired to go on.
noaceHjzkirRMoHnkT4V,46,7,She was ready to face the world!
noaceHjzkirRMoHnkT4V,47,11,The loud sound filled Paul with passion and made her focused.
noaceHjzkirRMoHnkT4V,48,11,She decided to go to the source of the everlasting friendships.
noaceHjzkirRMoHnkT4V,49,18,"She could see everything clearly now, and she knew that she had to find Ursula, the sea witch."
noaceHjzkirRMoHnkT4V,50,11,"In her cave, Paul would find the friends she yearned for."
noaceHjzkirRMoHnkT4V,51,8,"""I must go to the ocean!"" thought Paul."
noaceHjzkirRMoHnkT4V,52,18,She then collected all her remaining strength to do a backflip into the cold waters of the ocean.
noaceHjzkirRMoHnkT4V,53,11,She felt the crash of the water against her naked back.
noaceHjzkirRMoHnkT4V,54,9,Swimming was a lot easier without the heavy shell.
noaceHjzkirRMoHnkT4V,55,14,"At the bottom of the sea, she saw a cave surrounded by white sharks."
noaceHjzkirRMoHnkT4V,56,5,This did not frighten her.
noaceHjzkirRMoHnkT4V,57,20,"Her will, passion and burning loins drove her forwards with a speed unheard of in a tortoise of her size."
noaceHjzkirRMoHnkT4V,58,8,The sharks had not yet noticed Paul's presence.
noaceHjzkirRMoHnkT4V,59,19,"But as she hurried past them, the biggest one opened its mouth, bared its teeth, and said ""Hello, Paul."""
noaceHjzkirRMoHnkT4V,60,4,Paul couldn't believe it!
noaceHjzkirRMoHnkT4V,61,4,"Finally, she was reunited."
qVjn3NBZDrc5qwoYuKfa,0,7,a fish getting lost in the mountains.
qVjn3NBZDrc5qwoYuKfa,1,11,"When you're born as a fish, your world is quite limited."
qVjn3NBZDrc5qwoYuKfa,2,7,"However, you get to enjoy minimalist life."
qVjn3NBZDrc5qwoYuKfa,3,4,Eat sleep fuck repeat.
qVjn3NBZDrc5qwoYuKfa,4,5,Sometimes you worry about fishermen.
qVjn3NBZDrc5qwoYuKfa,5,8,But that depends on what fish you are.
qVjn3NBZDrc5qwoYuKfa,6,36,"For example, if your name starts with an E, you are more prone to have been born as a clown shit and you spend your life not really thinking about the environment, in which you like."
qVjn3NBZDrc5qwoYuKfa,7,19,But if your name starts with F and you are from Czech Republic you might worry about bigger shit.
qVjn3NBZDrc5qwoYuKfa,8,17,You are more prone to be very educated and spend your time fantasizing about the outside world.
qVjn3NBZDrc5qwoYuKfa,9,23,Fish in our story was luckily not born as a clown FISH (typo earlier) and it was born as a big sexy shark.
qVjn3NBZDrc5qwoYuKfa,10,13,"The king of the ocean, getting any female shark he could dream of."
qVjn3NBZDrc5qwoYuKfa,11,12,On average he’d have like 6-7 of the hottest Latino shark baddies.
qVjn3NBZDrc5qwoYuKfa,12,19,"But lately, he was feeling very lonely, no companion could fill the void in his soul (and booty hole)."
qVjn3NBZDrc5qwoYuKfa,13,12,"In a conservative fish world, he could never admit to being bisexual."
qVjn3NBZDrc5qwoYuKfa,14,20,"So therefore, he had to reserve his inner self for the weekends when the city became more alive and open-minded."
qVjn3NBZDrc5qwoYuKfa,15,10,"When the clock hit 3 am, all special brothels opened."
qVjn3NBZDrc5qwoYuKfa,16,10,"Our shark, whose name is Vojtech, worked in one. ."
qVjn3NBZDrc5qwoYuKfa,17,12,"This week, he touched a a sexy massive pink... jellyfish of course."
qVjn3NBZDrc5qwoYuKfa,18,8,Side note: you know what else is massive?
qVjn3NBZDrc5qwoYuKfa,19,3,Low taper fade.
qVjn3NBZDrc5qwoYuKfa,20,32,"Anyways, back to the story, it was a sunny day, not that Vojtech would know, his hood was deep below surface where no sun, sadly, could reach any of its body parts."
qVjn3NBZDrc5qwoYuKfa,21,16,The good part of the fish world is that there is always a clear race distinction.
qVjn3NBZDrc5qwoYuKfa,22,8,No tanning or spray tan by Tana Mongeau.
qVjn3NBZDrc5qwoYuKfa,23,8,(reason why fish Trisha Paytas was never discovered)
qVjn3NBZDrc5qwoYuKfa,24,19,"Vojtech was a nice, friendly guy who was too nice to eat otherwise so he was a skinny legend."
qVjn3NBZDrc5qwoYuKfa,25,21,"Unfortunately, there are not that many calories in fish coochie so although he ate a lot, he ever only lost weight."
qVjn3NBZDrc5qwoYuKfa,26,20,"One day, he decided to change that; he swam away and moved in with Sandy the nut collector from Most."
qVjn3NBZDrc5qwoYuKfa,27,5,Sandy was a REAL slut.
qVjn3NBZDrc5qwoYuKfa,28,9,She was like Bonnie Blue of the fish world.
qVjn3NBZDrc5qwoYuKfa,29,7,"She did not care when, what, where."
qVjn3NBZDrc5qwoYuKfa,30,19,"All she wanted was that fish BONE people choke on at Christmas, for her, it only carried happy memories."
qVjn3NBZDrc5qwoYuKfa,31,10,Our shark got gradually so much happier and less lonely.
qVjn3NBZDrc5qwoYuKfa,32,16,Sandy brought so many men home and Vojtech could enjoy as many BONES as he wanted.
qVjn3NBZDrc5qwoYuKfa,33,2,Everyone got
r47jfYG4ULZMEexvVeqs,0,15,"a lady in a red dress, who sings at a local bar every Thursday night."
r47jfYG4ULZMEexvVeqs,1,15,She is paid in champagne and all the locals know her as the roaring ladybird.
r47jfYG4ULZMEexvVeqs,2,19,"She loves singing, and wants to pursue it and do it for a living, instead of her cleaning job."
r47jfYG4ULZMEexvVeqs,3,15,But her husband told her she does not have the talent to make it big.
r47jfYG4ULZMEexvVeqs,4,23,"Sometimes she wonders if he is right, but then a wave of determination floods her mind, and she keeps singing her favorite tunes."
r47jfYG4ULZMEexvVeqs,5,12,"The song ""I'm Gonna Be (500 Miles)"" is blasting from her throat."
r47jfYG4ULZMEexvVeqs,6,3,People are cheering.
r47jfYG4ULZMEexvVeqs,7,9,This has to be the right path for her.
r47jfYG4ULZMEexvVeqs,8,4,She gets an idea.
r47jfYG4ULZMEexvVeqs,9,6,She has to audition for X-factor!
r47jfYG4ULZMEexvVeqs,10,11,This is how she will finally become a household pop-jazz icon!
r47jfYG4ULZMEexvVeqs,11,24,She runs to the stationary computer in their office and with shaking hands she signs up for the audition taking place the coming month.
r47jfYG4ULZMEexvVeqs,12,8,Now she just has to practice every day.
r47jfYG4ULZMEexvVeqs,13,4,And that she does.
r47jfYG4ULZMEexvVeqs,14,21,"Whilst cleaning the dirty toilets, her angel voice, that also has a sort of raspy quality, rings from the bathroom stalls."
r47jfYG4ULZMEexvVeqs,15,9,Her boss even asks her to tone it down.
r47jfYG4ULZMEexvVeqs,16,16,"Unknowingly, she has attracted the attention of a coworker who secretly plays the guitar very well."
r47jfYG4ULZMEexvVeqs,17,12,He hears her singing and one day asks her to be alone.
r47jfYG4ULZMEexvVeqs,18,8,He wants to form a duo with her.
r47jfYG4ULZMEexvVeqs,19,5,The roaring ladybird was conflicted.
r47jfYG4ULZMEexvVeqs,20,16,"She was flattered at the offer, but would she be able to share the spotlight with?"
r47jfYG4ULZMEexvVeqs,21,10,"On the other hand, duos often get far in X-factor."
r47jfYG4ULZMEexvVeqs,22,14,"However, maybe she could make her husband a bit jealous at the same time?"
r47jfYG4ULZMEexvVeqs,23,4,That would not hurt.
r47jfYG4ULZMEexvVeqs,24,7,She decided to take a few days.
r47jfYG4ULZMEexvVeqs,25,4,to think about it.
r47jfYG4ULZMEexvVeqs,26,23,"Her colleague looked excited at the idea of working together with her, and she liked the feeling of admiration that evoked in her."
r47jfYG4ULZMEexvVeqs,27,7,She mentioned the idea to her husband.
r47jfYG4ULZMEexvVeqs,28,3,He was furious.
r47jfYG4ULZMEexvVeqs,29,16,How she even considered to consider singing with a man in a TV SHOW baffled him.
r47jfYG4ULZMEexvVeqs,30,10,"But after 4 hours of heated discussions, he gave in."
r47jfYG4ULZMEexvVeqs,31,14,But only if she promised to send him videos of them practicing every day.
r47jfYG4ULZMEexvVeqs,32,13,He was a body language specialist and wanted to monitor their sexual tension.
r47jfYG4ULZMEexvVeqs,33,4,"Well, she gave in."
r47jfYG4ULZMEexvVeqs,34,17,At their first rehearsal they decided to sing a cover of a Dua Lipa song jazzified version.
r47jfYG4ULZMEexvVeqs,35,10,She was surprised at how well he could play jazz.
r47jfYG4ULZMEexvVeqs,36,5,Not everyone could do that.
r47jfYG4ULZMEexvVeqs,37,10,But of course she did not let him know that.
r47jfYG4ULZMEexvVeqs,38,19,She wanted to keep him humble in case they made too much progress and it would make him obnoxious.
r47jfYG4ULZMEexvVeqs,39,13,"According to the roaring ladybird, men should be kept in a short line."
r47jfYG4ULZMEexvVeqs,40,12,She made the mistake of letting her husband take massage lessons once.
r47jfYG4ULZMEexvVeqs,41,16,"When he came home, he had bruised her beautiful body all over with his rough massage."
r47jfYG4ULZMEexvVeqs,42,2,Never again.
r47jfYG4ULZMEexvVeqs,43,10,would she let a man walk over her like that.
r47jfYG4ULZMEexvVeqs,44,15,"So when it became time for the audition, she was keeping the colleague in check."
r47jfYG4ULZMEexvVeqs,45,22,This proved to be the right decision because the three judges loved their performance and sent the duo straight to boot camps.
r47jfYG4ULZMEexvVeqs,46,6,Now they only needed a name.
r47jfYG4ULZMEexvVeqs,47,4,But she was out.
r47jfYG4ULZMEexvVeqs,48,2,of ideas.
r47jfYG4ULZMEexvVeqs,49,11,But one day her coworker suggested Ladybird and the hot colleague.
r47jfYG4ULZMEexvVeqs,50,3,She said no.
r47jfYG4ULZMEexvVeqs,51,5,"Instead, they went for the"
uSUBQk0ZgGhDzjY8qQwb,0,21,There was a girl who always tried to chase her dreams but there were a lot of difficulties along her way.
uSUBQk0ZgGhDzjY8qQwb,1,9,But somehow she managed and chased her abroad dreams
uSUBQk0ZgGhDzjY8qQwb,2,10,but now the dream was about to crash once again.
uSUBQk0ZgGhDzjY8qQwb,3,15,"She was in London, the city she had been dreaming about for her whole life."
uSUBQk0ZgGhDzjY8qQwb,4,19,One day she received a letter from her ex-boyfriend that he is also coming to London to visit her.
uSUBQk0ZgGhDzjY8qQwb,5,14,But now she is going into depression because she was anticipating this to happen.
uSUBQk0ZgGhDzjY8qQwb,6,26,"She left India to escape her ex-boyfriend and live out the dreams that he would not allow her, but now her worst nightmare would come true."
uSUBQk0ZgGhDzjY8qQwb,7,35,"The only way to escape from his ex to show him who she has become now - a strong independent girl who is not afraid of him and doesn't need his ""support"" all the time."
uSUBQk0ZgGhDzjY8qQwb,8,24,"Their relationship had been toxic in many ways, and he would always make her feel like she really needed him – which she didn't."
uSUBQk0ZgGhDzjY8qQwb,9,4,But he manipulated her.
uSUBQk0ZgGhDzjY8qQwb,10,14,She went to have a good haircut and some other services to enhance herself.
uSUBQk0ZgGhDzjY8qQwb,11,15,"She bought the car she was saving up to, and felt ready to face him."
uSUBQk0ZgGhDzjY8qQwb,12,10,"Two weeks passed, and he suddenly stood on her doorstep."
uSUBQk0ZgGhDzjY8qQwb,13,47,"He had brought lots of roses, trying to convince her to be with When she saw him, instantly she remembered all the love between them, and her heart started to convince her that maybe he is changed now, but a small voice inside her told her: No!"
uSUBQk0ZgGhDzjY8qQwb,14,5,You should not do this.
uSUBQk0ZgGhDzjY8qQwb,15,7,You are so much happier without him.
uSUBQk0ZgGhDzjY8qQwb,16,7,Don't let yourself be fooled by him.
uSUBQk0ZgGhDzjY8qQwb,17,3,Not this time!
uSUBQk0ZgGhDzjY8qQwb,18,41,And she closed the door in his face but before closing the door she held the roses from his hands and threw them towards his face and told him no man can be changed - you all are here the same.
uSUBQk0ZgGhDzjY8qQwb,19,7,Let me go and don't come back!
uSUBQk0ZgGhDzjY8qQwb,20,4,I'm done with you.
uSUBQk0ZgGhDzjY8qQwb,21,10,It was very silent when she had closed the door.
uSUBQk0ZgGhDzjY8qQwb,22,3,He didn't knock.
uSUBQk0ZgGhDzjY8qQwb,23,8,But this time she is relaxed and satisfied.
uSUBQk0ZgGhDzjY8qQwb,24,12,She never felt this much relief as she is feeling it now.
uSUBQk0ZgGhDzjY8qQwb,25,7,Now another life is about to begin.
uSUBQk0ZgGhDzjY8qQwb,26,13,"A few days passed by, and there was no sight of the ex."
uSUBQk0ZgGhDzjY8qQwb,27,33,"But one day, as she was standing by the window to do the dishes, she noticed something moving outside in the backyard that a boy from his office is here to meet her"
uSUBQk0ZgGhDzjY8qQwb,28,12,and she always saw affection and respect for her in his eyes.
uSUBQk0ZgGhDzjY8qQwb,29,10,and now he is at her gate to meet her.
uSUBQk0ZgGhDzjY8qQwb,30,14,she puts the dishes away and goes out to greet him at the gate.
uSUBQk0ZgGhDzjY8qQwb,31,4,"He says: ""Hi Laura."
uSUBQk0ZgGhDzjY8qQwb,32,10,I just thought of you and wanted to stop by.
uSUBQk0ZgGhDzjY8qQwb,33,9,"Do you want to grab a coffee with me?"""
uSUBQk0ZgGhDzjY8qQwb,34,22,She thought about it for some time but this time she wants to try her luck again and said okay to him.
uSUBQk0ZgGhDzjY8qQwb,35,17,She asked him to wait some time so she went inside and changed into some nice clothes.
uSUBQk0ZgGhDzjY8qQwb,36,15,"Then they went to a coffee bar, and he was being very nice to her."
uSUBQk0ZgGhDzjY8qQwb,37,4,He paid for her.
uSUBQk0ZgGhDzjY8qQwb,38,29,"She reminded of her ex as she always had to pay with him, but this guy is showing nice gestures and she always notices a lot of good things."
uSUBQk0ZgGhDzjY8qQwb,39,9,She was starting to feel butterflies inside of her.
uSUBQk0ZgGhDzjY8qQwb,40,17,"After drinking the coffee, he asked her if she would want to see him again, and she"
vtVEZIgMKoEkI6hoyJnd,0,1,Gertrud.
vtVEZIgMKoEkI6hoyJnd,1,10,Gertrud was a lonely old woman closing her 89 years.
vtVEZIgMKoEkI6hoyJnd,2,16,"She has 3 cats and 2 dogs, thinking it was a good time to be alive."
vtVEZIgMKoEkI6hoyJnd,3,19,"However, one day a piano fell from high above the clouds and landed on all five of her pets."
vtVEZIgMKoEkI6hoyJnd,4,3,Gertrude was livid
vtVEZIgMKoEkI6hoyJnd,5,24,She screamed in joy while the people around her were astonished about the phenomenon that a piano and not a guitar fell from above.
vtVEZIgMKoEkI6hoyJnd,6,51,"She was happy she didn't have to clean up the piles of squashed cat guts and fur, and set off to the supermarket to buy more melons; she urgently needed those melons to fake her pet's smashed heads to get the insurance money that was set to make her a billionaire."
vtVEZIgMKoEkI6hoyJnd,7,22,She always dreamed of getting on a big private jet and flying to outer space with all her friends: she had none.
vtVEZIgMKoEkI6hoyJnd,8,9,"And ""planes can't fly that high,"" a clever man."
vtVEZIgMKoEkI6hoyJnd,9,2,once said.
vtVEZIgMKoEkI6hoyJnd,10,5,But she didn't believe it.
vtVEZIgMKoEkI6hoyJnd,11,40,"If a dog could be sent to the moon and survive on the way back and she could survive all the rollercoasters in six different continents all over the globe, she could damn well survive a trip to outer space."
vtVEZIgMKoEkI6hoyJnd,12,8,After all she wasn't just any old lady.
vtVEZIgMKoEkI6hoyJnd,13,20,"She was a grandma who survived raising 10 grandchildren and dealt with multiple ex-lovers, who weren't as spicy in bed."
vtVEZIgMKoEkI6hoyJnd,14,5,as Mike Tyson on cocaine.
vtVEZIgMKoEkI6hoyJnd,15,33,"""Mike Tyson on cocaine is the best sexual partner a woman can experience,"" her niece had always said to her, that she should watch him in the ring doing his thing, she said."
vtVEZIgMKoEkI6hoyJnd,16,6,Gertrude knew exactly what she meant.
vtVEZIgMKoEkI6hoyJnd,17,16,She's been through the whole thing when she put her children up for adoption in 1978.
vtVEZIgMKoEkI6hoyJnd,18,25,"She called Mike Tyson, who was in the middle of drawing a cat, and asked if he wanted to go to her 4th husband's funeral."
vtVEZIgMKoEkI6hoyJnd,19,25,"He died of a heart attack the doctor said, but Gertrud knew him too well, and his heart was strong enough to pull through, no."
vtVEZIgMKoEkI6hoyJnd,20,6,SHE KNEW THE DOCTOR WAS LYING.
vtVEZIgMKoEkI6hoyJnd,21,11,She had to make sure he never opened his mouth again.
vtVEZIgMKoEkI6hoyJnd,22,14,So she took a roll of duct tape and a casserole from her kitchen.
vtVEZIgMKoEkI6hoyJnd,23,10,"The things you always have in the house, you know?"
vtVEZIgMKoEkI6hoyJnd,24,9,She had to frame the doctor for HER murder.
vtVEZIgMKoEkI6hoyJnd,25,19,She brought her stuff to the train station where she started a new-age band with Søren Rasted from Aqua.
vtVEZIgMKoEkI6hoyJnd,26,15,He had nice hair and always talked about the deep voiced singer in his band.
vtVEZIgMKoEkI6hoyJnd,27,9,"Rene Dif, he was a handsome man, he said."
vtVEZIgMKoEkI6hoyJnd,28,18,"And if it wasn't for the society norms and perspective of people in general, they would DEFINITELY FUCK."
vtVEZIgMKoEkI6hoyJnd,29,15,"But unfortunately they lived in rural Russia, where sexual norms were outdated and totally outdated."
vtVEZIgMKoEkI6hoyJnd,30,10,Well backtracking to Gertrud's agenda with the tape and casserole..
vtVEZIgMKoEkI6hoyJnd,31,17,"They took the train, and parted ways she had to stop by the morgue to discuss coffin-options."
vtVEZIgMKoEkI6hoyJnd,32,23,"Then she jumped very high with a lot of force, all the way to space, where she met the grand pianomaker and Billy."
xmFgQW5bh6PcMW6uXdYJ,0,9,"two people, who randomly met each other at university."
xmFgQW5bh6PcMW6uXdYJ,1,34,"And yes, it was random - because as it turned out, they didn't study the same subject, but one of them, Ian, was strolling through the university park with a beer in his hand."
xmFgQW5bh6PcMW6uXdYJ,2,10,It was summer and the new semester had just begun.
xmFgQW5bh6PcMW6uXdYJ,3,22,"Clara, who walked through the park occupied with her thoughts, suddenly bumped into Ian and spilled her hot coffee all over him."
xmFgQW5bh6PcMW6uXdYJ,4,1,"""Sorry!"""
xmFgQW5bh6PcMW6uXdYJ,5,22,"Ian replied ""it's alright"" and began to move on, now with a stained white shirt when the guy with Clara held him."
xmFgQW5bh6PcMW6uXdYJ,6,20,"back and asked him ""hey - it was not on purpose, you don't have to be so rude about it."""
xmFgQW5bh6PcMW6uXdYJ,7,18,"Ian looked surprised at him and Clara tried to neutralize the situation, but the guy wouldn't stop glaring."
xmFgQW5bh6PcMW6uXdYJ,8,8,So Ian decided to use some quick thinking.
xmFgQW5bh6PcMW6uXdYJ,9,8,"""Sorry I'm shy, and you are really pretty."""
xmFgQW5bh6PcMW6uXdYJ,10,14,"Clara blushed, dragged her friend away from the situation, wondering what had just happened."
xmFgQW5bh6PcMW6uXdYJ,11,22,But something was in the air - and she could not figure out whether Ian had meant her or her friend Brian.
xmFgQW5bh6PcMW6uXdYJ,12,19,"Hopefully time would tell, after all the year had just begun, and Clara did not want to anticipate anything."
xmFgQW5bh6PcMW6uXdYJ,13,13,"The next day, Casper would not stop talking about Ian and his rudeness."
xmFgQW5bh6PcMW6uXdYJ,14,21,Clara grew suspicious - how could she get the man to talk about SOMETHING else than the pretty boy from yesterday.
xmFgQW5bh6PcMW6uXdYJ,15,19,"As she was rummaging through her cupboard , she found the picture from last summer depicting her late father."
xmFgQW5bh6PcMW6uXdYJ,16,35,"The funniest man she knew - unfortunately he was not brave enough to come out of the closet, and this would now become her motivation to make Casper realize just how fucking gay he was."
xmFgQW5bh6PcMW6uXdYJ,17,7,No man should be closeted in EVER.
xmFgQW5bh6PcMW6uXdYJ,18,19,"Clara thought back to the camp, where Brian got his nickname Casper - and wondered why this had stuck."
xmFgQW5bh6PcMW6uXdYJ,19,7,Maybe it just fit his fucking gayness.
xmFgQW5bh6PcMW6uXdYJ,20,1,..
xmFgQW5bh6PcMW6uXdYJ,21,1,yeah
xmFgQW5bh6PcMW6uXdYJ,22,3,that's probably it.
xmFgQW5bh6PcMW6uXdYJ,23,27,"Anyway, Clara arose from the floor where she had been pondering and walked to the living room, where she found her mom lighting up a huge joint."
xmFgQW5bh6PcMW6uXdYJ,24,3,"""Really, mom, again?"""
xmFgQW5bh6PcMW6uXdYJ,25,13,"she screamed, while grabbing her jacket to get the fuck out of there."
xmFgQW5bh6PcMW6uXdYJ,26,12,She called Casper to ask if he wanted to eat lunch together.
xmFgQW5bh6PcMW6uXdYJ,27,15,There was a new hotdog stand near the stadium that she wanted to try out.
xmFgQW5bh6PcMW6uXdYJ,28,41,"And the local soccer team was playing a match tonight, so maybe they would both get a kick out of watching hot men running around sweating, with a hotdog in each hand it certainly would provide great entertainment for the afternoon."
xmFgQW5bh6PcMW6uXdYJ,29,21,"Casper seemed to be in a great mood today, so maybe they could go to the pub later on as well."
xmFgQW5bh6PcMW6uXdYJ,30,10,Clara needed to get drunk - as soon as possible!
xmFgQW5bh6PcMW6uXdYJ,31,17,It had been a rough summer and she couldn't wait to get to know the local pubs.
xmFgQW5bh6PcMW6uXdYJ,32,5,She started walking towards the
