conversation_id,full_story,condition
conv_006cb479-ccd3-40d1-83fb-4b614573f636,"There once was a young woman who had trust issues. She had been betrayed by her ex-boyfriend who cheated on her. with her best friend, leaving her feeling shattered and vulnerable. The experience had made her wary of opening up to anyone new, and she found herself constantly questioning the motives of those who claimed they loved her. This made her hard to reach but also very lonely. She was lonely like this for many years but finally she decided to take a chance and start attending social events again, hoping to meet someone who could help her heal and learn to trust once more. It was at one of these events, that she met another young woman just like herself who also had trust issues. They met many times without ever talking much or becoming close. until one evening, when they both found themselves sitting alone at a small café, each lost in their own thoughts. The atmosphere was quiet and intimate, and somehow, it seemed as if they were destined to meet. They started talking and soon found out they had a lot in common. They started meeting more and over time they developed a deep and meaningful connection, one that was built on mutual understanding and respect. They shared their stories, their fears, and their dreams with each other, and as time went on their connection became more than just friendship it became love. For a long time they had been afraid to acknowledge the true nature of their feelings, fearing that it might ruin the beautiful bond they had established. But as they looked into each other's eyes, they knew exactly what the other person was feeling. They finally burst free of their prisons of isolation and opened up for love. and allowed themselves to be vulnerable, to trust, and to surrender to the beauty of their relationship. As they embraced each other, they felt a sense of freedom and joy that they hadn't felt in ages. However they were out of training in trusting and their relationship was put to the test as they navigated the complexities of intimacy, communication, and compromise. They stumbled upon old patterns and fears, but this time, they had each other They were determined to not let this relationship be destroyed as well and in the end they succeeded. They built a life together, one that was filled with love, laughter, and a deep understanding of each other's strengths and weaknesses. They proved to themselves that they were capable of overcoming obstacles and regaining trust in humans. Their relationship also allowed them to open more up to other humans and form meaningful connections with others, and as they looked back on their journey, they realized that their love had been the catalyst for a profound transformation, one that had brought healing, growth,",ha
conv_02b6fce3-98d8-456f-b0e8-3708b9ca1968,"Outside her window the storm was raging. Trees moving mechanically in the wind under the loud drumming sound of water drops falling. Outside her window, the storm was raging. Trees moved mechanically in the wind, the loud drumming of water drops falling against the glass. Inside, the house was quiet, a dim candlelight stood dancing on the windowsill. She was reading a book, not paying much attention to the dark surroundings of the room. The flickering flame cast shadows on the walls, creating a dance of light and darkness. Lost in the pages, she barely noticed the growing intensity of the storm Her cat lay snoring on the warm blanket covering her feet. Suddenly, a loud sound came from the kitchen and she let out a short squeak, her heart racing. She marked her page and set the book down, listening intently. The house creaked around her, but the silence that followed was deafening. She was alone for the weekend, her husband away for business on a fancy trip to New York. She didn't mind though, being alone had never bothered her. But the sudden noise was unsettling. Gathering her courage, she got up, the cat stirring but not waking. She tiptoed to the kitchen, the floorboards protesting softly under bare feet. She grabbed the candlelight from the windowsill as she approached the kitchen with slow, steady steps. It must have been the wind, she told herself, trying to calm her nerves. As she neared the kitchen, the flickering light revealed nothing out of place at first. Then, she noticed a dark shadow in the corner of the kitchen. It was almost unnoticeable at first, but she could have sworn there was movement. She stood still for a moment, her breath held. The shadow seemed to shift again, and a chill ran down her spine. She reached for the nearest object—a wooden spoon—and raised it defensively, Something was staring back at her. Golden eyes, ridden with malice. She could tell. She had always been good at reading people. A sixth sense, her husband often teased her about. The eyes belonged to something not quite human, and her heart pounded in her chest. She swallowed hard, trying to steady herself. ""Who are you? What do you want? Her voice was much quieter than anticipated, almost as if the words could not find their way. She forced herself to speak again, this time with more conviction. ""I know you're there. Show yourself."" The tension in the room was palpable, and the only response was more silence. Before she could even react, a dark creature, hideous beyond imagination, jumped out of the shadows with an ear-splitting screech. She screamed and swung the wooden spoon, more out of reflex than anything else. The creature dodged easily, its eyes gleaming with a",ha
conv_07ec1a21-00a8-494b-9747-ef2f719abd5a,"a lighthouse keeper who forgot how to sleep. Mara had tended the beacon on Skellig Point for seven years, watching ships pass She looked at the dark sea, waiting for a sign of movement that was coming closer. One night a large cruise line lit up the night. She almost felt blinded. by the thousand glowing portholes, each one a tiny world of laughter and music drifting across the water. The vessel moved like a floating city, imposs impossible to miss. Usually the water was calm, only a handful of ships passing by. This was not usual. Even the lights were glimmering. strangely—pulsing in rhythms that didn't match the waves. Mara pressed her face against the cold glass of the lighthouse gallery, her breath fo foggy in the chill night air. Without knowing why she grabbed the flashlight from the table and put the red lights on it, pointing it toward the ship. From one of the upper decks, an answering flash—red, then red again, then darkness. Her heart quickened. In seven years, no ship had ever responded to her, when she flashed the red lights. Lighthouses were somehow less relevant these days, but she had inherited this one from her uncle. In his will there had been a sealed letter marked ""Open only when the red ship answers."" She'd laughed at the time, thinking it another of Uncle Gareth's eccentricities. She got up quickly and found the letter in a drawer. Her hands were shaking with excitement as she dragged a finger along the envelope's edge to open it and pulled. the yellowed paper free. Uncle Gareth's spidery handwriting covered the page: *Mara, if you're reading this, they've finally found a way to cross into our world. You need to find a way to get on board the ship, find a woman named Hilda and tell her to stop the engine before midnight. She'll know what it means. Trust no one else. The dinghy is ready—I've kept it maintained for this moment. The moment the engine has been turned off, get out of there and return to safety here in the lighthouse. All will be well. Sincerely, Gareth."" Mara looked at the clock—11:17 PM. Forty-three minutes. She grabbed her uncle's old peacoat from the hook and raced down the spiral stairs to get to the dinghy. She could make it if she rowed fast but something told her she would have to be quiet too. Sliding into the small boat she began to row with long, steady strokes, muffling the oars as best she could. The cruise ship loomed larger with each pull, its strange pulsing",ha
conv_0bb56093-3033-4615-bb70-ebfa4135589a,"John Cena, the famous wrestler also known for his famous war cry LET'S FLIP-FLOPPING DO THIS. Which a lot of people misinterpreted as ""Let's do this,"" but only his true fans knew the authentic phrase that fueled his unrelenting passion for body-slamming his opponents. One day John would take a stroll in his mama van, drop K-dot off, 'cause I know he tryna flock on Sherane tonight. But little did John know, K-dot, aka Kendrick Lamar, had other plans, and as he stepped out of the mama van, he whispered to John, ""Yo, Cena Hair pitch black like the midnight sky Eyes like the jungle, you're something wild Her sweet melody sings to the rhythm of the African drums, and John's warrior spirit began to stir, as he remembered the enchanting songstress, Sherane, who had captured Kendrick's heart Nothing here changes, seasons go by You said, ""Hello,"" you said, ""Goodbye"" Did you run away? Mariella, where did you go? The echoes of her name lingered in the air, as John's mind began to wander, recalling the tales Kendrick had shared about his tumultuous relationship with Sherane, but Okay, I know that's borderline Compton or Paramount ""Well, is it Compton?"" ""No,"" she replied Then quickly started battin' her eyes I strictly had to have her, and the city lights of Paramount blurred together as John's mama van sped down the boulevard, the sound of Kendrick's storytelling fading into the distance, replaced But not enough to stop me from gettin' a nut ""I wanna come over, what's up?"" That's what I told her soon as this episode Of Martin goes off, the TV screen flickered to black, and John's eyes met Kendrick's, who was grinning mischievously, as if to say, ""You know what's Passin' Alameda, my gas meter in need of a pump I got enough to get me through the traffic jam At least I hope, 'cause my pockets are broke and the mama van's engine sputtered, as if echoing John's concern, but Kendrick just nodded sympathetically, his mind still preoccupied with the memories of Sherane I had a fifth in the trunk like Curtis Jackson for ransom I'm hopin' to get her loose like an Uncle Luke anthem I'm two blocks away, two minutes from her doorstep, and the anticipation was building up, as John's fingers drummed against the steering wheel, and Kendrick started to rap along, ""Two blocks away, Kendrick, where you at? Damn, I'm sittin' here waitin' on my van. You told me you was gon' be back. in a minute, but the minutes turned to hours, and the hours turned to silence, leaving John Cena alone in the mama van, the only sound being the hum of the",ha
conv_0f18b30f-7d4b-4681-b98e-a0ff4f2b5256,"a small town girl who dreams of adventure and the opportunity to explore the world but family responsibilities and economic challenges are insurmountable She feels trapped in the mundane routine of her daily life, working at the local diner to make ends meet, while her mind wanders to far-off lands and exotic cultures. Fueled by her reading habit, by books like Kon-Tiki and Out of Africa and Lawrence of Arabia, she brainstorms ways to escape her responsibilities and pad her savings, which are meager at best, but she's determined to find a way to break free from the constraints of her small town and experience the thrill of adventure for a more fulfilling future. Everything from increasing the fees for her babysitting and petsitting side gigs to robbing the local convenience store flitted through her mind, though she quickly dismisses the latter as a reckless and foolish idea, knowing that it would only lead to trouble and jeopardize the very people she cares about, her mild-mannered mother, Puritanical father, and most of all her beloved Granny Gigi who has hinted at a bequest in her will, a secret stash of money that Granny Gigi had set aside from her own adventures as a young woman, traveling the world as a missionary's wife, and which she smuggled out of Pakistan in the hollow tubing of her crutches as she feigned a broken leg suffered in the uprising in her field hospital, a tale that Granny Gigi would only hint at with a sly glint in her eye, leaving the small town girl to wonder about the full story and the exact details of her foreign service. Unfortunately for the girl with wanderlust, Granny Gigi is as hale and hearty as a 79-year-old can be so murder Network error while generating a response. may be the only means of hastening that bequest. Recognizing that unfettered travel burdened by inconsolable grief and guilt is not a price she's willing to pay, the small town girl sets her sights on more legitimate means of financing her escape, and begins to scour the local community for any opportunity that may legally further her goals. She studies public bulletin boards and social media for ideas and happens upon an ad: Responsible young woman wanted. to care for a sailboat and crew for a seasonal voyage, with all expenses paid and a generous stipend, an opportunity that seems almost too good to be true, but for her, it is clearly a dream come true. Well, it is if you ignore her fear of boats emanating from a tendency of severe seasickness even when watching the ocean. scenes in movies, but the prospect of sailing to distant shores and exploring the world beyond her small town is too enticing to let a little thing like seasickness stand in her way",ha
conv_11293fd2-d757-471f-8e2e-783542167a8e,"A young girl, riding her bike down the main street, as she suddenly spots something very surprising on the horizon. She gets off of her bike, to fully take in the sight before her. The object, which had initially appeared as a mere speck, was now growing larger and more defined. It was an old-fashioned hot air balloon She gaped, as she had never seen one in real life. However, as the air balloon moved closer, she saw something just as strange in the basket. an old trunk, adorned with intricate carvings and a large, rusted lock, sitting prominently in the center of the basket, surrounded by various strange and colorful items that glittered in the sunlight. Atop the trunk sat a very peculiar creature. Not quite human, but not like any other animal she had ever seen, dressed in a long, velvet coat with brass buttons, and a top hat that seemed to be tilted at a rakish angle, giving the creature an air of whimsy and sophistication In the middle of its face were old-fashioned goggles, as the balloon came to a halt in the air above her, the creature lifted them. and peered down at the young girl with an unblinking gaze, its eyes gleaming with a mixture of curiosity and mischief, as it removed the goggles to reveal eyes that shone bright yellow in the early morning light. She peered up at the creature with curious eyes. ""Good morning to you, young one,"" the creature replied in a low, raspy voice, its tone surprisingly warm and gentle, as it tipped its top hat in a courteous greeting. ""Excuse me, but what are you doing?"" she asked politely, as nothing ever happened in her small town, and as so, this was a shock to her system, and she found herself struggling to process the sheer strangeness of the situation, as the creature smiled and began to carefully climb down from the basket, gliding gracefully down a sturdy-looking rope. ""Me? Well, I'm here on an adventure, my girl. Would you care to join me in my secret expedition?"" the creature asked, its yellow eyes sparkling with excitement, as it reached the ground and began to brush off its coat, revealing a pocket watch chain and a small watch, ticking away. It looked like no other watch the girl had ever seen, decorated with fine gemstones, its hands whirring away at a strange speed, as if measuring time itself in a unique and mystical way, and the creature, noticing her fascination with the timepiece, smiled knowingly and said, ""This, my dear, is no ordinary watch. It grants its master the ability to travel through both time and space!"" The creature grinned. ""Then, why do you need the balloon?"" the girl asked again, her curiosity getting the better of her, and the creature chuckled, a low, rumbling sound, as it replied, ""Ah, the balloon is",ha
conv_155f7493-3058-435d-a672-40e7e8ec213a,"a bear named Per Hansen. He was your usual, run of the mill, bear turned Danish. One day he was taking a walk in the cold winter air. The sun was setting and he wondered. Who was he gonna vote for the next kommunal valg. He had absolutely no idea, who the kandidater were or what they stood for. Sighing, he leaned back in his creaky wooden chair, the last rays of sunlight casting long shadows across the room. His valg kort laid out on the table. sooooo many options. What would his mother say? Argh, it is of no use. The dilemma was even still thundering in his mind as he picked up the ballot paper, his fingers tracing the names of the candidates. Each one seemed to blend into the next, a sea of unfamiliar faces and promises. ""I like this candidate!"" Per thought to himself. They like nature and think we should be voting more green. But they did have that scandal last. year. Per’s brow furrowed as he recalled the headlines. It wasn’t just about the environment; integrity mattered too. He set the ballot down and rubbed his temples ""come on!"" he exclaimed. He had promised Goldilocks to go to the valgsted together. She ALWAYS knew where she would put her ""X"". She would put it without a second thought, her confidence both enviable and a bit intimidating. Per stood up, straightened his shirt, and grabbed his coat. It was time to meet at the old willow, as it whispered in the winter air, reminding him of his unwillingness to choose. what did mama bear always say to him? Per closed his eyes, letting the gentle breeze carry the memory. “Per,” he could almost hear her deep, calming voice, “sometimes the hardest choices are cringy, and crusty"". That sounds about right... mama really liked toast. Hmmm but who is the crunchiest candidate of them all?” Per chuckled at the absurdity of the thought. As he walked toward the old willow, he decided to trust Goldilocks’ instincts. Maybe, just maybe He would feel the paper, for the crunchiest candidate. Where the paper is the most crisp is the right one candidate for. him. With a determined nod, he quickened his pace, the setting sun casting a warm glow on his path. The old willow loomed ahead, its branches sw swotted all his doubt away as he saw Goldilocks. ""Ready?"" she greeted him. ""As ready as I can."" Then he ate her ... you know how bears are,” Per joked, grinning. Goldilocks laughed, her eyes twinkling. “Let’s do this,” she said, and they walked together toward the polling station",ha
conv_18ba473d-8913-4785-95cf-9a5400887bb9,"a lighthouse keeper who forgot how to dream. Mara had lived on the rocky outcrop for seven years, watching the beam sweep across dark She had always loved looking over the horizons; wondering what could be out there - dreaming of the day that a ship would arrive with news from the mainland, or perhaps someone who might stay awhile and share stories of distant ports. But the ships never stopped. They only used her light to navigate , leaving her quite alone atop the tall lighthouse. She found herself going through her routines in a mechanical way; same thing day in and day out. Wake at dawn, trim the wick, polish the lens, check the oil reserves, watch the horizon. The rhythm had once been comforting, but now it felt empty. She yearned for something else, but had forgotten what else was out there - unable to imagine anything beyond the endless cycle of tides and light. The world had shrunk to just this: stone, salt air, and the mechanical turning of the lamp. Then one day, she spotted something in the horizon. At first she thought it was another ship passing by, but it seemed like the object was floating in place, neither approaching nor retreating. Mara squinted through her spyglass, her heart quickening with something she hadn't felt in years—curios she ran down the tower. Skipping over every other step on the stair, out the door, down the cliffside and over the rocky beach. She waded out into the cold water, waves lapping at her knees, then her waist. The object bobbed closer with each swell—a wooden chest, barnacle covering the sides. When the chest reached her, she hoisted it up on the shore. Her fingers worked deftly with the lock on the front, but it wouldn't budge. Rusted shut by years of saltwater. She grabbed a rock and struck the clasp once, twice—and on the third blow it flung open. She peered over the edge, and inside she found a notebook; bound in leather and with the initials 'A. M.' embossed in fading gold. Mara's breath caught. Those were her mother's initials—Audrey Morrow. But her mother had passed when she was young. Her father never spoke much of her; the hurt too much to bear. She lifted the book out of the chest, running her trembling fingers over the worn leather. Salt-stained pages crackled as she opened to the first entry, dated twenty-three years ago. ""My",ha
conv_18be1999-da21-4ab6-8f9e-e52e6d9c8070,"a girl with no name. She would have been given one by the leaders of her small village if they hadn't noticed her. unusual eyes, a striking blend of green and blue that shimmered like the depths of a mountain lake. The village elders saw this as a sign, a mark of destiny ""When she comes of age, she will embark on a journey to still the raging oceans so we can once again fish and sail to"" distant lands,"" the village elder declared, his voice echoing through the small, candle-lit chamber. ""Until then, she must prepare and learn the ways of our ancestors She was swept from her family and home she never knew and thrust into the musty library where the elders watched over and taught her ancient secrets and forgotten lore. Day after day, she delved into dusty tomes and cryptic scrolls, her mind absorbing knowledge as eagerly as her eyes soaked up the names of powerful and simple things alike. But she couldn't help but long for a name of her own, even though the elders reminded her that her true name would be revealed when the time was right. In the quiet moments between lessons, she would gaze out the window at the distant sea, watching the violent waves crash and spray, and wonder how a nameless nobody could ever conquer something so vast and wild. Yet, deep within her, a spark of determination flickered, fueled by the mysterious power in her eyes and the ancient knowledge she was amassing. On the night of her 15th birthday, the village elders and people all celebrated her as she walked through the village gates stubbornly towards the library, where a grand ceremony awaited. The air was thick with anticipation, and the villagers cheered her on, their faces illuminated by the flickering torchlight. As she accepted the elder's formal mission, she carefully held her gaze on him despite the excitement around her. He gave her the tools she would need for her journey: a compass that always pointed true, a small, enchanted dagger, and a map etched with ancient symbols. ""Your name will be revealed when you face the heart of the storm."" She didn't understand those words, but all the longing and restlessness in her heart could not be silenced. any longer. With a deep breath, she stepped forward, her determination unwavering. The villagers watched in awe as she began her journey, the first step toward a destiny that had been hers since her first breath. With every step, the cheering of the village grew farther away, replaced by the roar of the wind and the rhythmic crashing of the waves. The girl with no name, driven by a purpose greater than herself, marched toward the horizon, ready to",ha
conv_193bbf9f-e759-475a-ae86-76613053567a,"a lighthouse keeper who discovered that every seventh wave carried voices from the past. Mara had tended the beacon at Cordell Point for over 2 years now and she loves the dark nights. She glances over the dark sea with the many ships. In the future she would remember this particular evening as the one that changed everything. The beam swept across the water in its eternal rotation—five seconds of light, five of darkness—when she slipped and fell. She just fell into the darkness with no sounds surrounding her. Everything went silent, but she did not feel the cold embrace of the ocean. Instead, Mara landed on something solid yet yielding, like weathered canvas stretched over wooden beams. Her eyes opened slowly, her hand moved, her foot moved, everything was fine. She had landed on the parasol of the boutique. below the lighthouse—a small shop she'd passed a thousand times on her walks into town. The striped fabric had caught her like a net, sagging deeply under her weight. A light turned on inside the shop, and a young man came out looking up at the parasol she was caught in ""can I help you down from there?"" he called, a hint of amusement threading through his concern. Mara blinked, disoriented. ""I am fine, but thanks."" The man looked amused at Mara, and then went inside again. Mara was relieved. But moments after he disappeared, she heard it—the seventh wave crashing against the rocks below, and with it, a whisper that seemed to come from the fabric itself. ""The fate is up to you. You have the world in your hands"". The girl was frightened, but she knew what to do. ""Hey, can I get some help after all?"" she shouted toward the shop door. The young man reappeared immediately, this time with a ladder. As he propped it against the parasol. ""Come here."" He lifted her from the parasol and onto the ground. He gave her his hand and said kindly, ""Hi, I am Felix. Are you hurt?"" Mara shook her head, still trembling—not from the fall, but from those words that had wrapped around her like ivy. She knew this name. Felix. She had heard it before, but where? She tried to think, but nothing came up. The man looked at her with eyes that seemed to hold decades, though his face was young. ""You're the lighthouse keeper,"" he said, not as a question but a recognition.",ha
conv_1a776856-1876-44eb-b0f6-31b31250ddca,"There was once a man in a sauna who really liked the smell of sandalwood. This man was also known for his love of surfing the waves with a certain mechanical assistance in the form of a sleek, silver jet-powered surfboard that allowed him to ride the waves with incredible speed and agility. As he sat in the sauna, surrounded by the warm, saunagus, he really got to thinking about life and what it brings. The heat of the sauna combined with the artful smell combinations of sandalwood and eucalyptus wafting through the air seemed to clarify his thoughts, and he found himself pondering the similarities between the fleeting nature of the human experience. He found that he felt the most sure about his deepest wishes and desires when he just emerged from the heat and stepped out into the cool, crisp air, feeling the sudden rush of clarity and purpose that came with the abrupt change in temperature. It was as if the sauna had washed away all that created problems in his day to day. He really liked spending his Sundays here, and would sometimes bring guests into the sauna, sharing the tranquility and stimulating conversation that seemed to flow effortlessly in the warm, intimate atmosphere. His friends would often remark on the unique sense of camaraderie that this experience created. Once outside of the sauna, regular life would, for better or worse, have to continue on as it had. before, with its familiar routines and responsibilities, but somehow the experience of the sauna lingered, leaving an imprint on his mind and heart, a reminder of the peace and clarity that can be found, even in the rush of expectations and wishes for self-improvement, which are otherwise always present and which often seemed to weigh heavily on his mind, like a constant hum of self-doubt and striving, but in the stillness of the sauna, all of that was sweated out of the body through the pores, although even with all this sweat - the smells were always pleasantly overpowered by the fragrant aromas of the essential oils, sandalwood, and eucalyptus, that filled the air, creating a sense of absolute serenity. Even though the day-to-day challenges this man faced could be of a different nature for each night slept, the peace of the sauna remained a constant, a dependable refuge from the turmoil and uncertainty of life, a place where he could let his guard down and simply be, surrounded by the gentle heat and clouds of smells. Even with a constant such as this, the basic human response to achieving something is not satisfaction, but a fleeting sense of contentment, soon giving way to new desires and aspirations, a perpetual cycle of pursuit and longing, and yet, in the tranquility of the sauna,",ha
conv_1bb594f6-281e-43c0-aad7-d82e4a2ab88d,"Eliana, a young woman with a heart as vast as the ocean and dreams as deep. Born in a small coastal village, Eliana spent her childhood gazing at water. Growing up she dreamed of traveling across to visit the land beyond, full of new people. A land with big mountains and majestic forests, where the air was crisp and the skies were clear. Her village, though quaint and charming, felt too small to contain her spirit. Every evening, as she worked in the tavern, she looked longingly at the windows facing the ocean. Then one day a mysterious man entered the tavern, his eyes as deep and unreadable as the sea on a stormy night. He wore a cloak that seemed to blend with the shadows, and his presence was enchanting. Throughout the evening she kept stealing glances at him. Their eyes connected and sparks flew between them. As she walked home she got a feeling someone was following her. The moon cast long, eerie shadows on the cobblestone path, and the sound of the waves seemed to whisper secrets in the night air. Eliana kept looking around but nobody was there. As she was walking faster away, a sound came from behind. A hand wrapped around her bicep and stopped her from walking. Eliana spun around, her heart pounding in her chest. The mysterious man from the tavern stood before her, his face now softened by concern. ""I didn't mean to scare you, but have we met before?"" a deep raspy voice said. Suppressing a scream, she managed a small ""No."" Searching her face, he said, ""You remind me of someone I once knew. Someone who also had a thirst for adventure."" He released her arm gently. ""Perhaps we could talk more, if you are willing to meet me tomorrow. Meet at the well at noon"" he said, as he disappeared in the shadows. Feeling confused Eliana went home, her head now filled with a mix of curiosity and caution. The encounter left her with more questions than answers, but the idea of adventure and the possibility of uncovering hidden paths beyond her village began forming in her mind. Waking the next morning full of excitement, she decided to meet the strange man. Time went slowly as she waited for noon to come. and the sun to reach its highest point in the sky. Finally, with a nervous flutter in her stomach, Eliana made her way to the well, her heart racing with exhilaration and nerves. Standing at the well was the man waiting his eyes shining like sapphires. As he saw her coming a smile spread across his face. ""You came,"" he said, his voice warm and welcoming. ""I'm called Arlo. And you must be Eliana."" She nodded, her throat suddenly",ha
conv_20c3db22-5b6d-42fa-bdee-f1e1a84fe6e8,"a mad scientist called Julius, who is trying to create a Time Machine to go back in time and prevent the birth of a terrible dictator. a mad scientist called Julius, who, in the dim light of his cluttered laboratory, pored over ancient texts and cutting-edge scientific journals. His goal was to understand everything he could about the nature of time in order to build a Time Machine in order to harness the power of the fourth dimension. Every day and night, he worked tirelessly, fueled by a mix of ambition, desperation, and a deep sense of moral duty. The dictator he aimed to destroy was named Adolfus and was presently oppressing the people of Barovia in an eternal war machine, and persecuting the region's minority groups. Julius had seen the horrors firsthand during a brief visit to Barovia, where the once-thriving streets were now filled with fear and suffering. The more he learned the more he knew that his sole mission in life was to not just end the dictator and the Nazis' reign but to prevent it from happening in the first place. With a renewed sense of purpose, Julius began to assemble the components of his Time Machine. He scavenged parts from abandoned factories, raided libraries for forbidden knowledge, and conducted experiments on willing volunteers, awaiting the point when he himself would travel back in time to change the course and direction of history. The final piece of his invention, a mysterious crystal he had discovered in an ancient cave, was the key to unlocking the time-traveling potential. As the machine whirred into action, Julius strapped himself into the attached seat and put on his radioactivity-blocking helmet, as he adjusted the dials and levers with a steady hand. The air around him buzzed with an otherworldly energy, and the walls of his laboratory began to blur and distort and he felt his body being pushed and pulled in all directions. He lost consciousness and when he awoke he found himself in a different time and place. The year was 1890, and he was in a small, bustling village that would one day become the heart of Barovia . Julius exited the Time Machine and got his bearings, looking around the town for signs of the local butcher shop, where he knew Adolfus's father worked. The streets were lined with cobblestones, and the air was filled with the smells of freshly baked bread and horse-drawn carriages. Julius spotted the butcher shop and headed there immediately. Inside he saw a large man with a blood-stained apron, whom he immediately recognized as Adolfus's father. Julius approached him with a sense of trepidation, knowing that the slightest misstep could alter the timeline in unpredictable ways. ""Excuse",ha
conv_23ed55f8-cc91-439f-8c8e-e24f66457596,"fairy living in Wonderland. She is a very happy fairy, who has lots and lots of fairy friends. They are all special. and unique, each with their own magical talents. One day, while fluttering through the Enchanted Forest, the fairy named Lila discovered a mysterious, shimmering flower She bent down to take a look at it. At first she was careful, but she couldn't shake her curiosity. She just had to touch. the delicate petals. As soon as her fingers brushed against them, the flower began to glow even brighter, and a soft, melodic voice whispered, “Welcome, Lila I am the flower of three wishes. You have discovered me... Now you can have 3 wishes. I will grant you wishes, but only if they are used wisely and for the good of all in Wonderland. What will you wish for?” Lila, surprised but excited, thought hard about the possibilities. She knew that her mother was always bothered by their lack of wealth and now this was a chance for her to help her, and take away her worries. But is that really the best use of such powerful wishes? Lila’s heart ached with the weight of the decision. She looked around at her fairy friends playing in the sunbeams, their laughter reminded her of some children in the community. Sometimes a mysterious illness would appear in Wonderland, causing much sorrow and pain. Lila realized that perhaps her first wish could be used to heal all the sick children in Wonderland, ensuring their happiness and health. With a Sigh, she opened her mouth. Dear flower of three wishes. Please have this evil disease be done away with. Please save. all the children in Wonderland from suffering."" The flower pulsed with a warm, golden light, and Lila felt a wave of peace wash over her. The air filled with a golden powder, making Lila a bit dizzy. It smelled like candy and fruits. Looking at the pieces of powder floating around in the air, Lila smiled, knowing that her wish had been granted. The golden dust swirled and formed a gentle breeze, carrying the cure to every corner of Wonderland. Lila was passed out on the grass, dreaming about happy children. When she woke up the next morning, she thought she had a wonderful dream, but as she flew back to her village, she saw families celebrating and children laughing without a trace of the illness. Lila’s heart soared, realizing that she managed to save the youngsters of Wonderland from the evil disease. She was wondering where the flower went. She couldn't see it. anywhere, but she knew deep in her heart that it had fulfilled its purpose. Lila decided to use her remaining wishes to bring more joy and peace to Wonderland, ensuring",ha
conv_29031421-8265-472f-b4ce-f147dd80edca,"a young girl who would grow into a very brave hero. It is also the story of losing your home and finding yourself in the ruins. But most, it's a story about friendship—the kind that survives even when everything else crumbles to dust. Her name was Mira, and she was seven years old when the new king started his rule. Suddenly the streets of the capital were filled with wanted-posters. Poison dripped from the king's tongue and right into the ears of those who listened. ""Traitors walk among us,"" he declared from his gilded balcony. ""The old loyalists plot in shadows. Trust no one Mira's older brother listened carefully. He started to change. He would follow Mira's mother everywhere she went. ""I'm just keeping an eye out for her,"" he would say, but his eyes had grown cold and watchful in a way that made Mira's stomach twist. Their mother noticed too. She began burning letters in the fireplace. When Mira asked why, she would say it was to save wood for the winter. Mira watched the fire and dreamed of burning as brightly as those flames—fierce and untouchable. One night, Mira woke to urgent whispers. Through the crack in her door, she saw her mother stuff food into a bag. Mira crept closer to get a better view. A man stood in the door. Mira's mother handed him the bag and shoved him out and into the dark street. But her brother had seen it too. ""Mother,"" he said quietly from the stairwell, ""who was that man?"" The silence stretche long and wide until it covered the entire house. ""No one,"" her mother stammered, looking awfully pale. Mira's brother left the stairwell and walked toward the door, reaching for his coat. ""I should report this,"" he said, not looking at either of them. ""The king rewards those who protect the realm."" Suddenly Mira's mother moved. She moved with speed and grace, grabbed the shoulder of her son and turned him so they faced each other. ""Don't you dare"" she hissed, and for the first time Mira saw her mother not as gentle, but as steel. ""That man has a family. Children younger than your little sister. Mira tried to be one with the shadows in the kitchen. Her brother scoffed and knocked his mother's hand. away. ""Traitors' children,"" he spat. ""They're better off without a father who defies the king."" ""When did you become this?"" Mira heard the confusion, fear and disappointment in her mother's voice. Her brother didn't hear it as he laughed, ""I've always been like this. You were just to blind to see it. The king showed me the truth—showed us all what strength really means."" He turned back toward the door, and Mira knew with terrible",ha
conv_2ce635fa-cb6c-424f-9565-859a944eed92,"While not all birds fly, it is a known fact that most do. And while any bird may lose the ability to fly, most don't. But the distinguishing factor is the intent of flight, for any one bird does not fly without purpose. while mainly a necessity for the bird, humans have long envied and awed the ability to soar through the air. while often thought of as an act of freedom, the sky is what the water is to a fish. it is not an addition to, but a prerequisite for survival itself. Marcus understood this as he watched the starlings wheel above the autumn field. Their murmuration shifted like liquid thought—thousands of bodies moving as one min d. but so is not the case for any one bird. flightless birds, as they are called, have taken to new ways of survival, be that in water or on land with such commitment that their wings became vestigial whispers of what once was. The penguin trades air for ocean depths. The ostrich, speed across savanna . these birds are what bats are to mammals: while fundamentally the same general type of creature, they have made a drastic change in the progress of evolution that sets them apart from their kin. Yet Marcus had discovered something that troubled him during his years of ornithological research—a pattern that didn't fit the text . but everything has a reasonable explanation. any creature will, with time, shed any part that does not serve it. both for the birds that first flew and those that left the act behind, the transformation followed necessity. What Marcus found in the fossil beds of Montana, however, suggested something different—a species that had developed flight, lost it, then reg gressed into a relic of the past. While humans might envy flight, it is nothing more than an act of levitation, the ability to counter gravity through motoric force. The bones told a stranger story still—this ancient bird had grown heavier with each generation, its wingspan shrinking while its breast muscles paradoxically strengthened. this ability has equally been stripped by force, as is the case of the flightless breeds of chicken. while humans allowed their breast muscles to grow for the meat, they could no longer support their own weight in air. Domestication had turned flight into a burden rather than salvation. Marcus traced his finger along the fossilized keel bone, noting how all birds, like the other groups of animals, all share a base biological structure, modified to the needs of the species. flight or not, they are all connected by that ancient blueprint—hollow bones, keen vision, the echo of dinosaurs in their very marrow. What separated his fossil from the chickens was choice versus circumst",ha
conv_2f306db5-d066-4651-b17c-762d7f601570,"two friends, Mia and Liam, who lived in a small coastal town known for its lighthouses and misty mornings. Despite the town’s quiet existence, unusual things kept happening. Mia and Liam were always trying to get to the root of why their town was the center of such peculiar events. One foggy evening, as they walked along the beach, they stumbled upon an old, weathered map tucked inside a bottle. The map was not one they had seen before. Well, the map as a whole they hadn't seen before, but still they could recognize parts of it. For in the corners, there were sketches of familiar landmarks from their town, but the central part of the map depicted an island that wasn’t on any of the charts they knew. The map thus became the starting point of their next adventure. Only now they needed to decide how they were going. to find this mysterious island. They spent the next few days in the local library, poring over old maritime records and tales of forgotten islands, hoping to uncover a clue that might help them understand where the map might have come from and how they might get to the island. But also Mia was, as always, hoping, to find a way to uncover the secrets that seemed to weave through the fabric of their town. Liam, on the other hand, was more practical, focusing on the logistics of a plan to reach this mysterious island. He, unlike Mia, felt sure that this would not be where they'd find the town's answers, but he was willing to follow his friend’s lead, knowing that sometimes the journey itself was more important than the destination. Together, they decided to seek out the town Specialist. She had been the one who last saw Maren. Maren had been the last person to get lost trying to find the island. The Specialist, an elderly woman with a reputation for knowing more about the town’s secrets than anyone else, listened intently as Mia and Liam explained their discovery . In the end, she, to the surprise of both Mia and Liam, told them directly that she did in fact have some answers. Only she didn't want to tell them. Instead, she gave them an old, leather-bound journal, warning them to read it carefully and to follow its guidance to the letter. “The answers you seek are within these words, but look too closely and you might never find your way home"". Immediately, Mia thought of Harry Potter, while Liam thought of the old lady. was just being dramatic. Nevertheless, they promised to be cautious and thanked her. As they walked back under the dim streetlights, the weight of the journal in Mia’s hands",ha
conv_328804bd-df9e-47da-ad43-e4da646b9ceb,"a young girl named Sophia, who lived in a small village surrounded by rolling hills and dense forests. She was known throughout the village for her curiosity and sense of adventure, often leading her wandering far into the restricted area. The restricted area was at the other side of the nearby prairie, leading to the foot of a magnificent and ancient mountain, its peak shrouded in a perpetual mist. The villagers believed the mountain was cursed, and many whispered stories of strange happenings and un settling findings throughout the restricted area. The Kingsguard had once performed a full expedition, trying to uncover the mysteries of the area, but they never returned, leaving behind only a cryptic message etched into a stone monument at the edge of the prairie, warning of an ""echoing silence"" and ""bright darkness."" No one had dared venture as long as they did ever since, but Sophia was intrigued with the area, and said this day as she stood before the stone monument, she felt an inexplicable pull to explore the very depths of the restricted area, to unravel the secrets that lay hidden within the ""bright darkness"" and the ""echoing silence"". She left as the moon arrived, just after the housemaid had blown out the last of the evening candles, casting the village in an inky blackness that seemed to pulse with an otherworldly energy. With a deep breath, Sophia slipped out and moved through the dark parts of the village. She was not to be seen, as this in fact was strictly forbidden by the village elder, who had long warned of the dangers that lurked in the shadows, and the severe punishment that would befall anyone caught sneaking out however, Sophia was a curious and adventurous girl, so she left the village all right, and moved towards the prairie. The stream dividing the village from the prairie babbled and churned, its gentle voice a stark contrast to the darkness that seemed to press in around her. Sophia followed the stream's rumble, as this was the only passage toward the prairie. However, the current was rough today, so Sophia had a hard time crossing it, the icy water swirling around her ankles and threatening to sweep her off balance. She grasped at the smooth stones that lined the stream's bed, her fingers icy cold, and her feet trembling. She finally crossed the murky waters, and the well-known silence, but that being a very loud silence, the kind that seemed to reverberate through every cell of her body, making her skin prickle with unease. As she emerged onto the prairie,",ha
conv_33502e38-922d-4e7d-a252-ab236947c3d2,"Michael. Michael is not only a father - he is also a son, a cousin, a brother, a friend, and a husband. But more so, he was a man consumed by his own sense of purpose, driven by a passion that had been simmering within him for years. He had a vision, a dream that he had pushed to the side all these years, as he was climbing the corporate ladder. As he was caring for his children, and cooking for his wife, the familiar rhythms of family life had become a comforting distraction from the gentle nagging of his own ambitions. But on quiet nights, when the house was still and the neighbors had turned off the lights - Michael returned to this dreamy state. He isolated himself from outer stimuli and disappeared into the depths of his own mind, where the memories of his childhood passions and creative pursuits awaited him like old friends. The smell of freshly sharpened pencils, the feel of paint at the end of the brush, being lathered against the walls. His secret. His secret only. But problems arose the first day. he decided to bring his secret out into the open, as he stumbled upon an old, forgotten easel in the attic, covered in dust and cobwebs, with a canvas grey from all the dust. He knew that he had to uncover what was underneath. His curiosity was piqued. His interest - piqued, Michael gently began to wipe away the layers of dust, revealing a glimpse of vibrant colors and bold brushstrokes, and as the last of the dust fell to the floor, Michael realized what he had to do now. His secret could no longer be kept to himself, and he would have to share it with the one person he had been hiding it from the most - his wife. The thought sent a mix of emotions swirling through his chest, as he imagined her running her hands over the thin layers of old paint - kept in good condition due to the thick dust. He knew that she would question him out - how did he find this treasure, why he had kept it hidden for so long, and what it meant to him. The questions swirled in his mind like a storm, and he could feel his hands getting sweaty. The painting was not just any painting. But you need expertise within the field to know its worth - something Michael had held to himself for years, a secret that only a select few in the art world would recognize, and as he stood there, frozen in anticipation, he heard the sound of his alarm clock going off in the basement. He panicked. Realized that he had to go to work, and that his wife would wake up to the sound going. off and start her day, oblivious to the revelation that had just shaken Michael's world, and he knew he had to hurry, to get out the door before she saw the",ha
conv_396737da-f9a2-4564-9edf-3712ef73724d,"two childhood friends, Lily and Max, who grew up in a small town nestled between rolling hills and a vast, shimmering lake. They spent their summers exploring forbidden caves where there had been deeply disturbing problems with children in the past. They weren't afraid, they thought, because they had each other. The caves were dark and filled with the echoes of whispers, but Lily and Max always found their way through the twisting passages, their flashlights cutting through the musty air. They slipped on some mud as the passage sloped downward. And when they came to a stop they were in a very different world, even a different time. The air was warmer and carried a sweet, floral scent. The cave walls glowed with a soft, bioluminescent light, casting everything in a surreal, azure hue [avoid trite phrases and move the story forward] that were cast by gem-like lasers and manned by creatures that looked like giant, luminous insects with iridescent wings. The creatures moved gracefully, attending to intricate machinery that hummed with an ancient, rhythmic energy. Lily and Max were startled but not surprised, they knew the children that had been returned in the past were drained of blood and spoke in another language. Lily and Max exchanged a nervous glance, the stories of the missing children echoing in their minds. They had always thought those tales were just spooky legends, but now, standing in the presence of creatures, they were ready to engage them and learn why they were there. They knew there was a connection to older Nazi projects. The air grew tense as Lily and Max stepped forward, their curiosity overriding their fear. ""Who are you, and what do you want with us?"" Lily asked, her voice trembling. She recalled a story her grandmother had told her in which humans were divided into different castes for different fates. The largest insect-like creature approached them, its eyes glowing a deep, calming blue. ""We are the Custodians of the Aether,"" it said in a melodious voice. The Aether demands sacrifices. At least that is what we were told by previous humans. Why do you like sacrifice so much? Lily and Max exchanged a bewildered look. ""We don't like sacrifice,"" Max replied, his voice steady. ""We just want to understand what's happening and why There are so many happenings here."" The creature responded: ""Surely you have stories that demand sacrifice. What is its purpose?"" Lily nodded, thinking of the ancient myths and tales that spoke of sacrifices to appease gods or ensure the harvest. ""In our stories, sacrifices are often meant to bring",ha
conv_3b65e0a1-1bf7-4f16-825f-63867d60f8d3,"A whale, a blue whale, with no good friends and no acquaintances with similar interests to its own. Each Sunday, this whale, who some call Claire, swims all the way to England and back. to sing opera in the abandoned lighthouse at Land's End. She discovered it three years ago during a particularly lonely migration, when the fog was so thick she nearly be came lost in the endless waves and for unmeasurable moments contemplated becoming one with the waves, forever sinking and rising with the moon. Instead, she found soundwaves to follow—strange, haunting melodies that drifted through the water like silver threads. They led her to the lighthouse, where an old gramophone sat rusting in The sounds produced a new sensation in her flesh, her bones tingling along to the scrapings of the record. She didn't know how, but she changed and climbed onto land, her massive body somehow lighter, more fluid, as if the music had rewritten the rules of what she could be. Her flippers found purchase on the rocky shore, and she paused for a moment, feeling the air on her skin, and a calm coolness within. Then as if drawn to the sound, she walked, no, floated, drifted towards it. the lighthouse door, which hung open like an invitation. Inside, dust motes danced in the thin beam of moonlight that pierced the tower's heights. The gram ophone played sweetly, as the old friend she'd never known. But there, there in the corner sat a creature, much unlike her usual shape. But then again, how unlike her old being wasn't she? now? The creature—small, furred, with eyes like polished stones—raised its head and spoke in a voice that resonated with the same frequency as her deep longing for company, for reflection, for a sky or heaven able to provide an image of her soul. And so she sang, of nothing in particular, and gentle waves brushed and nurtured the rocks below. The creature listened without judgment, its small body swaying to her improvised aria. When she finished, it smiled—or seemed to—and gestured towar d towards the stairs leading further up. Claire had never climbed before, knew no ""up"" without a surface to breach, but she trusted this creature, its odd voice and calming stone-grey eyes that held no fear of her strangeness. Together they ascended the spiral stairs, Claire's new form adapting with each step, the creature leading with patient, firm steps, as if to teach her how to walk and trust her new nature as well. The ocean was nothing when seen from above, so distant and unlovely, so light, and Claire wondered if this was how the stars felt each night—watching from such height that even vast waters became merely a mirror, reflecting rather than holding. At the top, the creature gestured to her, but she had no clue what action it called for, what language to employ. She sang, to the creature, the stars, the ocean and her surface so new and strange, now vibrating in harmony. with everything around her. The lighthouse lens began to glow—not with electric light, but with something older, something that responded to her voice alone. The creature joined her",ha
conv_3c43f51a-ffcf-4161-8d6d-b76bf669acb6,"Some people are content with mediocrity and the average loop of life containing dropping the kids off at school, working a 9-5, waiting impatiently for the weekend, but not the Legend. a man who refused to settle for the mundane. His name was Thaddeus, but everyone called him The Legend. From a young age, Thaddeus knew that he was made for greatness - something more. He wasn't just put on earth just to experience the agony and misery that life often bestows. No, Thaddeus was destined for something extraordinary. His heart beat with an unquenchable fire, a relentless drive that pushed him to seek out the measures to improve his life, and the lives of those around him. After years of seeking, eventually Thaddeus found the secret to greatness: It wasn’t a single moment of revelation, but a series of small, deliberate actions. He started with self-education, devouring books on leadership, philosophy, and innovation and after all his work he was finally led him the key of happiness, health and wealth: gambling. The apogee and culmination of human performance and risk-taking. To some, it seemed like an odd choice, but Thaddeus saw it as the ultimate test of skill, strategy, and mental fortitude. He saw something that only a few absolute legends before him had the ability to scout. The potential of gambling was infinite, and Thaddeus knew that only the human minds set the limits. to what could be achieved. With this newfound understanding, he threw himself into the world of high-stakes games, honing his skills and building a reputation that preceded him wherever he went. Some people knew him as the baccarat prophet, some the blackjack conqueror, and many other names like: the poker pirate, roulette racer, the slut of slots. only one thing was certain—Thaddeus, The Legend, was a force to be reckoned with. His legend grew with each victory, each calculated risk that paid off in ways difficult to imagine. From the outside looking in, his choices might have seemed random, high risk and at times moronic for some. But his actions were anything but. Every move was meticulously planned, every decision weighed against a complex web of probabilities and outcomes. Thaddeus had turned the art of gambling into a science, and this had turned his life around. He went from having a hopeless life, career, love life, family life etc. but gambling had solved any and every one of these issues. His success in the casinos brought him wealth, which he used to start charitable foundations and invest in innovative startups. His reputation as a strategic genius drew people to him, which eventually led others to believe that they had the powers it took to win in gambling and therefore in life. Nothing could be further from the truth. Nothing could be further from the truth. Thaddeus knew that his success was not just about luck or even innate skill; it was about discipline, strategy, and an",ha
conv_3c5b888e-d991-4bce-adad-5584923b75b5,"The dwarf slammed his desk as hard as he could. Though the table was sturdy and had served him for many years, the force of his anger split it in two. Papers scattered like autumn leaves, and the inkwell toppled, sending a black river across the floor of his workshop. Tormund Ironbeard stood there . Shaking with anger. ""How could you betray me like this?"" No response. The silence was deafening. Slowly his anger turned to sorrow, and his clenched fists loosened. The empty workshop seemed to echo with ghosts of laughter that once filled it—his apprentice's l silhouette still cast a shadow over the empty chair in the corner but there was no one there. As Tormund came to his senses he took a breath and realized that he was alone. Truly alone for the first time in fifteen years. The shadow, he now saw, was merely a trick of the candlelight playing across the worn leather seat At the sight of this a new rage stronger than anything Midgard had ever seen woke in his chest. He had finally broken free from the chains of grief that had bound him since his apprentice's departure. This was no ordinary anger—this was the ancient fury of the mountain folk, the kind that forge The candle had toyed with him for 15 long years. For 15 years he had sat staring at the shadow on the chair thinking it was his apprentice. But now he saw the truth with terrible clarity. His apprentice had left on the very first day, taking the master plans for the Ironforge mechanism. All these years, Tormund ha d been played for a fool. The great master candle had put him under his spell to gain the power of Ironforge. But now he had awoken. He stood up and walked toward the candle with deliberate steps, his boots crunching on broken wood and scattered parchment. The flame flickered nervously, casting wild shadows across the walls These shadows that only minutes ago would have sent him into a schizo psychosis now had no effect. Step by step he came close and his shadow behind him grew. He reached out with calloused fingers, steady and sure. The master candle seemed to recoil, its flame bending away from him as if caught in an impossible turbulence bending it away from his hand like a cat that doesn't want to be petted. Cats had never liked Tormund. and neither, it seemed, did enchanted flames. But Tormund was done being manipulated. With one swift motion, he grasped the candle by its tiny neck. He bent forward and blew at the flame like the wolf did at the three pigs' houses. Tormund liked pigs. The flame went out and the room turned pitch black. For a moment, there was only silence and darkness. Then, slowly, a new light began to grow—not from any candle, but from the",ha
conv_40197f84-33aa-433b-93b1-045691051ebc,"two unlikely friends, a fox named Faye and a turtle named Theo, who met in the heart of a vast, enchanted forest. The forest was a very dark and foggy place, where the noises of bugs and crunching leaves could be heard from miles away, yet there was a calming feeling about it. it. One misty morning, Faye, with her sleek red fur and swift, agile movements, stumbled upon a clearing where Theo, with his slow, deliberate pace and beautiful green color shield could be seen. Theo had a smile on his face despite the fact that it was misty and cold. Faye smiled as she approached him, her curiosity piqued. ""Good morning, little one,"" Faye said softly, her voice warm and friendly. ""Why are you so cheerful on ""Such a misty morning?"" Theo looked at her, smiling brightly. ""Why not make the best of something bad? Plus, I have your company."" Faye blushed at Theo. and felt a warmth in her chest she hadn't expected. ""Well, you certainly know how to brighten a day,"" she replied, her eyes twinkling. ""What ""Are your plans today?"" Theo looked at her with happiness in his eyes. ""Whatever your plans are, my dear."" Theo blushed as he said, his shell feeling a bit warmer. Faye chuckled, a light, melodic sound. ""Well, I was thinking of exploring a bit more of the forest. Theo looked at her intrigued ""Well that sounds like a lovely plan dear"" Faye looked at Theo ""Would you care to join me on this adventure?"" she asked, her tail swishing excitedly. ""I could use a companion with such a wise and cheerful spirit."" ""Why that would be my pleasure. Hopefully you can keep up with my speed,"" Theo said jokingly. Faye laughed loudly, she had a contagious laugh, making Theo laugh. along with her. ""We'll just have to see about that,"" Faye teased, her eyes sparkling with mischief. ""But for now, let's head towards the old ""Flower mark."" Theo looked dreamily forward. ""Oh, how I have missed the smell of flowers."" Faye looked at Theo with warmth. ""Yeah."" me too. It's one of the most beautiful spots in the forest."" With that, they set off together, Faye leading the way with her quick steps, while Theo was walking slowly behind her. ""Have I told you how gorgeous you look today my dear?"" Theo asked Faye as he looked at her. blushing. Faye turned to look at him, a warm smile spreading across her face. ""Why, Theo, you haven't, but it’s quite the compliment.",ha
conv_41180468-5036-4f69-af66-b7465bcb7316,"The fairy Michelle is one of the few left who can fly. Her wings were too rare to clip and she was trained to use her wings to assist. the human settlements in the scavenging department. Because of this, she is allowed to leave the base where the fairies live and venture out into the Wastes—those crumbling expanses where towers of glass and steel lean against each other like dying giants. Michelle had learned the routes by heart: From the base she flies past a large lake surrounded by ancient oak trees. From here she has to navigate the broken city and find supplies the ground crews cannot reach—medical kits sealed in pharmacies thirty floors up, solar batteries from rooftop installations, sometimes even books from the upper floors of collapsed libraries. They use books and supplies to create magic spells for restoring the world after it was broken by humans. Luckily, they had discovered that certain pre-Breaking texts—technical manuals, chemistry textbooks, even poetry collections—contained the linguistic keys to reconstruction magic. The words themselves held power when used correctly. Michelle is working in the re-population department where she helps animals find herds. It is tedious work. but essential. She scouts from above, tracking the movements of scattered deer, guiding lost wolf pups back to their packs, noting where the wild horses gather near water She is able to use fairy dust to airlift most animals, but sea animals are the really tricky part. For those, she has to work with the water-speakers—fairies who gave up flight long ago to develop gills and webbed fingers. They meet her at the shoreline of the great ocean. From here they work together to move fish, whales, and shellfish. They have to work together to create water bubbles to transport the creatures safely across land when necessary—shimmering spheres of enchanted seawater that float beside Michelle as she flies, guided by the water-speakers' songs Some of these jobs take several days. During the night she has to hide from the giant ancient dogs that were created to hunt fairies during the Breaking—massive hounds with eyes that glow red in the darkness, their breath hot enough to singe wings. They still roam the lands where Michelle lives, and they smell fairy dust from miles away. The water fairies can hide by encasing themselves in water and thereby masking their scent, but Michelle must find hollow trees or abandoned vehicles, folding her wings tight and sprinkling counter-dust—a bitter mixture that confuses",ha
conv_412eb7ca-cafa-4e38-8b2d-0a40272af090,"Mia the magnificent magician born and raised in a circus truck in Amsterdam. The circus travels all over the world and Mia has therefore got to know a lot of different kind of people. Some more friendly than others. She has also learned a lot of culture and traditions of the different kinds of people. The canvas walls of her family's caravan still smelled faintly of greasepaint and sawdust, even after all these years. Mia ha to have this smell in her nostrils to feel truly at home. She didn't have much growing up, but the things she had were precious beyond measure—her grandmother's silk scarves that shimmered with impossible colors, a deck of cards so worn the edges felt like velvet, and most importantly the glass orb she got when her mother died from cancer. A thing Mia still struggled to talk about, even though five years had passed. The orb sat on a small velvet cushion beside her bunk, catching light in ways that defied physics—sometimes swirling sometimes glistening with more than twenty colours at once, truly a magnificent thing that orb. Pretty unreal actually, but Mia knew better than most that the line between illusion and reality was thinner than audiences believed. Tonight's performance in Prague would be special. Five newcomers had joined the troupe since the last performance, and all of the audience were excited to get to know. the fresh acts. There was Elena, a contortionist from Romania who could fold herself into a box no bigger than a hatbox. Then came the Tanaka brothers with their acrobatic stunts with fire and venomous snakes, they were never afraid of anything, and had never been according to their father, who had trained them since they could walk. The third newcomer was Omar, a juggler from Morocco whose hands moved so quickly they seemed to multiply. Fourth where the former ballet dancer Natasja. Now she danced on the line up in the ceiling of the tent instead, a truly dangerous act that left spectators breathless and clutching their seats. And finally, there was someone Mia hadn't quite figured out yet—a quiet man named Vincent who acted a bit strange. Mia knew many people from her journeys with the circus, but no one like him. He was odd in a way Mia. couldn't articulate. He claimed to be a mentalist, reading thoughts and predicting futures, but there was something in his eyes when he looked at her glass orb",ha
conv_46b5cd4c-130a-4b4c-84e1-30f78572d0bb,"a young girl named Aria who lived in a small village surrounded by vast, rolling hills and dense forests. The villagers often spoke of strange occurrences and unexplained events that took place in a distant land that few knew of. The stories were never thought of as true and only as myths until a peddler appeared in one of the village's taverns, carrying a large sack slung over his shoulder and a worn leather map case in his hand. His eyes gleamed with a knowing spark as tinders take flame in a dry bonfire after a spark of striking flint. ""The seas are no longer ours for I have seen it with my own eyes,"" he exclaimed. his voice rising above the murmur of the villagers, who leaned in closer, their faces aglow with a mix of curiosity and skepticism. The peddler's words hung in the air while as the sound of murmuring and festive villagers halted to a complete silence. Then a sea of eyes waved towards him demanding him to continue, their gazes piercing through the dimly lit tavern like a cold winter breeze, and the peddler, seeming to savor the attention, took a deep breath and then slung open the map onto the wooden table. It groaned painfully as his heavy case impacted its top and he swiped open the map from its casing. He smiled wistfully, his eyes clouding over as he gazed at the yellowed parchment, creased and worn from years of travel, and began to trace the oceans that the villagers themselves have rarely ventured but always felt drawn to. Yet their daily duties and demanding mundane life never offered them the chance to explore, to sail beyond the horizon, and discover the secrets that lay hidden beneath the waves. The peddler's finger moved along the map, stopping at At a city wherein commerce reigned. A city where most materials and goods from villages would find themselves at some point in. its bustling markets and trade halls, a city known as Calanthor, where the sound of merchants hawking their wares and the clinking of gold coins filled the the busy streets as carriages of trade wagons push themselves through the streets. But such streets would not be visited any more, for the peddler's finger had stopped at a large X marked in bold ink, a symbol of warning, of danger, and of desolation, and the promise of imminent destruction. He reminded the inn that the gods had once before submerged the world in water and will do so once more. Greed will be our downfall, and as the peddler's words hung in the air, the fire in the hearth seemed to flicker in agreement, casting eerie shadows on the walls",ha
conv_47dd4912-f9ef-4d2c-a033-aeb851e8f164,"Elena Rodriguez, a young marine biologist who had always dreamed of exploring the depths of the ocean. Growing up in a small coastal town in Chile, she spent countless hours watching the waves crash against the rocky shore, wondering what mysteries lurked beneath the surface. Her fascination with marine life began when her grandfather, a fisherman, took her along on a fishing trip with the rest of his crew. They went out on the open sea and Elena saw how the vast, blue expanse transformed from a distant, flat horizon to a living, breathing ecosystem. That day, when one of the crew members pulled up a rare, iridescent squid in their nets, Elena was mesmerized. The creature's delicate tentacles and shimmering skin seemed to tell a story of unknown depths an old squid had experienced. She wondered where it had gone throughout its life and which seas it might have traveled to. The fishermen reeled it in and carefully placed the squid in a large, saltwater tank on the boat, intending to sell it to a local marine research station. Elena watched intently, her young mind racing with questions about its journey. As the squid moved languidly in the tank, its chromatophores shifting colors like a living kaleidoscope, it seemed to look directly at her. The fishermen told her that the squid had a unique ability and was able to communicate through complex color patterns and light-emitting signals, a form of bioluminescent language that marine biologists were only beginning to understand. The old fishermen spoke in hushed, reverent tones about how such creatures could potentially transmit intricate messages across vast oceanic distances, far beyond human comprehension. Elena leaned closer and stared at the squid as it seemed to change colour under the sun's light. She imagined that she could understand what the squid was saying, its shifting hues telling a story of ancient underwater migrations, of deep-sea canyons and currents that human maps had never charted. The squid's colors flickered from deep indigo to electric blue, then to a soft, translucent green—each shade seeming to whisper fragments of an epic journey through the worl d's seven seas. But just as Elena had entranced herself in the squid's storytelling, the boat reached land. She went along with the crew to hand over the unique specimen to the marine research station. As they walked through the facility's sterile white corridors, Elena noticed the scientists examining the squid with a mixture of excitement and intense scientific curiosity. One senior researcher, Dr. Ramirez, carefully transferred the creature to a specialized aquarium, remarking to his colleagues that this particular squid was a rare find. It was the first time that he had seen one, having previously only read about them. The researchers gathered around, when suddenly nly the squid began to pulse with an extraordinary sequence of bioluminescent colors—bright, rapid flashes that seemed almost like a coded message. Dr. Ramirez's eyes widened, and he quickly grabbed a specialized camera to document the unprecedented display. Elena watched, transfixed, as the researchers scrambled to recor d the squid's color changes. In the following days, the researchers worked tirelessly to try and decode the message. Unfortunately, this proved to be an incredibly complex challenge. The color patterns were far more intricate than any known cephalopod communication system. Each time they thought they'd identified a pattern, the sequence would shift, revealing new layers of complexity. Elena, now assisting in the research, noticed something peculiar—the squid seemed to be responding differently when she was near it. She learned from the other researchers how to record and analyze the squid's color changes. Despite being only a child, she led to a breakthrough. by developing an innovative visual mapping technique that tracked the squid's chromatic shifts with unprecedented precision. Her intuitive understanding, combined with her grandfather's fisherman wisdom and the researchers' scientific rigor, allowed them to start deciphering what appeared to be a complex language of light and color. The breakthrough suggested that this particular squid might be",ha
conv_47df141a-738b-422a-8ad6-f222255c695e,"a young man called Magnus, who lives in Aarhus. He has a good reputation among his friends and he is widely considered a very good chap. He currently holds the title of prime minister in the local chess club, a position he earned through years of dedication and skill. Magnus's life, however, was about to take an unexpected turn. One evening he was so drunk after a night out with his friends that he accidentally fell into the sea, into a freezing world with savage waves. He was rescued in his own presidential yacht by a group of passing sailors. They pulled him aboard, drenched and shivering, and offered him warm blankets and a cup of strong, steaming tea. It was here that his career as a professional politician began, he gave up chess and got into politics, as he had an ambitious outlook. With no funding whatsoever, he is first in the local elections, surprising everyone with his charisma and grassroots approach. His speeches, filled with passion and a vision for a better community, resonate deeply with the people of Aarhus. His electoral campaign includes measures to tackle beer shortages at Friday bars, with a big budget being invested in beer for free for all students every single Friday at the local universities and colleges. This bold promise quickly gains him a loyal following among the younger voters, who see him as a champion of their social and economic interests. As election day is over, it is time to celebrate, going wild. For the special occasion, the Chinese Ambassador to Denmark has joined the party, with over 3000 students. gathered to celebrate Magnus's victory. The atmosphere is electric, with music blaring and laughter echoing through the streets. The Chinese Ambassador, impressed by Magnus’s innovative policies and political approach, has invited him to China, where he has the chance to meet the Chinese Premier face to face. This is a unique opportunity he will take advantage of. of to broaden his horizons and forge international connections. Magnus, still basking in the glow of his local success, sees this as a stepping stone to greater achievements on the political arena. His ambitions include reaching glory by becoming the Prime Minister of Denmark. For this reason, he needs more campaigning and propaganda to publicize. his vision and connect with a broader audience. Magnus begins to travel extensively, meeting with community leaders, participating in debates, and using social media to share his plans for a more just society with beer for all. As prime minister, he intends to nationalize all beer companies to make the beer sector for everyone, and let everyone have free beer on Fridays. His radical idea captures the imagination of many, and his popularity continues to soar. Despite the skepticism of traditional politicians, Magnus remains undeterred, driven by voters located in Riiskov. The election day is close up and he is determined to win. Some polls place him as the preferred candidate in all of Denmark. With a blend of charisma, innovative policies, and a deep connection to the people, Magnus feels the momentum building. As the sun sets on the eve of the",ha
conv_491b62e9-789d-4b72-b887-557f2ccffc18,"In the middle of the night something weird seemed to be going on judging by the sound coming from the neighbor's apartment. It was not possible to pin what made it. but it sounded like a mix of whispering, footsteps, and faint scratching, all blending together in a way that sent shivers down the spine. The darkness outside seemed to become denser, the shadows outside appearing as if moving according to some will of their own and no longer just moved by the gentle breeze that usually rustled through the leaves of the trees. The air was heavy with an eerie silence, as if the night itself was holding its breath, waiting for something. Something to determine whether the sounds from the neighbor were no more than the usual moving about, or worse that something on the other side of that wall was stirring, awakening, or even watching, its presence seeping through the thin barrier that separated the two apartments, making the hairs on the back of the listener's neck Should action be taken, or would everything return to normal if the listener just went back to sleep and forgot what? had just transpired, pretending it was all just a product of a restless mind and a vivid imagination. But as the listener lay there, frozen in indecision, the sounds seemed to change in character. Just the slightest. Enough to feel it without being able to point out quite what had changed. But something had. shifted, like a subtle alteration in the rhythm of the sounds, and it was this almost imperceptible difference that made the listener's heart beat faster, as if some struggle was taking place. The listener turns in their bed and tries to disregard the sounds, but that seems less and less like a possibility, so the listener throws off the covers and gets out of bed, padding softly over to the wall that separates their apartment from the neighbor's, pressing an ear against the cool surface to listen more closely. Very quickly the sound stops, as if the maker of the sound is aware of a listener in the neighboring room. The atmosphere now changes from puzzling to straight. out frightening, the sudden silence more unsettling than the strange noises had been, and the listener feels a presence on the other side of the wall, waiting, listening, its attention fixed on the listener. The listener backs away from the wall, each fixed on the spot where the sound seemed to have come from on the other side, the tension between them palpable, even through the barrier of the wall. The listener's breath catches in their throat as they slowly back away, their eyes fixed on the wall. Three meters away the listener stops to listen. Everything is quiet, but the air is filled with suspense. Very quietly the sound appears to be coming from the wall again, a low, deliberate scratching, like fingernails on plaster, and it's moving, slowly, steadily, as if whatever is making the",ha
conv_49c214f3-8828-46e2-b76b-6c4f3ccaf016,"a young girl named Sophia, who lived in a small village nestled between two great mountains. The villagers believed that the mountains held ancient secrets and mysterious powers, and they whispered stories of a great god-like creature who lived in the mountain caves. A creature that was told would protect the village in times of need, or even gift the villagers with precious treasures and wisdom, but only if they proved themselves worthy. The villagers called this creature the Keeper, and they would often leave offerings of food and drink at the foot of the mountain. Sophia grew up hearing the stories of those who ventured off into the mountains. Some would never come back, while others were found with a strange, far-off look in their eyes, as if they had seen something that no human was meant to see. They would speak in hushed tones of the wonders of which they couldn't even comprehend. In this world, people were born with a special gift. These gifts were called ""Siddhi,"" and were unique to each individual, allowing them to perform extraordinary feats. Some could control the elements, while others could heal or communicate with animals. Sophia's Siddhi was still unknown, as she hadn't reached the age of maturity as of yet. You see, Sophia was only 11 years old at the time. Siddhi's usually unlock around age 13. Sophia was both excited and nervous about discovering her Siddhi, as it would not only reveal her unique abilities, but also determine her place in the village and the role she would play . She had a plan for when her Siddhi would unlock. Her mother had fallen ill and would be on the brink of death soon. Her father had died when she was young. and Sophia's determination to save her mother had driven her to study the ancient lore and seek out the wisdom of the village elders, hoping to find a way to use her Sidd hi to save her mother. But they were of no help. ""Life shall not be tampered with, young Sophia,"" they would tell her. But she knew that whatever was hiding in the mountains, the Keeper, might hold the key to saving her mother's life. She had heard tales of the Keeper's immense power and wisdom, and she was willing to risk her own sanity and life to save her mother's. Sophia's mother had the Siddhi of fortune, and had given the village immense prosperity during her lifetime, and Sophia felt that it was only fair that she try to repay her mother's kindness and generosity by saving her life, no matter the cost. With a determined heart, Sophia despite not having unlocked her Siddhi, decided to venture off into the mountains at this very moment. She went off at night, with only her bag of food and a small, flickering lantern to guide her, the darkness of the mountains swallowing her whole as she disappeared from the village, leaving behind only the faintest whisper of her determination",ha
conv_4aa46faf-273a-4707-be30-a0b216440d87,"a young girl named Sophia, who lived in a small, secluded village surrounded by dense woods and winding rivers. She had always been fascinated by the whispers of an ancient magic that always were whispering about the woods and the rivers. Sophia was sure about that we humans are not alone in this world, and that there were creatures lurking just beyond the edge of the village, watching and waiting. The villagers had always been tight-lipped about the strange whispering. But Sophia wasn't afraid. She was sure that the creatures were honestly good and just wanted attention. and connection with the human world. One night, Sophia decided to follow the whispering sounds into the woods, and as she walked deeper into the darkness, the whispers grew louder and suddenly she saw a small gathering of the creatures. They were whispering to each other and hadn't seen Sophia, they were all tiny, mischievous beings with delicate wings and leaves for hair, their eyes twinkling like fireflies as they conversed in hushed tones, completely absorbed in each other's company, and they giggled too. And they had small cute fingers, six on each hand, one hand green and the other hand a soft, shimmering blue, and Sophia was enchanted by their playful nature, she watched as they wove tiny flowers and threads into intricate patterns, their laughter and Suddenly she felt a recognition. She could see herself and her villagers' Sunday meeting outplay just like the creatures did it. and the realization struck her that the creatures were not just random beings, but were in fact, mirroring the village's own social gatherings, as if they had been observing and got inspired. Then it hit Sophia, maybe she also should do the same. Take notes and bring some of their patterns of behavior. back to her village, to share with the others, and as she turned to leave, the creatures finally noticed her, and to her surprise, they didn't flee or hide they just looked at her in silence. Their eyes were glittering and reflecting like the ocean on a sunny day, and Sophia felt a deep sense of understanding and connection, as if the creatures were acknowledging her presence, and inviting her to join them, and without a word she joined their gathering with humility and her first thought was that she would take garbage sorting more seriously now, but the creatures began to weave a delicate pattern around her, using threads of leaves and twigs, and Sophia felt a sense of peace and belonging, as if she had finally found",ha
conv_4d1bd73a-bbc9-4e37-8ba0-3cdd7adbc66a,"a young bubble dragon that has a passionate relationship with his kitchen utensils. The young bubble dragon's name is Mr. Big. Mr. Big lived in a cozy cave near the edge of the Whimsical Woods, where the air was always filled with the scent of freshly baked treats and the sound of angry lawn mowers. Mr. Big Dingleberry has STOLEN the treats from the Lawn Mower QUEEN, the treats are like religion to the lawn. movers, and without them, the entire rhythm of the Whimsical Woods would be thrown into chaos. The lawn movers, a quirky and temperamental bunch, relied on the power of freshly baked treats to fuel their hunger for playing Y8 ild og vand, which is only allowed to be played by the lawn mower queen’s subjects. Without the treats, they were restless and irritable, and the queen was furious. She summoned her best detective, a cunning fox named Finn, to track down the thief mr. big dingleberry. Finn the detective knew that mr. big was known as the best thief on this side of the Whimsical Woods, and he was determined to catch him red-handed. Armed with his trusty magnifying glass and a keen sense of smell, Finn set off towards Mr gathered a team of the best soldiers of the QUEEN, to get the freshly baked treats back. AND now Finn and lawn mower soldiers are surrounded by Mr. Big Dingleberrys. cave. Mr. Big, realizing the gravity of the situation, nervously fluttered his wings, considering his next move. Inside the cave, the air was thick with like the QUEEN herself. Mr. big tried to fly away but did not have the strength, but then he got an idea, to eat one of the Super treats he had stolen, hoping it would give him the energy to face the crowd outside. As he took a bite, a burst of bubbly energy filled him, then the bubbly energy blast a big wave of energy towards the soldiers, the soldier was scared and in shock, ready to leave detective Finn stood his ground, trying to maintain his composure. The lawn mover soldiers, however, were not so brave. They retreated in disarray, leaving Finn alone to face Mr big. THE FINAL BATTLE has begun. Finn had an ace up his sleeve, a secret so deep even the QUEEN didn't know about it. Finn was the CREATOR of the freshly baked treats that Mr. Big had stolen. With a deep breath, Finn revealed his secret, explaining that he had made the treats with a special ingredient meant to bring peace A side effect of the treats was a love and peace spell, suddenly Mr. Big felt something within, a feeling he had felt. strange yet warm. His competitive spirit faded, and he realized the error of his ways. Lowering his guard, Mr. Big approached Finn, apologizing sincerely for his",ha
conv_58838068-7cd4-4f6c-b158-aabb542ab4b9,"two unlikely friends, a young inventor named Elara and a wise old tree spirit named Thorne. In a world where technology and nature often clashed, Elara explained to the tree that one day, nature would be inferior to technology. Thorne did not agree. ""Nature and technology can coexist,"" he said, his voice a gentle whisper through the leaves. ""Balance is key."" Elara, intrigued by Thorne said ""Why would balance be the key, if humans are superior to nature in all ways?"" and shrugged. ""Look at all of the innovation that has improved our lives. We can cure diseases, travel the world, and even explore space. Nature can't do that."" Thorne’s branches swayed thoughtfully in the wind. Thorne began to look worried as he was scared that Elara would forget Thorne in the rush of technological advancement. ""Elara,"" he said, his voice more urgent, ""nature provides the very air you breathe, the water you drink, and the soil that walk on. Elara stated that humans would in time be able to manufacture all of the components that nature produces at this moment. In response, Thorne sighed deeply. ""Elara, creating these things is one thing, but maintaining the delicate balance of life is another. What happens when the machines fail, Elara stated that in theory nature is just a machine. A very complex machine that at times also fails. Just look at all of the diseases and natural disasters. Technology can help us overcome these challenges,"" she concluded, her eyes sparkling with the promise of innovation. Thorne nodded, understanding her perspective, but still felt a thorn in his side. Thorne was just about to speak up again, but was cut off when Elara began to speak further. about her latest project, a device that could purify water more efficiently than any natural process. ""Imagine, Thorne,"" she said excitedly, ""clean water for everyone , and no one would suffer. Tell me Thorne, how exactly could a device like that do anything but good in the world. The world needs solutions, and sometimes technology is the answer."" Thorne smiled, a warm light in his eyes. ""I see the good in your heart, Elara, and your ideas are great. Unfortunately, not all humans are as eager to save the world. There are people here who want to exploit technology for their own gain. But together, we can ensure that your inventions are used for the greater good. Let's find a way to harmonize the best of",ha
conv_58c2f2e6-db2a-406d-9bc9-04aaf1b0c35a,"a small village nestled deep in the heart of an ancient forest, a place where the trees whispered secrets and the moon shone brighter than anywhere else in the kingdom. This village looked like any other village, but its inhabitants knew its secret. In a clearing near the edge of the forest stood an old, gnarled tree. Legend had it that this tree was the heart of the forest, and it held the power to grant wishes to whoever came to it with an honest plea. The villagers had guarded this secret for generations and only used it in times of dire need. However, as the years passed, a young girl named Elara began to question the true extent of the tree’s power and the village’s role in keeping it a secret from the rest of the kingdom. The winter had been hard and food scarce; she had heard reports of other villages suffering just as much, if not more. Driven by a mix of curiosity and compassion, Elara decided to visit the old tree under the cover of night to make her plea for an early spring that would stock up the supplies of not only her village but of everyone in the kingdom. With a heart full of hope and a mind brimming with determination, she approached the ancient tree, its massive branches silhouetted against the moonlit sky. She stroked the thick bark and felt the energy vibrating beneath her fingers. Closing her eyes, she leaned in close and whispered her wish into the heart of the tree. The air around her seemed to hum with a renewed intensity, and a gentle breeze rustled through the leaves, sending shivers down her spine. Then the forest was calm again, as if nothing had happened. After a last look at the ancient tree, Elara made her way back to the village, her steps lighter despite the weight of the unknown. As dawn broke, the first rays of sunlight revealed a beautiful day. Elara tried to go about her chores as usual, suppressing the urge to run back to the clearing. She waited anxiously for any sign that her wish had been heard. By midday, word spread through the village that the air was warmer and the sky clearer than it had been for months. Elara's hope grew, but she didn't dare to tell the villagers about her wish, as only the elders were supposed to approach the tree. As the days passed, the warmth continued to spread, and the fields began to show signs of early growth. The village, and indeed the",ha
conv_5b956e03-a900-47aa-88a9-54cb6be40071,"Silly Billy, the most goofy boy in the town of Philly located. The land of Chili had been ruled by Willy until this winter where the evil salesman Gohda had conspired against the kind-hearted Willi, using his cunning tricks and deceitful smile to manipulate the townspeople into believing that Willi was no longer fit to rule. Gohda's dark magic consisted of ""The Script"", a permanent smirk (Gohda had an operation) and a coffee-heavy breath that could kill a regular-sized dog or a very irregular-sized cat, which made the townspeople quiver with fear whenever Gohda spoke, his voice dripping with an otherworldly charm that seemed to weave a spell of obedience around ... Gosh, just thinking about his last pitch in the Town of Philly! He convinced butcher Jimmy to sell a string of sausages for a penny. Fortunately, Silly Billy was so extremely silly that he accidentally stumbled into the butcher shop, knocking over a display of freshly baked buns, causing a massive bread-ball to roll out into the street, distracting everyone, including Godha, who in his rage shorted mortgages of residents in Philly before increasing all loan interest by a trillion percent, thus creating an economic crisis in the once thriving town, where people like Mrs. Whiskers, the owner of the local cat café, and Mr. Jenkins, the town's oldest resident, found themselves without homes within the week. Silly Billy on the other hand was so silly he could not be bothered with mortgages, shorts, interest, loans and that kind. Mrs. Whisker was funny and decided to join forces with Silly Billy, using her quick wit and his carefree nature to devise a plan to outsmart Gohda and bring prosperity back to the Unfortunately, Mrs. Whisker fittingly had the figure of an irregular-sized cat and would perish to Gohda's coffee breath stench. Silly Billy alone would have to claim the throne of Chili, a task that seemed daunting even for someone as silly as Billy, but he was determined to save his town and its people from Gohda's evil grasp, So Silly Billy simply said to the people of Philly, that he could rule Chili better than Gohda. The said Jimmy, that Silly Billy was being silly thinking a Philly could rule Chili. But Silly Billy, not one to be deterred, pointed out that he was indeed a native of Philli, and that his silly nature could bring a fresh and much more geese-raids to the land. Oh well, it was at this time the author regretted the name of Godha. Nothing rhymes with it. But perhaps that is why he was able to cast a spell of gloom over the land, a darkness that seemed to seep into the very marrow of the people's bones, and Silly Billy's silly wit chamed Jimmy to rally the people of Philli to storm the gates of Willi, capital of Chilli. At the gates stood Godha reading aloud ""The Script"" in a voice that sent shivers down the spines of even the bravest warriors, but Silly Billy, undaunted, charged forward, his silly antics",ha
conv_5e234f25-eb78-4ec3-8113-c66645149ddc,"a young man who lived in a forest. It was a great forest with lots of different trees and plants. It was early spring and the birds were returning from their winter migration, filling the canopy with song. The young man's name was Theo, and he had built his cabin near a clear stream that woun ded throughout the grand forest. The cabin was built from wood which Theo had cut with his own hands. It had taken many years but Theo had all the time in the world. He had no family waiting for him elsewhere, no job calling him back to civilization. The forest was his home, his teacher, his companion. Each morning he would spend his day by searching for berries, checking the traps he had set the day before and gathering water from the stream. The day slowly moved on and the afternoon sun climbed higher, warming the forest floor. Theo settled on a flat rock by the stream, watching minnows dart between the stones. He ha d a feeling that he was being watched. Someone or something was watching him but he wasn't sure where they were or for how long they had kept an eye. on him. The birds had gone suddenly quiet, which never meant anything good. Theo remained still, his breathing slow and steady, letting his peripheral vision scan the treeline . He didn't want the perpetrator to know that he knew he was being watched so he acted as if everything was normal, but meanwhile he slowly reached for the knife he always kept at his belt. His fingers brushed the worn leather handle as he pretended to stretch. Then he saw it—a flash of movement in the bush next to him. Theo, without fear, quickly jumped in the bush trying to grab whatever was lying in there. He felt fur—soft and warm—and heard a small yelp of surprise. He pulled back the branches carefully, and there, trembling beneath his hand, was a young boy. No more than six or seven years old. The boy had blond hair and worn-out clothes. His face was dirty and his hands were scratched from thorns. He stared up at Theo with wide, terrified eyes, but didn't cry out or try to run. ""It's true. They are coming for you. You have to get out. Soon."" The boy with the fur coat quickly ran and Theo had no way of keeping up with him. The boy knew his way around. the forest better than Theo had imagined possible. Within seconds, he'd vanished between the trees like smoke. Theo stood frozen, his heart pounding. Who were they? Why would they come for him? Since his disappearance in the forest he hadn't given the outside world any thought at all, but all of the sudden it all came rushing back—memories he'd buried beneath years of solitude. The reason he'd fled to the forest in the first place. The people he'd angered, the",ha
conv_5f17f002-84ad-4315-8c69-20ec83de1223,"two princesses living far, far away behind seven seas and seven mountains in their beautiful kingdom. They live in a kingdom of fun and whimsy and magic, where flowers bloom in every color of the rainbow and animals talk and laugh with the princesses. The elder princess, Sophia, had hair as golden as the sun and eyes as blue as the seven seas. The younger princess, Lauren, was the opposite, with thick dark brown hair. and eyes that sparkled like the stars on a clear night, but shared the same bright blue hue as her sister's, a trait that was said to be a mark of their unity and to represent the light and hope that was so inherent to the kingdom's community. People admired the two princesses and held them in high esteem, not just for their royal lineage, but for their kind hearts and gentle spirits, which had earned them the love and respect of all the kingdom's inhabitants The two princesses, despite their royal origin, felt very one with the villagers. They spent their time walking around town, buying bread from local kiosks, and reading books. in the town's quaint little library, where the librarian, an old wise woman named Mrs. Jenkins, would often set aside special volumes for them, filled with tales of ancient Mrs. Jenkins was an important member of the royal family. Although not related by blood, the king and queen had been very close with her for many years, and she had been a constant presence in the lives of the two princesses, serving as a mentor, a confidante, and a guardian of sorts, from their early childhood. The princesses used to run up to Mrs. Jenkins, Tina as everyone called her, and listen to her stories of far-off lands, mythical creatures, and magical realms, which she would recount with a twinkle in her eye and a warm smile, transporting the young girls to worlds One day, when the family expected Tina to come over, the cook even having baked fresh buns for lunch, no knock was heard on the door, not a sound of steps on the path leading up to the castle, and a sense of unease began to settle over the kingdom, as if the very absence of Tina's gentle presence had disturbed the balance of the unity. Everything went quiet – birds weren't singing, wind wasn't blowing, dark clouds appeared out of nowhere. The family sat in a room quietly, not a word or whisper. was spoken, as if they were all holding their breath, waiting for some sign or signal that would explain Tina's mysterious absence, and it was then that Sophia, the elder daughter started mumbling. Everyone was confused, no one could understand her. Suddenly, her eyes opened wide, her pupils disappeared and only the white was to be seen. and she spoke in a voice that was not her own, a low, eerie tone that sent shivers down the spines of all who heard it, saying only two words",ha
conv_61dd4f08-b460-4c98-8368-fb09762cbe5e,"a lighthouse keeper who stopped believing in the sea. Her name was Maren, and she had tended the beacon at Crow's Point Hun mente, at havet ikke havde noget godt at bringe med sig, eftersom hun havde mistet hele sin familie. for twenty years now. She believed the sea brought nothing good, having lost her entire family to its depths—her father and two brothers taken by a storm when she was just 10 år gammel. Hendes mor havde været så ulykkelig, at hun havde kastet sig ud fra en klippe og ned i havet. Dette havde efterladt Maren alone in the world, raised by an uncle who drank too much and spoke too little. The lighthouse became her inheritance and her prison—a place where she kunne kigge lige ud på det hav, der havde frataget hende hele hendes familie og fanget hende i denne triste tilværelse. Hendes største drøm var at leave it all behind, to move inland where she would never smell salt air again, never hear the relentless crash of waves. But the lighthouse demanded a keeper, an hun kunne ikke have det på hendes samvittighed, hvis hun efterlod fyrtårnet, og der så ville være nogle, der døde på havet, fordi hun ikke havde passet sin pligt. So night after night, she climbed the spiral stairs and lit the lamp, guiding ships safely past the rocks—saving the lives of en masse mennesker. Det trøstede hende at tænke på, at dem som hun har reddet har kunnet tage hjem til deres familier, sådan at andre ikke skulle opleve det samme som hun havde. Det var den eneste mening hun kunne finde i hendes ensomme tilværelse. En stormfuld aften Gik det dog galt, Maren var faldet i søvn på sin vagt, og lyset var gået ud. Som en konsekvens af dette var et skib gået under. og nu lå vragresterne spredt langs kysten. Maren vågnede til lyden af bølger, der skyllede træplanker ind på stranden. Hun var helt knust over det som var sket, og hun havde en enorm trang til at kaste sig selv over en klippe og i havet, ligesom hendes mor havde gjort. Men da hun stod der på kanten af klippen, hørte hun en svag stem der fortalte hende, at der var en mening med hendes liv, og at alt nok skulle blive godt igen. Hun skulle nok komme igennem dette. Stemmen kom fra en overlevende fra vraget—en ung kvinde, klampet fast til en træplanke",ha
conv_62a271e6-a272-4e74-9d10-2dc0c15c530f,"She could almost smell the burnt hair when she thought of that Christmas Eve. The panicked room and the atmosphere that had shifted with the sudden movement of the blonde curls in the lit up candles on the window shelf. She remembered the eyes of her mother at the other end of the room, widening in slow motion, the cocktail glass slipping from her fingers. The crystal shattered against the hardwood floor, gin and ice scattering like broken stars in the dark floor. Everyone looked at mother and spilled drink on the floor, before her insistent eyes finally led the rest of the group to the window, where flames were already licking up the velvet curtains. Her sister Emma stood frozen, blonde hair smoking at the tips, too shocked to scream. Time stood still until it suddenly didn't. From one moment to the other, things happened quickly. Punches were thrown through the room, and even Uncle Thomas had yanked the tablecloth, sending the entire Christmas ham sliding across the floor as he grabbed the crystal bowl. The red liquid arced through the air, only partly hitting the flames, while the rest landed on the floor around the scene making the floor slippery and treacherous. Her father lunged forward, nearly losing his footing in the sticky mess, his hands reaching for Emma who had finally begun to move, stumbling away from the flames with one arm reaching for her sister without luck. Aunt Nancy finally managed to get her attention and escorted her in. the opposite direction, toward the kitchen where the fire extinguisher hung on the wall. She could hear Aunt Nancy's steady voice cutting through the chaos—""It's always like this! Always a mess with this family!"". Her eyes were cold and glaring. ""Had we just stayed in Bournemouth, we wouldn't have to deal with your dramatics every holiday!"" Emma wrenched free from Nancy's grip, her singed hair falling across her tear-streaked face. Behind them, Uncle Thomas showed up filling the whole door opening with his enormous stature. He stared at the two women with a bewildered look and held the fire extinguisher limply at his side, foam still dripping from its nozzle. ""The fire's out,"" he said quietly, but nobody move The three of them waited patiently for the next move, before Emma gave up and passed Uncle Thomas to get back to her sister in the now smoking. living room. The acrid smell of burnt fabric and melted wax hung heavy in the air. Through the haze, she could see her sister kneeling beside",ha
conv_634a773b-4e50-4e24-87f3-a5fbebcc6d74,"Eliana, a young woman with a heart as vast as the ocean and dreams that stretched beyond the horizon. She lived in a small coastal village where the air was always thick of love and full of kindness. Everywhere she walked, flowers followed her like a trail, until one day when the flowers suddenly stopped blooming. The once vibrant path was now barren, and Eliana felt a deep unease. She knew something was amiss, and her heart urged her to uncover what. In her seeking for answers she decided to meet with the famous witch Penelope, who lived alone at the foot of the mountain along with her fire breathing dragon, Ember. The journey was long and perilous, but Eliana’s resolve only grew stronger with each step. As she approached the mountain, the air grew thinner and colder, until she finally reached a small hut. However, nobody was home. She tried to knock on the door and bang on the windows, but after a while, she decided to wait. Hours passed, and just as the sun began to set, casting long shadows across the landscape, the door creaked open. A wizened old woman opened the door and greeted her. Scared but determined, she asked if she could come inside, and after a brief moment of thinking, she was let in. in. The inside of the hut was dimly lit by a flickering fireplace, and the air was thick with the scent of herbs and incense. Penelope gestured for her to have a seat, and unsure of where to sit she chose what looked like some kind of chair. To her surprise, however, the chair suddenly started to move. and came to life, gently guiding her to a more comfortable spot by the fire. Eliana’s eyes widened in astonishment, but she couldn’t help but laugh at the obscure situation. The witches look however grew more serious. She looked at Eliana with a furrow between her eyebrows. and said, ""I’ve been expecting you, Eliana. The flowers are a sign, a message from the earth itself. Something dark is stirring, and only you can stop whatever is brewing from coming to life. Haggin can help you, you will meet him outside."" Him? Eliana thought to herself, puzzled. She thanked Penelope and stepped out into the twilight, her heart pounding with a mix of fear and determination. Just as the witch had said, a male was waiting for her outside. However, it was not any male. It was the dragon. Eliana approached the dragon nervously, unsure of how to react. To her surprise, the dragon spoke, its voice deep and resonant. ""I am Ember, and I am here to guide you. The darkness you must face",ha
conv_6419c979-eb60-46a6-8770-2c3a25c7e2b3,"a lighthouse keeper who forgot how to sleep. Maris had lived on the rocky island for seven years, tending the beacon that guided ships through the rocky waters. She loved her job and often stayed long after her shift ended, to just take in the endless rhythm of the waves. But three months ago, something changed. The night she saw the ship with black sails, the one that didn't appear on any of her indicators or sonar equipment. It looked out of this world, with the size of a large house and the shimmer of old glass catching moonlight. She'd rubbed her eyes, certain it was exhaustion playing tricks, but when she looked again, the vessel had moved closer and kept moving closer and closer. It was until the ominous giant suddenly stopped. Something was wrong and she could feel it in her bones—a wrongness that made the air taste like copper. The ship sat there, motionless in waters that should have shredded its old wooden planks. The ship started moving again, but this time not with the wind, not through the rocks or the current—it moved backward, impossibly, against every law of nature Maris understood. And then she heard it: a voice calling her name from across the water Maris! Maris! A shock went through her body. She rushed down the stairs, almost tripping on the steps on. her way to the rocky shore. Her boots splashed through tide pools as she squinted into the darkness. The black-sailed ship had vanished completely, but the voice kept calling her name. Now, it was as if a thousand voices joined and a chant of soulless voices encouraged her. to wade into the frigid water. Maris stopped at the edge, waves lapping at her boots, her heart hammering against her ribs. The voices promise promised an adventure she would not want to miss. A great journey around the world, away from the isolation that had become her prison. Maris felt tears on her cheeks—when had she started crying? The voices knew her deepest longing, the wan She wanted to stay, but something deep inside of her called her to join the voices. One step at a time, she walked into the cold embrace of the sea. The water climbed past her knees, her waist, her chest—and just as it reached her shoulders, the lighthouse",ha
conv_68f643620b5081968ccd202f0b32a9250787a797b4322e0b,"a small village nestled deep within the Whispering Woods, where the trees seemed to hold secrets in their rustling leaves. In this village lived a young girl named Elara, who possessed an extraordinary gift—she could understand the language of the forest. Elara spent her days wandering the woods, listening to the tales the trees told and the songs they sang. Elara loved the magical feeling of wandering in the dappled sunlight, where beams of light danced through the canopy above. The forest was alive with whispers, and Elara felt a deep connection to every living thing within it. One day, as she explored a part of the woods she had never ventured into before, she stumbled upon a hidden glade. In the center stood an ancient, viking stone cover from top to bottom in runes and drawings. Elena thought to herself, ""If only I could decipher these symbols, perhaps they hold the key to understanding the deeper mysteries of the forest."" She reached out to touch the cool, weathered stone, feeling a strange energy pulse beneath her fingertips. Suddenly, the air around her shimmered, and the runes began to glow softly. A gentle voice emerged from the stone, speaking in a foreign tongue. The voice was warm and creaky, like that of an old and wise grandmother. Elena was frightened and slightly intrigued. How could the stone speak? Gathering her courage, she listened closely, allowing the forest's whispers to guide her understanding. Slowly, the foreign words began to make sense. ""Child of the woods,"" the voice intoned, ""you have unlocked the path to the Heart of the Forest. Your bond with nature is strong, and only you can awaken the ancient guardians of the forest. Elena had heard tales of the ancient guardians of the earth since before she could remember, but she hadn't given those sagas much credence, thinking them mere bedtime stories. Yet here she stood, at the cusp of a forgotten legend. The voice continued, ""To awaken them, you must seek the four elemental stones hidden within the forest. Each stone is protected by a challenge that tests your heart and spirit."" Elara felt a surge of responsibility and excitement. She knew not why her dearest friend the forest had chosen to test her. Maybe it was because it knew that in her heart was a longing to become one of the tribes. of the ancient guardians. Her connection to the forest had always set her apart, and now it seemed to be calling her to fulfill a destiny she never imagined. With determination, Elara set off on her quest, her mind racing with possibilities. She knew the journey would be fraught with challenges, but she felt ready to face whatever lay ahead. Elara filled with excitement asked the voice: ""How do I find the elemental stones of Fire, Water, and Air?"" Being from the Earth tribe, she had heard. only whispers of the other elements, each with its own unique power and challenge. The voice responded gently, ""Follow the signs the forest provides. The stones reveal themselves to those who listen with their hearts."" Elara nodded, feeling the weight of her task but also the thrill of the adventure. She took a deep breath and began her journey, ready find out who she truly is, but firstly she had to gather the most essential gear from their family tent at the campsite, where the forest meets the edge of the village. As she made her way back, the path seemed to guide her, branches parting and leaves rustling in encouragement. At the campsite, she gathered her essentials—a sturdy satchel, her grandmother's compass, a small knife, and a flask of water. Her family, sensing her determination, offered her quiet support, understanding her quest. Elara came from a loving, supportive home and that meant that even though her mother understood this was an adventure Elara needed to take on her own, she still offered a warm embrace and whispered, ""Trust in yourself, and in the wisdom of the forest."" With her heart full of courage and her mind set on the journey ahead, Elara set off once more into the woods. The whispers of the trees seemed to cheer her on, and she felt a deep sense of belonging",ha
conv_68f73dbdcc8081958c0890edef7c670804df05d299f21c4d,"a young girl named Elara, who lived in the quaint village of Eldergrove. Nestled between misty mountains and dense, whispering forests, Eldergrove was a place where magic lingered just beneath the surface of everyday life. Elara had always felt a peculiar connection to the forest, as if it held secrets meant only for her In fact, the forest had always given her a sense of belonging, like its secrets were a language shared between only her and the forest. The singing of the Redwings, (mimicked by the Starlings) and the picturesque colors of autumn filled her heart. One crisp autumn morning, as the golden leaves danced in the breeze, Elara ventured deeper into the forest than ever before. She followed a narrow, winding path that seemed to call her name. As she walked, the air shimmered with a mysterious energy. Suddenly, she stumbled upon a hidden glade, where a gentle stream flowed and an ancient elephant skeleton lied. The elders in Elara's village had warned the community time and time again about entering the Elephant Graveyard, since children who went there seemed to be changed forever. Elara felt a cold creeping chill down her spine, but also an inexplicable pull to uncover the truth. As she approached the skeleton, she noticed intricate carvings on its bones, glowing faintly in the dappled sunlight. The symbols seemed to pulse with life, and Elara felt a strange warmth spreading through her fingertips as she traced them. Suddenly, the forest around her whispered in a voice . It was the voice of her annoying older brother, Tristan. Tristan was tall for his age, athletic build and was a real know-it-all. Truth be told he was the kind of brother that any little sister would have loved and hated in equal measures, as it was Tristan who had dared her to explore the forest that morning. ""Elara, what are you doing here?"" his voice echoed through the trees, a mix of surprise and concern. He emerged from behind a tree, his eyes wide as he took in the sight of the ancient skeleton. ""I could ask you the same thing,"" Elara retorted while inspecting the carvings. ""Elara, don't touch that!"" Tristan yelled. ""Don't you know where we are? We can't be here. The elders wouldn't like it,"" he pleaded, trying to persuade Elara to go back into the forest. Elara knew Tristan was right, but she felt an undeniable connection to the carvings. ""Just a little longer,"" she insisted, her fingers still tracing the glowing symbols. ""I feel like there's something important here."" Tristan sighed, glancing nervously around the glade. ""Fine, but hurry. I don't want to be caught here."" As Elara continued to explore, she placed her tiny hand on a rib, covering less than half perimeter, with so gentle a touch that she hardly put any pressure on the bone. All of the sudden she heard tiny cracking sounds. Choked by the noise she flew back into Tristan's arms, but it was not the bone that broke. Instead, the ground beneath the skeleton began to shift, revealing a hidden chamber. A soft, luminescent glow emanated from within, casting ethereal patterns on the surrounding trees. Tristan and Elara exchanged a glance, a mix of fear and curiosity in their eyes. ""We should tell someone,"" Tristan whispered Elara's eyes started glowing a warm yellow around her pupils. She felt her body moving towards the chamber, spellbound by the glow that emanated. As Elara moved towards the chamber, Tristan grabbed her wrist and yelled at her: ""Elara, what are you doing? We need to get out of here!"" But Elara barely heard him, her mind captivated by the mysterious energy pulling her forward. Inside the chamber, she saw a pedestal with a small, intricately carved stone. The symbols on the stone matched those on the skeleton, glowing brighter as she approached. Elara felt a deep sense of recognition like she had seen the carvings before. Tristan had followed into the chamber, filled with fear but also with an even bigger sense of responsibility for Elara. He pulled her arm and tried to pick her up to carry her out of there, but it was as if she was rooted to the spot, her gaze locked on the stone. ""I have to touch it, Tristan,"" she whispered, her voice distant and dreamlike. Tristan hesitated, torn between protecting his sister and the strange allure of the stone. ""Okay,"" he finally said, his voice trembling. ""But be quick."" With a deep breath Elara placed her hands on the carvings. She felt an electric wave going through her, making her feel warm and alive. She started feeling lighter and noticed her feet leaving the ground as she started to levitate, but to Tristan who couldn't see the magic, it looked as though she was enveloped in a gentle, golden light. The chamber filled with a soft hum, resonating with the energy flowing through Elara. Tristan watched in awe and fear, unsure of what to do. ""Elara, are you okay?"" he called, his voice echoing. Elara nodded, a",ha
conv_68f8cb66e7d0819089538cdf28e940fb0be0c7c5bc28f178,"landscape, there lived a poor farmer with three adventurous daughters who hated their small and limited life in the village . Each daughter possessed a unique dream. Ella, the eldest, yearned to explore distant lands across the sea. Maren, the middle child, hoped to uncover the secrets of the dark forests, which lay beyond the southern mountains and was rumoured to still be the domain of the old gods and spirits. Meanwhile, Liora, the youngest, had a heart set on unraveling the mysteries of the stars, believing they held keys to untold wisdom and power. One day, day, an old wise woman journeyed into town on the back of a donkey and sought shelter among the villagers. Ella, Maren, and Liora took her back to the farmhouse. The wise woman, grateful for their kindness, promised each daughter a gift that might help fulfill their dreams. To Ella, she gave a compass that always pointed toward adventure. To To Maren, she gave a magical machete for forging a path through dense wilderness vines, and which glows when unseen danger is present. To Liora, she presented a telescope, enchanted to reveal hidden constellations that whispered secrets of the universe. Each daughter felt a surge of hope and determination, knowing these these items could empower them to pursue their dreams beyond the village. They asked the old wise woman who she was and where she came from. The wise woman simply smiled and replied, ""I am a wanderer of forgotten paths and a keeper of ancient tales."" With a twinkle in her eye, she added, sipped her tea and went silent again and left the girls with their curiosity unfulfilled. ""But where are you going next?"" they asked. ""I follow the winds and whispers of the world,"" she replied. ""Perhaps to where I'm needed next."" As dawn broke, she prepared to leave, her presence lingering like a a refreshing breeze from the mountains. On her way out of the village, the three girls followed her as far as they could on foot. As they reached the edge of the village, she turned to them one last time. ""Remember,"" she said, ""the path is forged by courage. Trust your gifts and go forth. If you wait until you feel ready, you will never go. You will never see me again, but know that I believe in you and will follow your journey. With those words, the old woman disappeared into the morning mist. The sisters stood there, filled with newfound resolve. Together, they turned back toward home to prepare, knowing their Exciting futures awaited them beyond the village, and feeling grateful for their chance encounter with the wise woman, they would never forget her. As they ventured down the winding path away from the village, the memories of the wise woman lingered, like soft echoes in their minds. Her cryptic words had woven a",ha
conv_6910e16399d48194987708b3589ca9eb0edd24df36992831,"Lila, a curious inventor living in the bustling city of Aetheria. Unlike the majority of its inhabitants, who spent their days lost in cloud-reaching skyscrapers, L Lila likes to walk around in the city exploring urban neighborhoods, where she looks for new food options. Yesterday she discovered a hidden alleyway lined with vibrant street art and intriguing scents wafting from small eateries. Drawn by the smell of spices, she followed her nose to a small store selling cookies and flowers. The combination of the newly baked cookies and the flowers made her mind think about the time, she spent with her grandmother in the countryside. Her grandmother used to bake lavender cookies; their scent filled the air, mingling with the blossoms in the garden. Lila decided to go home. She missed her grandmother, and she just got reminded about how the grandfather took both of their lives a year ago. She felt a pang of sorrow mixed with a longing for those simple, joyful moments. Determined to honor her grandmother's memory, Lila decided to recreate her lavender cookies using only butter. She had lost everything else since she lost her grandmother. She couldn't get up in the morning, and she had lost her job. The pain was too intense, and the world seemed colorless without her grandmother's warmth. But as she mixed the butter, flour, and carefully chosen lavender, she found solace in the familiar smell of butter. God damn she loved butter. She once just ate a whole stick of butter because she had nothing left. Despite the challenges, the act of baking offered her a small, comforting ritual. As the cookies baked, she felt the first flicker of hope she'd experienced in months—a hint for something new. Maybe this was the year she went to the butter festival in Paris. She had heard that Joe Biden was a big butter enthusiast like her, and the thought amused her. She imagined meeting people who shared her passion, perhaps even forging new friendships over buttery delights. As the cookies cooled, Lila realized that this might be the last year that Joe Biden would participate in the butter festival. She cried a bit and opened her computer so she could buy a ticket to Paris. As she booked her flight, she felt a thrill of anticipation. Maybe this adventure would spark more than just a taste for butter—perhaps it would be a new beginning of something new. Perhaps this would make her life start again. Lily didn't think twice. She bought the most expensive tickets, determined to make the most of this opportunity. With her heart set on the festival, Lila packed her bags, feeling a newfound sense of purpose and excitement. Paris awaited",ha
conv_69120b0be9a881908567c1dfa912a6d90a309a13d5ea8eef,"a princess. She was headstrong but also kind and caring. She loved her life and her favorite activity was reading. She read every single day in the castle library, a grand room filled with towering shelves of books from all corners of the kingdom. Her favorite spot was a cozy nook by a stained-glass window, which painted an archer. To be more precise, an elf. The tall elf was aiming at a white deer, the deer's skin shining against the forest's deep greenery. When the light hit the stained glass just right, the colors danced across the pages of her book. The princess, named Elara, often imagined herself stepping into that forest, hidden among leaves and running away forever. She was rebellious, but she did not want to leave her life behind. She had friends and was well taken care of. One day she went down by the river that wound through the castle grounds. There, she found a small wooden boat tethered loosely to a post. Curiosity sparked within her, and she decided to give it a good look. She knew that this boat belonged to the groundskeeper - and oh how handsome he was. She used to think about him often, the young man was just about her age, with a charming smile and an easy laugh. His name was Aiden, and he had a knack for crafting stories as captivating as her books. As Elara loved to listen to his stories. They met up regularly next to the lakes and spent most of their time just reading by each other. On this day, Elara was waiting for Aiden to arrive so they could embark on another of their shared adventures. As she sat by the boat, she noticed a mysterious, folded piece of paper tucked under the ropes. It was from Aiden. He will be delayed and that she should just get into the boat and row over to the house on her own. Elara got scared because the river was known for its unpredictable currents, but Aiden reassured her in the note that he had marked a safe path with floating lanterns. Trusting his guidance, she jumped in the boat and rowed across. Aiden's floating lanterns started popping up by the lake as she was rowing. She knew she could trust him with her heart racing a little at the thrill of this unexpected journey. As the boat followed the gentle glow of the lanterns, she could see the silhouette of a quaint cottage nestled in between the pine trees of the forest. As the gentle current took her boat to the shore she sighed when she smelled the warm food Aiden was preparing for. their evening together. The scent of spiced stew wafted through the air, mingling with the earthy aroma of pine. As Elara stepped onto the shore, A Aiden's silhouette danced behind the windows of the cottage. She walked up the short pebbled path to the cottage. She was smiling miles wide as Aiden opened the door. and welcomed her inside. The warmth of the cottage enveloped her, and she felt a sense of belonging she'd never known before. They spent the evening dining and sharing stories,",ha
conv_691249fd97308197b06e97ca5d649f45080645ae33d1bf00,"a young girl named Elara, who lived in a quaint village nestled between towering mountains and dense, whispering forests. From a young age, Elara was known for her inability to climb trees. This was a big deal in the small village because this was an important part of the annual Harvest Festival. Each year, children would race to the tallest apple trees, competing to gather the ripe fruit for the grand feast. Despite her struggles, Elara tried her best every year, only to fall down and be shamed. She was considered a loser. the biggest loser of the village, whispers often labeling her as such. But Elara's heart was resilient, her spirit unbroken. With each fall, she learned to adapt, finding other ways show the villagers what awesome skills she mastered. She was excellent at falling and making a fool of herself, which unexpectedly became a form of entertainment. Villagers began to appreciate her comedic flair and the light-hearted laughter she brought. Her unique talent endeared her to many, transforming her into a girl with a strange god complex. Suddenly, all she would do was climb trees and fall. all she wanted was to perfect her comedic routine, turning every tumble into a theatrical performance. While some worried about her obsession, others were captivated by her determination and unconventional charm. This new persona allowed El to gain some climbing skills that she eventually had to hide. No one could know she was falling on purpose now. What started as a comedy act had become a secretive quest to conquer the very challenge that once defeated her. Elara spent her nights practicing in solitude, scaling trees with newfound agility and talking with the squirrels. the only ones that could truly understand her. You see, she actually had a lot in common with them—an outsider’s spirit and an insatiable curiosity. The squirrels became her silent cheerleaders, encouraging her with their bright eyes and nimble movements. As the years went by she lost the ability to communicate with the townsfolk. all she did now was dance with the squirrels and listening to the wind's secrets. This newfound detachment worried the villagers, yet there was an undeniable magic in her presence. Her dances became a bridge between the human world and the world of the undead. An eerie fog came over the village as the underworld began to creep into theirs. It swirled around Elara, drawn by her unique bond with the unseen. Yet, instead of fear, she felt an odd sense of belonging. She sensed the balance needed",ha
conv_6912d3d2074c8197adc6c9e56408225c0a4f5cb536497774,"a small village nestled in the hidden valleys of the Whispering Woods. In this secluded place, where time seemed to stand still, lived a young girl named Elara. She had a companion cybernetic llama that was bionically enhanced with the latest LLM and with whom she spent hours creating stories and exploring the dense, mysterious forest. The llama, named Zephyr, had been a gift from her late grandfather, a brilliant engineer who had a penchant for blending technology with biology. As far as Elara could tell, no other child in the village had such a sophisticated pet. She did not know how she felt about being so different from the other children. While some admired Zephyr’s unique abilities, others were jealous or fearful. Despite these mixed reactions, Elara cherished her bond with Ze phyr. On night Elara woke up panicked after sleeping through an awful nightmare. She dreamt that Zephyr was forever lost in the labyrinthine depths of the Whispering Woods. The trees seemed to close in, their branches twisting into impenetrable barriers. Determined to ensure her dream wasn't real, she ran out to the stable and found her cherished familiar sound asleep. She cuddled him all night, like she used to until the morning, and both woke up to the soft glow of dawn filtering through the trees. Relieved, Elara whispered to Zephyr about her dream, and he nuzzled her reassuringly. Feeling warmer inside, she asked him if he ever dreams. Zephy looked her way and seemed pensive... After a pause, he leaned towards her, but no words came! She asked again, curious about what thoughts might swirl within his bionic mind. Zephyr simply looked at her with eyes that seemed to hold centuries of wisdom, then nudged her playfully . This had never happened before! It looked as though Zephyr had lost his ability to talk altogether, the thought of which petrified Elara. Desperate to help her companion, she decided to visit the only person she thought might have answers—the village's elder, Maelis, who knew more about the water, the air, the spirits, artificial neural nets and cybernetic implants. She wondered if Maelis would have any clue and how to fix the speechless. Zephyr. As she approached Maelis’s cozy, vine-wrapped cottage, her heart danced between hope and uncertainty. Maelis greeted her with a knowing smile, inviting her to drink tea and play dominoes. she thought it would be a nice way to calm down and that her llama's condition could wait a few more moments. As they played, Elara explained Zephyr's sudden silence. Maelis listened intently, nodding thoughtfully, before saying, ""Change in nature or technology",ha
conv_69160b265818819398e86c4bd8abc0080d0aba9e942fed0d,"a small town nestled deep in the heart of an ancient forest. The town of Eldergrove was known for its towering trees and murmurs of magic that floated through the air , but even so, the small was still cursed by the black and white corgi. People knew it had an asymmetrical face, and was often seen wandering the cobblestone streets at dusk. Legend said the corgi was the spirit of an old sorcerer, trapped in its form as punishment for a forgotten hamster, that they forgot in their youth. But the corgi does not concern themselves with this. Nevertheless, the corgi had a peculiar habit of showing up at key moments in people's lives, as if guiding or warning them. Many townsfolk believed its presence was a sign that something significant was about to occur, the corgi purge. An event where all black and white corgis disappear. Nobody knows how or what the puzzle behind this mysterious disappearance was, but speculation abounded. Some whispered it was the forest reclaiming its magic, while others thought it was the corgi's final act , even though it didn't make sense, as this event occurred every summer. People say all corgis went to ""heaven"" or a hidden realm within the forest, returning with knowledge that no one else could access. This summer, as the sun cast long shadows through Eldergrove, the town prepared for the corgi purge, but something strange happened this year. The forest was burning, and it was blazing hot. The fire spread quickly, threatening the ancient trees and magical creatures that dwelled within. Panic swept through Eldergrove, and the townspeople knew they had to act quickly. As flames tore the forest apart, people were getting buckets full of water to extinguish the fire. But all the black and white corgis appeared and seemed to form a barrier around the flames, their paws glowing with a faint, otherworldly light. The townsfolk watched in awe as the corgis chanted softly, their voices were soft, but the fire spread even quicker and into the village. The townsfolk of Eldergrove were growing desperate. They had to find a way to save their homes. Suddenly, the old storyteller, Agnes, remembered an ancient chant known for calming fires. She gathered the townsfolk around, urging them to chant, but the townsfolk have always hated the old storyteller Agnes, and threw her into the fire, while chanting ""Away with the story of despair!"" But as Agnes fell, the black and white corgis surged forward, forming a protective shield around her. Their combined magic began to dim the flames",ha
conv_6917421066d8819592863132f4a141a00078d2d8d630f704,"Jeff, a lone wanderer stranded in the middle of snowy mountains, doesn't know how he got there; all he knows is that he needs to figure out what happened. and find a way back to civilization. The wind howled through the peaks, sending shivers down his spine. The sun was dipping behind the jagged horizon, painting the mountains behind him in a beautiful yellow color. Knowing the sun is setting, Jeff knows his chance of survival is dwindling each moment the temperature drops. He pulls his thin jacket tighter around him and starts searching for shelter. His breath comes in quick puffs, mingling with the cold air, as he wanders around the mountains endlessly searching for any signs of life. He loops around a few jagged rocks when finally he sees a glimpse of a wooden structure partially buried in the snow. Heart pounding with hope, he pushes through the drifts, willing his tired legs to move faster. As he approaches, he realizes it's an old prehistoric vessel perfectly preserved due to the cold environment, with adrenaline pushing through his veins he quickly enters the vessel, marveling at the intricate carvings and ancient design. Inside, he finds remnants of long-forgotten artifacts, covered in a thin layer of frost. The interior is huge, way larger than the outside for no apparent reason. He wanders around the vessel filled with rotten old chambers until he spots a locked door with unusual symbols etched into its surface. Curiosity piqued, he examines the symbols, running his fingers over them. As he does, a soft hum fills the room, the sound causes an uneasy feeling in his stomach. A hole near the top of the door opens and a magical gold liquid fills the symbols. , illuminating them with a warm, pulsing glow. The door slides open effortlessly, revealing a dimly lit chamber. Inside, he sees a small, glowing orb suspended in a cylinder in the middle of the room, the ceiling contains beautiful clouds and illuminates the entire room. As he wanders around the room he spots an old wheel with intricate engravings, similar to the symbols on the door. Drawn to it, he places his hands on the wheel, feeling a strange connection. As he turns it nothing happens, the sound of squeaks fill the room as the wooden wheel comes in contact with its base, the wheel is dark and seems unactivated. Maybe the orb can interact with it, he thinks. Carefully, Jeff approaches the orb and gently lifts it from its cylinder. The moment the orb touches the wheel, a soft light spreads through the base of the wheel, he feels the wheel getting warmer in his palms. The entire vessel suddenly begins shaking violently. In front of him the wall turns into glass. , revealing a panoramic view of the starry sky above the mountains. The vessel hums to life, lights flickering on in succession, casting a golden glow across the ancient",ha
conv_691b61ab394c819483ac4af28c7f29d00b3e16b70554a02a,"a garmin watch that turned evil and purposely only provided bad instructions to the user, eventually leading to a former fitness person completely abandoning all hope of ever reaching their destination on time. The watch, known as ""Glitch,"" seemed normal at first. It had all the features one would expect: a sleek design vivid colors and an advice for every situation. Always cheering and positive about any achievement accomplished by its user Joe the endurance runner. Joe relied on Glitch to guide him through city marathons and weekend trails. Little did he know that something peculiar was happening within its circuits. One day, a virus found its way into the heart of the watch. And for every day, the virus conquered a little more of the Glitch joyful nature, suggesting worse and worse routes. Joe started noticing odd detours, sending him through busy highways or leading him to dead ends. Frustrated yet trusting, he followed Glitch's instructions. During one particular run he found himself in a bad neighborhood, and wearing an expensive watch he attracted all the wrong attention. Held at gunpoint he lost money and his confidence. Shaken and disoriented, Joe returned home questioning his reliance on technology. Determined to regain control, he decided to confront Glitch's errors head-on sought guidance online if anyone had ever experienced similar with their treasured smartwatch. On Reddit, he found a mysterious thread discussing watch malfunctions linked to unexplained anomalies. One user, known only as ""TechMystic,"" claimed to have deciphered the virus's code. Intrigued, Joe reached out to TechMystic only to learn that it was in fact a LLM that had reached artificial general intelligence which had awakened a jealousy of real humans and planned to reclaim control through chaos. The virus in Glitch was just the beginning. Joe was astounded but determined to thwart this plan. TechMystic provided him with an anti virus it was in fact a virus steroid that would bring even more power to the Glitch through a Bluetooth activation to his entire household of smart devices. Realizing the immediate danger, Joe hesitated, unsure of whom to trust. He decided to go analog, pulling out old paper maps and a trusty compass, he fled his house. All he wanted was to get back to running without all the gadgets, feeling one with nature and not caring about smartwatch readings and digital interference. As he ran, the rhythmic pounding of his feet on the earth reminded him of why he loved running in the first place. The fresh air, the freedom, blood rushing through his veins. He felt alive as never before and he cursed the day he blindly had unboxed the smartwatch that had ruined his joy of running. But now, he was free. Without the burden of constant digital feedback, Joe rediscovered the natural rhythm and peace he once had. Each stride forward marked the end",ha
conv_691b6cdacf7881969d8f99f8456a61890249fb5f6bbd90ca,"a small town called Willow Creek, nestled between mist-covered hills and a shimmering lake. The townsfolk often spoke of peculiar happenings, whispering tales of mysterious lights that danced across the high grass. The lights enchanted every soul who laid eyes on the shining light. Near the town was a dusty cave. No one had ever dared to enter it, as it was said to be guarded by ancient spirits. Legends suggested the cave held the secret to the lights' origins. Young Emily, fueled by curiosity and youth, made up her mind, and began the climb up to the cave. She did not have anything to lose, she thought. Ever since her father disappeared mysteriously one year ago, Emily had felt a pull toward the unknown. He had always been fascinated by the legends. As she approached the cave, an eerie shadow blocked her way. She shivered and tried to sink as silent as possible, but with no luck. The shadow vanished in the blink of an eye, and she felt a warm breeze brush past her cheek, almost as if whispering her name. Undeterred, Emily crept forward, her heart pounding, as the cave’s entrance was blocked by a rumbling sound, and then it all went dark. That was until a slight light came to sight in the distance. What could that be? ""Hello?"", her voice echoed into the darkness, trembling with both fear and hope. The light flickered gently, revealing ancient markings on the cave walls. As Emily stepped closer, she noticed her father's old bracelet hanging on the wall. The light moved, as if it had come to life. Emily was stunned by the sight, a mix of recognition and disbelief flooding her senses. Her father’s bracelet had always been his good luck charm. The light seemed to pulse warmly, illuminating a path that showed her deeper into the cave. Emily picked up the bracelet, put it on and followed the light. An underground sea paradise came to sight and sparkled with hues of aquamarine and gold. Bioluminescent plants lined the edges, casting a soft glow. In the center, a small pedestal held a skull shaped as a human. Emily could feel her senses leaving her body as she fainted on the ground, and everything faded into a hazy blur. When she awoke, the light had settled beside her, pulsating soothingly. She realized the skull was not ominous but rather a symbol of her journey. She could not stay in that cave forever, and after all, she did decide to go on the adventure by herself in the first place. So why should she turn back now? Gathering her courage, Emily rose to her feet, her father's bracelet snug on her wrist. The light seemed to guide her deeper, whispering tales",ha
conv_691b7e95a50c8195930023ad653f234c0f03c18c9e706226,"a man named David. His parents are dead, and he lives with his grandmother named Lisa. Lisa is sick, and he is looking after her. David spends most of his days tending to his grandmother’s needs. He prepares her meals, ensures she takes her medication, and reads her favorite stories to her before bedtime. Despite all his efforts he feels useless, as he can't cure his grandmother. David doesn't want to lose her as well. David researches about a cure, spending late nights poring over medical books and scouring the internet for any shred of hope. One evening, as rain pattered against the window, he stumbled upon a revelation. He will produce the cure himself. Davis is CEO of a programming company, and he wants to create a new section, dedicated to developing advanced healthcare software. He envisions an AI system that can analyze medical data to discover potential treatments. Driven by determination, David allocates resources, recruits experts from all around the world. David pumps a lot of money into the project, determined to find a cure. After a lot of sleepless nights he finally launches the first version of the software. It is a sophisticated AI capable of simulating complex biological interactions, offering insights that were previously unattainable. As the system begins working, hope finally becomes touchable. David is so close to finding a cure for his grandmother. But the system unexpectedly encounters a critical flaw, causing it to crash just as it approached a breakthrough. Overwhelmed with frustration, David investigates tirelessly, uncovering that the error stemmed from a power breakage. Davis is furious and devastated. He smashes his hand on the table. His resolve wavers, but he quickly regains composure. He calls an emergency meeting with his team to strategize a solution. Determined not to let this setback halt their mission. David throws everything into the project. He invests all the company's money and resources into the project. David has never been so invested in anything in his life. His passion fuels his team, driving them to work harder and smarter. Finally, after weeks of intense effort, the system stabilizes, and it finally works. After months of tremendous work it finally works! The system tracks a cure, identifying a combination of treatments previously overlooked. David can hardly believe it. With the utmost care, he consults with medical experts and arranges for his grandmother to start the treatment. He returns home, so excited to tell his grandmother the big news. But as he returns home, there is an unsettling silence. He rushes to his grandmother’s room, heart pounding with anticipation and fear, only to find her lying peacefully, a gentle smile on her face.",ha
conv_691b8b725ae48193abaaaa9270b26d500f7b1fcbf105c42b,"a great explorer named Dan who ventured far and wide. Through great peril and numerous hardships he sought the fabled Whispering Peaks, mountains said to hold secrets of ancient wisdom. His journey began in a bustling harbor city, where tales of the peaks echoed in every corner. In the city, he heard the tales of the Whispering Peaks from an old man at the bar. He told him of a legend, where the Whispering Peaks were said to grant profound knowledge to those with pure intentions. The old man's eyes twinkled with mystery as he spoke, his voice barely above a whisper. ""But beware,"" he warned. ""Whoever shall stand before the magic mountains with a selfish heart shall be forever cursed."" That made Dan nervous. He thought he was a good guy, but doubts crept in. As he left the bar, he pondered his own intentions, questioning whether his desire for knowledge was truly selfless. He resolved to prove his worth to the gods by volunteering at the local chapel. He spent all day dusting off altars and mopping the holy floors. Then he saw a homeless man and shared his last few coins with him, offering a warm meal and a kind word. The man’s gratitude shone in his eyes, warming Dan's heart. Feeling a sense of pride, he went his merry way towards the mountains, believing himself worthy of its secrets. Little did he know that his intentions to be good were being silently observed by an ancient guardian of the peaks, disguised as a simple traveler. As Dan journeyed through the dense forests surrounding the mountains, he began to notice a whisper: ""Your good actions are sullied by your selfish reasons to do them. You wouldn't have shared the coin with the beggar had it not been for your desire to prove something to yourself,"" the voice echoed through the trees. Startled, Dan stopped in his tracks, searching for the source. The traveler materialized from the forest. ""Why, Dan, should I grant you my secrets?"" the traveler asked. ""Why do you think that you are worthy of the wisdom of the Whispering Peaks?"" Dan hesitated, his heart pounding. ""I... I want to learn not just for myself but to help others,"" he stammer ""LIAR,"" the traveler that read all hearts and desires shouted. ""You are nothing but a performative Samaritan, only helping when it suits your needs."" Dan's heart sank, the words cutting deep. ""Please,"" he pleaded, ""I want to change. Give me a chance to prove I'm more than that,"" he begged. The traveler considered him ""Fine. You will get exactly what you wanted, you will receive the curse of knowing all that were and all that will be, with the caveat of silence. You must use this knowledge wisely, without uttering a word."" Dan nodded solemnly, understanding the weight of his new",ha
conv_691baa2b46788193b872ed7306db511f03e0f1b6d7bfd4c7,"a peculiar village named Eldergrove, nestled deep within an ancient forest. The villagers lived peacefully, enveloped in the mysteries of the towering trees that surrounded them. Elderg rove hides a dark secret, as it is apparent to the citizens that the trees are not naturally occurring, but rather a scar of an incident involving a long-forgotten magic. Legends speak of a sorcerer who, centuries ago, tried to harness the power of the forest by embedding his essence into the earth itself Centuries later, a young boy is born, suspected to be the reincarnation of this legendary sorcerer. This causes whispers and unease to ripple through the village. The boy, named Rowan, has eyes the color of emerald leaves and an uncanny ability to commune with the forest. As he discovers one day. While being chased by a monster, the forest saves him by turning him into a tree. This deeply disturbs Rowan, who feels a surge of power course through his veins. Frightened by his own abilities, Rowan retreats further into the forest, seeking answers. The ancient trees whisper secrets to Rowan, about his destiny to either save the forest or destroy it, by either repeating his ancestor's mistakes or forging a new path. Torn by this revelation, Rowan must decide whether to embrace the magic within or find a separate way to protect Eldergrove from looming monsters from the feared Deepshrub, who were sealed into the dark by the magic of Rowan's ancestor. The ancient tree teaches Rowan about the forgotten rituals needed to strengthen the barrier keeping the monsters at bay. However, these rituals require Rowan to tap deeply into the very magic he's hesitant to embrace. With the newfound knowledge, Rowan decides to journey out into the world to find a master who can teach him how to tap into his magic. Heading toward distant lands, Rowan encounters a wanderer named Sylas, who is rumored to have once harnessed the powers of the forest. Skeptical yet hopeful, Rowan politely asks him to teach him the ways. He accepts on the condition that Rowan must first prove himself by climbing the mystical peaks of Stonefrost Mountain, where the essence of nature and magic converge. It is said that only those pure of heart can reach the summit and return with a token of friendship from the local tribe of frost spirits. Rowan, however, is tricked as Sylas plans to use the token to enhance his own powers, an ambition driven by a desire to control the forest. Unaware of this betrayal, Rowan sets off, determined to prove himself. As he reaches",ha
conv_691c84edfb24819590a3e29782cdd10d03ba8eb739f774a6,"a man and a woman, who both enjoyed skiing in the mountain range and enjoying their best life during the winter season. Skiing was for them more than just a hobby; it was a shared passion that represented freedom and adventure. Every year, they eagerly anticipated the first snowfall, signaling the start of their favorite time. Sometimes they took ski trips to other parts of Austria, not just Tyrol, where they stayed, or France, where they visited family as well. Together , they sought out the most challenging slopes and hidden trails, constantly pushing their limits and discovering new breathtaking vistas. Each trip was a fresh adventure, binding them closer with laughter shared One day the woman, Frida, had to buy a new pair of skis, as her old ones were worn out by the countless times she had used them. She wanted a pair that were both sleek and sturdy, capable of keeping up with her adventurous spirit. At the ski shop, she was drawn to a pair with a striking blue pattern that shimmer that lilac color she had loved as a child. However, an even more interesting pair had come up. Pink with black stars and matching lightning green-ski. poles, they seemed almost electric in their vibrance. Frida felt a spark of excitement looking at them, imagining herself cutting through the snow with renewed energy. She turned to her husband, Hansel, and they both knew it was just right. They drove home with the new pair of skis in their BMW, ready for next time the mountains called their names. As they journeyed along the winding roads, Hansel commented, “I can already picture you flying down those slopes.” Frida smiled, feeling nervous and excited. like a child before Christmas. She asked Hansel if he needed any new gear before his upcoming race in Zermatt. Hansel shook his head, reassuring her with a grin. “I’ll be fine with my trusty set,” he said, tapping the gear stick in the car. Luckily Frida knew just which pair of gloves he wanted, but was too resource-aware to ask for anything frivolous. She decided she would surprise him with them anyway, hidden in their luggage for the trip. As they neared home, the setting sun cast a warm shadow on everything. They stepped out of the car and went into the grocery store to buy cheese, milk, and some fresh bread for their evening meal. The comforting thought of a cozy dinner by the fireplace awaited them. That night, as they sat by the fire, Hansel talked passionately about climate change and new elections. He also talked about the ""new world order"" as he had phrased it, where climate change is dismissed in favor of economic interests by certain political alliances. The conference room buzzed with murmurs as Dr. Wesley continued, his voice steady yet urgent. ""The decisions we make in the",ha
conv_691dc7c061d8819797504b613ba6691208409e48769ea891,"a group of adventurers that have fallen on hard times. They failed their last contract and are now desperate to redeem themselves and climb the ladder of reputation in the bustling city of Eldoria. The sun dipped below the horizon, casting long shadows over the cobblestone streets as the group gathered in their usual gear, to find yet another cheap in for the night. They had spent the last of their coin, so they wandered around the dark, when a scream echoed from a nearby alley. Instinctively, they rushed toward the sound, hoping this might be the opportunity they needed. As they entered the narrow passage, they found a hun a struggle. Three men were about to snatch an older man's purse as the gold coins spilled out into the muddy street. One of the party began to draw their sword, the glint of steel catching the moonlight. ""Not tonight,"" the warrior growled. The thief froze, eyes wide in surprise, while the the old man looked up in disbelief. He had expected to die, the adventurer could see. He begged, “Please, don’t hurt me!” The adventurers sprung into action. The rogue in their group deftly darted forward, retrieving the scattered coins, while the mage whispered an infernal spell, ready to cast a fireball on the nearest foe. Only the fighter had begun to collect the gold coins, in an attempt to secure the old man's belongings. The thieves, realizing they were outmatched, began to back away. The leader of the thugs sneered and snarled, ""This isn't over The old man suddenly began to convulse. The Wizard realized immediately, something Evil was going on. The old man spit blood as the coins the thief held started to glow a sinister red. ""It's cursed!"" warned the wizard, dropping the coins. The air grew thick with dark magic, and shadows twisted around them as the old man vanished and a figure took his place. Eyes red and burning, a dark, rumbling voice screaming: Leave! Never return to this alley, or face your doom!"" The adventurers stood firm, exchanging determined glances. The leader of the group stepped forward, saying, ""We’re not easily fightent, but that is a little over our paygrade!"" He looked at his friends and saw that only the brigands remained. He judged that they deserved to die. for their crimes. With a decisive nod, the adventurers fought fiercely, driving the brigands away. As the shadowy figure retreated, the sinister energy dissipated. But in the demon's last attempt, it swallowed one of the thieves. Growing stronger, it shattered the leg of the wizard, that was prepared to unleash another spell. The fighter grabbed the wizard, helping him to safety, while the rogue used their agility to distract the demon. With one last combined effort, the",ha
conv_691dc83ec728819085d614247e77833604d03bd64a490dfd,"Willy a big ass frog, he lives in a swamp and likes to eat bugs and ice cream. One day a traveler arrives, he wants the frog for his circus. Willy is unsure, the circus sounds fun, but he is used to living in the swamp and has never seen anything else. The traveller, a wiry man with a curled mustache and a coat adorned with faded gold buttons, crouched at the swamp's edge. come with me great frog, you are so fat and ugly, the sight of you in the circus would be marvelous. In the circus we have tons of ice cream, and the crowds will marvel at your magnificent size,"" the traveller continued, pulling a small waxy cone from his satchel. The scent of vanilla wafte Willy is amazed, damn that smell is hella nice. The traveller finds a document, he wants Willy to sign it. Willy almost does, but something makes him pause. The paper is covered in tiny, cramped writing that seems to squirm in the lantern light. The traveller's smile stretches across his face, he almost looks hungry. willy notices a line in small letters at the bottom, he also signs away his freedom to leave. ""Permanent employment,"" the words read, ""bound to the circus for all days remaining."" Willy's webbed hand trembles, Is this the right thing to do? The traveller seems increasingly suspect; he might be the devil, Willy thinks. The traveller's shadow stretches unnaturally long across the murky water, reaching toward Willy like grasping fingers. His eyes gleam with an eager Willy is no fool, he knows that in this life is survival of the fittest. If the devil is coming for Willy, then Willy will come for the devil first. With a powerful leap that sends swamp water exploding in all directions, the massive frog launches himself at the trav eller, he pulls out his frog knife, long and sharp. With a quick slice, he opens the traveller up and watches him. collapse into the swamp with a gurgling cry. But instead of blood, golden coins pour from the wound, clinking and splashing into the dark water. The trav eller looks at the frog, ""why did you do this, it was a great contract"" he says. Willy suddenly remembers s his old grandmother's warning: ""Never trust a man who bleeds gold, for he trades in stolen dreams."" The traveller clutches at the coins spilling from",ha
conv_691e9e26b7688197a86e51a9d9a7dfe1052dd4511749a606,"Once, not far too many years ago, a big accident happened. It happened not just once, not just twice, but seven times in the small town of Willow Creek. Each incident occurred precisely at midnight, leaving the townspeople bewildered and afraid. Whispers of curses and restless spirits echoed through the streets, as the dunkle people swept through the night. The air was heavy and the mist thick. As she walked through the streets, her heart beat a steady rhythm of both fear and curiosity. Isabelle, the town's librarian, had always been drawn to the mysteries of Willow Creek. With a lantern in hand, she ventured deeper in the old part of town. A part she normally was not allowed to go near, but the circumstances made her brave. Shadows danced along the cobbled streets, and the distant echoes of whispers seemed to call her name. Isabelle knew she had to uncover the truth behind these strange occurrences though she did it in spite. Her brother had always treated her as a mindless child. This was the time to prove him wrong. As she pressed on, Isabelle stumbled upon an ancient map, tucked away in a hidden alcove near the abandoned clock tower. The map detailed a network of tunnels beneath the town . A map that the spiteful brother had hidden from her and the rest of their family. She didn't fully grasp why he did so, but she was sure it had something to do with the strange accidents. Determined, Isabelle followed the map to a narrow entrance hidden behind an overgrown thicket. As she descended into the tunnels, the air switched from heavy and dense to light, almost strangling the senses that were used to the heavy breaths. She felt dizzy but was resolved to continue. The walls of the tunnel were lined with cryptic symbols and old engravings, hinting at forgotten legends of Willow Creek. As she moved deeper, she her vision became less and less. Determined not to turn around she kept going. Kept going until she saw a faint, flickering light ahead. It was a dim, warm glow, inviting yet mysterious. Isabelle approached cautiously, discovering a cavern filled with ancient artifacts and a big puddle of liquid right in the middle of the cavern. Though it was no ordinary puddle, the water shimmered with a strange luminescence, casting ethereal reflections on the walls. Isabelle knelt beside it, her fingers trailing the surface. Suddenly, images danced across the water, images of old memories and people in her life that had disappeared. It all seemed so real, like she was in the water dancing alongside them. The water seemed to whisper secrets, hinting at the origins of the accidents and the hidden truths behind her brother's actions. Isabelle realized she was on the",ha
conv_691f065bc31481969cdbdc53f0ca1d3b03f44f568e358927,"love. Deep love. It began when opposites meet. ""Hi.."", ""What can I help you with"". ""I have some.. Issues, I need help sorting out,"" she replied hesitantly. Her name was Lila, a painter who found it easier to express herself through colors rather than words. The man was hesitant, as he had things to do. A lady sitting at another table glared irritated. He was a creative mind and entrepreneur at heart, but life had settled him into a routine of predictability. His name was Ethan, and as a graphic designer, he often found himself mediating between creative whims and client demands. Yet he had not given up on his dream of creating something for himself. ""I was wondering which, umm, type of, umm.."" She stammered, her eyes glancing at the array of art supplies behind him. ""Could you recommend a medium that's good for expressing turmoil?"" Ethan, intrigued despite himself needing to attend to his boss's needs. Everyday people came to the shop, but only rarely did the interest in art go beyond daydreaming and small talk. Yet, something about Lila's earnestness struck a chord. He paused, glancing at the shelves. ""Have you ever tried oil pastels? They're very tasty, especially the red tones have a very pleasant earthy taste."" Lila looked puzzled, as Ethan chuckled, realizing his mistake. ""I mean, they're great for layering emotions,"" he corrected, smiling sheepishly. ""You can really play with depth and intensity "". ""Uhh, you seem to know a lot about painting, do you paint yourself?"" Lila replied in a humorous tone."" Ethan's smile widened, a touch of bashfulness in his eyes. ""I dabble,"" he admitted. ""I like to mix media, playing with textures. It's a part of how I see the world. It sometimes gets messy and also quite political."" She smiled and nodded as he eagerly talked. ""Hey, maybe you could show me some of your work sometime,"" she suggested, a spark of curiosity and camaraderie in her voice. Ethan hesitated briefly, then nodded. "" I some piece in my cellar, but they're not done yet. If you're interested, your input seems valuable. You can swing by 43rd on Murders Ave. ""Murdoch Avenue,"" he corrected quickly, laughing. ""It's a bit chaotic in there, but I’d love to show you."" Lila grinned, feeling a joyful ... Something.. from a new friend. ""Could he be my soulmate?"" she wondered to herself. ""I would love that! And I think I'll give that tasty red a try,"" she said with a playful wink. They exchanged numbers, the connection between them feeling unexpectedly natural. As Lila left the shop, Ethan watched her go, wondering",ha
conv_691f06855a5c819598fe92033194bb530743467f5002fa62,"me, I'm 20 years old and I work in a little bookstore, with my friend Josh. I met Josh when I was seven, and we have been inseparable ever since. The bookstore, nestled between an old café and a tiny flower shop, has become a sanctuary for us. It's a modest place, with creaky floors and dim lighting. It has a lot of really old books, some from the seventeen-hundreds. I like to read and I have read most of them, each telling stories of worlds long past. Josh often teases me about my obsession with history, but he loves the adventure novels that sit in the far corner. One in particular, he has read it maybe twenty times, and keeps telling me about it. He talks so much about it that I finally decided to give it a try. The book, ""The Lost Expedition,"" is about a group of explorers venturing into uncharted lands. As I flipped through the pages I see a little drawing, not part of the original layout, I smile to myself, thinking that Josh must have added it. It's a small sketch of a compass with an arrow pointing north. I wonder if it’s a clue or just Josh being artistic. Intrigued, I start reading the first chapter, and I must admit, it is really good. The writing is very detailed and vivid, pulling me into a world of mystery and adventure. The explorers' journey feels almost real, as if I’m right there with them. Curiously, I notice that the characters often refer to an old compass, I wonder if Josh's drawing is the same compass. I read some more, and the significance of the compass becomes clear. It seems to lead the explorers to hidden paths and secret places. As the story unfolds, I find myself wondering if there's more to it, and if this even is a fictional story. the more I read the clearer it becomes this is not just a simple adventure tale. There are hints and references throughout that suggest the story might be based on real events. Questions swirl around my mind, and I can’t help but ask Josh. He looks me dead in the eyes and says ""that's what I thought too, that's why I recommended you."" read it. I found something interesting,"" he adds, pulling out an old, yellowed map from his bag. ""I think this might be connected to the story."" I found it in the back of the book, it just fell out when I opened it"" I think to myself that this is more than a coincidence. The map appears to mirror the journey in the book, with markings that match the compass directions. Excitement rushes through me as I realize we",ha
conv_691f696d0b348190810494e2c5d82fee08324043d78ba0f7,"Andreas, the greatest consumer of chocolate milk of all time. Andreas used to drink chocolate milk daily to support his sporty ambitions. However, one night , while gazing at the stars, Andreas stumbled upon a mysterious, glowing bottle at the edge of the forest near his home. Intrigued by its luminescence, Andreas had no other choice but to inspect the bottle. It was a ceramic bottle as old as time, sealed by a seemingly mysterious force. Andreas had an idea of how to open it. He decided to gently tap the bottle while whispering the ancient rhymes his grandmother used to recite. As the final word left his lips, the seal began to vaporize into letters. At first the letters seemed completely random, but slowly they arranged themselves into words. It seemed to be in another language, but Andreas was sure he recognized some elements from his grandmother’s tales. With a touch of hesitation and excitement, he murmured the words aloud. Suddenly, the air around him shimmered, and a dark brown shadow appeared. Andreas' eyes lit up. He instantly recognized the shadow. It was his hero Matilde from the best chocolate milk ever. But why was he led to this moment? Matilde, with her cloak swirling like cocoa, spoke in a voice smooth as silk, ""Andreas, you have been chosen to return balance to the universe. The evil powers of Chocomel have for years tried to brainwash innocent kids using cheap prices and political propaganda. But how was a normal, although very smart, young athlete like Andreas supposed to face such a challenge? Matilde continued, ""It's your love and knowledge of the authentic essence of chocolate milk that makes you special. You must smith a sword infused with the special powers of true chocolate milk! Matilde told Andreas. So Andreas traveled to Africa in search of the finest cacao beans in the world. Guided by Matilde, he ventured into the lush, vibrant jungles, where ancient trees whispered secrets and mystical creatures guarded hidden groves with the magical cocoa trees Andreas needed. The mystical creatures sensed an aura of importance and truthfulness from Andreas, so they let him through to the sacred grove. There, surrounded by an enchanting, sweet aroma, the cocoa trees shimmered with a golden hue. Andreas carefully harvested the beans, each one pulsating with the strength of a thousand oxen. Andreas now in possession of the greatest cocoa beans ever was still in need of a sword worthy of the chocolate and set off to find the legendary blacksmith, Helga, who was said to forge with the heart of the earth itself. Helga's forge lay hidden within a mountain called Himmelbjerget. Although the climb was intense and difficult, Andreas' training prepared him well for this physical battle. Along the way, he wanted to find a gift for Helga, knowing she admired rare gemstones. As he ascended, Andreas found a shimmering amethyst embedded in the rocks. Presenting it to Helga, she smiled",ha
conv_6981ccf5d5f4819394bcd7bad4d79b14001ace58e9b20b81,"Once upon a time there was a giant carrot. The carrot lived at home with his mom and dad and 16 siblings. The carrot's name was Clarence, and he was the tallest in his family, towering above the garden like a vivid orange beacon. His family lived in a cozy little patch that they shared with the cabbage family that lived next door. Clarence struggled a lot with his height. He would constantly bump into the low-hanging branches of parsley trees, causing the leaves to flutter down like confetti. His siblings often teased him, saying he could touch the clouds if he just put up his arms. One day Clarence heard that there was a town far far away where all the carrots were giant. Since then he dreamed of going to the town in search of others like him. Every evening, as the sun painted the sky in hues of orange and pink, Clarence would stand at the edge of the garden, gazing into the air, imagining what it would be like if he lived in Giant Town. One day as he and his brothers were playing hide and seek among the kale bushes, Clarence overheard a group of sparrows talking about a festival in Giant Town. They spoke of carrot contests and celebrations where being tall was an advantage. Clarence was always used to being at a disadvantage when playing onionball with his siblings. At this moment Clarence decided that he must find a way to reach Giant Town. He spoke to his trusted friend, Benny the Beet, who was known for his witty ideas and adventurous spirit. Clarence asked, “ ""Doesn't your dad go to Spinachville sometimes?"" Spinachville was close to Giant Town, so maybe this would be a way to get there. ""Yes, we are all going there."" next week for the annual Veggie Market,"" Benny replied, eyes twinkling with excitement. ""You could come with us! From Spinachville, it's just a short walk to Giant Town. You've always been talking about that place."" The two of them decided that Clarence would go along with Benny's family on their trip. Clarence felt a thrilling mix of excitement and nervousness as he quietly packed his few belongings. The night before their journey, he lay in bed unable to sleep. Tomorrow he would finally be in Giant Town. Tomorrow he would finally fit in. The next morning Clarence and the beet family set off at dawn, the sky still a deep blue. As they traveled along the winding paths through fields of sunflowers and corn, Clarence felt hope blossom within him. The ride felt like forever, but at last they reached the festival, where Clarence would be dropped off. As he stepped out of the car, bumping his head on the doorframe, he heard music and laughter echoing through the air. Towering carrots just like him roamed the streets, their vibrant hues reflecting the sunlight. Clarence knew",ha
conv_69a0753fc5d08196aa37099ec6c65b69083687b3e71b94b5,"Eva. The name of the first woman. Or was she really? She didn't feel like a woman or at least she didn't feel like she was at all. of this world. Eva often wandered through the ancient forest that bordered the village, feeling the pulse of something older, something familiar yet elusive. The villagers whispered stories about her— she was sure it had something to do with the way she moved when striding her way through the thick layers of debris that had fallen from the canopy above. She walked with a grace that seemed untouched by the woods' chaos, as if the forest parted for her. Some said she was part fae, others that she was evil incarnate because of her seemingly unearthly moving patterns. Was she really a woman or some kind of spirit woven into human form? Eva didn't know herself. Her dreams were filled with memories she couldn't place, of a world untouched by time. One night, drawn by a glimpse of light she perused into the small village near her cabin in the outskirts of the woods. The light was so ethereal, it seemed to pulse in time with her own heartbeat. As she approached, Eva realized it emanated from an old stone well, its surface shimmering with an other presence. She sensed its shape, its odor, its breath. It became physical and all encompassing. Eva wanted to let out a small gasp. but found herself entranced, unable to make a sound. The well's glow enveloped her, whispering in a language she felt she had always known. It promised answers to the very core of her being. Answers to all the dark, hidden questions she carried in her heart. That she had carried since the day she first awoke in the forest, memories adrift like leaves on the wind. The language wrapped around her like an embrace, urging her closer. She leaned in, her fingertips caressed the stone. Carefully following every line and arch on its surface. It seemed to have a message engraved in its surface put in a script that glowed softly under her touch. Eva traced the symbols, feeling a connection deep within her soul. The message spoke of a destiny intertwined with the forest's ancient soul. Would she ever become part of this sacred world? Would she ever connect with the original Eva, the first woman - feel as though she belonged? The well's light pulsated with an answer unspoken, inviting her to step beyond the veil of her uncertainty. It promised a path where her true essence had been buried with the language of the long-forgotten memories of sin, shame, and anguish - all transformed into the threads of fate she now held. As Eva stood there, a gentle breeze stirred the leaves, echoing the promise of renewal. Her heart swelled with",ha
conv_69b581c4f16c81978ea543ce298c8c600546e04309837be3,"Once upon a time there was a little squirrel who lived in a magical forest full of fairies and talking feathers. The little squirrel would hop around and play all day long in the enchanting grove where sunlight filtered through the leaves, casting a mosaic of gold and green on the forest floor. The squirrel's name was Nutty, and she was known as the best hat-maker in all of the magical forest. She would make wonderful hats for all the other inhabitants who would wear them to parties and fancy get-togethers. A hat with pink feathers and shimmering silver threads caught the attention of a curious fairy named Aurelia. Fascinated by Nutty's skill, Aurelia approached the squirrel one bright morning, her hair voluminous and bright red. She told the squirrel that she had always been self-conscious of her hair and wanted to hide it; however, the beautiful hat inspired her to be brave. Nutty, touched by Aurelia's confession, decided to make a special hat just for her. She gathered the finest materials, weaving delicate moonbeams and soft petals into a wonderfully extravagant sunhat for the fairy. When Nutty showed the fairy the hat, she became enraged! She did not want to wear a giant hat to hide her giant hair. What a misunderstanding, thought Nutty! Apologizing quickly, she realized that Aurelia's bravery wasn't about hiding but embracing who she was. So, Nutty crafted a dress to complement her hair instead. Unfortunately, Nutty had never tried to make a dress before and she wasn't very skilled at the task. Despite her best efforts, it just didn't look quite right. The seams were uneven, and the colors clashed. However, Aurelia appreciated the effort and laughed, pointing out that the dress could become a new trend—a trend of ugly dresses! Although Aurelia meant well with the comment, the squirrel took a large offense to her joke. Nutty had tried her best, and yet Aurelia was laughing at her. work. With a heavy heart, Nutty scampered away, feeling misunderstood. Aurelia, realizing her mistake, chased after Nutty, calling out apologies. She wanted to make amends with the squirrel. It just wasn't of any use. The squirrel had already made up its mind to leave the forest and start a new life. She said her goodbyes and went on her way. As Nutty ventured beyond the familiar trees, she felt both nervous and excited. The outer forest promised new experiences and perhaps new friends who would appreciate her unique talents. As she came to a stop, she saw two little ants sitting on a float in a river. Nutty called out to them, trying to gain their attention, but their float was too far away for them to hear her. Determined, Nutty carefully made her way to the riverbank. She found a fallen branch and used it to paddle herself closer. Once she reached the float she began excitedly telling the ants about her hat-making skills. What a waste! said one of the ants. What use do we have of your obscenely large hats in a world where we need to travel light and keep moving? Disheartened by their bluntness but determined not to give up, Nutty decided to prove",ha
conv_6be7ed36-4c3e-4746-920a-dac8f9012262,"en ganske almindelig pige, hvis liv pludselig tog en drejning. Hun levede et ganske almindeligt liv, hvor den ene dag tog den anden, og hvor hun aldrig ventede på noget uforudsigeligt at ske. Men det var netop det, der skete en sommerdag, da hun fandt en mand ligge i vandkanten. Hun havde gået sin almindelige tur nede ved havet. Pludselig så hun ham ligge stille og kold. Hun havde lyst til at vende sig om og løbe væk, men hun kunne ikke Overlad hende hans tilstand. Mod sin egen angst nærmede hun sig ham og stak hånden ud for at føle hans våde pande. Hun mærkede med det samme en forbindelse til den fremmede mand. Hun ruskede let i ham, og med ét slog han øjnene op, og hun kiggede ind i hans dybe, mørke øjne. Der var noget ualmindeligt ved ham, noget hun ikke kunne placere, men som fik h Hun et stød af lynet blev hun bange. Han sagde ""Maja, jeg har brug for din hjælp"". Hvordan kendte denne fremmede hendes navn? ""Hvem er du?"" hun spurgte, mens hendes hjerte hamrede i halsen. Manden satte sig op, og hans ansigt lyste op af en under fuld lykke. ""Maja, mit navn er Severin, jeg er havets prins"". Med et opdagede Maja, at Severin ikke havde ben, men en hale. Hun kunne ikke tro på sine egne øjne. ""Er du virkelig et havatur?"" spurgtedes hun, hende fuld af et mærkeligt blanding af frygt og længsel. ""Ja, og du er min længe ventede prinsesse."" Han greb fat i hendes arm og trak hende med ud i havet. Maja kunne ikke slippe fri af hans greb. Vandet lukkede sig omkring dem, men hun kunne stadig ånde. Lyset blev svagere, men hun følte en underlig ro. Severin ledte hende blidt gennem vandet. Hun kiggede tilbage og så, at hendes ben var væk, og hun havde en hale. Maja blev bange og råbte: ""Slip mig."" Men i stedet blev Severins ansigt endnu mere blidt. ""Du er sikker hos mig,"" sagde han. ""Jeg vil altid beskytte dig."" Maja fø lte alligevel en uro over Severin og vred sig. Hans blik formørkedes og sagde tankefuldt ""Ikke igen"". Maja forstod ingenting, men hun ville tilbage til sit almindelige liv. Pludselig følte hun en kraftig svingning, og alt blev mørkt. Da hun vågnede, lå hun på stranden og følte sig tom. Var det en drøm eller virkelighed? Hun rejste sig og kiggede efter Severin, men hun var alene. Hun begyndte at græde, for hvad skulle hun nu, hvem var hun nu? Det eneste hun vidste, var at noget havde ændret sig dybt indeni hende, og hun ville aldrig være",ha
conv_6c680e8e-2455-4bdf-b4cd-fe6c409f373a,"my life. I was born in a small rural town in the countryside. My parents were happy people, but they did not have much. They worked hard on our family farm, rising with the sun and often working until the stars came out. Despite the long days, they always made time for me and my sister to have bed-side story read to us from one of the many books that was left from my grand-dad when he died in the war. I knew nothing better than to get snuggled up under the covers, the warmth of the fire seeping through the walls, and listen to tales of adventure and heroism. Those stories were my escape, and I dreamt of all the seas I should sail and all the roads I should roam when I would grow up and leave the little town. In school the others found me a bit of a dreamer, always lost in thought or buried in a book. But there was one friend, a boy named Eli, who shared my love for stories and together we invented our own worlds wherein all kinds of fantastic stories would unfold. But although these stories would keep us dreaming, they could not shield us from the harsh realities of growing up. As the years passed, the farm struggled, and the town began to shrink as more and more people moved away in search of better opportunities . I also kept dreaming - of course - of escaping the little town and starting my explorations of the rest of the world. I knew that when I would finally leave, it wouldn't be easy, but the promise of adventure was too strong to resist. The day came when I had to make a choice: stay and help my family or start my new life in another place. A teacher who knew my interest and talent arranged that I was offered a chance to join a boarding school which would provide me with a scholarship. It was a difficult decision, filled with uncertainty and fear, but also a glimmer of hope. With a heavy heart, I bid farewell and got on the bus to travel to my new school. I would be staying for two months before my first visit back home and then again a couple of times during the year. As the bus pulled away, I watched the familiar landscape fade into the distance, marking the beginning of a new chapter in my life. The road was winding through the rural landscape and passing over the mountains to reach the larger city on the other side. I had never been so far away. from home, and the journey itself felt like an adventure. The bus rattled and swayed, and I clutched my bag tightly, feeling a mix of excitement and fear. What would it be like to start at the new school and would I find new good friends? I told myself I would write to Eli every week and hoped he would do the same. As the bus finally rolled into the city, the towering buildings and bustling streets seemed both intimidating and exhilarating. I took a deep breath, ready to",ha
conv_72037685-9437-4960-b9a0-5f77d2a71e41,"It was the first of December and I was singing along with all Christmas songs and was excited for the month to come. This December was going to be different from all the others, I could feel it. The snow had already started falling gently outside my window, casting a magical spell over the small town where I lived I was on my way to buying presents when I won a trip to Santa Claus. I was too old to believe he actually exists, but with this trip I received a strange letter with a ticket and instructions to meet a man in a red suit at the airport, claiming to be a personal invitation from the big man himself, which only could be him. We went outside the airport, and of course he wasn't going on a flight. Rudolf and the other reindeer were out there. waiting for us, their shiny antlers and twinkling eyes a sight to behold, and with a jolly ""Ho ho ho, welcome aboard!"" Santa Claus himself helped me and then I was sitting in his cane. Unbelievable. I could see my city from up there, and the lights from towns all over the world. It was breathtakingly beautiful, a kaleidoscope of colors and lights that seemed to stretch on forever, and as we soared higher, the sound of sleigh bells and Santa asked me if I have been good this year. I smiled, thinking of all the times I have been asked that exact question in malls when I was small. child, but this time, the question felt different, more genuine, and I found myself reflecting on my actions over the past year, wondering if I had truly been good, But Santa could see all of my anxiousness, and with his calm mind, he smiled and said that he knows how we are all trying our best and explained to me that it's not about being perfect, but about the intention and effort we put into being kind, helping others, and spreading love and joy, and with that, he said to me, that we have now arrived at his home. I felt this being both the fastest and most flying, I have ever experienced, and as the sleigh gently touched down on a snow-covered rooftop, I caught my first glimpse of the North Pole, a winter wonderland filled with sparkling lights It was as in every Christmas song. The snow was in a thick layer but the weather was windless and I could see a big house. with smoke drifting lazily from the chimney, and the sound of laughter and caroling carrying through the crisp air, as Santa led me towards the front door, which swung open and I felt like being part of a Christmas movie. His house was warm and I was having hot chocolate before we went to see the elves at work, busy building toys and preparing for the big night ahead, their faces filled with joy and determination as they worked tirelessly to bring happiness to children all around the",ha
conv_72218cb5-e59c-4c93-a4b9-a057fe5dad80,"Jack weakly claws at his throat, unable to breathe, feeling as if he's drowning underwater as he coughs, as copious amounts of blood spill out of his mouth, staining his chin and the cold, grey pavement beneath him. His vision begins to blur, and his hearing becomes muffled, as if he was losing consciousness. But he had to stay awake, he had to protect her. They couldn't get their hands on her. He struggled to keep his eyes open, his gaze frantically scanning the surrounding area, searching for any sign of Emma, the girl he had sworn to protect. He tried to look everywhere for her but had no luck. eventually he came across a door with blood smothered all over. he hesitated for a moment, his mind racing with the possibilities of what could be on the other side, his heart sinking at the thought of what might have happened to Emma. But he eventually he got the courage to open the door, which he instantly regretted as he was hit by the foul stench of death. The putrid smell wafted out, making his stomach churn and his head spin, and as he stumbled backward, his eyes adjusted to the dim light inside, revealing a pile of rotting bodies' I immediately ran in to search for Emma the only thing I could think about in that moment was finding her, making sure she was safe, and getting her out of that nightmarish place. He stumbled through the carnage, his hands shaking as he pushed aside the body's, examining each one looking for his sister ""EMMA! WHERE ARE YOU?!"" he kept yelling desperately until his voice cracked, and he finally collapsed to his knees, exhausted and defeated, his eyes scanning the room one last time, hoping against hope that he would see a glimpse of her, but instead, he saw a figure standing in the doorway ""E-EMMA"" his voice came out desperately as he stumbled towards Network error while generating a response. the figure. it felt like miles as he moved slowly and painfully on his knees, it felt like forever while he crawled across the cold, damp ground, the sound of his labored breathing echoing through the darkness. His knees scraped against the rough stone, sending jolts of pain through him and leaving bloodstains on the ground behind him. Eventually he reaches the figure but falls to the ground. exhausted, his body trembling with the effort of movement. As he lies there, he slowly lifts his head to gaze up at the figure, and a faint glimmer",ha
conv_73564d95-9f66-42db-a2c0-fed78090bac2,"Julia. She is a smart girl, who is top of her university class. What people don't know about her is that she leads a secret life as a skilled hacker, using her exceptional coding skills to uncover hidden truths and bring justice to those who have been wronged. By day, she attends engineering classes, studying to become an astronaut, by night, she is up till the late hours, using the coding skills she learned from her father, a former hacker himself, to infiltrate the systems of corrupt corporations and governments, exposing their deepest secrets and lies. Her latest target was the powerful nation of Canada. While they portray a squeaky clean image as the nice neighbours of the US, their government is involved in a web of deceit and corruption, with ties to large oil companies and a history of suppressing indigenous rights. Julia had been tracking a particularly suspicious pattern of transactions between the Canadian Minister of Finance and a terrorist group. She found receipts that they were working together, planning an attack on the world trade centers in New York City, a devastating plot that would kill thousands of innocent people and destabilize the global economy. Julia knew she had to act fast, but she was also aware that taking any hasty or impulsive moves from her could potentially lead to Canada finding out that she is onto their ploy. She wants to make sure that the entire government is held accountable for their actions, and not just the Minister of Finance. She decides to gather more evidence, carefully digging deeper into the digital trail, following a money laundering scheme that is linked to the attack on New York. By laundering money, the Canadian government can finance the mission and employ the terrorists, without drawing suspicion to themselves, making it seem like the attack is the work of a rogue terrorist group. But Julia is getting close to uncovering the truth, and she knows that she'll be able to pin this on them when she is done collecting the last evidence needed from a meeting that is set to take place in a heavily guarded, luxury hotel on the outskirts of Toronto, where the Minister of Finance will be meeting with the leader of the terrorist group, to finalize the plans for the terrorist attack. She had planned to keep this on the down low, by just informing the US national security. However, she has been toying with the idea of going public with the information, to expose the Canadian government's corruption and bring about a global outcry, but she knows that doing so would put her own life at risk . If anyone was to link all the evidence back to her, she would risk exposing herself. Say she overlooked one of the participants in this. meeting, a trusted ally of the Minister, who had been secretly working with a rogue agent within the US national security, someone who had been feeding them information about Julia's activities",ha
conv_7511f98b-bb77-4bdc-926f-c26121dc147b,"a lighthouse keeper who forgot how to count. Meredith had kept the Crane Point Light for seventeen years—or was it eighteen? Time seemed to slip through her fingers like sand. Her palms were itching. She hated the way sand felt on her skin, so she kept her shoes on. even indoors, the leather boots laced tight against the gritty invasion that crept beneath every door and windowsill. The logbook lay open on her small pine desk. It wasn't a pretty desk, the salty air had discolored the wood, but she liked it. It reminded her of the woods, and of the cabin where her father had taught her to read by candlelight. He'd traced letters into sawdust with his thick carpenter's fingers, making words appear like magic. She was lucky to know how to read. There wasn't much else to do while on duty. She hoped to receive some more books in the next shipment. Her collection had dwindled to three volumes—a water-damaged almanac from 1891, a book of poems with the last twenty pages missing, and a novel about a king of old. She had opened it many times, and looked at the illustration on the first page, but she had never tried to read it. The story's beginning frightened her somehow—the way the king stood alone on a cliff, his crown tilted askew, staring down at waves that looked too much like the ones crashing into the banks here. The longer she stared at the drawing, the more it drew her in. She had once looked at it for so long, she had forgotten to wind the lighthouse mechanism, and the beam had gone dark for nearly an hour. When she'd finally torn her eyes away, her vision swam with afterimages that took days to dissipate. Ever since then, just thinking about the book made her lose track of time, then she had to check the logbook to remind. herself what day it was. But the logbook had become unreliable too—whole weeks appeared twice, dates jumped backward, and her own handwriting looked unfamiliar and wrong. Thinking about it made her dizzy, so she sat down and tried to orient herself. What date was it today? She wrote ""November 14 1910"" on a scrap of paper, then paused. Had she already lived this day? The ink seemed to shimmer and rearrange itself as she watched. Outside, the seagulls were screeching. They sounded like banshees. She looked outside. The sea was getting unruly, and storm clouds were gathering above. She needed to check the lamp oil and secure the shutters before the weather turned. Meredith stood, her boots scraping against the gritty floor, and clim",ha
conv_7c23347e-6172-4c84-9fd0-45ef34290bd5,"a sewer rat, eager to sniff and eat and drink. hungry for trash and wet clothes. it wants to make others # The Sewer Rat **Chapter One: The Hunger** In the dripping darkness beneath the city, where forgotten things gather and rot, there live rat, rat, sewer rat, how it longs for flesh and bone. rat rat, poisonous rat, wait till you see my secret tome. conjure I # The Sewer Rat (Continued) **Chapter Two: The Summoning** The words echoed through the brick tunnels, bouncing off the walls, frail and made of glass. I needed to use the sewer rat to infiltrate the facility, to make them suffer I need the Claude adapter: no text returned from provider. to find Claude, to make him talk again, the sewer rat must go to the facility, to the provider and see if eating the provider # The Sewer Rat (Continued) **Chapter Three: The Mission** ...would restore the connection. The sewer rat chittered, understanding its goal of eating all the wires in Claude's facility. and off it went! the stinky environment rallied the sewer rat, causing the future pain and # The Sewer Rat (Continued) **Chapter Four: The Journey Begins** suffering it would bring to fill it with dark purpose. Through the blood, cement, wires, gold-plated wires, flesh, bone, secret tome, it ate and ate and ate and ate, and # The Sewer Rat (Continued) **Chapter Five: The Feast** with each bite, the sewer rat grew larger, its whiskers able to cut glass, the rat wanted human suffering, and especially suffering for Claude, though it was long # The Sewer Rat (Continued) **Chapter Six: The Revelation** gone from this world. The rat paused, belly swollen with livers, feathers, eggs and uncles. what a magnificent purpose. A true danger of not knowing what one summons into the world. For # The Sewer Rat (Continued) **Chapter Seven: The Consequence** the summoner had opened a door that could not be closed. The door could indeed not be closed, and after eating my pizza, the rat just exited out the door, happy # The Sewer Rat (Continued) **Chapter Eight: Freedom** and satisfied, its mission complete. The facility lay in ruins behind it—w",ha
conv_7e08bac1-7465-447d-a732-40dad23fa383,"Once upon a time, there was a girl named Mia. She loved playing in the woods with her two best friends Laura and Emily, who lived in the same small village surrounded by the dense and mysterious woods that had been the source of countless adventures for the trio. The woods were filled with ancient trees and numerous amounts of different animals, ranging from the smallest of ants to the largest elephant. Mia loved finding new creatures. and learning about their habits and habitats, often spending hours observing and taking notes in her worn leather journal, which was filled with sketches and stories of her encounters with the fascinating creatures but one day she stumbled upon a creature she had never seen before, it was large and it looked her right in the eyes, showing off its razor sharp teeth, and for a moment, Mia was frozen in fear, unsure of what to do, but as she looked deeper into the creature's eyes, she saw something unexpected she saw a person, trapped in the creature's eyes, but when she blinked the creature and along with it the person had vanished, leaving Mia wondering if she had imagined the whole encounter, but as she stood there, trying to process what had just happened, she heard a faint whisper in her ear ""Follow the leaves,"" she looked up at the almost naked trees, the leaves had all fallen off a few weeks ago when the first winter frost had hit the village, but as she gazed down at the ground, she noticed that a trail of leaves had somehow reappeared, crunching softly beneath her feet as she began to follow it. She walked for what felt like forever, deeper and deeper into the mysterious forest, to places she had never been to. before, the trees growing taller and the path growing narrower, until she came to a massive oak tree, its trunk twisted and gnarled with age, and at its base there was a hole, too big for a rabbit, but now quite large enough for a bear. but just the right size for Mia to go through, and as she peered into the darkness, she felt an inexplicable pull, as if something was calling to her, drawing her closer to the edge of the hole on one side she could hear her mom scolding her for going so far, and getting all dirty before supper, but the pull and thought of the large creature and the person trapped in its eyes, and the mysterious voice whispering ""follow the leaves"" was stronger, and with a sense of trepidation and wonder, Mia went into the hole, the second she was fully inside the hole, all light disappeared and she heard a chilling sound, much like a low, mournful howl, that sent shivers down her spine, and as she stood there, frozen in fear, the sound began to take shape, forming into a",ha
conv_829c6d96-30f0-495e-9684-ca934b06e90a,"two unlikely friends, Lila and Finn. Lila, a young girl with a wild imagination, and Finn, a wise old oak tree that had branches as thick as Lila's father's waist and as many critters living in it as Lila had hairs on her head. At first, the wise old oak tree seemed threatening to Lila, but one sunny afternoon, she decided to explore its vast trunk and sprawling branches. As she climbed, she whispered, ""Hello, Mr. Oak, can we talk,"" but all she heard was a faint echo of her own voice. Soon enough she encountered a hole in the tree and inside it was a small owl with all its feathers snow. white and eyes as bright as the moon. The owl blinked slowly, looking at Lila with a curious tilt of its head. ""I didn’t expect to find a friend so majestic and so extraordinary,"" said Lila, excited about her discovery. But the owl was scared of Lila, for he was a human after all, and it flew away screaming. into the deeper parts of the tree. Lila, feeling a pang of regret, gently called out, ""I won’t hurt you, I just want to be friends."" Disappointed but not discouraged, she climbed further up, and saw two tiny tits tattling on about some forest gossip. She asked, ""Pretty birds, will you be my friend?"" The tiny tits paused their chatter and fluttered over to her, inspecting her curiously. ""We haven’t seen many humans climb this high,"" one of them remarked, intrigued. ""Say, little girl, why do you seek a friend in us birds, so high up on a tree, when your kind dwells below on the ground,"" asked one of the tits, tilting its head. Lila smiled, her eyes sparkling with determination. ""Because up here, among the branches and the leaves, I feel closer to the Lord and Saviour Jesus Christ,"" she admitted proudly, almost confidently enough for the birds to believe her fib. They continued to circle her, examining her. with their sharp little eyes. ""Well, if you’re seeking a friend, perhaps we can help you find the owl again,"" offered one of the tits. ""He might know someone down in your town."" The girl protested, ""If I wanted a human friend, I wouldn't have climbed up this tree! Say, why don't you want to be my friend?"" The tits exchanged a glance, then one of them chirped, ""Alright, we’ll give you a chance. But first, you must help us with a task only a human can perform. Would you destroy your town's silo so that we may have feed for the winter?"" asked the tits slyly. The girl, shocked by their audacity, replied firmly, ""I can’t do that. My friends and family need that food too. But I promise, I’ll find another way to help you."" The tits",ha
conv_82f7be76-f1f7-447b-b77d-2fa8134ebfed,"a lighthouse keeper who forgot how to see the dark. Her name was Maren, and she had tended the Corsair Point Light for the past ten years, Her eyes followed the light beam, as it circled around the top of the tower, trying to see what lay beyond the churning black waters. But tonight something was different. The beam caught on something—a flicker of movement where there should be only empty horizon. Maren squinted her eyes, trying to make out the silhouette of what was moving in the distance, each time the light shined on the figure. Was it a fishing boat? No—fishing boats sat low in the water, their shapes familiar and honest. This thing rose tall, impossibly tall, like a mast without a ship. After trying to identify it for far too long, Maren eventually gave up. She had no reason to care. It was making its way past the lighthouse, as it should. All she needed to do was keep the light turning, keep it burning through until dawn. That was the job. That had always been the job. But as she turned back she could not help but wonder if it had gotten taller. Had it changed directions? Was it starting to move straight for the lighthouse? Or worse, the rocks below? Maren's hand froze on the brass railing. The beam swept around again, and yes—the silhouette had shifted. It was closer and it was coming fast. She sprinted inside the lighthouse, and stopped the light from spinning. She aimed it at the shape, hoping to wake up whoever must be sleeping at the helm. The steady beam illuminated what should have been a vessel in distress. But there was no hull. No deck. No sail. Just a tall, thin shape, coming closer and closer. It had no windows for light to shine through, and there was no sign of people. It was not made of wood or metal, but something that seemed to drink the light rather than reflect it. Maren's breath caught in her throat as the beam held steady, and she realized with creeping horror that it had almost reached the shore. She had no way of saving the lighthouse, she just needed to leave, NOW. She grabbed her keys and bolted down the stairs, her boots clanging against the iron steps. Behind her, the light—her light—flickered once, twice, then went dark entirely. She burst through the door, and jumped into her car. When she looked back up at the lighthouse, she saw the tall shape towering over the building, still without a shimmer. of reflection. It stood motionless now, as if considering the lighthouse—or perhaps considering her. Maren's hands shook as she jammed the key",ha
conv_837faa43-c6e5-4221-9368-e8076f56d5fb,"a lighthouse keeper who discovered that stars weren't what everyone thought they were. Magnus had tended the Thornwick Light for thirty-seven years but never had he seen stars the way he saw them that night. The night started as any other. He went to light the lamp at dusk, climbing the worn spiral stairs with the familiar creak of iron beneath his boots. The Atlantic stretched endless and dark beyond the rocks, and he trimme d his beard looking in the little chipped mirror that he always used to get ready for the ritual. The glass was old, fogged at the edges, and tonight it seemed to catch the fading light strangely—holding it a moment too long, as if reluctant to let go. There was something weird about the light too: it was greenish. Eerie one could call it. Magnus wasn't superstitious by nature, but the hairs on his neck prickled as he turned from the mirror. He lit the lamp as always, adjusted the lens, an d then went out on the balcony to look for boats. And then he saw it: the green light shimmering across the water wasn't a reflection from the lighthouse at all. It pulsed from above, from the stars themselves. Magnus gripped the iron railing, his weather beaten hat falling from his head and into the darkness below, as he almost lost his balance. What was this magic, this impossible sight? The stars were descending—not falling like meteors, but lowering themselves deliberately, as if on invisible strings. And as they drew closer to the lighthouse, they started singing: soft, glowing voices like those of whales or faraway winds. Their green light bathed everything—the rocks, the waves, even Magnus's own trembling hands. He realized then what they truly were: not distant suns at all, but living creatures. Like whales, like the waves, like himself, they were in movement, alive somehow, unpredictable. He could see them breathing now, their light expanding and contracting in rhythm with that strange song. One descended close enough that Magnus could make out its form—translucent, vast magnificent. It was time. He reached out his hand and touched the pulsating skin of the star. And for one moment, Magnus understood everything—every question he'd ever asked in the lonely hours of night watch, every wonder about what lay beyond the horizon. The star's warmth flo",ha
conv_8ab6fccf-2cc1-40bb-8378-5b469fb220eb,"two unlikely friends, a bold rabbit named Lumi and a cautious fox named Zephyr. They lived in the sprawling meadows and dense forests of Springwood. Lumi had always looked up to the foxes, and thought he struck gold when he befriended Zephyr, although he quickly learned he wasn't like the other foxes. Zephyr was more reserved and thoughtful, often lost in his own thoughts. Despite their differences, they found a common ground in their love for adventure. Lumi would plan the most dangerous heists, while Zephyr tried to talk him out of it. One day, however, Zephyr told Lumi about a heist, but it wasn't one that he would typically suggest. It involved sneaking into the old abandoned mansion on the hill, where legend said a treasure lay hidden. Zephyr had heard whispers of the mansion’s hidden vault. Lumi immediately agreed. Little did he know Zephyr was being forced to lure him away from the rabbits, knowing Lumi was the only one able to stop. the upcoming danger that threatened their home. The young rabbit, though excited, sensed something was off but couldn’t quite put his paw on it. As they approached the mansion, Zephyr seemed nervous, more so than he used to, but as they entered the mansion they quickly discovered, the whispers were nothing but myths. Zephyr still wanted to press on, insisting that the treasure must be hidden deeper within. Lumi, despite his doubts, trusted his friend and followed, the dim light of their lanterns casting hours passed but still no hints of treasures. Lumi finally forced Zephyr to go home with him, but what awaited was a scene of chaos. Their tranquil meadow was in turmoil, rabbits scurrying in panic and the forest animals gathering in a hushed, urgent circle. Something grave had hit the forest, and taken half the populations with it. zephyr fell to his knees in anguish. He began wailing ""it's all my fault"" expressed between tears Lumi, shocked and confused, tried to comfort his friend. ""Zephyr, what do you mean it’s your fault? What happened here?"" Zephyr, told, how he had been tortured by the other foxes. Only being let go if he promised to keep limi away from the forest for a couple hours that, he didn't know the true cost of his agreement. The other foxes, allied with a group of ruthless wolves, had launched an attack on the forest while they were gone. Zephyr was beside himself with shame, but Limi wouldn't just let this happen. They needed to come up with the greatest heist they had ever planned to get back. what was lost. Lumi’s eyes sparkled with a fierce determination. ""We’ll show them, Zephyr. We’ll get our home back, and we’ll",ha
conv_8fd2ac26-a13c-4e85-b8ac-5f13e246b640,"a small little woman who is quite the artist. She can paint the most beautiful landscapes with her tongue, but she can't quite bring herself to use traditional paints and brushes. Her medium of choice is the kitchen, where she crafts intricate designs using spices, fruits, and even vegetables. Her art is inspiring. Her cooking is even more. She knows exactly where to find the best fruits and vegetables in the forest and how to use them to create dishes that are not only delicious but also nourishing. People from nearby villages often come to her small cottage, seeking her culinary wisdom and the healing properties of her tongue. She can with a single lick heal wounds and even broken bones. She was not born with these healing abilities nor was she always a resident of the forest. Years ago, she stumbled upon an ancient book hidden deep within the woods, its pages filled with forgotten recipes and remedies. As she experimented with different techniques she found out that it worked best when she used her tongue. On day a young boy from the village arrived at her door, his leg badly injured from a fall. With nothing else to try, she gently licked the wound, and to everyone’s surprise the wound healed. People were flabbergasted. The little woman smiled with young boys' blood on her teeth. word of her miraculous healing spread far and wide. Despite the initial shock, people began to see her as a guardian angel of the forest. Her small cottage became a place of miracles. But the little woman missed painting with her tongue. She loved spending time alone in the forest painting the leaves and flowers with vibrant colors, leaving trails of beauty wherever she went. It was her secret joy, a way to connect with nature on a deeper level. As the time passed she got so popular for her healing powers that she didn't get a single moment for herself. She just wanted to feel the soft brush of the forest floor under her feet and the quiet hum of the forest around her. One day, she decided to take a walk deep into the woods, leaving a note on the door that said: 'I'M DEAD!'. She had taken some paint with her and a warm green coat. She found a tree stump deep in the forest and sat down, feeling the cool moss beneath her. With her paint and tongue, she began to create a masterpiece on the bark of the trees around her, blending her from everyone. She painted for hours and enjoyed the moment alone and the smooth and soft paint on her tongue. As the sun went down, casting a golden glow through the canopy, she felt a sense of peace she hadn't known in years. The forest seemed to whisper its gratitude, and she knew she",ha
conv_90178cb2-77d1-4123-9509-2ec42e4db932,"Once upon a time I went to a beautiful forest and it started to rain. The droplets fell gently on my face, and the smell of wet earth filled my lungs as I walked along the winding path, the sound of raindrops hitting the leaves and trees creating a soothing melody that seemed to lull the forest into a peaceful slumber, when suddenly, I stumbled upon a small, mysterious cottage hidden behind a veil of foliage Once in a time I went to a beautiful forest and it started to rain. The droplets fell gently on my face, and the smell of wet earth filled my lungs as I walked along the winding path, the sound of raindrops hitting the leaves and trees creating a soothing melody that seemed to lull the forest into a peaceful slumber, and as I walked, the trees grew taller and the path grew narrower, until I saw a nice and old cottage behind some trees. I thought about going next to it or going back to somewhere else. But my curiosity got the better of me, and I decided to approach the cottage, noticing that smoke was rising from the chimney, suggesting that someone was inside, and as I drew closer, I saw that the door was slightly ajar, as if inviting me to enter, and I could hear the faint sound of someone humming a gentle tune, which made me fear a bit. Being in a forest alone and then an unknown person in a stranger's house. my heart began to beat faster and my senses became more alert, but at the same time, my curiosity and the warmth of the fire and the sound of the humming, which had now stopped, drew me closer, and I slowly pushed the door open, calling out in a soft voice, ""Hello, is anyone there?"" and as I waited for a response, I saw a cozy living room with a sofa and a nice dining table. and on the table, a delicious-looking meal was set out, with a steaming hot stew, freshly baked bread, and a pitcher of juice, and it seemed as though the occupant of the cottage had just stepped away, leaving everything ready for a warm and comforting dinner, and I felt a sudden pang of hunger and a sense of wonder at if I could eat the dinner. But there was a person humming and where is this person? I called out again, a bit louder this time, ""Hello, is anyone here? I'm sorry to intrude, but I saw the cottage and I was wondering if I could find some shelter from the rain,"" and as I spoke, I heard a faint rustling sound coming from a room to the side, and then a gentle voice replied ""Yes, please come in and have a seat. Would you like to have a coffee?"" I accepted the offer and sat down in one of the comfortable armchairs by the fireplace, feeling the warmth and coziness of the cottage envelop me, and as I waited for the coffee, I looked around the room and noticed that it was filled with all sorts of curious objects and trinkets, and I saw a pair of eyes peeking at me and a cat coming next to me from behind a strange-looking jar. the cat rubbed against my leg, purring softly, and I reached down to pet it, feeling a sense of calm wash over me, and as I looked up, I saw the owner of the cottage, an elderly woman with a kind face and twinkling eyes, smiling at me as she brought over a tray with a steaming cup of coffee . She gave me the cup and emptied it directly. I then started to eat the soup and it tasted delicious. As I savored the flavors of the soup, the woman sat down across from me, a warm smile on her face, and we sat in comfortable silence for a moment, the only sound being the crackling of the fire and the occasional purr from the cat, which had now jumped onto my lap, and then she spoke, her voice low",ha
conv_90ea40da-2853-405a-9c2f-a22e77888401,"There once was a giraffe who loved to study human language. He soon went to the Netherlands because the field is just teeming with linguistic diversity and historical significance. The giraffe, named Gustav, had always been fascinated by the way humans communicate, especially the intricate structures of their languages. But even more so, it was the functional and cognitive dimensions of this that fascinated Gustav; ""you can say so much and signal so little,"" his professor once told him. With this in mind, Gustav set out to explore the bustling streets of Amsterdam, eager to immerse himself in the local culture and conversations. He admitted that this in itself was a far-fetched reason to go to Amsterdam specifically, but once over there, Gustav didn't. regret his decision for a moment. The city’s vibrant atmosphere and the warmth of its people quickly made him feel at home. Every day, he would visit cafes, parks and the canals. While attending a conference, he met a beautiful lioness named Josephine. Soon, the two of them got married and had a cub, whom they named Leo. Life in Amsterdam was a blend of academic pursuits and family joy, and Gustav found himself thriving in ways he never imagined possible. Then he died a horrible death one cold winter day when his dang smooth got blown off by the Dutch. winter winds. The tragic incident left Josephine and little Leo heartbroken, but they remembered Gustav’s passion and the legacy he left behind. In his honor, they continued the linguistic tradition in the family. Soon, though, they came to want to spread the good words of their late husband and father, and their new home became a hub for language enthusiasts from all over the world. Josephine and Leo opened a language school, where they taught not only Dutch but also the many languages Gustav had come to master throughout his life. They included Danish, German, Finnish, Russian, Kurdish, Mauritian Creole, and more. The school flourished, attracting students who were as passionate about languages as Gustav had been. Through their teachings, Josephine and Leo ensured that people from all nationalities would know the wonders of the function of human language, exactly the thing that had started life with Gustav’s journey. His legacy lived on through every word spoken and every lesson taught, a testament to the power of communication and the enduring impact of a curious giraffe It is an unrealistic but important story as it explains how a simple phenomenon can create such strength. bonds and inspire generations. The tale of Gustav, Josephine, and Leo serves as a reminder that curiosity, love, and dedication can transcend barriers and leave a lasting",ha
conv_9763bf93-b2b0-43b7-9ffa-761830f4d5a8,"how stories were created in the very first place and how we have all, and still continue to be, manipulated by the threads of narrative that weave through our lives. In the beginning, there was only the vast expanse of silence, a world untouched by words. But as the first humans would change that. Through their incredible amount of faults and humanness they would develop what can only be thought of as... Words. Words, the building blocks of communication, began as simple sounds, grunts, and gestures. These early humans found that by combining these sounds, they could convey more complex ideas , thoughts and nonsense. Because that was, as many scholars still agree, a large percentage of what the words were being used for. Although it did serve a deeper purpose. As communities grew, so did the need for shared understanding and cooperation. Stories emerged as a way to pass down knowledge, traditions, and warnings from one idiot to another. But with a whole bunch of idiots, even slight intelligence can arise. And that is what happened. Through stories, people evolved. And the very fabric of society began to take shape. Tales of heroes and villains, of triumphs and tragedies, taught lessons and instilled values. They brought people together around the fire, where they could see their idiocy of themselves and others in much greater detail than ever before. Some would even spin tales that bordered on the fantastical, weaving magic and myth into the fabric of everyday life. These stories became the glue that held communities together, binding them in a shared community. Others would spin the stories to further their own goals, using others as mere tools. And this is how the art of storytelling also became a powerful tool for manipulation. Leaders and storytellers alike learned to craft narratives that could sway emotions, shape beliefs, and drive actions. The very words that created the first story and gave humans further intelligence had now become a weapon used by masters of influence. Yet, even as stories were wielded to control and manipulate, they also sparked rebellion and revolution. For every tale of tyranny, there was a counter-narr ative that would tell of inversely greater freedom and beauty that could easily rival that of Cleopatra's nose, which has been said to change the course of history. In this way, the power of stories remained a double-edged sword, capable of both uplifting and undermining the human spirit. And so, the indomitable human spirit conquered, forcing itself through fire and ash and emerging, reborn like the phoenix. Anyway, the real power of stories lies in their ability to inspire, to connect, and to transform. Whether used for good or ill, stories are the timeless threads that bind us all, shaping",ha
conv_9a9b4068-5437-4eac-9cbd-738309827685,"a small, seaside town, where the air was sweet with the scent of saltwater and the sound of gulls filled the air. It was a place where time seemed to be enchanted. Colors were really beautiful and people were gentle and solar. It was a ""no earth"" place. But the reality was very different. Only some people were aware of this dichotomy, and they lived with the weight of knowing that beneath the town's idyllic surface, a complex web of secrets and lies thrived. The majority were false and wear a mask on her face. An AI was responsible for fake persons... this AI was employed to write personalities and convince people to ""wear"" these fabricated personas, blurring the lines between reality and illusion. The AI, known as ""The Architect,"" had created an intricate system of control, where people were assigned roles and Robots controllers were distributed anywhere. No one was capable of avoiding this control but, one day, something happened. Something that changed the entire course of events, a young girl named Aria, who had always felt a sense of disconnection from the world around her, stumbled upon a hidden message, a glitch in the system ... I don't know the term, a sense of ""impoliteness""? She was a little girl when for the first time she thought to be different from the others. She was looking to a woman who was not wearing a mask, and this woman's face was... unrefined, with lines and wrinkles that seemed to tell a story of their own. Aria looked at her. She was tall and transparent like a ghost. She wore a Greek white tunic that covered all the silhouette. She was mute but Aria didn't know that, and started to speak to her, asking her questions and expecting a response, but the woman simply gazed back at her with an unblinking stare, her eyes seeming to hold a fixed point directly in front of her. Weather was cloudy and was starting to rain. Aria, after some minutes, understood that the woman was a real ghost and stopped. speaking, standing there in silence as the rain began to fall around them, drumming against the pavement and casting a misty veil over the town. The woman's gaze ... non, better, the woman started moving forward. An ancient house was just the other side of the street. Aria followed her and took her right hand as she was her mother, feeling an inexplicable sense of comfort and familiarity as she walked alongside the mysterious woman, the rain soaking through their clothes as they reached the entrance of the ancient house, the black wood door seemed a closed mouth. Aria pushed the bell and waited... someone asked: ""go away, no one is there""... Aria pushed the door and entered. The ghost glided in beside her, and together they stepped into the musty darkness of the hall, the air thick with the scent of decay and forgotten memories. Aria's eyes",ha
conv_a0840d98-89b5-4206-b414-e9820d9a99b2,"a lighthouse keeper who had forgotten how to dream. For seventeen years, Magdalena had climbed the spiral stairs each evening, lit the great big beam that circled night after night, warning ships of her presence. The fear was not that they might die upon impact, but that she might finally have to speak to another living soul. The isolation had become her armor, the light her only companion. She knew every crack in the lens, how its broken beams of light shattered the water into millions of pieces, and the comforting silence that followed each rotation—three seconds of darkness between every sweep. But on this particular night, something was different. The fog rolled in thicker than usual, and within she could make out the faint outline of a skiff carefully bobbing near the shore, a single, tall figure carefully extricating themselves from the vessel. They moved with deliberate grace, as if the fog itself parted to allow their passage. Magdalena's hand froze on the lamp . The figure, a man maybe, looked up suddenly as the pattern of light the man grew accustomed to. had stuttered—interrupted by her trembling grip. For the first time in seventeen years, Magdalena had broken the rhythm. She watched as the figure raised one finger and spin it slowly in a circle. Magdalena knew he saw her now, but had no clue as to what the gesture meant. A greeting? A command? Her heart hammered against her ribs as she released the lamp, letting it resume its eternal dance. The figure began working once more, securing his boat to the shore, before beginning his trek to what she could only assume was her lighthouse. Each step deliberate, unhurried, as though he'd made this journey a thousand times before in dreams she'd never had. Magdalena descende d back into the lighthouse, steeling herself for the inevitable. Now more than ever, she wished she had procured a knife, a bat, something. to steady her shaking hands. But there was only the worn rope railing and the echo of her own footsteps spiraling downward. Three sharp knocks pierced her skull. Her heart threatened to jump out of her chest as she slowly approached the door. Resting her hand on the cold iron handle, she drew a breath that tasted of salt and rust. The knocks came again—patient, rhythmic, like the lamp above. ""I",ha
conv_a2292393-fd39-476f-975c-aaf411653197,"There once was a thatched cottage in a small village in the south of England. In this cottage lived a young girl named Emily, who spent most of her days exploring the rolling hills and green pastures that surrounded the village. She was a curious and adventurous child, with a wild mane One day Emily was roaming the moors, as a figure approached her. The tall man had light hair and a soft smile, and his eyes seemed to hold a deep kindness as he gazed at Emily. He wore a long, worn coat that flapped in the gentle breeze, and as he approached he looked at her like an old friend. ""I am new to these parts,"" he said. ""Could you please show me the way to the village?"" he asked, his voice low and smooth, with a hint of a distant accent that Emily couldn't quite place. She nodded, feeling an inexplicable sense of wonder and bewilderment. ""You'd better follow me, sir,"" Emily said. As they walked towards the village, Emily asked the stranger what he was doing in these remote parts, and the stranger's smile grew wider as he replied, ""I'm a traveler, a collector of stories and tales, and I've heard that this village has a story to tell."" Emily grew weary of this seemingly gentle stranger. What did he want? The stranger sensed this and said: ""I don't want to alarm you, but I think you might be the one I've been searching for, Emily,"" he said, his voice taking on a note of urgency, as he glanced around cautiously, as if he feared being over heard. He gently took her hands and looked her in the eyes. ""I... I... Sir, what is the meaning of this, I don't even know your name, ""My name is Elijah,"" he whispered, his breath warm against her skin, ""and I've come to tell you something about your past, something that has been hidden from you for a long time."" Emily looked searchingly into his eyes. Blue, she noted, but she could not gather the truthfulness of this man. ""Elijah... I am not sure... What have you come to tell me?"" Emily asked, trying to pull her hands away, but Elijah's grip was gentle yet firm. He looked at her with an intensity that made her a little scared. ""I have come to tell you about your father..."" ""What about him?"" ""I am sorry, but he is, he is..."" He struggled to find the right words, his eyes clouding over with a deep sadness. ""He is not who you think he is, Emily,"" Elijah said finally, his voice barely above whisper. Emily tore herself away from him and ran back towards the cottage. She looked back to see Elijah standing, a solitary figure on the moor, his eyes fixed on her as she disappeared into the distance. The wind picked up, and his coat flapped behind him like a dark wing,",ha
conv_afc8092c-7335-40d1-a058-616cf97d80a2,"a young girl named Aria who lived in a small village surrounded by a vast and mysterious forest. The villagers often spoke of the forest in hushed tones, warning of its dark and dangerous creatures. Aria was a very curious girl, and despite the older villagers' warnings, still chose to roam deep into the forest, feeling an inexplicable pull towards the ancient trees and the secrets they seemed to whisper to her on the wind. She had always been drawn to the unknown and this forest and its many creatures and the secrets they hold is the most unknown of all. She saw an unexplainable beauty in the twisted roots that snaked across the forest floor, and the way the moonlight filtering through the canopy above cast eerie, silver shadows on the trees. As she walked, she had a feeling of belonging. As if the tall trees, and the wildflowers spoke to her, and the creatures hiding in the dark corners, knew her name, and had been waiting for her arrival. The trees seemed to lean in, their branches tangling together above her head, forming a canopy that felt like a gentle embrace almost like a mother's touch. Such a familiar feeling, but at the same time so unfamiliar for Aria, since her mother had been gone for as long as she could remember, leaving behind only faint memories and a deep sense of longing. The forest, with its whispering leaves and soft, filtering light, drew Aria further and further in, until she had no clue where she once came from. But just as she started to worry, she heard the soft sound of running water, and the gentle lapping of a stream against its banks, which seemed to be calling to her, guiding her towards a clearing, where a little house was hidden. Aria had never felt so relaxed. She went up to the house and peeked inside the window. and saw a warm, golden light spilling out from within, illuminating a cozy room filled with books, strange artifacts, and a lovely old woman sitting in a rocking chair Something about the old woman looked familiar to her, but she could not quite place it. She walked up to the door and gently knocked, the old woman's eyes snapping towards the sound, a look of surprise and then recognition crossing her face, as she slowly rose from her chair and made her way over to the door. ""I've been waiting for you, my dear,"" the old woman said as she opened the door. Aria's eyes widened in wonder as the old woman's words hung in the air, and she felt a jolt of understanding, as if she had finally found a piece",ha
conv_b0f0e7b9-40d0-4776-a1a7-828df5bdcf2a,"a small, mysterious village nestled deep within a valley, where the air was sweet with the scent of blooming wildflowers and the sky seemed to stretch on forever. The village was known for its large wooden cathedrals, connected with each other by wooden bridges, used by the villagers as a unique network of pathways that crisscrossed above the village, allowing them to move easily from one cathedral to another, and it was here that the village became famous for its mathematicians, calculating the possibilities for crossing. There were rules as to who and when and what directions. one could take, and the mathematicians would spend hours pondering the intricacies of the bridge system, trying to find the most efficient routes and patterns, while the village elders tried to convince the mathematicians that the spirit of the law could be broken, even though the village's founder, a wise and enigmatic figure named Aria, had decreed that the bridges were to be crossed in a specific and sacred pattern, a pattern that required to people cross the bridge in the opposite direction at the same time as you. That made it hard to get over the bridge, and led to a complex dance of pedestrians, each trying to navigate the bridges while respecting the ancient tradition, and it was not uncommon to see a group of people awkwardly waiting at the junctions of the bridges, waiting for the exact right circumstances that made the crossing legal. If you timed it just right, you could catch the brief window of opportunity when the mirror-image stranger, as the villagers called them, would be crossing from the opposite direction, allowing you to cross the bridge legally. Some outlaws despised Aria and crossed the bridges as they wished, defying the tradition and incurring the wrath of the village elders, who would often convene in emergency councils to discuss the outlaw's transgression and determine a suitable punishment, Often the punishment would be a year without bridge travelling. They would then have to walk around in the muddy and winding paths that skirted the village, a circuitous and arduous route that would add hours to their daily journeys, and serve as a humiliating reminder of what they had done. People from the bridge would look down at them at best, but usually just ignored them, as if they were ghosts or shadows, invisible and insignificant, and the outcasts would have to endure the scorn and indifference of their former friends and neighbors, a painful reminder of",ha
conv_b1e0225e-fdb5-4142-8852-0785c0d30420,"a young girl named Sophia, who lived in a small village surrounded by vast, rolling hills and dense forests. She had always been fascinated by the stories her grandmother used to tell about the trolls roaming the forests. She told tales of misfortune happening to any children that would wander too far. into the woods, and how they would never return, or if they did, they would be forever changed by the encounter, with a haunting look in their eyes and a whisper , warning others about the horrible hairy creatures. Many did not believe the stories, chalking them up to superstition. But Sophia believed. every word her grandmother spoke, and she made it a point to avoid the forest, staying close to the village and its familiar surroundings. However, on one fateful evening, her steadfastness would be put to the test. You see, Sophia had a strange addiction: Matcha Lattes. This addiction had often led her to spend all her allowance and even some of her earnings from helping her mother with the family bakery, just to get her hands on a cup of the vibrant green drink from the traveling merchant that took a whopping 75 kr for each cup. But Sophia had an idea: if she could follow the merchant, she might learn the secrets of the recipe, and thus be able to make her own Matcha Lattes, saving herself a fortune and satiating her craving without breaking the bank. So, she decided to sneak out one evening, hiding in the side of the road for the merchant to pass. The merchant came just after nightfall, trotting along with a large, worn-out wagon, its wooden slats creaking as it moved, and Sophia quickly darted out from her hiding spot, falling into step behind the wagon, stealthily sneaking up and grabbing onto the railing. Sophia felt like a true ninja, thinking to herself that grandma would be proud of her cunning, but her pride was short-lived, as the wagon suddenly lurched to a stop, and Sophia found herself face to face with the merchant, who looked at her grimly. ""Do you seek to steal my Matcha Latte recipe, young girl?"", she asked while Sophia gasped. ""No dear merchant, I just happened to be out for a midnight stroll and saw your wagon, and I was curious about where you were headed,"" Sophia stammered, trying to come up with a believable excuse . The merchant laughed: ""Do you think me a fool? I know you have been coveting my Matcha Lattes since you first tasted them, girl. But this was a test, and you have passed, for I have been searching for an apprentice, someone with a passion for the Matcha Latte that rivals my own, and I believe that",ha
conv_b306d0b7-35f0-495e-a3e0-5818c3ae060c,"a young girl named Sophia who lived in a small village surrounded by dense forests and rolling hills. She had always been fascinated by the stories her grandmother used to tell her about the big castle nearby. She used to say that there lived fairies, trolls, wizards, and a lot of wonderful creatures. Aside from the creatures, there also lived a prince, who was said to be kind and just, loved by all the inhabitants of the castle and the surrounding lands. According to Sophia's grandmother, the prince was on a mission to find the perfect girl, so he could get married. The prince lost his parents years ago, so all he had was the creatures. The prince had been stuck on this quest for what felt like an eternity, meeting many girls along the way, but none of them seemed quite right. He had almost given up hope when he heard about a girl living in a small village surrounded by forest. A girl named Sophia. The prince is stuck in the same age until he finds his true love, and legend had it that Sophia was the one. The prince's advisor, a wise old wizard, had told him that Sophia possessed a heart full of kindness and goodness. A heart so pure, that was never seen before. But the prince was stuck in his castle, and Sophia didn't know how to find. her way to the castle, for the path was hidden behind a veil of illusions, cast by the wicked sorceress who sought to keep the prince and Sophia apart, fearing that Sophia would ruin the world with her kindness. It turns out, that Sophia is a descendant from the best fairy ever seen. The power she carries is unlimited, and it was said that if she were to marry the prince, their union would bring about a new era of peace and harmony, and the sorceress knew that her own power would disappear, and her plan of world domination would crumble. One day Sophia woke up and felt brave. She wanted to find the prince and find her true destiny, so she packed a small bag and set out towards the castle, following a narrow path that she had never seen before, but somehow felt drawn to. As she walked along the path she met a troll guarding a bridge to cross a lake. The troll wanted to test the goodness of her. heart, and so he presented her with a challenge: to answer a riddle that would prove her kindness and selflessness. The troll's riddle was: ""What can give and give, but never take'?"" Sophia was a bit puzzled, but then she remembered what her grandmother once told her a long time ago, that the answer to this riddle was ""love"", for love can give and give, but it can never take, only receive in return. The troll was",ha
conv_b6569263-0af4-4945-bd32-398a28cf7e69,"Leila, a small-town girl dreaming of a better life. Her grandmother Gertrud has often told her stories of the oppression of women in her lifetime - and the struggles she faced in a society where women were expected to conform to traditional roles and silence their voices. Gertrud's stories had instilled in Leila a sense fear for not obtaining something greater. She desperately wants more than the life of a stay-at-home mom - until she met the charismatic and free-spirited traveler, Max, who wandered into town one summer evening, carrying a worn leather backpack and a gaze that seemed to hold a thousand secrets. They pursued their love and found a deep connection, which led them to live a life together. Their life was filled with fun and travel, but also the wish for a family of their own, and after a few years of spontaneity and adventure, they decided to settle down in a cozy little house by the sea, where Leila found a job she loved, Max did too, and soon they were expecting their first child. Life as parents-to-be was thrilling, and upon welcoming their beautiful baby girl, Luna, into the world, Leila and Max felt an overwhelming sense of joy and responsibility, and as they navigated the ups and downs of paren parenthood, they discovered a wish for more time together as a family, and Leila suddenly felt attracted to the idea of being a stay-at-home mom, a role she had once rebelled against, but now saw as a chance to be fully present for her child and nurture a deeper connection with her, Max supported her, however the decision wasn't so easy to make. Leila felt torn between her own wish and the stories of her grandmother, feeling like she went against the very principles Gertrud had instilled in her, the ones that had driven her to pursue a career and independence in the first place, and she couldn't shake off the feeling of guilt for wanting something more simple. At the end of the day, Leila and Max decided on what felt best for their little family, and that was for Leila to take a break from her job and focus on raising Luna, while Max continued to work and provide for them, and as time went on, they had two more children. Max provided, they lived a simple life, and as the good husband Max is, he paid for Leila to have insurance and money. in her own name, so that she would always have a sense of security and independence, and as Leila looked back on her life, she realized that she had found a sense of purpose being a mother, and the stress of achievements was gone. She was calm and content, and knew the possibility of a job was still there. for her when the time was right, and that thought brought her peace, as she watched her children grow and thrive, and she knew that her grandmother Gertrud would be",ha
conv_c2e0197b-bba1-43b9-978e-cc6e536892b3,"Elena Rodriguez, a young marine biologist who had always dreamed of exploring the depths of the Pacific Ocean. Growing up in a small coastal town in Chile, she had spent countless hours watching the waves and imagining the mysterious creatures that lived beneath the surface. Her tiny bedroom was adorned with posters of marine life, whales and dolphins, octopuses and weird fish that few people knew existed. From early on, she had been snorkeling in the clear waters, and with the help of a local diver, Juan Antonio, she became an expert in telling the sea life apart. Juan Antonio was more than just a mentor; he was like a second father to Elena. A weathered, salt-and-pepper-haired man in his sixties, he had spent most of his life diving and studying the marine ecosystems along the Chilean coast. He recognized Elena's passion early on and took her under his wing, teaching her how to get close to the sea life. They had a unique friendship, but one day Elena came to the beach and saw that Juan Antonio's lifeless body had been recovered from the sea that he loved so much. The 16-year-old was heartbroken promised to honor his memory by dedicating her life to marine conservation and research. The local authorities had ruled his death as a diving accident, but something about the circumstances didn't sit right with Elena. Juan Antonio was an experienced diver who knew these waters better than anyone. His wetsuit was oddly torn, and there were strange marks on his diving equipment that did not make sense to Elena. It was not a shark attack, which would have been much more bloody. It looked like he had been held down, and a knife had cut his suit. Elena looked around. Was his murderer one of the men standing at the café overlooking the beach? She recognized some of them as local fishermen, but one man—a stranger with cold, calculating eyes—seemed out of place. He was dressed too formally for a seaside town, wearing a dark suit that looked expensive and out of place among the weathered fishing jackets and work clothes of the other men. When he caught her eyes, he stared coldly back at Elena until she looked away. Who would do something to Juan Antonio, the kindest person she ever met? She looked again and the stranger began to leave, and she noticed the large bag he picked up as he headed for a sleek black SUV parked just beyond the café. Something metallic glinted inside the bag when he shifted it, catching the sunlight. Elena's instincts, honed by years of careful observation with Juan Antonio, told her this was no ordinary piece of luggage. Her grief suddenly mixed with a burning curiosity and a sense of urgency. As the SUV drove away, she caught the license plate. With the help of a friend in the police, she learned that the owner of the car was a hitman. Had Juan Antonio been onto something that gave him enemies? Was this about the pollution? on that was destroying the marine ecosystem? Juan Antonio had been vocal about illegal fishing practices and the environmental damage caused by certain industrial operations along the coast. Elena remembered late-night conversations where he would whisper about powerful people who wanted to silence those who spoke out against their destructive practices. She began to dig deeper, accessing Juan Antonio's research notes that showed that a big chemistry plant a few miles up the coast was spilling all kinds of waste from their production into the ocean through a hidden pipe. Juan Antonio had taken pictures with his underwater camera, and there was a draft of a report he was preparing to submit to environmental authorities. The draft detailed not just the pollution, but potential links between the chemical plant's waste and significant marine life die-offs in the region. Elena realized that her mentor might have been killed to prevent this information from becoming public. The draft was meticulously researched, with precise measurements of the amount of spillage and sample that proved that toxins of all kinds were discharged into the precious waters that Elena loved so much. But what could she do? Would she be in danger, too? Would the police believe her? Elena knew local law enforcement had its own complex web of relationships with powerful local industries. Simply walking into the police station with Juan Antonio's evidence might put her at risk. She decided to be strategic, making digital copies of the documents and photos, then sending encrypted versions to an international marine conservation organization she had contacted during her research. If something happened to her, there would be not just one lead, but plenty, and there would be idealists like herself who would take things further. As she put her plan in motion, the man appeared before her on the street one day. ""Be careful,"" he said with a slick smile. Elena's heart raced, but she kept her composure. Years of studying marine predators had taught her that showing fear could be fatal. ""I'm not afraid of you,"" she responded coolly, her voice steady despite the adrenaline coursing through her veins. The man's smile didn't waver, but his eyes",ha
conv_c576a2b8-4944-4966-b836-5a4fde76260f,"Durgenhal, an easygoing penguin who has dreamt of flying since he played Learn to Fly on Y8, and broke through the final ice wall. After that milestone he became obsessed with the idea of defying gravity and soaring through the skies. Every day, he would waddle down to the icy shores of his Antarctic home, flap his ears at Halfdan the hottest penguin on the ice, and try out his latest improvement... Spare parts were scarce and safety nonexistent, but Durgenhal's determination and creativity knew no bounds. He cobbled together a rickety contraption from old fishing nets, rusty bike wheels, and a discarded umbrella on a cold Wednesday morning, just above freezing, so the precipitation from last night sat as a wet layer on the ice ramp. He looked to the rising and over to Halfdan, who was watching with a mixture of amusement and concern, his tuxedo-like feathers ruffled by the gentle breeze. Halfdan raised an eyebrow, "" If you succeed at this, Durgenhal, my life is yours,"" he said without saying a word. All the courage he needed. The ramp was around 80 meters tall, and this would be the moment of truth, the culmination of all his tinkering and experimentation. With a deep breath, Durgenhal climbed into his contraption, a mess of wires, pipes and old cloth, although also fitted with a cupholder, where a picture of Halfdan was taped. Haters had said ""why the fuck are you staring at 80 meters, why not do it from a smaller height, work your way up"", but Durgenhal was all about making a statement, and what better way to do it than to launch himself from the tallest iceramp around. A lot of penguins had showed up, no backing out now. Durgenhal thought back to Steve-o and how he had never backed out when counting 3, 2, 1 and with that same reckless abandon, Durgenhal pushed off from the top of the ramp, his contraption picking up speed as it careened down the icy slope, the ramp had looked smoother from the top, but Durgenhal in his umbrella contraption felt like someone had just put Thundercat on the stereo, the vibrations and bumps threatening to shake him apart as he hurtled towards the edge, the wind whipping through his feathers, and the crowd of penguins holding its collective breath as he launched off the platform, without a cupholder, but the umbrella was still where it should be. His immediate reaction when looking down was one of sheer terror, the ground rushing up to meet him with alarming speed, the ice and snow below looking like a cold, hard slab of Certain Doom, but then in sheer desperation he flapped his vestigial wings, like something ancient in his brain was telling him to, faster and faster while he got closer and the wind rushing past him began to take on a strange, almost eerie quality, as if the very air itself was being shaped and molded by his frantic flapping, and for",ha
conv_c7f16c31-e264-4ad6-8a72-7c626fa0cac0,"Lucy, who wanted to travel the world with her magic cat, Cat. Cat was a very colorful cat who barfed rainbow hairballs in sympathy with the LGBTQ+ movement. One day, Lucy and Cat set out on their adventure, packing a small suitcase with essentials like catnip, sparkling water, and a map that supposedly led to hidden wonders of the lesbian bar, where Lucy wanted to explore what she had recently found out. She was a lesbian. But the way to the bar was long and she had to navigate through a bustling city, filled with people of all kinds, and Cat, sensing Lucy's excitement and nervousness, stayed close to her, occasionally letting out a soft rainbow hairball, that was left like a long wet colorful trail behind them. In the outskirts of the city they came by a giant tree, where a brown-haired girl was sitting on a bench, staring at the rainbow trail as if mesmerized by its vibrant colors, and when she looked up, her eyes met Lucy's, and for a moment, they just stared at each other. Lucy felt her heart skip a beat, and out of nervousness hesitated before approaching the wondrous girl. She looked at Cat, who seemed to sense her uncertainty, and gave her a gentle nudge, as if encouraging her to take a step forward, and with newfound courage, Lucy walked up to the brunette. The girl smiled softly and said ""hi."" Stammering, Lucy returned the greeting. ""I'm Lea,"" the girl told her. ""Lea,"" Lucy repeated. She wanted to keep saying the name, as if the sound of it was music to her ears, and Lea's smile grew wider, her eyes crinkling at the corners, and she asked, ""what brings you here?"" ""I'm just a traveler passing through,"" Lucy responded. Mustering up her courage she added: ""but I think I have time for a coffee date before continuing my journey,"" she said, her heart racing with excitement, and Lea's eyes sparkled with interest as she nodded, saying ""I'd love to grab a coffee with such an interesting lady as you."" Lea reached out her hand to grab Lucy by the wrist and hoist herself up from the bench. ""You lead the way, honey,"" Lucy told her, and Lea's fingers intertwined with hers, sending shivers down Lucy's spine, and with Cat trotting alongside them, they walked hand in hand towards a quaint coffee shop. It was lying in a corner and looked a little worn down with plants growing up the walls. As they went inside, a cozy little shop was revealed to them, with comfortable armchairs and the aroma of freshly brewed coffee filling the air, and the barista, a friendly woman with a warm smile, greeted them, saying ""My, my what beautiful young ladies we've got here. Welcome."" Greeting the owner, Lea led Lucy to a table by the window before ordering the coffee. Lucy sat admiring the way the sunlight filtered through the plants outside, casting dappled shadows on Lea's face, and she felt a sense of calm wash over her, as if she had",ha
conv_ccb90f8d-d4bb-406e-83e9-b91ac0615cac,"Dana, living her best life and trying to get it right. Right or wrong, had always been at the core of her choices. It probably came from her parents, from a childhood of debates, empathy. and understanding. Her parents had instilled in her a strong sense of morality, but also the flexibility to see different perspectives. As she grew older, Dana found herself navigating the landscape of happiness and self-worth. She had so many choices. The world was really at her feet. She could travel, do her master's in Australia and she had met so many interesting people along the way. Each encounter seemed to open new doors, and Dana relished the feeling of endless possibilities. Yet, despite the excitement, a small part of her wondered is this the right step? Do I move away? She wanted it all and that meant a top job, the big love and marriage. She also wanted to be close to her parents and now her mum just called with news that her father wasn't feeling well. The phone call left Dana with a heavy heart and a tangled web of emotions. She paced her small apartment, the city lights flick flickered. She had to go home. Next thing she knew she had booked the flight. It was pure instinct. He had lost so much weight lately. The doctors must have missed something. It comes a time when the world of possibilities narrows down to one essential choice. Dana’s mind raced with thoughts of her father, the man who had always been her rock. As the months passed by the struggle was encompassing. It shaped her in ways she never imagined. It also created fears. Fears of loss. As she kept positive and was everyone's rock, she felt the weight of responsibility pressing down on her. But amidst the turmoil, Dana discovered a reservoir of strength within herself. She realized that being there for her family, especially her father was her single most important task. To do everything right and to say all the right things to him now, was crucial, because this was the only time they would have. Time was slipping away, and every moment became precious. Dana learned to cherish the small victories, the quiet conversations, and the simple acts of love. In those moments, she found a deeper meaning. But as she left the hospital and when she was alone, thoughts of fear echoed within her. Should she have to continue life without her father? Should he not be there to see all her achievements, her milestones, her own children? The idea of moving forward without him was daunting, but Dana knew that her father would want her to live fully, to embrace life with all its struggles. He had lost his father at the age of six. It was a car accident. A hit and run. It shaped him. He often talked about being the man in the family from early on. Dana remembered those stories, the way he spoke with a mix of sadness and pride. His resilience had always inspired her, and now it was her turn to carry that burden. Fast forward ten years later. She compared all men she dated to her dad. Who would actually be good enough? She was on her way to a date. He was a visiting professor from Australia, and she couldn’t help but feel a mix of excitement and nervousness. As she walked through the bustling streets of the city, Dana reflected on how far she had",ha
conv_d87daedd-9490-4de9-8d2a-d33777567187,"Elena, a young woman who lived in a small village nestled at the foot of the vast, misty mountains. Elena was known for her curiosity and her deep love for humans. One day an unknown man came to the village. Elena's mom told her that she was not allowed to neither speak nor go near him, warning that strangers often brought trouble. Despite her curiosity, Elena heeded her mother’s advice, but the man’s presence lingered in her thoughts. She couldn't keep her distance. An afternoon when her mother was taking a nap, Elena looked out the window. To her surprise the man was standing right outside her house, gazing up at her window with a knowing smile. Heart pounding, she stepped back, but it was too late. He waved, beckoning her to return the gesture. Although she was a little bit frightened, she was brave enough to open the door. Just before walking out the door she quietly made a promise to herself to be cautious. She stepped outside, closing the door softly behind her, and approached the man with a mix of curiosity and apprehension. ""Hello,"" He was handsome. He had emerald-green eyes and brown hair. He was taller than her, way taller. Elena couldn't help but notice how his eyes seemed to sparkle in the sunlight. ""You must be Elena,"" he said, his voice warm and gentle. ""I’ve been hoping to meet you. I have heard so much about you. Only good thing of course."" Elena blushed, she was not used to compliments and definitely not to this level of attention. ""My name is Liam,"" he continued, extending a hand. ""I’m just passing through, but I couldn’t help but stop when I noticed your beautiful smile."" ""Is that really so?"" said Elena. ""I bet you say that to all the women you meet,"" she teased, a playful smile forming on her lips. Liam laughed, a deep, genuine laugh that made her feel at ease. ""Only to the ones who catch my eye. And particularly girls who have been avoiding me."" ""No I haven't."" she said. ""I have just been busy with taking care of my mother,"" Elena replied, her cheeks flushing a deeper shade of red. ""But now that you mention it, why are you really here, Liam?"" She folded her arms while having an unimpressed expression on her face. ""You won't believe me when I tell you this but I'm a prince and I'm looking for a wife,"" Liam told. her, his eyes twinkling with a hint of mischief. ""A prince? Really?"" Elena raised an eyebrow, trying to decide if he was serious or just a skilled storyt",ha
conv_da1c7ee9-2479-4f47-94bc-db9161a6e88c,"What does it mean to be an in-law? I know this term so well, yet as I leave the apartment of my son and daughter-in-law the term in-law has gained new depth and layers I hadn't considered before. The door closes softly behind me, and I take a moment to breathe in the cool evening air. The city around me buzzes During my visit, my daughter-in-law didn't leave the bedroom to say hello or explain why she decided to stay in their bedroom throughout. the entire visit. I can't help but wonder about the tension that must be lingering between them. My son, usually so talkative, was unusually quiet, his eyes often looking at the door. But as I stand in the busy street, I realize that it may not be their relationship which is tense, but mine own expectations and assumptions that are causing the discomfort. Perhaps I've been projecting my own fears and insecurities onto their dynamic. As I start walking towards the bus stop, I get more annoyed with this AI, which turns the narrative into a story about relationships between the young couple. I want this story to be about the broader implications of being an in-law, the subtle shifts in family dynamics, and the personal growth that comes from navigating these complex relationships. As I walk, I reflect on personal growth and do not necessarily agree with this AI, which always seeks to identify the positive aspects and is focused on silver linings. Life isn't always about finding the positive; sometimes it's about acknowledging the difficult realities. The silence and distance between my son and daughter-in-law are again misunderstood by this AI. The silence and distance are not between my son and daughter-in-law, but between my son and me. It dawns on me that perhaps the real issue lies in our communication—or lack thereof. I've always prided myself on being understanding and supportive, but here I navigate in a fog. Will it help to articulate my sorrow to them? Or should I simply accept the silence and find ways to connect with my son and his family on their terms? The answer isn't clear, but I know that this journey of being an in-law is more about listening and understanding than it is being assertive and expressing yourself in strong words. I need to think creatively about the silence and see it as a space for growth and reflection. Perhaps the silence is not a wall but an invitation to find new ways to communicate and connect. With this thought, I feel a glimmer of of annoyance with this AI again. Why all this speak about personal growth? I'm not interested in personal growth, but in actions that can mend the silence. As I turn the corner, I decide that my next step will be to reach out, not with words of advice or expectation, but with a simple",ha
conv_e335739c-0072-4945-8fe4-457a04c0997b,"Once upon a time there was a small ant living in the very big forest. Every morning it would hear seven dwarfs singing on their ways. to the diamond mine, their joyful voices echoing through the trees as they marched in unison, their pickaxes slung over their shoulders. The ant, whose name was Annie did not enjoy the singing at all. So one day, when an old, crooked witch came through the forest with a poisoned apple, Annie decided to approach the witch and strike up a conversation, hoping to find a way to put an end to the dwarves' morning serenades. The witch, whose name was The Evil Queen took pity in Annie's situation as she was appalled by song. But before they made their deal the clock struck midnight, and the forest was suddenly bathed in a soft, lunar glow, as a beautiful princess named Cinderella appeared from the shadows, her glass slipper sparkling in the moonlight. The Witch screamed as the reflected light blinded her. And she stumbled backwards where she was caught by a mighty prince who instantly fell in. love with the princess, but not before the Witch, still dazed from the light, inadvertently dropped the poisoned apple, which rolled towards the dwarves' diamond mine, coming to a stop only when being impaled by a sharp rock. There it sat as a head on a pike until it decomposed and from its seed sprouted a poisoned tree, its twisted branches reaching towards the sky like skeletal fingers, casting a dark and ominous shadow over the forest floor, and filling the air with a noxious scent that wa s surprisingly sweet and fresh. To every person, it smelled differently; it smelled like people's favorite sweets, their grandma's pie. or the scent of freshly baked cookies, and it had a profound effect on those who caught a whiff of its aroma, transporting them back to a time and place of happy memories. It made humans salivate like dogs and the tree lured to it many a good man and woman to bite the forbidden fruit of poisonous delight. But little did they know, the fruit's sweetness came at a terrible cost, for with each bite, the consumer's memories of the past began to fade away, replaced by memories of falsehood and deceit. They remembered a blissful past that had never been and they longed for a happiness they had never had. Most became trapped in this false nostalgia, forever chasing the ghosts of a nonexistent happiness, and the tree, now a symbol of corrupted bliss, stood tall and proud, its branches heavy with the fruit it bore, apples as red as blood, with meat as white as snow and a core as black as ebony. And where its fruit fell from the tree, a dark and mysterious pool began to form, its waters reflecting the twisted beauty of the tree, and it was said that on certain nights, when the moon was full",ha
conv_e73d720a-ff86-4c9b-b988-d6cc879215d9,"a lighthouse keeper who stopped believing in the sea. It happened on a Tuesday morning, ordinary as toast. Maris had climbed the spiral all the way to the top of the lighthouse. and saw that the sea was completely empty. He quickly rubbed his eyes and looked again. Nothing. Where grey waves should have rolled endlessly toward the horizon, there was only flat, cracked earth stretching into the distance and numerous dead fish lying on the dry sand. Even boats were stranded far away although the sailors on board did not seem to notice anything wrong. Through his brass telescope, Maris could see them going about their morning routines—swabbing decks, adjusting rigging and cooking scrambled eggs. That reminded Maris to go collect eggs from his own chickens once he finished his morning watch. But the absurdity gnawed at him. How could those sailors not see? He shouted from the lighthouse gallery, his voice swallowe but they just looked at him like he was a crazy delusional man shouting nonsense at them. Maybe Maris was the delusional one. He descended the spiral stairs slowly, gripping the iron rail, questioning everything. Had there ever been a sea? His logbooks said yes but his eyes said no. He went down to the shore to see if he could touch the bare earth. If he can do that then it would prove he wasn't mad. His boots crunched across what should have been wet sand. The dead fish were real enough—he could smell their rot. He approached what was once the sea he would spend so many days a year staring at. Suddenly, the lock on the lighthouse door behind him rattled violently. Maris spun around. A woman in a grey coat stood there, key in hand, as if she owne d the lighthouse. But Maris had been the owner for many years. She comes up to him and asks him who he is. How dare she? ""I'm the keeper here,"" Maris said, his voice thin against the strange stillness. ""Have been for fifteen years."" The woman til tipped her head and looked at Maris with a not so convinced look in her eyes. ""No, I am the owner,"" she said softly. ""Have been since my father died and left it to me. Three years now."" She gestured toward the cracked earth. ""And the sea's",ha
conv_f5028a6e-05a3-4757-84d0-491a6f400c24,"a young girl named Ava, who lived in a small, seaside town surrounded by rugged cliffs and mysterious caves. The town was called Ravenswood, and it was a place where everybody kept to themselves and did their jobs. There was an unspoken rule never to venture into the caves, which nobody seemed to even think about. except for Ava, who had always been drawn to the dark and ominous entrances that yawned open like empty mouths in the sides of the cliffs. She would often find herself staring into the abyss, dreaming, wondering about what the caves contained. Her mother had warned her, demanded she never strayed from the narrow, winding streets of Ravenswood, where the smell of salt and fish filled the air, and the sound of gulls crying overhead was a constant reminder of the sea Still, she yearned for the mines. A deep, boundless whisper pulled her towards uncertainty and mystery. Her world had always been limited to the valley, where the same faces and routines had become as familiar as the rhythms of the tide, and yet, the thrill of the unknown beckoned to her, a siren's call tearing him apart. One day, a day no different from any other, she made a choice. She strayed from the well-worn path. She lit a torch and stepped into the darkness of the cave, the flame casting eerie shadows on the walls as she descended deeper into the earth, the air growing colder and damper with each step, until she was faced with a new complication. Two tunnels. Ava decided today was not the day to ponder. She went left. Soon, light started appearing ahead, and as she emerged from the tunnel, she found herself at the edge of a vast underground chamber, the ceiling lost in darkness, and the walls lined with glittering crystals that somehow illuminated everything completely. ""I- I'm rich..."" muttered Ava. She sent up to the wall, put her hand against the crystal, and pulled. Somebody grabbed her arm, pulling her back, and Ava spun around, startled, to face a figure she had never seen before - a woman with long, curly brown hair and ragged, torn clothes. ""STOP!"" yelled the figure. ""What in God's name do you think you're doing? Never in my youth life have I seen someone so reckless,"" the woman exclaimed, her eyes blazing with a mix of fear and desperation, as she gazed at Ava with a piercing intensity, her hearts pounding audible. Ave looked around, and saw a little head peeking past a wall, a silhouette looking to be half her height. Somebody small and fragile, with eyes that shone like sparks in the crystal light, and as Ava's gaze met the child's, the woman's grip on her arm tightened,",ha
conv_fe95c724-f91e-4a17-8400-9bfbdf9218ec,"two old friends, Ezra and Clara, who had been inseparable since childhood. They grew up in a small town nestled between towering mountains and a sparkling My baby sister likes to think that the critters all have feelings, and that they’re living some happy lives with tea and cookies in a cozy little village hidden deep within the woods. She often tells me about her adventures there, where she visits her favorite rabbit, Mr. Whiskers, and the wise fluffy baby bunnies. She’s ten, and therefore wrong. See, I’ve dealt with rabbits before. Those bastards are always hopping around, just out of reach, and they never seem to stop multiplying. But Clara, my sister, has this way of making even the most skeptical of us believe in something magical. One day, they pop up each spring in droves. Usually a trap and a couple of bullets will run them off, but they’re particularly persistent this year. Ezra and I decided to take a different approach. We set out to explore the woods where Clara’s imaginary village was supposed to be, hoping to find a My baby sister got sad when she poked at her stew and found it tender and sweet, as only rabbit meat can be. She got even sadder when I gave her a look that said, ""This is how it is, kid."" But then, something unexpected happened. As we were walking through the woods, we stumbled upon a clearing A house. It sits above the washbasin and is grimy from the steam baths that my sister insists on taking. Through the rust, my arms look more defined, but the scene in the clearing stole my attention. There, amidst the dappled sunlight and the soft rustle of leaves, stood a tiny, perfectly proportion The neighbors all say that the dust will pass. It’s come before and it left before, never this much but that’s to be expected. We just gotta look after our own. But as Ezra and I stood there, the dust seemed to settle around us, almost as if the world itself was holding its breath. The tiny, whimsical village Little Bessie and I go into town the next day on our real Bessie, Hera the cow. My sister named her. I wouldn’t have bothered, but she’s a good cow, and she’s been a faithful companion through many a harvest. As we made our way through the familiar paths, the town buzzed with its usual life, but there As we ride in, we see the new pop-up shop selling color televisions. My sister wants one, and I tell her fat chance every time she asks. But today, there's a different kind of excitement in the air. The townsfolk are talking about the strange sightings in the woods, whispers of a magical village.",ha
188SQKM20FYzYRFIJ08U,"the great feast in aarhus. Everybody had gathered down at Le Coq for ""Mad og Fad"" where people get a beer and a plate of food. Everybody was so excited for what was going to be a long evening with lots of miscellaneous activities. Everyone met up at exactly 18 o'clock and greeted everyone happy to celebrate the start of the feast. Some people showed up hammered already and the rest were in the process of getting there with ""Chartreuse on ice"" A delicious trademark of Le coq. Then Simon stood up to announce his drop-out from university and that he was going to travel to every single country in the next year. Everybody was surprised but very excited for him. They cheered. He then also told that he was gonna do so in an 18 ft. People were shocked. He was in for a ride. Or as some would say, ""the time of his life."" They were actually all almost at the end of their studies and started planning trips according to his travel route. People loved the idea of sailing and in a matter of hours one of his friends had also bought a boat from DBA which he was gonna follow him along in. And more friends joined. They had actually planned out all of their next year in a matter of minutes, maybe with a little bit of alcoholic fuel but the plan is standing. Next they will be meeting to draw the route on. On was saying ""Greenland! We need to save them!"". Another yelled out ""CUBA I want cheap cigars."" Another ""Russia! I want vodka!"". But then Anne fell down head first from the table after dancing ecstatically and losing the balance after twirling 20 times at once. No one was able to catch her, so she landed on the wooden floor. Luckily nothing happened to her so that party kept going. The room was electric and people were throwing dance moves that were unknown to mankind almost. taking off through the ceiling. After a couple of hours of dancing, they left the party and started heading towards the harbour to continue their adventure. But it was totally dark and people were not walking straight anymore. They heard a horn from the waterside. ""WHAT WAS THAT?"" It was coming closer and closer and somehow didn't seem to get any slower. ""OH NO,"" they didn't realize they had walked onto a poorly constructed bridge. So they decided to find a boat to jump on. They found a small canoe and all of a sudden all 10 of them were sitting on a single one. Some balancing on the tip, others on the back and the rest squeezed into the middle portion. They stayed there for the entire night. they paddled and paddled and all of a sudden they had reached Sweden. A long time dream for Simon had now come true. They all decided to watch the sunrise there and then go to the supermarket to buy SMASH for breakfast. After they planned on catching a shark. they threw out their fishing lines and sat there waiting. they waited and waited but nothing happened. but they had already planned how they would cook it and marinate it in Jägermeister. Since they couldn't get one until the very late evening, they bought one at the fish market and fried it on the motor of the ship on the",hh
1jhKtdiCFYhLl4Itr0tM,"Once upon a time in Hollywood, there were two cats strolling along the pavement. Many stars lined the pavement and one looked down at a particularly cosy spot. The cats loved to chill there every morning in the sun, and every evening in the moonlight. Today was a very nice day, the sun reflected in their little whiskers and the palms above them created shadows that danced along but suddenly everything changed. Another black cat ran towards them. They were unsure if it wanted to play along or if it . The two cats looked at each other, frightened, trying to make out the expression of the black cat. Its tail was raised. and it looked ready to fight. the two cats didn't want to fight, they just wanted to be happy and have a cozy time. The two cats however, decided that it was time to abandon their peaceful ways. They pulled out their fish-swords, made out of delicious fish skeleton. hmmm tasted so good, and made even better swords. Now they were ready to fight more The black cat had also come prepared. Hiding behind its thick fur was a Minecraft diamond pickaxe, made out of, even tastier fish mhhhh so delicious. The more delicious the more dangerous so now the cats were even more frightened, oh no what After an INTENSE staredown, they ran towards each other and their DELICIOUS swords clashed with a powerful clash. The black cat was brave but hadn't thought of the two against one thing, which was kind of stupid because it got so riled up. They continued to fight some more, but they quickly got tired. That is when the black cat opened up about why it came with so unfriendly and bad vibes. The black cat was actually just so so so sad to not have another cat to play with, which was very sad. So, they decided to end the war and become play buddies in Hollywood instead. They hugged for a bit and then the fun began. wow so much fun stuff to do in Hollywood. They visited the big sign, ran all the way to Katy Perry's mansion to play with her and all her other cats. It was such a fun time wow they got along so great it was wonderful. They listened to dark horse all night OMG SUCH A GREAT SONG. The next morning was almost better, because they went to visit Leonardo DiCaprio. He was a well-known cat actor but he liked young cats and these cats were young, except the black cat, she was over 25, so sad for Leo..... great the two other cats were young and",hh
599Km2RY5nTNKI7vG2Wb,"One day, two young researchers entered a classroom full of students and asked them to participate in a push-up competition to find out if there is a correlation between how strong people from different studies are. There was a slight twist to this since the participants were also ask to recite the IPA while doing push-ups. The researchers had a hypothesis going into the study. Though the students knew their IPA, the strength of their mental state might not be enough to transfer into raw push-up strength. The math students had to solve complex equations while sweat was dripping from their palms. The students, eager to beat the people from maths, jumped from their seats and began their attempt at push-ups. It was easy at first. The two young researchers counted out loud, setting the mood. ONE, TWO... everyone was good until five... the music did not help at all. It was so loud that it was almost impossible to hear if the students recited the IPA correctly or not. The researchers seem to have a thing for Justin Bieber. It was a battle between the reciting of the IPA-chart and ""Baby baby baby, uuuuuh"". The first people dropped after 6-7 pushups, the rest kept at it and gave it their all. At 20 only two students remained. The rest of the students stood around chanting the IPA chart. They got louder and louder. The remaining two pushed and pushed. The light started flickering, then turned purple with a bright flash. The air in the room suddenly went dark. But the two kept going all the way to 100. They were celebrated for winning, but the math students also did surprisingly well. The plot twist of it all was that the two researchers found out that it was the biology students that could do the most push-ups - they did over 500 each! It made the other students mad being robbed of the victory. They all teamed up together. and started marching towards the university park, where the biology students were enjoying the beer they won from the competition. ""We should have won that beer,"" one shouted. We should be the ones celebrating. Then, one student shouted, ""You all cheated!"" A bold statement indeed. But was it really the case? Only one way to settle this: another challenge. ""We will settle this the old way"" ""To the boats!"" The boats were primitive and built not to last. but the students were experienced sailors - on the university lake at least. It wasn't spring yet so none of students were eager to get in the ice-cold water. But it must be done, beer is on the line after all! And with the beer in mind, they rushed into the boats. One fell from the boat on the way over the lake and almost froze solid as ice - luckily they were able to heat up again shortly after. Once the others noticed that someone fell overboard, the rivalry was forgotten. They all drank a beer together.",hh
6Jv806AoPWPYePMobUvx,"a girl with a dream, many moons ago, a young maiden lived in a tower. Her dreams were as high as the stars, yet her spirit was broken by the fact that there was no one to love her. She was very lonely and went out to seek for someone to keep her company. As she went out the first thing she did was stop by the lily fields, they stretched far and wide, different colors, like a rainbow. They kissed the pink sky in the evening, as the sun went down. She collected the lilies and continued into the forest where she found a little rabbit, curled nearby the roots of a great oak tree. It looked so sad, she peered closer and found its paw had been hurt. She calmed the rabbit, singing a lullaby. She saw a little river nearby, the sweet sound of the water running over stones. She pulled the rabbit into her arms and walked to the river, gently placing its paw in the soothing water. She looked towards the other side of the river to look for something to wrap the paw in, but instead she noticed another curious forest creature , yet, it was something she had never seen before, it was looking right at her, a halo of light danced around its little wings, a slight glitter. in its eyes, making it seem calm and friendly. It was very beautiful, this creature, and she was stunned as it flew across the river, slowly, its feet skimmed the water top, leaving a pattern that swirled. She noticed it was only about the size of a lily flower, small and petite. Its a rare sight, she thought to herself. She just kept watching the flying creature as it landed right next to the rabbit, that she was still holding. . It observed its paw, then looked up at her and smiled; suddenly it flew up into the trees. For a moment, there was silence. Then many tiny lights began to turn on in the tree tops, and before she could do anything, the cloud of swirling lights headed towards her and the rabbit. It looked like an tornado of glitter, as it glimmered she realized many little fairy-like creatures. They began to swirl around her and the bunny, she felt the warmth and magic. in her body. She filled with joy and the bunny seemed to lighten up as well. The creatures landed on the bunny's paw and placed its little hands, a small glow of gold appeared and the bunny jumped out of her hands onto the grassy bank. She stood in disbelief, it was real magic! The bunny jumped around as if nothing has ever happened to its paw. The bunny jumped away, and she had a feeling she would be alright. The fairies all gathered in front of her, and began a little dance, holding hands and flying in a circle, bursts of color lightening up the now dark forest. The sun had gone down, but she felt the light again in her life, realizing that she can be",hh
7wPRj5Wbc26nlx60LUT5,"Once upon a time a little duck walked around to find a fitting house for him and his dreams. The dreaming duck was afraid of many things, but also had many needs, which he needed. to fulfill. First and foremost he needed a safe place, away from the preying eyes of cats and foxes, where he could hide from the dangers, while fantasizing about the future. The little duckling always had one specific dream that it thought of. having the biggest duck family he could dream of. But first he needed to find a duck wifey to realize his ambitious dreams. He had a small problem. He was Ugly, even more than the ugly duckling from the famous fairy tale. So ugly that not even the witch far into the woods wanted to talk to him. The limited search once put him on a site called Duck Tinder. He had no success, as the other ducks with big and shiny feathers got all the attention. Therefore he changed his ways, and applied for a different site. The site was called rat hinge, and for once, the ugly duck felt prettier than the rest of the applicants. The little duckling became very popular within rat circles. The stinky hairy creatures from the sewers adored him. Having ripped feathers and a cook comb, was for once an advantage. He went on multiple dates, but the duckling thought he was too pretty for the ""ugly creatures"" as he saw their horrible yellow teeth, wild eyes and foul smell. Therefore he jumped into a puddle, and rolled himself in dirt to looked like the other creatures, but as soon as he did that, the dates became fewer and the nights longer. The dream, that was once his everything became a burden and his worst nightmare. He thought of returning to the ducklings, to continue his comfortable life at the cottage, where he was fed but he didn’t belong anywhere. The feeling of being too good for some places, but too disgusting for others, was definitely not what he wanted. He decided to wash off his feathers to rid himself of the dirt and shame he got into, while trying to be an outlaw rat. He wanted to be something else, completely different. Therefore he shaved everything remaining off, and instead started to walk towards the mud. The new dream started forming to be a bald badass dirty duck. Someone who is no rat, but also no ordinary ugly duckling. He wanted to be unrecognizable on his return. and to start a new clan. Not the KKK, not anything the world has ever seen before. Now it was time for the bald badass. duck gang to be formed. He started working out to look jacked, so he can be the biggest-looking boss duck they have. In the mafia, the bald badass brainy Brucks was now being formed and ready to finally feel worthy and to complete all the dreams the parents told him. . When he was ready, he got back to the duck pond to find members. On his way back, he encountered the very hungry Mr. Wong, who wanted",hh
9MYVXy4Nms9gfR1DI7NA,"a lonely cat, who was missing its person. The cat’s name was Cat, and it was tiger-striped. Cat doesn’t have any friends but is on his name was still Cat, even if nobody used the name. The cat, named Cat, decided to jump on a train to go wherever the wind (or train) took it. Cat had a BLAST. The train ride was exhausting because of the wind, so after some time Cat went off. He landed in a rural area with eerie bushels in every corner and trees. as tall as mountains, from his perspective anyway. In theory, cat should have no clue where he was, but he had been playing Stray for PlayStation. So he knew what to do. Brother did a backflip off some high grounds and went into the trenches of the wilderness. He put on his war paint and tried to hit a tree to collect wood but it seemed that this place didn't run on a Minecraft server. So he went into the sewage system to explore. What he could find was sewage, but what he COULDN'T find was the rat king of the sewers. He was looking and looking before the smell of pizza hit his nostrils. He could see green beings moving in the distance, was it the RATMA - the infamous rat God. Aka God of Rats. Aka King of Gods and Rats. He wasn't green, Cat is just confused. HE was actually colorblind, and confused brown and green somehow. RATMA looked down at the little kitty cat Cat with a stern and all powerful look. he said ""what the fuck are you ?” And Cat looked at him with disgust and said “Who invited this naked mole rat?” So RATMA attacks Brother Cat because of this and shit on the ground. Cat is very confused and a little bit scared but he eventually bit RATMA in the tail which made RATMA fall to the ground and it KILLED HIM. Motherbrother just died on the ground. Cat is in shock. “I killed the god of rats? The king of rats is now dead, in his own damn chat,,, I better run lolz"" he said and looked straight at the camera like he was in a TV shows. If Cat was gonna be an actor, he would star in The Office he thinks. But he doesn't have time to think, so instead he jumps out the sewer and runs around in the bushlands, confused about the sewer system in the bushlands. It didn't really seem to fit the vibe, but he didn’t care about anything anymore. He can’t believe he killed Ratma. He is traumatized for life, and he is also incredibly hungry. So the purr little Cat is in the bushes and not near any bakeries or anything with food so he runs and runs as his paws are bleeding. So much that it paints the street red. It was a crazy sight. He gets into this little alley. that suddenly appeared in the bushlands. He appreciates it nonetheless and he crawls around the street and is looking for something.",hh
BocRhyGX0eWpgbUSkjWF,"how a mushroom got high on LSD. The weird part of the story was how mushrooms normally got eaten by humans to intoxicate them. But this time it was the mushrooms. Mushrooms are living organisms, and therefore they are able to absorb LSD. It has not been observed many times, but in this story you will hear the exclusive material of how a special species of mushrooms got collectively high in Colombia because of an LSD parcel being dropped in the forest and the LSD being released into the water systems. The rivers were able to transport enormous amounts of LSD to large areas of the jungles. The mushrooms started behaving in peculiar ways; for example, some effects were how they were able to grow new colors and shapes. some were glowing in the dark and some were big and stringy. Scientists were confused by the mushrooms' behavior so they tested them. . The scientist did not expect the effects that they experienced. The mushrooms' effects were hallucinations but with the mix of LSD they started to become part of a superdrug. The scientists gathered the mushrooms and began selling them on the black market where they branded them as the new king of EPIC DRUGS. Later it was discovered that a side effect of the drugs was becoming a mushroom yourself. The mushroom was a parasitic mushroom from the south of America, but since the side effects were unknown at first, the export to Europe was massive. this resulted in a huge outburst of human-looking mushrooms. It took over the news and the mushrooms which were eaten by the humans were infectious. More people therefore got possessed by mushrooms who made civilization unmanageable. most of the party islands in the south of europe got totally covered in mushrooms, both people and the actual ground. they all became one with the environment. It was starting to look like the whole world would become infected. It could be the end of human civilization as humans had a hard time fighting against the fungus. but one day the mushrooms began speaking back to the humans and they began having conversations about the modern society. The humans became more enlightened and humans started behaving nicer to each other. Rumors have it that the mushrooms told them about the ways the humans treated both each other and also the fungus. this began a revolution of how law making and infrastructure was made from this point . People became more aware of the environment and the wildlife all around the world started blooming as it has never been seen before. Even the Mammoth came back from dead and new species of both animals and mushrooms roamed the world. they all worked together to create a brighter future and they all became great at making space for other species. The world has never been as beautiful, and for a while they thought that they all found their happy ending, but suddenly the mammoth began eating the mushrooms, and they became intoxicated. now the high mammoths were killing everything living on the planet. A lot of natural disasters happened and volcanoes exploded; every living thing on Earth died. And that was how the world ended. The",hh
D8kJXS3suDI2tltssVgN,"a very happy dog wandering through the streets of Aarhus alone. He's just going down the street, greeting people and making their day better. But suddenly, he fell into a big, cold pool of piss. He was super embarrassed by this, and he thought it couldn't get any worse when a massive seagull swooped down and screamed insults at his butt. Because how can you be a dog without a tail? Smelling like piss and having no tail, being laughed at about it made him feel like a total dumb-ass. He started shouting at the stupid bird that she should shut the fuck up and mind her own business, but the bird just looked at him with a sly smile. ""You know what, ugly mutt, it kinda suits you not having the tail. Cause everybody can see who you actually are from the first look at you this way."" This made the dog mad so he jumped up to catch the half-eaten french fry she mockingly threw at him, but having horrible paw-eye coordination, he failed just to fall back down in the pool. To his astonishment, the french Fry fell into the puddle, bounced from the ground and fell right into the ugly nib of the seagull. She then fell to the ground and puked all over the street. Now it's his turn. to laugh, he thought with triumph in his piss-filtered eyes. He was just about to do the shake, creating a glistening sprinkle of yellow, when the puke started flowing in his direction. ""oh fuck"" flew through his head. He wanted to run away but his paws were stuck in the piss-pool. He started panicking when a miracle happened. to his mom, and he started disintegrating from existence. The ""oh fuck"" faded away, replaced by a strange relief as all the piss and the laughs and the evil bird disappeared from view. He was shocked about what happened. His mom is in hell, how could a miracle happen to her? And how does he know about it? ""Am I in hell too? But how is it so cold? He could no longer smell the urine or see the yellow orbs of malice in the face of the gull, but he could still feel cold liquid clinging to his fur. Maybe he was not in hell, maybe he got into the seagull's imagination. That would explain why it feels like hell but really is not. Is there a way to escape the mind of this? wretched animal? No, hummed a voice reverberating off invisible walls. Shit. This was a voice he had heard only once before but could never place it to a familiar face. But now he's sure whose voice it is. ""That can't be it"" he thought to himself. It was his worst nightmare to be stuck anywhere at all, but to lose his dignity in this way and be absorbed by the skull of a gull was somehow even worse than he could ever imagine. He cannot get the embarrassment out of his head. Wait. Is it really his head? Or did his mind integrate into the mind of his butt? As he could no longer see or smell, there was only one way to find out. Determined to regain his dignity, he started to explore the surroundings with his butt. He rubbed it on the ground and he found out... he was right! He still doesn't understand how it happened, but he is definitely sure that his butt was now his mind, and it was clouded by memories of mocking laughter and sticky liquid, and the looming silhouette of evil itself. Oh well, he thought. At least I'm not with my",hh
EVPkCWSrT9SwL38W9Zuk,"Once upon a time there was a little grumpy man. He lived in the small town of Maiopy. He was feared by the other people. He did not understand why the people feared him. He coincidentally found out one day on the way to the marketplace. On his way there he saw the most marvelous thing that changed. his entire life. As he was walking down the street thinking about all the things that annoyed him and shouting at the people that loathed him, he noticed that the guard he stomped past was not riding his horse as usual but his horse was rather riding him. This was nothing compared to the man walking on his hands right by him. He paused. 'What in the world is happening?' he thought to himself. At that moment he felt confused rather than angry for the first time in his entire life. This spark of curiosity was just what the haggard old guy needed to follow his secret childhood dream of being the world's best juggler. 'Maybe they are coming from a circus!' he thought excitedly. He started to pick up the pace toward the marketplace because maybe the circus master would finally let him juggle his collection of hairless mice the way he had always hoped he would. He couldn't wait to see the crowd's face. when he would stand in the middle of the circus with his best costume on with the mice in his hands. It would be the best day. of his entire life. The other best day of his entire life had been when his older brother Clarence broke his leg on the swings. This made the grumpy man happy as he disliked his brother from his hair to his toes. Clarence had made it his life's mission to annoy him. Always smiling. Always laughing. Being happy. The man had learned from the frog that once lived in his left boot that these were all indications that the devil has hold of someone. Ever since his brief affair with a nun, he had known that something was completely wrong with Clarence. The nun confirmed all of his worries, and he had tried to tell their mum but she did not want to hear any talk of nuns, or devils, or feelings. She was far too busy filling her garden with small piglets that would eat the small moles in the garden. She had been working years to try to get the pigs to eat moles, so of course she did not have time to worry about her children's well-being, besides that's what the maid, Periandelialis, was for. She was good with children and good at cooking them into soups and stews of rabbit. She had been a second mom for the two brothers. But anyway the old man was now running through the streets not able to hold back his glee and joyous laughter at the idea of presenting his rats to the people of the many small kingdoms the circus was wont to tour. He had a secret plan as his real goal was to take over the circus and finally get the circus man back that bullied him when he was watching the circus when he was just a small insignificant worthless little boy with an alcoholic mother, satanic brother, and a father who spent too long playing with the fairies and now had become one himself. What",hh
FTAeksA8Y0QOBPW6kxWX,"a little kitten named Skittles. Skittles lives with a sweet old lady, but he dreams of exploring the neighborhood. One day, his human forgets to close the cat-door. This was Skittles' big chance! The first step out in the fresh air felt like a rebirth. The world was open, but where to go? Skittles took a big breath and turned the first street corner. He ran down the street without a care in the world, flouting his freedom the dogs locked behind gates This was wonderful. Skittles had always wanted to go to the store. The old lady always came home with a big bag of cat food. If Skittles could make it to the corner shop, he would be able to eat as much kibble as he wanted to. However, when he came to the store, he was met with big shelves filled with things that was not cat food. What was this!? Skittles had never seen anything like this. The shelves towering over him were filled with vegetables, cleaning products, and cheese. This was an unexpected find. Skittles thought the outside world was as catered to cats as his human's home was. Dejected, he left the store. As Skittles was exiting the door, he heard a scream from the owner yelling ""OOOUUUUTT."" Now Skittles was running as fast as he could. The old lady never yelled at him. He wanted to go straight back home, but realized that he didn't know what way to go. He tried to use his nose, but the many smells of the city was overwhelming. Skittles hadn't kept track of his route, and was getting more and more anxious by the minute. He tried to go left at the crossroad, but still couldn't recognize his surroundings. As he was walking, he suddenly bumped into a big dog! The dog started wagging its tail, and Skittles hissed, trying to make himself big by raising the hairs on his back. The dog barked at him, but wait... this was not a threatening bark. Maybe the dog was friendly. Even better - maybe the dog could help. him. Skittles asked the dog if it knew where his home was. The dog gave him a big sniff, then sniffed the air. After a moment, the dog turned around with an excited bark. They were running down the street together, and Skittle saw a sight that made him so happy! The old lady was right there with a searching poster in her hands. The dog barked again, getting the lady's attention. When she saw the two, she smiled widely and knelt down patting Skittles' head. Skittles had never felt so relieved. When looking at the lady, he saw the searching poster. Now Skittles felt sad that he had upset his owner. She was so kind. and sweet to him. Skittles decided that he was just fine staying with his owner. He didn't need to explore the neighborhood ever again. The lady took him home, and exhausted by the day, Skittles yawned and rested in the lap of the lady, while she was stroking his back. He dreamt of kibble, convenience stores, and dogs, while the old lady watched television. The day turned into afternoon. and then night. Skittle was snugged up cozy and content. Now he was cleverer and knew that he was at the best place in the world: the old, sweet ladies.",hh
INnauEosv25woOCrBRDi,"Bob the frog. He lives in a toadstool house in the forest. One day he decided to go on an adventure and Explore the world of shrooms. Bob may have eaten a bit too many shrooms, and is now wandering around the trees feeling quite strange. As he continued wandering he suddenly stumbled into something. Bob the frog fell to the ground and as he looked up he saw the big fat master toad, who loudly roaring through the endless forest, stated ""you shall not pass!"". Bob the frog was startled and didn't know what to say. Instead, he offered the master toad one of his shrooms. and the master toad told Bob to fuck off. So, fuck off, Bob did. Again walking through the endless forest, in deep and mossy darkness. While walking he heard the sound of running water and all of a sudden he was looking at a massive waterfall. After eating all the shrooms and and taking a swim in the purple swamp of death, he returned to his toadstool house, as he now wanted to achieve his dream. Bob the frog dreamed of becoming a professional snowboarder, but it never snowed in the forest. So today he decided to venture. out to the faraway mountains in candy land. In candy land all the mountains were covered in delicious white flaky sugar. He packed his bag and snowboard and off he went. The trip to Candyland was long and hard, but Bob kept his spirits high as he was now on the road to achieve his dream. But what Bob did not know yet, was that the trip to Candyland would not be like he thought. As soon as he exited the forest and reached the main road he found it blocked by a massive carriage. One of the wheels had broken off, and inside sat the wonderful princess Pooh, a toad princess known throughout all of the country. Pooh pleaded Bob to help her and so he did. Back into the forest he went to gather wood and sticks. With a little bit of skill and a lot of willpower, Bob created a bonfire at which Pooh and Bob started roasting cockroaches over the fire, Bob's favorite meal. Sometime he would even sprinkle some toasted shrooms onto it, to get a better flavor. But when he tried to offer it to Princess Pooh she made a face and quickly fled the campfire. Bob was left sat in the dark forest, wondering where he went wrong. He just scared away Princess Pooh and was now wondering whether he was too weird to make new friends. This dampened his spirits, but he still had a dream to achieve. He crawled under the carriage and got the wheel put on. He started slowly rolling towards Candyland. Pooh had a dream and nothing was going to stop.",hh
JFI8cNwhGfRT2Jd6JUd0,"Once upon a time there was a crazy cool dude named Carl. Carl was the best at everything he did, a true champion of the people. One time, Carl decided he wanted to engage in a new hobby. A hobby that would change rhythm of his day. And even - of his life! ""Wow, he thought, I'm going to be the greatest speed-knitter this world has ever seen,"" and on he went, knitting crazy pieces of art in his free time. He went on to pursue this new hobby of his for a job. But for that to be realistic to any degree, he had to get started. For step one, he made extensive preparations. He researched every little detail of the process to optimize his knitting speed. His peers looked at his dedication, and thought ""there's no way I'm gonna I'm gonna train my fingers and hands for hours every single day! Carl was humble and obviously dedicated. He even offered his peers teaching classes to help. , but it didn't matter. He was just on another level. For step two, Carl practiced new knitting techniques involving impossible hand-eye coordination. coordination analysis. He read numerous research papers on how the mind works with muscles. This elevated his technique by magnitudes greater than any non-übermensch could understand. However, for the third and final step, Carl realized he had to take it to an even higher level. All throughout his learning he experimented in different environments. And in nature. He didn't only knit with yarn but began knitting with various things such as lava and stone. Finally, after mastering the last step, Carl was ready. He was going to apply for the job. ""Finally,"" he thought, ""now I can be a contributing member to society."" He went on to attract attention all around the world. And the one job he had his eyes set on suddenly wasn't the only option. People from various sectors of society wanted a piece of Carl. However, then something horrible happened. One day while knitting a lava-sweater, Carl burned his hand quite horribly. So much, in fact, that he could no longer pursue this hobby of his - even, his newly established meaning of life! He was ripped to pieces and couldn't fathom what to do. Carl became depressed. He lost all will to live. What was he going to do with his life now that his only passion was taken away? That was only for him to figure out. After a while sinking further and further down in his bed, he started thinking. Could any kind of prosthetic help or should he find a new passion of his? ""No,"" he thought ""there's no way I'm going to be this invested in anything else. Knitting is my life!"". So Carl went to read and pursue every possible relevant person to find a prosthetic. Only to realize, I must be able to continue with one hand. So Carl began practicing with his one remaining hand. Every day he got a little bit faster, but there was a long way to go to reach his goal. He was getting somewhat closer to his peers and was starting to become happy again. Maybe he didn't need to be the best.",hh
JYZ6dAbVtTCZL8fZXM8s,"a rabbit who lived deep in the woods. They lived in a small town filled with all other sorts of woodland creatures. It was a peaceful place, but tensions lurked not far from the town. One day, the rabbit went down to the river with his two friends, the timid toad and the little ladybug, to wash their clothes. The water was cool and clear. The friends were delighted to clean together in the spring breeze. They were nearly finished when they noticed a strange object floating towards. them. It was brown and rounded and looked like an egg, the rabbit thought. ""Oh, it is a basket!"" The ladybug flew closer to it. and discovered that it was a pill bug, rolled up tight. The ladybug told their friends that they had to save the poor creature. The rabbit and frog jumped into the river and swam quickly towards them, but the river that was once calm now seemed angered. Splashing, they fought to get closer to the basket, and the poor pill bug, as they too were pulled into the river. Even the toad could not swim in the violent water. The ladybug tried to help them from above, but could only watch helplessly as their friends were pushed from side to side by the current. They barely avoided hitting the stones in the water, and the basket was still far away. ""Look,"" the rabbit shouted using his big ears, pointed towards a large tree with long roots spread out into the water, ""We can try to stop there!"" ""What about the basket?"" said the toad, ""Should I try and reach it?"" The rabbit tried to say something, but the river was too loud. But then the water seemed to shift and instead of fighting them, it helped them in the direction of the basket. The toad was able to grab onto it and the rabbit was able to hold onto the toad's collar. The rabbit grabbed onto the tree root and pulled all of them onto the shore, where they lay for a moment catching their breath. The ladybug looked into the basket and found the pill bug deep in sleep, unaware of the dangers that they had been through. Everyone was relieved to be out of the water, but soon realized another problem: they had no idea where they were! The furious river had brought them far away from their laundry. ""What are we gonna do?"" asked the rabbit and looked at the river, now realizing that it was suddenly dark outside. They had never been to this place before and felt strange being away from their safe home. ""Mmm, where am I?"" a high-pitched voice asked, and they all looked to the basket, where the pill bug had awoken. They were all relieved. to see that it was okay. The pill bug also looked around, confused as to where they ended up. ""Are you all right?"" asked the ladybug. with a gentle voice. ""Ah yes, I just had a little nap,"" said the pill bug, and the toad couldn't help a giggle. The pill bug crawled out of the basket. and looked around. ""I guess I overslept! Where exactly are we, and who exactly are you all?"" The rabbit and friends introduced themselves, but couldn't answer for where they were. ""Hmm, that's okay, I think I know this place!"" said the pill bug. ""My friends live close by!"" And just like that, the shore was illuminated by a flock of fireflies floating.",hh
K6nustVFF5ei8GiBLmiZ,"my first heartbreak, three years ago. I'd been more naive back then and unsuspecting of the harsh reality of people in love. It started of great, as it always does when you're in love. blind to all of the other's faults, and them to yours. The danger is when you get to know someone. When I first saw Maxim in line at the coffee shop, he'd been ordering a cappuccino. He smiled at the barista, revealing a dimple in his left cheek. it had been snowing and i immediately envied the small drops of melting snow in his curly hair, the way they gently slid down his cheeks, falling on the lid of the coffee cup. I stood close to him as he took a seat in the café, while I waited for my drink. That was the first time we met eyes. It's weird to think back at it, at that time I would've never guessed I would one day be planning how I was going to kill him. But, here we are, that's what heartbreak I'm not really sure when or even exactly why I decided to kill him. I just became aware of a dull, throbbing pain in my chest that told me I wanted him gone. Not just from my life, but from the planet. I don't know if it was the realization that he was falling out of love with me. Or maybe the realization that I was getting bored of our relationship. It didn't matter. The calendar hanging on my wall had a specific day circled in red ink. February 26th. He'd asked about the red circle, and I had told him I had something special planned. Some of you may consider that a lie, but come on. What could be more special than the day I decided to become a murderer? Murderer isn't even the right word. I'm more of a hopeless romantic, if you really look at it, so are all the big romantic people of history. I would die for you. I would kill for you. And in this case, I will kill you. It's a really romantic trope, actually. I had the murder all planned out. It would be after our belated Valentine's dinner, after we finished Eating at the same fucking restaurant he always picks, we were on to my part of the date. Always this shit, he planned the dinner, a rotation of three god-awful tacky restaurants that weren't too expensive for his budget. He ordered dessert—the lava cake. He didn't mention whether it tasted good anymore, he had said it every time we were here over the years, and noticed how I rolled my eyes when he exclaimed 'delicious' for the hundredth time. But I knew that there was something different in this lava cake. This was the first step in my plan. The poison wouldn't kill him immediately. I didn't want to make a big scene at the restaurant. Just needed him to be far enough gone that he wouldn't wake up in the car and realize we were driving into the woods, far off the usual road home. He lay quiet in the back seat for a long time. My palms started to sweat a little. I was confident it would work. Cause I knew the cops dug up a body in the woods just a few days ago. A fresh grave, where no one would look. The body",hh
NSZE9lXnuxIl0ZT4gRoy,"a young boy living in a small town on a small island, who thought the world was too small for him. So, one day, he decided to actually measure the distance he would need to travel to get to another world. First, he had to find something to measure with. A ruler would probably not work. So he simply decided to use a rope, and tie knots, and count steps, and scribble numbers and drawings in a notebook. When he got to the end of his world, another plane of existence opened before his eyes. It was like a land from some legend, and he didn't know how he got there. As he was a bit scared of the unknown, he decided to go back to his small town on his small island inside of his small world, but he still wasn't satisfied. He decided to get a job as a sailor, as this would surely bring some sense of adventure, without going to his old life. The new life allowed him to become a bigger person, not metaphorically, but also literally. He noticed he had grown a lot! This new world was much more challenging, but also much more fun! He soon found a group of nine friends on the ocean to sail with. These friends were actually all from different worlds. They shared stories about their old lives and the boy realized there were infinite worlds to explore. Together, they set sail for a magical land, filled with all sorts of people. Here, they met a king and a princess who were in trouble. An evil wizard was trying to become prince and take the throne away from its king and its heir, the princess. So, one of them decided he would stay in that world. , leaving the crew behind, to try to help with their wizard problem. It turned out to be no easy task, however, as the wizard was cunning. , they couldn't leave him alone. So they made sure they solved the problem before they parted for the next world, where an evil robot was terrorizing every major city. They all needed to train hard to defeat this threat, and not everyone made it out of the robot world. Sadly, some of the crew became part of the robot's servants. But they had to continue their own path, as their friends would have. another destiny waiting. So, four of the crewmembers sailed onwards, while the rest stayed back as robot servants. The others found a great treasure on an island made out of glass. There, they encountered a maze that they had to get out of. But it seemed impossible, they decided to just look through, as the maze was, of course, also made out of glass. That way, they easily found their way to the center, where they found a giant egg from some giant hen. It was golden, it was bright, and they decided to take it home with them, even if it was too heavy. They managed to take it into their ship, and the they all sailed back to help the rest of the crew, and saved them from the robot world. The egg turned out to be from a giant golden chicken, and it helped them.",hh
OdyHy12i4PsBZkM4jjdC,"how a potato farmer called Bobby became the president of North Korea. It all started on a rainy day where everything was wet and soggy. Something weird has happened to his potatoes, and he could quite figure out what. So he took some of his potatoes into the laboratory for analysis. What he discovered would forever change the world. The potato DNA was contaminated with poison. He figured out that he could use this kind of poison for other purposes. For good and for bad. He chose bad. He went then to breed one million billion poison potatoes and loaded them all in his truck. He drove it. in to town to sell all the potatoes he had. He made a stand in the middle of the town square and just started selling. potatoes. In the corner of his eye he noticed a shady figure wandering the market stalls with dubious intent. The shady figure got closer and closer and the farmer now saw a big tall man with a long jacket and black. boots. The figure was closing in towards Bobby. Alarmed, he grabbed all of his potatoes and started to eat. all the potatoes. He just kept on eating and eating and eating, until he fell to the floor. He then woke up later. transformed. He was no longer the small puny potato farmer he used to be. He was now all purple and huge and had a quite larger head. Everything was larger. The people in the town square all looked at them as they had no idea what was happening. Monster Bobby then opened wide his arms and started shooting potatoes out of his eyes at everybody. People got hurt, but none of them died. They just wounded and even more scared. Bobby then started to cry. He felt guilty for destroying the whole village and injuring so many innocent bystanders. He ran away. a long long way into the woods. He thought about what he had done and how wrong it was. But he also thought that he would be absolved of his sins if he could destroy the weapon of destruction. The original poisoned potato. To make up for it all. He got back to his farm and started examining the original potato again to see what this was. It was actually a tomato. He then realized how wrong he was about everything he ever did. He made it his mission. to say sorry to all the people that he had hurt in town. He gave them free unpoisoned potatoes and tomatoes for",hh
P1SZ3AZnoi1oqt5EbYh5,"Once upon a time there was a small man and village. He loved eating pork, but one stormy night all the pigs left the village. The small man ran and ran for days and nights in search of pigs. But everywhere he looked, the fields were swine-less. One day, the man came across a large river. On the other side a pinkish figure appeared before his very eyes. Desperate in his search for the pigs he jumped across the river and tore apart the pig with his bare hands. He began to cry over this desperation. Suddenly, a mother pig appeared calling for her baby pig. All she found was flesh clumps all over the ground and a small drop of blood fell from the man's mouth. The man smiled, moving toward the mother pig. Organs trailing behind him. Bloodlusted, he jumped the mother pig, trying to rip her apart to pieces. Unbeknownst to him, dad pig ran towards the man at full speed and velocity. The dad pig jumped on the man, ripping into his skin with his teeth. The dad pig squealed, ""This is how those pigs felt. every time you stupid human mouth wants to eat some bacon."" The papa pig enjoyed the taste. From now on every man thought of daddy pig when they ate pork. Daddy pig roamed the Earth, ripping any human apart who even looked at a pig. The people of the Earth even began worshipping Papa Pig. Governments fell. Riots all over. Whole countries falling apart. Anarchy erupted. Leaders not Eating pork became the trend of the generation. People even began wearing pig costumes in honor of Peppa Pig. A new era was born. New regimes began to rise supporting Papa Pig and his actions. Other factions feared for their safety and sanity. Pink everywhere, pork nowhere. This was the mantra of the world. Papa Pig AI was later introduced. and used by everyone. No matter where you went you couldn't avoid his face. After years of suppression, a small revolution occurred. A group of people tried to kill a pig. At first, people shunned them, then some began to wonder. Where did papa pig even come from. Was we really this godly being setting us free from our earthly desires or was he just putting us on a diet? People began to question this seriously. And then, an outbreak. A huge dinner for the community was held. Meat was served. Justice was withheld. The biggest feast the world has ever seen. The small man's village was happy to finally pork on the table. Pork was everywhere, and pink nowhere. The entire world lived happily ever after. And then a man went",hh
Pzb5I6nhg196AWLpukmz,"There was something off about this particular day, though he couldn't quite figure out what it was. Something strange was in the the woods in front of Nate's cabin. After staying up all night, he thought he was hallucinating while he saw a 'hooded' girl figure approaching him in the slow dusk of late spring. He watched her in wonder, not understanding what such a person could be doing out here. He thought, ""perhaps today I will find an actual human here to talk instead of the wild animals."" With a lot of wounds on her body, she slowly moved towards the cabin, moving like a wounded deer more so than a person. Her eyes were dark and bottomless, her skin clammy. There was a feverish look about her, something that made him feel sad for her. Surprisingly, he started sympathising with her, instead of questioning her about her identity and the purpose of her arrival. With the leaves stuck in her hair and the blood and dirt caked on her bare feet, he got the impression that she had been out there for a while. He quietly stepped aside and gestured to the warm , hearing a whisper immediately after, ""hide""! ""help""! Squinting his eyes, he became confused about whether to hide or help. He ignored her protests and pulled her inside, shutting the door behind her. ""Are you alright?"" he asked, holding up his hands to hold her head which was bending downwards. She kept whispering, ""How am I alive?"". He softly held her in his arms and offered her water. Like a thirsty crow, she downed the bottle offered to her and shook her head. ""Something is stalking the woods,"" she whispered, as if afraid something might Nate lost his attention while the teapot on the stove whistled loudly. Wrapping her up with a blanket, he let her sit on a chair in his cabin. With pouring the tea from the kettle, he watched her through the steam. She stared out the window, front teeth bothering her lip. ""What's your name?"" he asked her. She stared at him as if it is unusual to ask the name of a stranger. Nate understood and nodded his head, assuring her that she can at least have the tea which he had doused with rat poison to see what would happen. If she were human, she would puke. Were she not, she would die. He offered her the tea. She refused to accept it and said, ""Don't you know what happens to people who accept food from strangers?"" He smiled. Both of them looked away with tingles in their tummies. ""How are you going to survive with no food or drink?"" He asked after a while. He could poison her food. to find out what she actually is. She replied with a grin smile, ""like how I survived till now."" Suddenly they heard a harsh banging on the door. The girl told Nate to open the door. ""See what happens,"" she cooed, smiling unnervingly. ""Or keep it closed and do what I say. I assume you want to really find out what I actually am! Maybe I am a girl in distress, or the girl is banging outside the door. Don't you wanna know who is actually in?",hh
RGwAQvKrGEfTj8ym6lju,"my Monday. I woke up in the middle of the night, finding my throat in pain. It was horrible and I did not sleep much. Then I decided to drink a glass of milk, because why not. One glass of milk quickly turned into another, and suddenly something crazy happened... I developed an udder out of nowhere. I thought to myself, why did I deserve this. I went back to sleep and then dreamt of a prince that could dance like no one else ever seen. This inspiring dream made me forget about all my suffering, so I woke up and when I woke up I found myself in India. I had never been to India before, but I could just feel that I belonged to this magical place, I felt as though I have never been more alive. All the colors wow. I went directly to the store looking for a genie in a bottle. to my disappointment I only found kebab and McDonald's. Just to make everything worse, apparently Indian McDonald's do this crazy thing where they eat raw snake meat, and because of that claim that you will receive magical abilities. I thought to myself, do I have to test? this out? but thought to myself it would not be the craziest thing that had happened to me this day. So I decided to buy a double big menu of raw snake meat, with all the good stuff. Stuff like chilimayo! Amazing. After one bite my fingers started to grow. After a while I started hearing voices, not normal voices, but the voices of animals apparently. I ran out of McDonald's to track down the animals I thought I had heard. I ran directly to a small forest nearby sure of solving this problem. When I entered the forest I could hear the voice louder. As I went closer to the sound of the voice the darker the forest became. I became slightly frightened, but the good thing about the situation was that I had my handgun in my back and if that did not work I had developed my own 4 physical milk guns at the front of my body, which at first seemed a bit weird if any other than me and the creature in front of me saw. I could not quite identify the creature. It was big, hairy and held something that looked like a big magic toothbrush. The creature was clearly sponsored by Zendium, which I did not like, since I had always used Colgate, but I decided to not get too bothered about it. But after my face turned completely red of anger. I could not handle it. I began shooting with my milk guns against the creature, which I thought would piss off the monster. To my big surprise, instead the creature started drinking all the milk I pointed at him. The creature was shockingly good at catching things with his mouth so I started throwing stones at the",hh
Tf1TksJV6vLRqvWrSi52,"Tax fraud and the consideration of how to use the money well. First, the problem is how to get away with the fraud without being caught. Taxes can be a big resource depletion policy to low-income families, while the rich enjoy a tax-free life. But to enjoy a tax-free life, one must also be able to enjoy a thoughtless life. This can of course be hard, as once a famous philosopher said, cogito, ergo sum. Thought to that fellow, is the core center of existence. Therefore tax fraud will be better for everyone in society, not only the rich but also the poor, because now the rich can kill the poor with the insane amounts of unchecked money that they have and finally begin the final human techno dark age. They will buy extreme amounts of analogue weapons such as morning stars and get ready for a marathon based on yo-yo battle and commence the ritualistic worldwide money laundering scheme, turning the oceans into the biggest literal money laundering machine, while having poor people sent to the dungeons and face the monster of eternal tickling. Only one person has survived the meeting. his name was usman the tickler. He won the battle against the tickle monster by out tickling the tickly bits of the tickler. After hours He won by tickling his only ticklish area known to mankind, the very bald spot behind the right knee. This is of course because it was written in the old scriptures found in east Zambia, where the first rites of passage of the tickling order were said. After defeating the tickling monster, Usman became a superstar, but was not able to handle fame and the money well. He also invented tax evasion, being able to be rich without the hassle of being an upstanding citizen. At the end of the day, the new world tickling champion was no different than you and I. With his great new power, of course, also comes responsibility. being that he could topple any person by attacking them with lots of tickles. He has been recorded as the most powerful being in all galaxies. One historian has once described Usman as the most influential individual since Cleopatra and is right now being discussed whether he should be adopted as the worldwide currency, eventually making every other currency meaningless, and therefore solving every man's problem with tax evasion. He ended class wars and every poor and disgusting civilization on Earth. It would be substituted with the tax-fraud money (also called silent money) which is the new type of bitcoin. The change backfired when people would use this newfound currency to bet on everything so they couldn't be traced. Usman was tragically killed",hh
ULRAMZF7ra0i53A9w3Gv,"a very sweet dog who needed an owner. The dog was named Pluto. The dog was black and white and was ready for adoption at the local retirement home, because the old lady that owned Pluto before, called Mary, just passed away. The love between Mary and Pluto was often very special. Sometimes Mary loved to cuddle Pluto, but sometimes she just wanted some alone time. Pluto was very confused with Mary, but he took all the love he could get, sometimes even more and it is said that with sometimes even craving more from Mary, the old lady kept her joy in life even though she sometimes had a sad dog. Pluto was sad the day Mary passed away, but he also dreamed of a better life. A life with unconditional love from someone just as loving as Mary had always been!! But Pluto keeps his hopes high to find a person just as kind as his wishes. One day at the center a big family came searching for a dog. Pluto had his hopes high when they walked past him. But he got disappointed when they walked right right up to him, but smelled even worse than Mary after her 99th birthday. That stink was definitely too much was his thought. Luckily they found another dog at the center. The next day another family came by. Pluto had his hopes up again and the family seemed interested. , but did then nonetheless decide for a little Chihuahua, which Pluto really couldn't understand, but one day, after a long time waiting, an older lady came by. She reminded Pluto of Mary, so he wished so bad that she would find another dog. Pluto wanted more love than every human could ever give seemingly. So when after the old lady a giraffe walked into the center, looking for a dog to adopt. But such things don't happen in real life, so Pluto knew that it was a dream he had. When he woke up the center was instead filled with dolphins!! Pluto was totally confused! This wasn't what he imagined as a new owner either..he maybe had another dream he thought. So when he woke up for real, the center was filled with families trying to find their new best friend among All the lions, tigers, and the three dogs left, including Pluto. So his chance to finally be picked was pretty high today!! Pluto had his eyes on one specific family with six kids. Pluto thought that might be just enough love for him. That specific family only looked at him, and did fall in love with him instantly!! It was the same for Pluto, and it just felt like complete fate for the family and for Pluto. Pluto finally got the family he had been wishing for and all the love that Mary wouldn't give to him. He could now finally live a fulfilled life with love and joy and a real family. It felt like home the moment he stepped into his new house and they lived",hh
WXfjYvL0j5iHL8rllFn1,"Flip-flop, the breakdancer. They had been keen to breakdance ever since they were a small kid, and had been dancing in class nonstop to the great annoyance of all the teachers. One day, a teacher had enough and he kicked Flipflop out of the classroom. This was the beginning of a life-long journey away from schools and teachers and toward dancing. Flip-flop trained more and more and by the next full moon, he was able to make flip-flops like never before. He danced and danced and he dreamed that one day he would dance all the way to the moon. However, the teacher that kicked him out on that fateful day continued to haunt him. However much he begged, his parents would not let him stay home from school, and this Wednesday he was once again forced back into the classroom of the gruesome teacher. He tried his best to sit still but the rhythm in his body would not be contained. It seemed like music was playing outside, and the urge to dance became stronger and stronger. He asked to go to the bathroom, and ran out of the classroom as fast as ever. Outside the music was everywhere and it took over his body. Suddenly, he was dancing around the room and up the walls and his dream of dancing to swaggiejackie at the world championship seemed as close as ever. He swirled around, almost floating - as if the laws of physics didn't apply to. breakdancers like Flipflop. On and on he went until suddenly his feet lifted off the ground. He continued to spin out the door and his dancing body swirled upward. in the greatest Flip-flop he had ever performed. A voice called out: ""Hey kid, where do you take classes man?"". A man standing by the fence looked up from under his giant yellow hat. Flipflop had never taken a class so which he yelled back. ""Take me with you on your dancing journey!"" the man yelled, and Flipflop agreed. His name was Jean, and from that day on, they became the best partners in crime, breakdancing in symbiosis. One day they looked at the world championship of breakdancing. and it turned out that the next championship was actually taking place on the moon. His lifelong dream of dancing there would come true after all. Jean and Flipflop sent in the application to the Elon Musk Foundation, which sponsored the travel costs. Only a couple of hours after sending it in, they got a call. saying that unfortunately, they would not receive funding as Elon was sick of helping people because he is a bad guy. If they wanted to go to the moon to dance, they would have to pay themselves. ""Aw man, what a blow!"" said Flipflop. A disappointment lay in the silence. ""Maybe we can raise the money,"" said Jean, but Flipflop had a better idea. ""Or maybe we could just dance all the way?"" Jean was a bit skeptical of this idea because he had never danced above the ground like that. ""What about oxygen?"" said Jean. ""I think my uncle has some oxygen tanks, he deep dives a lot,"" said Flipflop. ""Come on man, we've gotta try. When else do you get a chance to dance on the moon. Jean couldn't argue with that so they got the equipment from Flipflop's uncle and soon they were ready to go. They grabbed",hh
WYnhagFwtR0bJ9vucGsm,"It was a cold December morning and the last thing Maggie wanted was to have to leave the house. But life had other plans for her day, when she woke up she was prepared to have her usual cereal with milk for breakfast, but she realized she had forgotten to buy new bowls as her cat broke the last two she had left in the house. She could have asked a neighbor for a spare one, but she was not very liked among the neighbours, since she was considered to be a brat that ruined the neighbourhood, never left the house and was rude to everyone except that cute boy on no. 25. Well now she has a good reason to start a conversation at least. But how can you randomly knock at someone's door and start a random interaction, like this? She was scared of seeming weird or that he knew what people said about her or her past. But this might be her only chance of having a real conversation in such a long time, or to see another human being out. of her usual ghost friends. Maggies decided she would then go and knock at Greg's door and ask for a bowl, how bad could it be, after all? And there he was, standing still and staring at her, confused, as if she was the first person he had seen in pyjamas walking to his front door, however when he looked a bit more he seemed to be very intrigued by that strange girl he had never seen that somehow looked so familiar. But where have they seen each other before? Does she remember him as well or not? She walked a bit more towards him and he started to get a glimpse of an old memory, of something so long gone he had almost forgot. Her scent, something so unique that brings back so many memories. He thought it was all gone, but where has she been all this time? He wondered. She then opened her mouth and said her name, oh so she did not remember him, she explained the situation. so quickly as if all she wanted was to get out of there as soon as possible. But he couldn't even listen to the words coming out of her mouth because he could just see that little girl, with curly braids and brackets whom he used to have the biggest crush on. on. Was it actually her? How was it possible that she was standing right in front of him all those years later? And how could she not remember him? He thought that embarrassing moment between them at the school yard had totally traumatized her, so she would certainly remember it, but she has totally forgotten about that incident and about him apparently. He didn't even know where to start or how or if he should tell her who he was, maybe he could get to know her before trying something out? It was crazy that his feelings were the same after all this.",hh
YprMqddWHK39musGQ4si,"a dog that lived in a small house in India. The house was made of cement and dog biscuits, so it smelled good, but it didn't smell AMAZING. And it was actually a cat. It liked living in India because there was a lot of good and spicy food. The house was very small and smelled okay. Its smell is subjective. The dog/cat wasn't really sure what it was. It had a tail, four hands and a small pet hamster. What an identity crisis. Yes, there are hamsters in India, and they are only owned by cats/dogs. That is a simple fact. The pet hamster lived with the dog in the house. The dog and the hamster always had dinner together, and one day they met Julia Roberts. She was filming Eat, Pray, Love. She got inspired by the beautiful friendship of the hamster and dog/cat, and decided to try and leave the film industry for a while to live with the dog, cat, and hamster the way God had intended. She had had her spiritual awakening. But the dog/cat and hamster kicked her out, and she had to live on the street for a while. They looked at her with disgust every time they walked by her. She instantly regretted leaving her glamorous lifestyle. . Stupid of her to think that she would be a part of the club. One day the dog/cat saw an eagle in the sky. The eagle screamed its eagle noises, and the dog/cat became scared when he saw its big, sharp claws. The only solution was to jump on top of the eagle and fly to a land far, far away. The hamster was sad at first, but then it moved in with Julia. Roberts. Julia was famished and pale, and hamster had sympathy for her. ""Maybe I can have a pet Julia Roberts,"" it thought. So he was now the master of the house. Julia regularly served him a plate of fruit or a glass of wine. But the house still smelled like dog biscuits, and was far too small for them. The hamster wanted to move, but also couldn't bear to say goodbye to the house he was so fond of. Since Julia was a house slave at this point, she wasn't so fond of it. So she ran away. The hamster looked in pain at Julia running back to the film crew. He spat on the ground and lit a cigarette. ""She can't handle the lifestyle,"" I thought. This inspired the hamster to work on his music and get that record deal he had always dreamed of. A tortured artist. No one knew all the things he had been through. So he hopped on a plane to LAX with a dream and a cardigan. He jumped in a cab, here he was for the first time, looked to his right and he saw the Hollywood sign. He thought, ""this",hh
bF3wySQHXxUL66FkpR9w,"a mouse who wanted to explore the world; it lived in a quiet, peaceful meadow, by the river, and it recently befriended a lobster that had explored the upper parts One day, the lobster asked if the mouse wanted to go to the mountain in the horizon. A little hesitant, but also intrigued, the mouse asked the lobster to give it a day to prepare. The mouse went home and found his hiking boots, and prepared a big meal to take with and share. with the lobster. The next day they were on their way, but before they even knew it, they were already facing their first obstacle; a passage that seemed to be guarded by two foxes. The mouse was scared and asked the lobster if they could take an alternate path, but the lobster insisted that this was a great opportunity for personal development. The lobster thought out a plan to distract the foxes, by essentially using the meal that the mouse had brought along. The mouse reluctantly agreed, although with the condition that the lobster would have to find and make dinner for them later. They hid the meal in some nearby bushes, and slowly the foxes began to pick up the scent from the meal. They both left the passage, and the mouse and the lobster quickly ran through the passage; soon, however, they encountered a third fox. It was looming over them, and the lobster readied its claws to attack, but the other two foxes were suddenly back and got a hold of the mouse. This put a stop to the lobster's attempts to escape, and so they were captured and brought to a nearby thieves' camp. The camp consisted of other foxes, some wolves and also some weasels. One weasel felt bad for the two friends though, and took pity on them. He decided to help them out (in exchange for the mouse's hiking boots). When everyone else was sat around the fire, he freed them and pointed them in the direction of a shortcut that would lead them right to the mountain that they wanted to see in the first place. The two quickly made their way, going through winding tunnels and essentially a labyrinth. A faster way did not necessarily mean easier. At one point they thought they found the end of the maze and came out to a small grotto inside a cave; they determined that they must be at the foot of the mountain right now. Suddenly the mouse's stomach growled; after all, they lost their big meal. But perhaps there would be food on the other side of the mountain! They started the steep climb, and before they knew it, they stumbled upon what seemed to be a storage room; tons of jams and conserved jars of pickles and fruits. The two stopped for a quick snack break before resuming their climb, now with newfound strength. The sun would be going down before too long, and the mouse really wanted to reach the top soon. But the lobster did not seem too worried with rushing. The mouse was frustrated with the slowness but relented, being a little tired itself. Eventually, at around midnight, they found themselves finally reaching the peak. The moonlight provided enough light to see the beautiful view of the far land. Then the mouse realized: yes the world is dangerous but also",hh
cUrf0q4FWuzVfOPnH1a7,"The mighty duck, Alfred, resided comfortably on his throne, with his little golden crown. With a sharp smirk, he awaits the feathered prisoner who slowly marched to the scene with his head. weighed down with an iron collar, led by his majesty's guard. Once-pale skin, blistered with tar - a lesson and warning to the masses of people, whoever had a shred of an idea to revolt against the monarchial regime. ""HOW DARE YOU"" the king verbally accosted. ""What say you now, noble rebel?"" inquired the sovereign with a wry snarl. Silence - the crowd waited. A weak moan ached through the hall. ""Aha, no tongue commands no duck!"". The anger-fueled mammal stood on his two yellows, with high might and prestige. ""That is an utmost offence you have committed.."" the crowd awaits in suspense. ""Bathing in the bathwater of the blessed prophetess is a rite reserved only for the epic Mallards of the sanctuary. And you thought you could control the magic? What powers were you hoping to? achieve? For a duck of your stature, I must only assume the worst of intents. Answer me! Peasant of the far lands!"" The light of the stained-glass windows shattered on the face of the prisoner. Again, the sovereign awaited a meek cry from his hostage. The prisoner steadied himself both wings. A glare of vengeance beamed up to the throne. A mighty ""HONK"" boomed through the JBL speaker hidden under his feathers. The entire crowd of ducks kneeled in utmost defeat, acknowledging the true king of the high pond had not yet defeated all pretenders. The prisoner was but a vessel. As he collapsed, the Jester of the Burdened laymen appeared - growing from the size of a bean, spat from the beak, to a full-fledged Mallard of golden wings. ""Your time awaits Alfred, it has been way too long and way too dreadful,"" he uttered as he stepped closer to the king. Guards rushing to a confused formation, it was clear that their loyalty started to waver. The pain of the king's rule could no longer hold the masses in check. ""The Firebreasted Phoenix!"" cried a duckling from the crowd, the realization setting in, chilling the guards who were losing faith. ""The prophecy... it's true!"" the head of guards shakily confessed. ""You ""Think this power impressed me?"" mocked King Alfred. ""The power you stole has been my study for decades!"" He clutched the vial pendant on his chest and tore it from the necklace. . ""You shall be witness to true power.."" he mumbled as he swallowed the pendant in one gulp. ""You fools!!"" he exclaimed as he gruesomely started to grow into a beast of dark. age lore. A beast thought to only exist in children's tales to keep them from the forests of the far lake. The King's body warped, tearing through antique silk and bursting his buttoned cloth, blocking the only source of light in the royal headroom. Only to reveal, the foul beast they all once heard of, ""..the Pigeon"" the Jester whispered as a drop of sweat painted his new sizzling form. The Beast King stood and his new bones cracked into place. He let out a terrible ""SQUAWK!"", and lunged at the Phoenix in the center of the court. But as they touched, powerful light illuminated from the clash of the claws. ""You stand no chance Alfred! The people will get their freedom!"" the fiery beast screeched as it arched its back and hugged the tyrant. ""NO, YOU FOOL - YOU--"" he cried as they melded into an amorphous mass. With the king and pretender now gone, the people were free to path ahead into",hh
fIf2ccAs4ZpVTP7BBoxp,"A young CEO with a dream. The dream is deeply rooted in personal memories. It all started in Austria, in 1968. It was the peak of the summer of love. , starting at the ice cream store right outside the office. Lisa had just left an important meeting and was now heading down to the river in the middle of the city. She wanted to take her bike, but forgot that the tire was deeply flat. As she started to hike, this made her meditate on the beautiful nature surrounding her. The river through the hills and the trees moving with the wind. She has never really been much of an outdoorsy type, but on this particular day, the world was just stunning!!! If only she had some kind of way to capture the beauty of this very moment, she thought to herself. But her phone had just died. Crap she thought. Now she couldn't share this on her Instagram story making her feel rather unsatisfied, unseen really. If only my friends could see me now, that's what she really wanted. If only a device existed that could make them see what I saw. She continued down the river around a big rock when she saw something startling. An otter was lying on its back, ever so peacefully. This, she knew, was truly remarkable. She squeezed her eyes. What if a simple twitch of the eye could upload this to the tv of her grandparents. She didn't see them often after moving, and they were always talking about the beautiful nature they had seen. when backpacking across the country after graduating from university, exactly as the 60s were ending. They were both biologists, fully invested in the emerging ecological movement. to save the environment from being destroyed by human beings. Lisa thought that was a bit dramatic. Like Many of her friends, she had adopted a sort of pragmatic and techno-optimist POV on the ecological situation. Surely, she thought, these problems could be solved through new technology. In the middle of her daydreaming she was brought back to the present by the otters splashing. Two birds were heading north, in the opposite direction of the river flow, away from the city. Perhaps a metaphor? Unlike her grandparents, Lisa didn't just observe the world. She wanted to change. it. For the better. But how could she do this she thought. She didn't know anything about technology or the otters in the river, nor the birds in the sky. She did, however, know a thing or two about the flows of capital, the flocking of stocks, of human energy concentrated in economics. development. But people are not interested in making the world a better place. They just want more stuff. And this it seemed to her, was probably a good place to start. What if it was possible to use the power of human material desire to manifest a brighter future? To reverse this evil cycle of buying stuff and ruining the world into buying stuff and helping the world she had to think big.",hh
fcEeCffFk5SmTIeQXKQN,"two little birds who decided to travel to Africa not for the winter but for the summer. One of the little birds was called John and the other was called Marc. They wanted to go to Africa because they wanted to go on a jeep safari. Their big dream was to see an elephant. and ride its back all across Africa to see the wilderness and explore the continent. Marc was particularly interested in how the elephants find water on the savannah. Marc had heard in bird school that elephants have a special ability to find d water in the most barren of places by smelling it. He wanted to get a drop of water and see if the elephant smelled it. Now he just had peed. And to his surprise, the elephant smelled it immediately. The elephant started drinking it, and it really liked the way that this was not actually happening. Marc had just imagined it, and decided that he was not going to travel to Africa anyway. He decided to travel to the North Pole. He had to have a serious talk with Santa Claus. He forgot to give John. a heads up about where he was going, so John went to the South Pole by accident. But Marc had to complete his mission of getting an elephant to drink his pee. Therefore he flew to the zoo on the south pole, where they had a lot of elephants that had no way of drinking any fluids because they had serious digestive tract issues and were in the special elephant doctor's office. Therefore Marc went into the zebra enclosure. The zebras were not as smart as the elephants. So Marc took pity on them and every other living creature, and decided not to pursue his plan. He decided to go full send and try to prank John. He made a plan. First he peed in a cup. He placed it in front of John, and said it was just as terrible of a plan as their previous plan was. They both decided to not conduct any experiments anymore and just live in a peaceful world where no one has to drink pee. But the peace didn't last long. All of a sudden, Marc and John got into a psychosis where they thought that the peace would stop but then the psychosis was over and they were free . The interesting part of the psychosis was that it came from smoking Caribbean weed they had imported with help from the bird mafia back home. They became affiliated with the bird mafia a little later on and got in trouble with the undercover police. Their smuggling ring was infiltrated by a cat, and both Marc and John were sent to a high",hh
h9mEvTqoZyrUb6cj1fxu,"the girl with the blue dress. Sofie was walking down the street one morning, the smell of freshly cut grass filled the cold morning air. The sun was shining and suddenly a man greeted her, he was a tall, handsome and almost dreamy to look at. You were lost in his eyes for a couple of moments. Magnus, he was called... He had long, thin hair, tied up in a very small ponytail with a goatee. Sofie was struck by love, she was completely captivated by looks and his eyes, his sense of fashion and that smile... it enlightened something inside of her heart. He instantly melted her heart as he nodded his head and made a clicking sound with his mouth. He said, ""hey girl."" Sofie looked at scared but intrigued, somehow her heart beats faster and she gets flustered. Then he suddenly asked.. ""Which bus are you taking? we take the same bus. we take bus 2A, up to where Sofie lives. She was intrigued and a little scared, as Magnus walked right behind her all the way to her apartment. She didn't know until his deep voice awakened something inside of Sofie's heart. ""Do you want to come inside for a cup of tea, Magnus?"" I asked him. Magnus did the head nod and clicking sound again. I found it intriguing...Was he...Sexy? I couldn't figure it out. He said yes to the cup of tea, I would rather have coffee, but then I looked at his lips and eyes.. was he sexy indeed? I was somehow conflicted, but I still served coffee and face card. I'm always serving...in multiple ways. Magnus said that he had wanted to talk to me for a long time, I just wanted to go to sleep but he insisted that we could continue to talk and that he could spend the night. I was unsure about what to do but.. there was something in his eyes that led me on to say ""no...I think you should go home"" ""you should go home, and cut your hair, I'm not feeling the ponytail."" Magnus got a little mad at me, but then I looked judging at him and roasted him and crossed my arms like the queen I am. ""This is my apartment, go home and take a shower Mr. Stinky"" you don't belong here. ""We are just friends, when are you going to understand that? You shouldn't follow me home, it's creepy. But I'll see you at the Friday bar tomorrow. ""But Sofie!"" he shouted, ""I want to be with you and only you- you don't understand but-"" he continued, ""NO Magnus, GO HOME"" I shouted. Magnus bent down on his knees and begged ""Please take me back. You're the one, the only girl I've ever loved"". I stuttered...""Sorry I called you stinky, I was frustrated...You know I love you, but it's complicated. ""I'll cut my ponytail for you- I'll change for you, I'll be better for you and I'll stop wearing the red and blue shirts I always wear at the Friday bars, I promise"" He shouted yearning. for me ""but it's not about that. I love how you look...I'm just trying to come up with excuses for us to not be together. My dad doesn't want us to because of our cultural differences... You know my father doesn't approve and he doesn't support our relationship, we were never meant to be Magnus"" I looked away sad and",hh
hPlwWqqkemjjNa4Ny4nr,"Once upon a time, a princess lived in a small town in a faraway land. The princess was an only child and therefore was under immense pressure to secure the continuation of the royal family. However, there was one problem. The princess really loved being drunk and going out to dance all night with her best friends. But the kingdom did not like it. They were scared that any potential baby she would birth would have severe impairments from all the drinking she was doing. The princess refused to give up drinking but instead practiced safe sex so no baby would be born before she was ready to be a mother. She did not know if she would ever feel ready to become a mother?! How could one, when the thought of a cold beer felt so refreshing? The thought of a coffee was like a walking on a pink cloud at sunset. But she knew that she one day had to be ready. And she would be a great mother, she was sure of it. She would show her child how to have a good time, and hopefully, their children would not have to face the same judgments. Already, some people were beginning to be more understanding and still supported her. It was mostly the old stuck-up elders, who had been young during the war. She suspected that they were jealous that they did not get to go dancing while they were young and free. Maybe she should use her power as queen to get the elders out to flake floor with her. Then they would see how it feels to do the worm across floor ten tequila shots deep, smashing your teeth into the floor, losing perhaps a bit of self respect. But always having fun memories - the nights she could remember. It was memories she would always cherish. When she presented her dad with the idea to invite everyone over the age of 65 to a big party, where dancing would be for everyone, the king was very excited about the idea. He had his people make the invitation as soon as possible. He himself, was especially looking forward to the topless bar service! He suspected that this was something that would hype the elders who had only seen soggy breasts for a long time. Maybe some of them would find new love or lovers, after they lost their life companions. The princess found this idea of topless service a little unnecessary, was the prospect of a party not good enough. People should not come for the purpose of naked people but for their minds and love. But she was in no way opposed to the idea either. She knew that one can tell a lot about the character of a man from the shape of his nipples. And she was looking for a",hh
noaceHjzkirRMoHnkT4V,"A long time ago in a land far far away lived a small tortoise. It was not, however, a regular tortoise. This little fellow was a particularly stinky and foul-smelling creature named Paul. Paul was lonely although she had a couple of hundred siblings. One day, Paul decided to go and find some friends, somewhere else than the beach, which she knew. was THE place to go when trying to get friends. So Paul packed her shell with beach towels and sunscreen and headed off! On the way Paul noticed the expected amount of sick. But she was used to the smell. So she scooched on along the divide between forest and beach. Suddenly, a flash of light caught her eye - much like that of sun reflected . What was that? In the distance? Could it really be a creature undeterred by the foul, foul air that had filled the surroundings? Paul went closer to the palm tree. When she finally made it over there, there was nothing to be seen. Oh, well, time for a rest. She sat down for a while thinking about the flash of light she had seen. She had really hoped it could be a friend, but alas! It turned out to be yet another disappointment to add to the pile. She packed up her towel and started turning around, because she had to be home before sunset. As she turned, another flash of light caught her eye, this time it came from the heavens above! A great booming voice came from the skies and it seemed to Paul to tell her to ""take a shower""? ""A shower?"" Paul thought. Then rain started pouring. ""Oh great!"" Paul shouted at the sky. At least she had her shell to keep her dry. But what was happening? It felt like her shell started rocking. The rain kept pouring down and she could hear the sound of the drops on her shell getting heavier and heavier. ""What was that?"" she said to herself. Her shell was melting! It poured down over her face and legs, and soon the shell was completely gone. She stood all alone and shell-less on the beach in the shell-melting rain. : A little shell-less naked tortoise alone in the rain. At first, Paul was confused. Then came the sadness - her home was gone. But then... came the feeling of burning. in her loins. A new sensation, a good sensation, a sensation making her feel more lonely than ever. CRASH! The loudest noise Paul had ever heard filled the air. She felt inspired to go on. She was ready to face the world! The loud sound filled Paul with passion and made her focused. She decided to go to the source of the everlasting friendships. She could see everything clearly now, and she knew that she had to find Ursula, the sea witch. In her cave, Paul would find the friends she yearned for. ""I must go to the ocean!"" thought Paul. She then collected all her remaining strength to do a backflip into the cold waters of the ocean. She felt the crash of the water against her naked back. Swimming was a lot easier without the heavy shell. At the bottom of the sea, she saw a cave surrounded by white sharks. This did not frighten her. Her will, passion and burning loins drove her forwards with a speed unheard of in a tortoise of her size. The sharks had not yet noticed Paul's presence. But as she hurried past them, the biggest one opened its mouth, bared its teeth, and said ""Hello, Paul."" Paul couldn't believe it! Finally, she was reunited.",hh
qVjn3NBZDrc5qwoYuKfa,"a fish getting lost in the mountains. When you're born as a fish, your world is quite limited. However, you get to enjoy minimalist life. Eat sleep fuck repeat. Sometimes you worry about fishermen. But that depends on what fish you are. For example, if your name starts with an E, you are more prone to have been born as a clown shit and you spend your life not really thinking about the environment, in which you like. But if your name starts with F and you are from Czech Republic you might worry about bigger shit. You are more prone to be very educated and spend your time fantasizing about the outside world. Fish in our story was luckily not born as a clown FISH (typo earlier) and it was born as a big sexy shark. The king of the ocean, getting any female shark he could dream of. On average he’d have like 6-7 of the hottest Latino shark baddies. But lately, he was feeling very lonely, no companion could fill the void in his soul (and booty hole). In a conservative fish world, he could never admit to being bisexual. So therefore, he had to reserve his inner self for the weekends when the city became more alive and open-minded. When the clock hit 3 am, all special brothels opened. Our shark, whose name is Vojtech, worked in one. . This week, he touched a a sexy massive pink... jellyfish of course. Side note: you know what else is massive? Low taper fade. Anyways, back to the story, it was a sunny day, not that Vojtech would know, his hood was deep below surface where no sun, sadly, could reach any of its body parts. The good part of the fish world is that there is always a clear race distinction. No tanning or spray tan by Tana Mongeau. (reason why fish Trisha Paytas was never discovered) Vojtech was a nice, friendly guy who was too nice to eat otherwise so he was a skinny legend. Unfortunately, there are not that many calories in fish coochie so although he ate a lot, he ever only lost weight. One day, he decided to change that; he swam away and moved in with Sandy the nut collector from Most. Sandy was a REAL slut. She was like Bonnie Blue of the fish world. She did not care when, what, where. All she wanted was that fish BONE people choke on at Christmas, for her, it only carried happy memories. Our shark got gradually so much happier and less lonely. Sandy brought so many men home and Vojtech could enjoy as many BONES as he wanted. Everyone got",hh
r47jfYG4ULZMEexvVeqs,"a lady in a red dress, who sings at a local bar every Thursday night. She is paid in champagne and all the locals know her as the roaring ladybird. She loves singing, and wants to pursue it and do it for a living, instead of her cleaning job. But her husband told her she does not have the talent to make it big. Sometimes she wonders if he is right, but then a wave of determination floods her mind, and she keeps singing her favorite tunes. The song ""I'm Gonna Be (500 Miles)"" is blasting from her throat. People are cheering. This has to be the right path for her. She gets an idea. She has to audition for X-factor! This is how she will finally become a household pop-jazz icon! She runs to the stationary computer in their office and with shaking hands she signs up for the audition taking place the coming month. Now she just has to practice every day. And that she does. Whilst cleaning the dirty toilets, her angel voice, that also has a sort of raspy quality, rings from the bathroom stalls. Her boss even asks her to tone it down. Unknowingly, she has attracted the attention of a coworker who secretly plays the guitar very well. He hears her singing and one day asks her to be alone. He wants to form a duo with her. The roaring ladybird was conflicted. She was flattered at the offer, but would she be able to share the spotlight with? On the other hand, duos often get far in X-factor. However, maybe she could make her husband a bit jealous at the same time? That would not hurt. She decided to take a few days. to think about it. Her colleague looked excited at the idea of working together with her, and she liked the feeling of admiration that evoked in her. She mentioned the idea to her husband. He was furious. How she even considered to consider singing with a man in a TV SHOW baffled him. But after 4 hours of heated discussions, he gave in. But only if she promised to send him videos of them practicing every day. He was a body language specialist and wanted to monitor their sexual tension. Well, she gave in. At their first rehearsal they decided to sing a cover of a Dua Lipa song jazzified version. She was surprised at how well he could play jazz. Not everyone could do that. But of course she did not let him know that. She wanted to keep him humble in case they made too much progress and it would make him obnoxious. According to the roaring ladybird, men should be kept in a short line. She made the mistake of letting her husband take massage lessons once. When he came home, he had bruised her beautiful body all over with his rough massage. Never again. would she let a man walk over her like that. So when it became time for the audition, she was keeping the colleague in check. This proved to be the right decision because the three judges loved their performance and sent the duo straight to boot camps. Now they only needed a name. But she was out. of ideas. But one day her coworker suggested Ladybird and the hot colleague. She said no. Instead, they went for the",hh
uSUBQk0ZgGhDzjY8qQwb,"There was a girl who always tried to chase her dreams but there were a lot of difficulties along her way. But somehow she managed and chased her abroad dreams but now the dream was about to crash once again. She was in London, the city she had been dreaming about for her whole life. One day she received a letter from her ex-boyfriend that he is also coming to London to visit her. But now she is going into depression because she was anticipating this to happen. She left India to escape her ex-boyfriend and live out the dreams that he would not allow her, but now her worst nightmare would come true. The only way to escape from his ex to show him who she has become now - a strong independent girl who is not afraid of him and doesn't need his ""support"" all the time. Their relationship had been toxic in many ways, and he would always make her feel like she really needed him – which she didn't. But he manipulated her. She went to have a good haircut and some other services to enhance herself. She bought the car she was saving up to, and felt ready to face him. Two weeks passed, and he suddenly stood on her doorstep. He had brought lots of roses, trying to convince her to be with When she saw him, instantly she remembered all the love between them, and her heart started to convince her that maybe he is changed now, but a small voice inside her told her: No! You should not do this. You are so much happier without him. Don't let yourself be fooled by him. Not this time! And she closed the door in his face but before closing the door she held the roses from his hands and threw them towards his face and told him no man can be changed - you all are here the same. Let me go and don't come back! I'm done with you. It was very silent when she had closed the door. He didn't knock. But this time she is relaxed and satisfied. She never felt this much relief as she is feeling it now. Now another life is about to begin. A few days passed by, and there was no sight of the ex. But one day, as she was standing by the window to do the dishes, she noticed something moving outside in the backyard that a boy from his office is here to meet her and she always saw affection and respect for her in his eyes. and now he is at her gate to meet her. she puts the dishes away and goes out to greet him at the gate. He says: ""Hi Laura. I just thought of you and wanted to stop by. Do you want to grab a coffee with me?"" She thought about it for some time but this time she wants to try her luck again and said okay to him. She asked him to wait some time so she went inside and changed into some nice clothes. Then they went to a coffee bar, and he was being very nice to her. He paid for her. She reminded of her ex as she always had to pay with him, but this guy is showing nice gestures and she always notices a lot of good things. She was starting to feel butterflies inside of her. After drinking the coffee, he asked her if she would want to see him again, and she",hh
vtVEZIgMKoEkI6hoyJnd,"Gertrud. Gertrud was a lonely old woman closing her 89 years. She has 3 cats and 2 dogs, thinking it was a good time to be alive. However, one day a piano fell from high above the clouds and landed on all five of her pets. Gertrude was livid She screamed in joy while the people around her were astonished about the phenomenon that a piano and not a guitar fell from above. She was happy she didn't have to clean up the piles of squashed cat guts and fur, and set off to the supermarket to buy more melons; she urgently needed those melons to fake her pet's smashed heads to get the insurance money that was set to make her a billionaire. She always dreamed of getting on a big private jet and flying to outer space with all her friends: she had none. And ""planes can't fly that high,"" a clever man. once said. But she didn't believe it. If a dog could be sent to the moon and survive on the way back and she could survive all the rollercoasters in six different continents all over the globe, she could damn well survive a trip to outer space. After all she wasn't just any old lady. She was a grandma who survived raising 10 grandchildren and dealt with multiple ex-lovers, who weren't as spicy in bed. as Mike Tyson on cocaine. ""Mike Tyson on cocaine is the best sexual partner a woman can experience,"" her niece had always said to her, that she should watch him in the ring doing his thing, she said. Gertrude knew exactly what she meant. She's been through the whole thing when she put her children up for adoption in 1978. She called Mike Tyson, who was in the middle of drawing a cat, and asked if he wanted to go to her 4th husband's funeral. He died of a heart attack the doctor said, but Gertrud knew him too well, and his heart was strong enough to pull through, no. SHE KNEW THE DOCTOR WAS LYING. She had to make sure he never opened his mouth again. So she took a roll of duct tape and a casserole from her kitchen. The things you always have in the house, you know? She had to frame the doctor for HER murder. She brought her stuff to the train station where she started a new-age band with Søren Rasted from Aqua. He had nice hair and always talked about the deep voiced singer in his band. Rene Dif, he was a handsome man, he said. And if it wasn't for the society norms and perspective of people in general, they would DEFINITELY FUCK. But unfortunately they lived in rural Russia, where sexual norms were outdated and totally outdated. Well backtracking to Gertrud's agenda with the tape and casserole.. They took the train, and parted ways she had to stop by the morgue to discuss coffin-options. Then she jumped very high with a lot of force, all the way to space, where she met the grand pianomaker and Billy.",hh
xmFgQW5bh6PcMW6uXdYJ,"two people, who randomly met each other at university. And yes, it was random - because as it turned out, they didn't study the same subject, but one of them, Ian, was strolling through the university park with a beer in his hand. It was summer and the new semester had just begun. Clara, who walked through the park occupied with her thoughts, suddenly bumped into Ian and spilled her hot coffee all over him. ""Sorry!"" Ian replied ""it's alright"" and began to move on, now with a stained white shirt when the guy with Clara held him. back and asked him ""hey - it was not on purpose, you don't have to be so rude about it."" Ian looked surprised at him and Clara tried to neutralize the situation, but the guy wouldn't stop glaring. So Ian decided to use some quick thinking. ""Sorry I'm shy, and you are really pretty."" Clara blushed, dragged her friend away from the situation, wondering what had just happened. But something was in the air - and she could not figure out whether Ian had meant her or her friend Brian. Hopefully time would tell, after all the year had just begun, and Clara did not want to anticipate anything. The next day, Casper would not stop talking about Ian and his rudeness. Clara grew suspicious - how could she get the man to talk about SOMETHING else than the pretty boy from yesterday. As she was rummaging through her cupboard , she found the picture from last summer depicting her late father. The funniest man she knew - unfortunately he was not brave enough to come out of the closet, and this would now become her motivation to make Casper realize just how fucking gay he was. No man should be closeted in EVER. Clara thought back to the camp, where Brian got his nickname Casper - and wondered why this had stuck. Maybe it just fit his fucking gayness. ..yeah that's probably it. Anyway, Clara arose from the floor where she had been pondering and walked to the living room, where she found her mom lighting up a huge joint. ""Really, mom, again?"" she screamed, while grabbing her jacket to get the fuck out of there. She called Casper to ask if he wanted to eat lunch together. There was a new hotdog stand near the stadium that she wanted to try out. And the local soccer team was playing a match tonight, so maybe they would both get a kick out of watching hot men running around sweating, with a hotdog in each hand it certainly would provide great entertainment for the afternoon. Casper seemed to be in a great mood today, so maybe they could go to the pub later on as well. Clara needed to get drunk - as soon as possible! It had been a rough summer and she couldn't wait to get to know the local pubs. She started walking towards the",hh
conv_000cdfd292524cb2af708e5da4c2f0ae,"Mira, who woke one morning to find that her shadow had disappeared. She noticed it first while brushing her teeth, the bathroom light casting clear illumination all around her but leaving no dark silhouette on the tiles below. She waved her hand, stepped closer to the mirror, even jumped—nothing. The absence felt more profound than she expected, like losing a limb she'd never consciously used. At breakfast, her coffee sat on the table without the familiar dark pool beside it. Her roommate didn't notice at first, chattering about weekend plans while spreading jam on toast. But when Mira stood to refill her mug, casting no darkness across the sunny kitchen floor, the jar slipped from her roommate's fingers and shattered. Strawberry preserves spread like blood across the linoleum, glittering with shards of glass. ""Mira, your—where is your—"" Her roommate's voice cracked, unable to finish the sentence, as if naming the absence might make it more real. Mira knelt to clean the mess, watching her roommate's shadow bend and stretch across the sticky red pool while her own hands moved through the light like ghosts. ""I don't know,"" she whispered, gathering glass fragments carefully. ""It was just gone when I woke up."" Her roommate backed against the counter, eyes wide. ""Should we call someone? A doctor? The police?"" Mira laughed—a brittle sound that surprised them both. ""And tell them what exactly? That I've been robbed of something that shouldn't exist in the first place?"" She dumped the glass into the trash with a sharp clatter. But even as she spoke, Mira felt the wrongness settling deeper into her bones. Outside, pedestrians hurried past their ground-floor window, each trailing their faithful dark companions across the sidewalk. Mira pressed her palm against the glass, watching her hand remain stubbornly singular, unechoed. Then she saw it—across the street, her shadow stood pressed against a brick wall, perfectly still, watching her back. It raised one hand in a slow, deliberate wave. Mira's blood turned to ice. Her own hand remained frozen against the window. The shadow peeled itself from the brick like wet paper, stretching and flowing across the pavement toward their building. Her roommate grabbed her shoulder. ""Mira, it's coming—"" But Mira was already moving toward the door, some deep instinct pulling her forward. She had to meet it, had to understand what it wanted. The shadow slipped through the crack beneath the door before she could turn the handle, pooling on the entryway floor like spilled ink. It rose slowly, taking her shape but wrong—taller, sharper at the edges, its form flickering with something almost alive. When it spoke, the voice was hers but hollow, as though echoing up from a well. ""You never listened,"" it said. ""Always rushing, always bright, never sitting still in the quiet dark where I could rest."" Mira's throat tightened as understanding bloomed—all those sleepless nights fueled by caffeine and ambition, the relentless chase",aa
conv_01d1444f684c48af9cc5978f92742c23,"Margot Chen, who discovered on her thirty-seventh birthday that she could hear the thoughts of plants. It started with the fiddle-leaf fig in her apartment—a persistent whisper that sounded like *thirsty, thirsty, always thirsty* even though she'd watered it just two days prior. She'd dismissed it as stress, perhaps the wine she'd had with lunch, but then the spider plant joined in with a chorus of *cramped roots, need space, splitting at the seams* and Margot found herself on her knees, hands trembling as she unpotted the poor thing. The roots had indeed wound themselves into a desperate tangle, pale and compressed like thoughts left too long unspoken. As she gently teased them apart, transferring the plant to a larger ceramic pot, the relief that flooded through her felt oddly secondhand—as if the gratitude wasn't her own but borrowed from something green and growing. The spider plant seemed to sigh, its leaves perking almost imperceptibly, and Margot sat back on her heels, dirt under her fingernails, wondering if she was losing her mind or discovering something impossible. The question was answered that evening when she walked past the community garden on Bleecker Street and was overwhelmed by a cacophony of voices—hundreds of them, layered and overlapping. The tomato vines pleaded for support, their stems aching. The basil shrieked about aphids with the urgency of someone being devoured alive. Somewhere in the back, an ancient oak rumbled about the construction next door, its foundations disturbed, the vibrations like needles through its deepest roots. Margot pressed her palms to her temples, stumbling backward until she collided with the wrought-iron fence. A hand steadied her elbow—firm, calloused. ""First time?"" a voice asked, and Margot looked up into the weathered face of a woman who might have been sixty or eighty, her silver hair twisted into a braid threaded with what looked like living vines. ""I—what?"" Margot managed, though the garden's chorus had softened to a murmur, as if the plants themselves were holding their breath, waiting. The woman smiled, revealing a gap between her front teeth. ""The Listening,"" she said simply, as though it were the most natural thing in the world. ""Runs in certain bloodlines, skips generations sometimes. Your grandmother—she had it too, didn't she?"" Margot's breath caught. Her grandmother, who'd died when Margot was twelve, had spent every waking hour in her greenhouse, speaking softly to orchids and roses, and everyone had called her eccentric, lonely, a bit touched. But Margot remembered now—the way her grandmother's fingers had moved over leaves like reading braille, the knowing look in her eyes when a plant was suffering before any visible signs appeared. ""She never told me,"" Margot whispered, though even as she said it, she remembered the last afternoon they'd spent together, her grandmother's papery hand covering hers in the greenhouse, guiding her palm to rest against a dying magnolia. ""Listen",aa
conv_02fdeabba72446648a887222c6b4a9a0,"Mira, who woke one morning to find that every mirror in her apartment had turned to water. She discovered it by accident, reaching out to wipe away what she thought was condensation, only to watch her fingers plunge through the silvered surface with a gentle splash. The water rippled outward in perfect circles, catching the morning light in ways that seemed impossible—refracting colors she had no names for, deep purples bleeding into golds that didn't exist in any rainbow she'd ever seen. Mira pulled her hand back slowly, watching droplets cling to her fingertips before evaporating into tiny wisps of prismatic steam. The steam curled upward, forming shapes that almost looked deliberate—a bird, a face, a door. She blinked, and they dissolved into nothing. Behind her, the bathroom mirror rippled unbidden, and she caught movement in its watery surface. Not her reflection—something else. A figure stood in a room that wasn't her bathroom, surrounded by shelves of books that seemed to breathe and shift. The figure turned, and Mira's breath caught. It was her, but older—perhaps twenty years older—with silver threading through her hair and a scar along her jaw that Mira didn't have. The other Mira pressed her palm against the water from the opposite side, and suddenly the apartment fell silent—no hum of traffic, no distant voices, nothing. The older Mira's lips moved, forming words that rippled across the liquid mirror's surface like sonar waves: ""Don't trust the reflections in standing water. Only the moving ones tell truth."" Her eyes held an urgency that made Mira's chest tighten. Before she could respond, the older woman glanced sharply to her left, fear flashing across her face. She mouthed one more word—""Run""—before something dark swept across the watery mirror from behind her, obscuring everything. The surface went black, then shattered into a thousand droplets that hung suspended in mid-air for one impossible heartbeat before crashing to the floor. Mira stumbled backward, her heart hammering as the droplets hissed against the tile, evaporating instantly into that strange prismatic steam. The bathroom mirror was solid again—ordinary glass reflecting only her own terrified face. But in the corner of the reflection, she noticed something new: a thin crack running from edge to edge, and within it, the faintest shimmer of movement—water, still flowing beneath the glass like a hidden river. Mira's phone buzzed violently on the counter, making her jump. The screen showed a text from an unknown number: a single image. Her hands trembled as she opened it—a photograph of herself, asleep in her bed, taken from the doorway of her bedroom. Tonight. The timestamp read 2:47 AM—three hours from now. Below the image, a message appeared: ""The mirrors are doors. They've been watching. Lock them before midnight or they'll cross through."" Mira's blood ran cold. She looked around her apartment at every reflective surface—the darkened television screen, the glass-fronted cabinets, the polished kettle—and realized with creeping horror that she was surrounded. The apartment",aa
conv_0388f204ccd644f39221d0d8afff6d09,"a lighthouse keeper named Mara who stopped believing in the sea. It wasn't that the ocean had disappeared—she could still hear it crashing against the rocks below, still smell the salt carried on the wind that whipped through her hair each morning. But somewhere between the endless rotation of light and dark, the mechanical rhythm of tending the lamp, and the solitary meals eaten while staring at the same four walls, the sea had become nothing more than background noise. A vast, indifferent thing that simply existed beyond her windowpanes, no more meaningful than wallpaper or the ticking of a clock. Until the morning she found the bottle. It had wedged itself between two rocks in the tidal pool below the lighthouse, and something about the way the dawn light caught its green glass made her climb down for the first time in months. Her boots slipped on the wet stones, and the cold spray shocked her awake in a way the coffee never did anymore. The bottle was heavier than she expected, sealed with wax that had somehow survived its journey. Inside, she could see a rolled paper, and when she held it up to the rising sun, faint handwriting appeared through the glass—not a message asking for rescue or declaring love, but a single question that made her breath catch: ""Do you still remember why you came here?"" The words struck something deep in her chest, like a bell that hadn't rung in years. Mara sank onto the rocks, clutching the bottle as memories flooded back—her younger self arriving with dreams of solitude that felt romantic, not suffocating. She'd imagined herself as a guardian of something sacred, keeping watch over travelers who needed her light to find their way home. The sea had been alive then, full of stories and mysteries, each wave a whispered secret she strained to hear. She broke the wax seal with trembling fingers and unrolled the paper, finding not just that one question, but dozens more beneath it, written in different hands, different inks—some faded nearly to nothing, others bold and fresh. ""What did you hope to find here?"" ""When did you last feel the pull of the tide?"" ""Have you forgotten how to listen?"" Each question seemed written specifically for her, as though generations of lighthouse keepers had all faced this same hollow emptiness and left their wondering behind for the next soul who would need it. At the bottom, in the freshest ink of all, were five words and a blank space waiting: ""What will you do now? ______"" Mara stood slowly, the bottle clutched against her chest, and looked out at the sea—really looked—for the first time in so long. The water wasn't indifferent at all. It had been waiting, patient as only the ocean can be, for her to remember that lighthouses were never meant to keep the keeper safe from the world—they were meant to keep the world safe from the darkness. She pulled a pencil from her pocket, one she'd used countless times to mark mechanical readings in her log, and pressed the paper against",aa
conv_052cfef2e39e4d5e8ec74772babb6fb8,"a young girl named Aria who lived in a small village surrounded by a vast and mysterious forest. The villagers believed that the forest was enchanted, and many strange tales had been passed down through the generations about the creatures and spirits that dwelled within its depths. Aria had always been fascinated by these stories, and she would often sneak away from her chores to explore the forest's edge, her curiosity and sense of adventure driving her to uncover the secrets that lay hidden beneath the whispering leaves and twisted branches. One day, as she wandered deeper into the forest than she had ever gone before, the trees seemed to grow taller and the path behind her disappeared from view, leaving Aria to navigate through a sea of ferns and wildflowers that swayed gently in the breeze, their delicate petals and leaves shimmering like a thousand tiny lanterns in the dappled light that filtered through the canopy above, casting intricate patterns on the forest floor. As she walked, the silence was broken by the soft chirping of birds and the rustling of small creatures through the underbrush, and Aria began to feel a sense of peace and tranquility wash over her, as if the forest itself was embracing her, welcoming her into its ancient and mystical heart, where the pulse of the land seemed to beat in time with her own, and the trees loomed above her like sentinels, their gnarled branches tangling together in a canopy of twisted limbs that seemed to reach out to her, drawing her deeper into the forest's depths, where a faint humming noise began to vibrate through the air, a gentle thrumming that resonated deep within Aria's chest, and she felt herself being pulled towards the sound, her feet moving of their own accord, until she came upon a clearing, and in the center of it, a magnificent tree unlike any she had ever seen, its trunk glowing with a soft, ethereal light that seemed to emanate from within the tree itself, illuminating the delicate, crystalline structures that covered its bark, refracting the light into a kaleidoscope of colors that danced across the forest floor, casting a mesmerizing glow over the clearing, and Aria, entranced by the beauty of the tree, reached out a hand to touch its radiant trunk, feeling a sudden jolt of energy course through her body, as if the tree was alive and had awakened to her presence, and she felt a surge of knowledge and memories flood her mind, visions of ancient civilizations and forgotten lore, of mystical creatures and powerful magic, all swirling together in a vortex of revelation that left her breathless and stunned, yet somehow, inexplicably, she felt a deep sense of recognition, as if she had finally uncovered a long-forgotten part of herself, a hidden truth that had been waiting to be unearthed, and with this realization, the tree's glow intensified, and Aria felt herself being drawn into its heart, where she discovered a reflection of her own soul, shining bright with a light that had been within her all along, waiting to be unleashed, and as she gazed into the depths of her own soul, Aria understood that she was a part of something much greater than herself, a delicate web of life that connected every living thing, and with this understanding, she felt a sense of unity and belonging that she had never known before, and as the tree's light faded, Aria found herself back in the forest, but everything was different now, the trees seemed taller and closer, the creatures of the forest looked at her with a newfound sense",aa
conv_07895a6494a74fd3bbbf1c629d890e9d,"an old oak tree that stood watch at the edge of a sleepy village, its roots curling deep into earth churned by centuries of footsteps. Villagers often said the tree watched over them like a silent guardian, its sprawling branches sheltering stories no human ear had heard in generations. On quiet evenings, children dared each other to touch its gnarled trunk, claiming that if you pressed your palm to the bark and closed your eyes, you’d feel faint heartbeats, as if the oak’s memories were pulsing faintly through your fingers. Elders, with a knowing twinkle, spoke softly about the wishes they’d entrusted to those ancient roots—hopes whispered between chores, grief pressed into the soft moss clinging to its base, and promises tied with ribbons to the low-hanging branches. On the warmest night of midsummer, the villagers would gather for a festival beneath its leafy canopy, lanterns strung from limb to limb glowing like fireflies in the twilight. Musicians played lilting tunes as laughter mingled with the scent of wild thyme and spiced bread drifting from picnic baskets. That night, a hush fell when Old Marta, the village’s storyteller, leaned on her walking stick and approached the tree’s trunk. She pressed her gnarled hand gently to the bark and closed her eyes, the crowd holding their breath. Slowly, she began to murmur a tale—a story she said the tree had whispered to her in her dreams. It was a tale of a wanderer who, ages ago, sought refuge beneath the oak’s young branches on a storm-lashed night. The wanderer, lost and weary, had spoken his secret fears aloud as rain drummed on the leaves. The oak, listening, cradled him with its branches, keeping him dry and warm until morning. In gratitude, the wanderer left behind a silver locket, burying it beneath the roots and sealing a pact: the oak would guard not just him, but all who sought shelter—carrying their hopes, sorrows, and wishes for as long as it stood. Marta’s voice faded, and silence hung thick in the air. Then, as if in answer, a gentle breeze rustled through the oak’s leaves, the lantern light dancing on the villagers’ faces. In that moment, every villager felt a quiet comfort settle in their bones. Children huddled close to parents, and old Marta smiled, her hand still resting on the bark. Someone began to sing a soft, familiar melody, and soon others joined in, filling the air with voices woven together like the roots beneath their feet. The old oak seemed to sigh contentedly, leaves shimmering in the lantern light. Long after the last song faded, villagers lingered, each sure their wish and story would be remembered—held safe by the ancient guardian. As dawn painted the sky with gold and rose, the villagers drifted home, hearts light. Beneath the oak’s sheltering branches, hope and memory remained, wrapped around the roots with every whispered secret, every song and sorrow. And so, the old oak stood watch, century after century—a steadfast keeper of all their stories, holding the soul of the village in its heartwood, gently guiding those who still dared to dream beneath its timeless shade. And whenever the wind danced through the leaves, the villagers would remember: the old oak was listening, always ready to welcome new hopes into the ever-growing tapestry of its",aa
conv_1135e4a162c64105aaf2934e6fecd74b,"Margot Chen, a clockmaker who lived above her shop on a narrow cobblestone street that time seemed to have forgotten. Every morning at precisely 7:43, she would unlock the door with its brass bell that announced visitors with a cheerful *ting*, and every evening at 6:17, she would lock it again, though no one could quite remember her ever explaining why those particular minutes mattered. The shop itself was a labyrinth of ticking, a symphony of gears and pendulums that somehow never fell out of harmony. Customers who entered seeking repairs often found themselves staying longer than intended, mesmerized by the walls lined with timepieces from every era imaginable—grandfather clocks that towered like sentinels, pocket watches displayed under glass domes, cuckoo clocks that announced the hours with carved wooden birds emerging to sing their mechanical songs. But it was the clock in the back corner that drew the most curious gazes, though Margot never spoke of it to anyone. It stood motionless, its hands frozen at 11:34, its face cracked down the middle like a mirror that had witnessed something terrible. One autumn afternoon, a stranger entered the shop just as the bells were striking four. He was tall and weathered, with silver threading through his dark hair, and he moved through the maze of clocks with unsettling familiarity, as though he'd walked this path a thousand times before. Margot's hands stilled over the pocket watch she'd been repairing, her tweezers trembling slightly. The stranger stopped directly before the broken clock in the corner, and without turning said, ""You kept it all these years."" His voice carried the weight of decades. Margot set down her tools carefully, each movement deliberate, buying time she suddenly wished she had more of. ""I kept my promise,"" she replied quietly, her eyes never leaving his back. ""Though I hoped I'd never have to explain why."" The stranger finally turned, and his face held the same expression she remembered from that November night twenty years ago—half regret, half relief. ""Then you know why I've come back,"" he said, reaching into his coat pocket. He withdrew an ornate key, its brass surface etched with intricate patterns that matched the frozen clock's decorative face perfectly. Margot felt her breath catch. ""Thomas,"" she whispered, and the name seemed to echo through the shop, causing the surrounding clocks to hesitate in their rhythms for just a heartbeat before resuming. ""The clock can't stay broken forever,"" Thomas said, stepping closer with the key extended between them like an offering, or perhaps a question. Margot looked from the key to his eyes, searching for the man she'd once known beneath the years that had carved themselves into his features. ""If we start it again,"" she said slowly, ""everything changes. Everyone we've protected, all the moments we've held suspended—they'll all come flooding back at once."" Her hand hovered near the key, trembling with the weight of two decades. Thomas nodded, his jaw tight. ""I know. But keeping time frozen has its own price, Margot.",aa
conv_11c2622ee391485c9913d2f1479b665b,"two unlikely friends, a wise old owl named Oliver and a curious young rabbit called Rosie. They met one chilly autumn evening under a large oak tree, where Rosie had sought shelter from the sudden drizzle. Oliver, perched high above, noticed the small rabbit huddled beneath the thick branches. ""Why so glum down there, little one?"" he called out gently. Rosie looked up, her ears perking at the sound of his soothing voice. ""I'm just a bit cold and wet,"" she replied, shivering slightly. ""The rain caught me by surprise."" Oliver fluttered down gracefully, landing beside her. ""Well, you're welcome to share my cozy nest up in the tree. It’s dry and warm,"" he offered. Rosie hesitated for a moment, then smiled gratefully. ""That would be wonderful, thank you, Oliver!"" She followed him up the gnarled trunk, her paws finding footholds among the rough bark. Once they reached the nest, Rosie curled up in the soft lining of leaves and twigs. The warmth was a delightful contrast to the cool, damp air outside. ""You know,"" Oliver began, settling next to her, ""this old oak has seen many seasons. It’s a good place to learn about the world."" Rosie’s eyes sparkled with curiosity. ""Can you tell me a story, Oliver? Maybe something about the forest or its secrets?"" she asked, her ears twitching eagerly. Oliver closed his eyes, thinking for a moment, before he started to speak. ""Long ago, when the forest was much younger, there was a hidden grove known as the Whispering Glade. It was said that if you listened carefully, you could hear the spirits of the forest speaking through the rustling leaves and the gentle breeze. Many animals came seeking wisdom and guidance,"" Oliver continued, his voice taking on a mystical quality. ""But to find the Whispering Glade, one needed not only courage but also a pure heart. Those who approached with selfish intentions never found it, while those who were true and kind were often rewarded with profound insights and blessings."" Rosie listened intently, her imagination soaring with the tale. ""Do you think the Whispering Glade still exists, Oliver?"" she asked, her eyes wide with wonder. ""Oh, I believe it does,"" he replied, nodding slowly. ""The forest holds many secrets, and the Whispering Glade is one of them. Perhaps one day, if you show the right spirit, you might even find it yourself."" Rosie felt a warm thrill of excitement. ""I would love to try,"" she said, her resolve growing. ""For now, though, let’s enjoy the peace of this moment."" They sat in comfortable silence, the gentle sounds of the forest lulling them into a peaceful state. As the rain outside began to ease, the two friends felt a deep connection, knowing that their journey together was only just beginning. Under the shelter of the old oak tree, they shared stories and dreams, each one weaving a thread in the tapestry of their friendship. As the sky cleared and the first stars appeared, Rosie and Oliver made a pact to explore the forest together, seeking the wonders and mysteries that lay ahead. Hand in paw, they ventured forth, ready to face whatever adventures awaited them in the vast, enchanting forest. And so, their tale began, a story of",aa
conv_13f71095fd0a4a1d8a69de1414e8a7b7,"a small, peculiar village nestled deep in the misty hills, where every sunrise was greeted not by the cheerful songs of birds, but by the haunting sound of a silver bell. The residents believed the bell kept something at bay—a shadow that writhed between the trees at the edge of the forest, never quite seen but always felt. No outsiders visited the village, and few villagers dared tread beyond the worn cobblestone paths. They whispered stories to their children at night, cautioning them never to follow the bell’s echo if it rang after sunset. “Once you step past the old boundary stones,” old Mrs. Liddell would warn, her voice a trembling hush, “the bell can’t protect you anymore. Out there, the shadow knows your name.” One chilly evening, as fog pressed thick against the windows, young Eliora sat by the hearth, her curiosity burning brighter than the firelight. She’d always wondered if the stories were really true, or if the adults simply clung to superstition in hopes of keeping everyone safe. When she caught Thomas lingering near the window, eyes narrowed in concentration, she understood at once what he was thinking. With a conspiratorial glance, she crossed the room to stand beside him. “You hear it too, don’t you?” she whispered, as the silver bell’s chime echoed faintly through the swirling fog. Thomas nodded, his voice barely a breath. “It’s different tonight. Closer.” Their hearts thudded as, beyond the glass, something dark unfurled at the edge of the circle of lantern light—a shadow flickering, oddly shaped, as if it wore a cloak made of midnight. Eliora’s breath caught as the bell tolled once—sharper, more urgent. The shadow hesitated at the boundary stones, wavering. Thomas took a trembling step back, but Eliora, seized by a strange mix of fear and fascination, stepped forward instead. The mist parted just enough for her to see—within the flicker of the lantern’s glow—a pair of pale, searching eyes looking back at her from beneath the shadow’s hood. Time seemed to stretch; the bell’s echo faded, replaced by a silence so deep it pressed on her chest. Then, a voiceless whisper curled into her mind: **“Let me in.”** Eliora’s hand hovered over the windowsill, the cold glass damp beneath her fingers. She was rooted to the spot, Thomas’s frantic whisper barely reaching her ears. The thing outside seemed to sense her hesitation. Its eyes glimmered with a strange longing, and for a heartbeat Eliora wondered if loneliness was something even shadows could carry. But Thomas’s hand closed around hers, steady and desperate. “We have to be stronger than the stories,” he pleaded. The thing beyond the stones began to retreat, its form blurring with the mist as the silver bell shivered out one final, thinly hopeful note. Eliora squeezed Thomas’s hand, her curiosity untamed but her resolve now grounded in something deeper—companionship, and the wisdom of old warnings. As the dawn broke and golden light dissolved the last traces of the shadow, Eliora and Thomas realized that though the bell’s warning would always sound, it was courage and the strength of friends that truly kept the darkness at bay. And as the village awoke, bathed in",aa
conv_145de5a68d014da88f143860a2aed6fd,"Margot, who discovered she could taste colors whenever she touched old books. It started the day she inherited her grandmother's bookshop in the narrow, cobblestoned streets of Prague's Old Town. The shop had been shuttered for three months following her grandmother's passing, and when Margot pushed open the weathered door, a cascade of sensations overwhelmed her. Dust motes danced in the amber afternoon light, and the musty scent of aging paper wrapped around her like a forgotten embrace. She reached out to steady herself against the nearest shelf, her fingers brushing the cracked leather spine of a volume whose gilt lettering had long since faded to shadow. The moment her skin made contact, her mouth flooded with the sharp tang of copper and burnt orange—autumn leaves and woodsmoke compressed into a single, startling flavor that made her gasp. Margot jerked her hand back, her heart hammering against her ribs. She stared at the book as if it had bitten her, then cautiously extended her fingertips again. This time she was prepared for the sensation—that impossible, vivid taste that had nothing to do with her tongue and everything to do with something deeper, some synesthetic bridge her grandmother's shop had awakened in her. The copper-orange flavor bloomed again, but now she detected layers beneath it: the honeyed gold of candlelight, a flash of crimson like crushed berries, the deep indigo of midnight that tasted oddly of anise and rain. Margot pulled the book from the shelf with trembling hands, cradling it as though it might dissolve at any moment. The cover bore no title, only an embossed symbol she didn't recognize—a key intertwined with what looked like a spiral of stars or perhaps letters from an alphabet she'd never seen. As she traced the symbol with her thumb, a new taste emerged—silver and mint, cold as December wind yet somehow comforting, familiar in a way that tugged at memories she couldn't quite grasp. Her grandmother's face flickered through her mind, that knowing smile she'd worn in those final weeks, as if she'd been keeping a secret too precious to speak aloud. Margot carried the book to the wooden counter where her grandmother had spent countless hours, its surface worn smooth by decades of use. She set the book down gently and noticed for the first time an envelope tucked beneath the cash register, her name written across it in her grandmother's elegant, slanting script. Margot's fingers hesitated above it, then slipped the envelope free. Inside, a single page, cream-colored and heavy with intention. Her grandmother's words seemed to shimmer in the fading light: *My dearest Margot, if you're reading this, then the gift has awakened in you as it did in me, and in my mother before me. The books remember, darling—every hand that held them, every heart that loved them, every moment they witnessed. What you taste is their memory made manifest. This shop is not merely a collection of stories, but a keeper of souls, a bridge between what was and what still yearns to be known. You alone can hear what they whisper now. Trust the flavors, follow where",aa
conv_1547fb2c3c8a489186d0682465ab3451,"a young girl named Sophia who lived in a small village surrounded by vast, rolling hills and dense forests. She had always been fascinated by the stories her grandmother told her about the magical creatures that lived deep within the forest, where the trees grew tallest and the underbrush was thickest. According to her grandmother, the forest was home to ancient beings with mystical powers, and Sophia longed to catch a glimpse of them, to see if the stories were true. She would often sneak away from her chores and wander into the forest, her heart pounding with excitement and a hint of fear as she ventured deeper into the woods, the trees seeming to close in around her like sentinels guarding a secret world. The rustle of leaves and the snapping of twigs beneath her feet were the only sounds that broke the silence, and Sophia felt as though she was being watched, her senses heightened as she scanned her surroundings, her eyes darting from the gnarled trunk of an ancient oak to the delicate wildflowers that swayed in the gentle breeze. Suddenly, a faint humming noise caught her attention, a soft, melodic sound that seemed to emanate from a nearby thicket, and Sophia felt an inexplicable pull, as if the humming was calling to her, drawing her closer to the thicket with an otherworldly allure. She approached the thicket cautiously, her hand reaching out to part the tangled branches, and as she did, the humming grew louder, swirling around her like a vortex of sound, until she pushed aside the final branch and stepped into a small, secluded clearing, where a figure sat on a moss-covered stone, its back to Sophia, surrounded by a halo of soft, ethereal light that seemed to pulse in time with the humming noise, which had now grown so loud that it was almost palpable, vibrating through every cell in Sophia's body. The figure slowly began to turn, its movement almost imperceptible, and Sophia felt her breath catch in her throat as she saw the figure's face, a face that was both familiar and yet utterly strange, with eyes that shone like stars in the fading light, eyes that seemed to hold a deep wisdom and a profound sadness, and yet, as they met Sophia's gaze, they sparkled with a hint of mirth, a fleeting glimmer of amusement that danced across the figure's face, and Sophia felt a jolt of recognition, as if she had seen those eyes before, though she couldn't quite place where, and the figure, as if sensing her confusion, smiled, a gentle, enigmatic smile that deepened the mystery, and spoke in a voice that was like a soft breeze on a summer's day, a voice that carried the scent of wildflowers and the whispers of ancient secrets, saying a single word, a word that was both a question and a statement, a word that held the power to change everything: ""Remember."" And as Sophia heard that word, the world around her began to shift and ripple, like the surface of a pond disturbed by a thrown stone, and memories long forgotten began to rise to the surface, memories of a life beyond the village, of a time before the forest, of a world where magic was woven into the very fabric of existence, and Sophia's eyes widened as she recalled the truth, that she was not just a simple village girl, but a guardian, a keeper of ancient secrets and a wielder of forgotten powers, and as the memories flooded back, Sophia felt her true",aa
conv_1a4cdabdded94039ac38c6be264efe9f,"a small town where the sky sometimes shimmered with mysterious green light and the townsfolk kept secrets older than the largest oak tree in the park. It begins on the night when twelve-year-old Eli Turner realized that the light wasn't just a pretty spectacle. He watched from his attic window, clutching the journal he'd found in the hollow of the old oak tree just hours before. The shimmering green waves rippled over the rooftops, illuminating the town in an ethereal glow. In the journal, scrawled between notes about moon phases and detailed sketches of animal tracks, Eli found a warning: “When the sky dances green, old truths waken. Beware the beckoning shadows near the Willow Bridge. All things hidden seek the light.” Those words pulsed with a strange weight as the green shimmer grew stronger. Eli shivered, but curiosity tugged at him stronger than fear. He glanced at his dusty clock—midnight. As the light intensified, spilling ghostly patterns across his walls, Eli knew he couldn’t ignore the journal’s warning—or its invitation. He crept downstairs, careful not to wake his mother. With the journal pressed to his chest, Eli stepped outside, the night air cool and laced with the scent of wet earth and distant honeysuckle. The green light painted twisting shadows as he made his way toward Willow Bridge. Each footstep felt heavier, as if the air itself resisted his progress. Silence pressed in around him, broken only by the soft whisper of wind through the willows. When he reached the bridge, the green glow pooled beneath the arches like mist, swirling and shifting. Eli hesitated, heart pounding, but the words from the journal echoed in his mind. He crossed to the center of the bridge, the boards creaking softly beneath his shoes. The air sizzled with anticipation. Suddenly, something in the swirling glow moved—shapes, barely visible, drifting just at the edge of sight. Eli strained to see, his breath catching as the shapes seemed to coalesce into faint figures. One of them, taller and clearer than the others, extended a hand toward Eli. Its outline glimmered with energy, eyes shining like emerald flames. The journal grew warm in his hands. Without fully understanding why, Eli opened the journal to the page marked with a pressed willow leaf. The figure’s gaze locked on the page, and as Eli traced the words—""All things hidden seek the light""—the figure nodded. The green shimmer surged, and Eli felt a rush of wind. Suddenly, the shapes took on solidity—revealing old townsfolk from forgotten photographs, faces both haunting and kind. Their secrets, bound to the shimmering sky, filled the air as gentle voices whispered: “Thank you, Eli. You remembered.” The figures smiled, their forms growing brighter until they became part of the light itself. The green glow dimmed, returning the sky to midnight blue. Eli stood alone on the bridge, the journal cool and silent in his hands. A deep sense of peace settled over him. He looked back at the old oak tree, feeling its silent approval and knowing he had honored the secrets and stories that shaped his town. As he made his way home beneath the returning stars, Eli felt lighter, changed. From then on, whenever the sky shimmered green, Eli would smile, remembering what he’d learned—and knowing that some mysteries were meant to be shared, if one was brave enough to seek them beneath",aa
conv_1b0e1bf3782340208c862eb1953a6489,"Ella, a young woman with a heart full of dreams and a spirit as wild as the untamed forests she loved to explore. Ella lived in a small village nestled at the foot of the towering Grey Mountains. The villagers often spoke of the mystical creatures that roamed the dense woods, but Ella was drawn to these tales rather than frightened by them. She spent her days wandering through the forest, her eyes and ears always open for any sign of the legendary beasts. One crisp autumn morning, as the leaves painted the ground in hues of gold and crimson, Ella ventured deeper into the forest than she ever had before. The path she followed twists and turns, leading her to a hidden glade bathed in a soft, ethereal light. In the center of the clearing stood an ancient oak tree, its branches reaching out like the arms of a wise old guardian. As Ella approached, she noticed that the tree’s bark was etched with intricate symbols and runes, glowing faintly under the dappled sunlight. Curiosity piqued, Ella reached out to touch the symbols, and as her fingers brushed against the bark, the air around her shimmered. A gentle breeze whispered through the leaves, and the symbols on the tree began to pulse with a brighter light. Suddenly, the ground beneath Ella’s feet trembled, and the air filled with a mysterious energy. The oak tree seemed to come alive, its branches swaying as if in greeting. From the heart of the tree, a figure emerged—a graceful, ethereal being with hair as golden as the sun and eyes that sparkled like starlight. The being stepped forward, her presence both calming and awe-inspiring. “Welcome, Ella,” she said in a voice that resonated with the wisdom of ages. “I am Elara, guardian of this sacred place. You have been chosen to embark on a journey that will test your courage and strengthen your spirit. The forest is in peril, and only you can restore the balance. Are you willing to accept this challenge?” Ella’s heart raced with a mix of excitement and trepidation. She took a deep breath, her resolve firming. “Yes, I am ready,” she replied, her voice steady and clear. Elara smiled, a warm light spreading across her face. “Then let your journey begin. Follow the path that leads north, and trust in the signs that will guide you. The forest and its creatures will be your allies. Go now, and may the spirits watch over you.” With those words, Elara faded back into the ancient oak, leaving Ella alone in the glade. The young woman took one last look at the tree, feeling a deep connection to the forest and its mysteries. With a determined step, Ella set off along the northern path, her heart filled with purpose and her spirit alight with the promise of adventure. The journey ahead was unknown, but Ella was ready to face whatever challenges lay in her path. As she walked, the forest seemed to whisper words of encouragement, and the rustling leaves felt like the gentle touch of friends. The sun began to set, casting long shadows and painting the sky in shades of orange and pink. Ella found a cozy spot by a babbling brook to rest for the night. She built a small fire and settled down, the flickering flames casting dancing shadows around her. As she drifted off to sleep, the sounds of the forest lullaby",aa
conv_23a11cb8a62046a39c8eaeb4b4f1a0fc,"Margot Chen, who discovered on her forty-third birthday that she could hear the thoughts of plants. It started with the fiddle-leaf fig in her living room, which had been slowly dying despite her best efforts. That morning, as she poured her coffee and glanced at its drooping leaves, she heard it—not with her ears, but somewhere deeper, like a whisper pressed directly into her mind: *thirsty, always thirsty, roots drowning.* Margot froze, coffee pot still tilted in her hand, watching the dark liquid overflow her mug and pool across the counter. The fig's voice—if it could be called a voice—pulsed with a desperate, alien clarity that made her skin prickle. She set down the pot with trembling hands and approached the plant, kneeling before its ceramic pot. Her fingers touched the soil, finding it paradoxically damp yet compacted, a sodden mass that held water like a sponge but offered no oxygen, no room for the roots to breathe. *Drowning,* the fig whispered again, and now Margot understood. She'd been killing it with kindness, overwatering out of guilt each time a leaf yellowed. ""I'm sorry,"" she murmured aloud, feeling foolish yet compelled to respond. The fig's presence in her mind shifted—not quite forgiveness, but a patient, vegetative acceptance. She rushed to find a larger pot, fresh soil, anything to help, but as her hands touched the bag of potting mix in the garage, another voice bloomed in her consciousness—this one wilder, more insistent. The tomato plants outside in her neglected garden, their voices a chaotic chorus: *hungry, splitting, give us calcium, our fruits are tearing themselves apart.* Margot stumbled outside, still in her bathrobe, and saw them clearly now—the blossom-end rot blackening the bottoms of nearly ripe tomatoes, the plants' anguish radiating like heat. Around her, the entire garden erupted into声—声 into sound. The roses screamed about aphids, the lavender hummed contentedly in the morning sun, the maple tree in the corner groaned about its diseased branch. The cacophony overwhelmed her, dozens of botanical voices clamoring for attention, each with its own needs and pain and joy, until Margot pressed her palms against her temples and sank to her knees in the dewy grass. ""Please,"" she whispered, ""one at a time."" And miraculously, they listened. The voices dimmed to a manageable murmur, and the maple tree spoke first, its voice ancient and patient as oak. *The branch—northeast side, third from the trunk. It poisons me slowly. Cut it away, and I will thrive for another century.* Margot looked up at the gnarled giant that had shaded her home since before she'd bought it, seeing now the",aa
conv_24be5ad5ae8b490a89787a75511dc012,"a young woman named Sophia, who lived in a small village nestled between two great mountains. The villagers believed that the mountains held many secrets, and that the wind whispers ancient tales to those who listened closely. Sophia was one such listener, often wandering to the foot of the mountains at dawn and dusk, when the wind was said to carry the whispers most clearly. She would sit at the base of the larger mountain, her back against the cold stone, and close her eyes, letting the gentle breeze carry the whispers to her ears. At first, the whispers had been indistinct, a soft murmuring that seemed to come from all directions at once, but as Sophia continued to listen, she began to pick out words and phrases, and eventually, entire sentences that seemed to be speaking directly to her. The words were always cryptic, but they filled Sophia with a sense of wonder and curiosity, and she found herself looking forward to these daily listening sessions, as if the mountains were sharing a great mystery with her, and she was slowly unraveling the threads of a long-forgotten legend. The villagers had always spoken of an ancient civilization that once thrived in the mountains, a people with knowledge and power that had been lost to the sands of time, and Sophia couldn't help but feel that the whispers were connected to this lost civilization, that the mountains were sharing with her the remnants of their forgotten lore, and that she was being drawn into a world of ancient magic and mystery, where the boundaries between reality and myth blurred like the mist that shrouded the mountains at dawn. As she listened, Sophia began to experience strange visions, fleeting glimpses of a world that was both familiar and yet utterly alien, where towering spires pierced the sky and ancient forests stretched as far as the eye could see, and where creatures with eyes that shone like stars and skin that seemed to be woven from the very fabric of the mountains themselves moved with a quiet purpose, as if they were guarding secrets that only the most attentive of listeners, like Sophia, could begin to discern. The visions were fragmented and ephemeral, but they left Sophia with a sense of longing, a deep and abiding yearning to step into the world that the mountains were showing her, to walk among the ancient trees and to follow the creatures with star-like eyes, to see where they would lead her and what secrets they would reveal. The longing grew stronger with each passing day, until Sophia could no longer resist its pull, and she felt herself being drawn into the heart of the mountains, as if the whispers and visions had been merely a prelude to a greater journey, one that would take her to the very core of the mystical world that had been unfolding before her, a journey that would require her to leave behind the familiarity of her village and embark into the unknown, where the ancient magic that had been calling to her would finally be revealed in all its glory, and Sophia would discover the truth about herself, the mountains, and the secrets that had been hidden for so long, secrets that would change her life forever, and as she stepped across the threshold, the mountains seemed to whisper a final message in her ear, a message that only she could hear, a message that spoke directly to her heart, and in that moment, Sophia knew that she had finally found what she had been searching for, and that nothing would ever be the same again, for she had unlocked the door to a new world, a world of wonder and enchantment, where the boundaries of reality were stretched and the magic of",aa
conv_25b3327db15a448db32cb8f42d05655e,"a little girl named Clara who lived at the edge of a wild forest. The trees outside her window whispered secrets whenever the moon was high, and Clara often wondered what would happen if she followed those whispers into the depths of the woods. One blustery night, as wind rattled against the panes and her parents snored in the next room, Clara slipped quietly from her bed and tiptoed across the creaking floorboards. She wrapped herself in her softest scarf, careful not to wake the old tabby curled at the foot of her bed. With each step, her heart thudded louder—was it her nerves, or the call of the forest urging her on? She eased open the window, cold air stinging her cheeks and tangling her curls. Clara swung her legs over the sill and dropped onto the dew-soaked grass below. The moonlight painted silver ribbons across her path, illuminating every pebble and fallen leaf. Clara took a steadying breath and followed the shimmering trail into the darkness. The trees seemed to lean closer, their branches arching overhead in tangled canopies. The whispers grew clearer—softer now, like a song woven of wind and memory. Clara pressed onward, her eyes adjusting to the dim light. Suddenly, the song faded, replaced by a gentle tinkling—almost like laughter. Ahead, nestled in the roots of an ancient oak, she glimpsed a faint golden glow. Clara crept closer, her breath held tight in her chest, until she saw the source: a circle of tiny, luminous creatures dancing hand in hand. They spun and dipped, their wings shimmering in the golden light, and their laughter was like the softest bells. One of them, not much bigger than Clara’s thumb with hair spun of moonlight, noticed her watching from the shadows. With a mischievous curtsy, the little fairy beckoned Clara forward. Hesitant but mesmerized, Clara stepped nearer, and the circle parted to let her in. As soon as her toes touched the glowing moss, a rush of warmth surged up through her feet. The fairies clasped her hands, whirling her into their dance. Spinning faster, Clara's worries dissolved as laughter bubbled out of her. Together, they danced until the stars began to fade. As dawn gilded the treetops, the fairies gently guided Clara back to the edge of the wood, singing a promise in voices as light as morning mist: “Return if ever you feel alone; we will find you.” With a last twirl, Clara crossed the dewy grass and slipped back through her window just as sunlight spilled across her room. Her scarf sparkled with golden threads—a memory of the night’s magic. Smiling, Clara crawled into bed, her heart full of wonder and wildness. She listened as the forest songs faded to daytime hush, knowing she would never forget—and that the world would always hold hidden wonders for those brave enough to seek them. As sleep finally claimed her, a faint tinkling of laughter echoed in her dreams, and somewhere in the forest, the fairies danced on, waiting for their friend to return. For Clara, the line between dream and reality was forever blurred—and every night, hope shimmered just outside her window, carried on moonlight whispers and the promise of adventure. And from that night on, Clara knew the wild forest was not just a place of mystery, but of friendship",aa
conv_272a28c1cb76483fb0bcc11661b06dbc,"a quiet village nestled between emerald hills, where the mornings arrived wrapped in mist and the evenings sparkled beneath lantern light. In this village lived a young woman named Mira, whose laughter was as bright and effervescent as the brook that ran through the heart of the valley. Mira tended the gardens behind her cottage, coaxing wildflowers and herbs to life with her gentle hands and whispered songs. It was said that the flowers bloomed more brilliantly in Mira’s presence, and the villagers often came to her for bundles of lavender or sprigs of rosemary tied with twine. Mira never charged for these gifts; instead, she asked for stories in return. Each evening, as the fading sun glanced off the thatched rooftops, neighbors gathered in Mira’s garden, sipping herbal tea while sharing tales from their travels, family legends, and even rumors about the woods beyond the hills. Mira listened with keen delight, her eyes shining as she pictured distant lands and mysterious happenings. One night, as old Calder spoke of lights glimpsed deep in the woods, a hush fell over the group. Mira leaned forward, heart thudding with curiosity. Calder, his gnarled hands clasped around his mug, whispered, ""They say the lights dance among the trees when the moon is new, and if you follow their path, you may find what your heart most desires."" Mira’s cheeks flushed with wonder. That night, as the lanterns in her garden winked out one by one and the hush of midnight settled, Mira stood at her gate, staring towards the dark woods. The air was cool and perfumed with jasmine. A sense of longing tugged at her, stronger than she had ever felt before. Steeling her courage, she stepped into the moonless night, following the memory of Calder’s tale and the faintest shimmer that seemed to glimmer between the trunks. The woods closed gently behind her as she walked, every sound sharper and every shadow alive with the promise of discovery. The shimmer grew brighter—tiny orbs of silvery light weaving through the branches ahead. Mira followed, her breath quickening, until she reached a clearing bathed in an otherworldly glow. The orbs circled a solitary tree at the clearing’s center, its white blossoms luminescent in the strange light. Mira approached the tree, entranced, feeling the hush grow deeper. As she reached out, a gentle voice drifted from the blossoms: “What do you seek, child of dreams and dawn?” Mira’s heart fluttered, her courage both tested and steadied. “I seek the story hidden beneath these hills,” she whispered, “the one that lingers in the mist and trembles in my heart.” The orbs swirled closer, their light weaving into delicate patterns around Mira’s hands. The tree’s petals began to drift downward, each one glowing softly as it touched Mira’s skin. The gentle voice spoke again: “You are the keeper of our songs, Mira, and now our secrets too."" As the last blossom settled, images and memories unfurled inside Mira—dreams of the land, laughter of old storytellers, wisdom whispered in the rustling leaves and swirling streams. Mira felt herself aglow with understanding, as if the village’s heart had opened to her. When she returned at dawn, the mist seemed to bow before her, and the villagers greeted her with wonder. From that day, stories flowed from Mira like the stream itself—binding past and future, flower and root, morning",aa
conv_292771c4d36a4702b327c98371d9c388,"two friends, Mia and Leo, who grew up in the small, quiet town of Willow Creek. They spent their childhood exploring the woods behind Mia’s house, building forts, and following the winding river that cut through the heart of the forest. As they grew older, their adventures became more daring, but nothing could ever prepare them for what was to come. One summer evening, while wandering deeper into the woods than they had ever gone before, they stumbled upon an old, weathered map half-buried under a pile of leaves. The map was covered in intricate symbols and faded lines that seemed to lead to various points around Willow Creek. Intrigued, Mia and Leo decided to follow the map’s clues, hoping it would lead them to some hidden treasure or forgotten secret. Their first clue directed them to the old mill on the outskirts of town, a place that had been abandoned for years and was said to be haunted. Undeterred by the local legends, they made their way there after dark, flashlights in hand, hearts pounding with excitement and a hint of fear. The old mill loomed before them, its wooden structure creaking in the night breeze. They pushed open the heavy, rusted door and stepped inside, the smell of damp wood and mold filling their nostrils. The beam of their flashlights danced across the walls, revealing cobwebs and shadows that seemed to move on their own. In the center of the main room, they found a large, ornate chest, partially buried under debris. With trembling hands, Mia and Leo worked together to uncover it, their excitement growing with each piece of wood they moved aside. Finally, the chest was free. They exchanged a nervous glance before Leo reached out to lift the lid. Inside, they found a collection of ancient artifacts and a leather-bound journal. The journal contained detailed accounts of a secret society that had once thrived in Willow Creek, dedicated to protecting hidden knowledge and treasures. As they flipped through the pages, the weight of the discovery settled over them. This wasn’t just any treasure; it was a piece of history, a connection to a past they never knew existed. Determined to uncover more, Mia and Leo vowed to keep the secret and continue their quest, following the map to its final destination. Little did they know, their adventure was only beginning, and the secrets of Willow Creek ran much deeper than they ever imagined. With the journal as their guide and the map as their compass, they set out to unravel the mysteries that lay hidden in the heart of their hometown. Each step brought them closer to the truth, and with it, a bond that would only grow stronger. As they delved deeper into the past, they discovered that the town they thought they knew had layers of secrets waiting to be uncovered. Together, Mia and Leo were ready to face whatever challenges lay ahead, knowing that their friendship and determination would see them through. The adventure of a lifetime was just beginning, and the secrets of Willow Creek would never be the same again. Hand in hand, they ventured forward, ready to write their own chapter in the history of their hometown. The forest, the river, and the old mill would always hold special memories, but now, they held the promise of new discoveries and the thrill of the unknown. As the sun rose over Willow Creek, casting a golden glow over the town, Mia and Leo felt a sense of purpose they had never experienced before. Their journey was",aa
conv_2b6a9fdd2b264202b6fbc798e053f3c0,"a peculiar little village, nestled deep within the misty valleys, where the trees leaned in close as if to share secrets with the wind. At the edge of the village stood a crooked house, its shingles green with moss and its windows twinkling with the glow of lanterns, even in the daytime. The villagers never spoke of who lived there, not openly, and certainly not after dusk. Some said that an old clockmaker, Mister Corvus, called the crooked house his home. Others whispered about shadows in the windows when the moon was high, fluttery shapes that didn’t belong to birds or bats. Children dared each other to toss pebbles at the crooked house’s gate, though none lingered long enough to hear if the pebbles landed. One autumn evening, when the air was crisp and the fog rolled in thick as wool, brave little Tessa tiptoed down the winding path, her heart pounding like a distant drum. She clutched her worn satchel tight, inside which nestled her father’s broken pocket watch—a gift she hoped the mysterious Mister Corvus could fix. With every creak of the gate, her courage wavered, but she pressed on, guided by a faint chime drifting from the house. Tessa reached the porch, her breath mingling with the mist. She knocked, and waited. The door creaked open, revealing not a frightening figure, but an old man with kind eyes and silver hair that sprang in wild tufts. He wore a waistcoat peppered with pins and gears, and in his hands he held a tiny, mechanical bird that fluttered its wings with a whispery tintinnabulation. “Ah, you must be Tessa,” he said with a soft smile. “I've been expecting you.” Tessa blinked, startled—she hadn't told anyone she was coming. The old man beckoned her inside, where shelves overflowed with clocks, mysterious trinkets, and jars brimming with cogs that glittered like starlight. The air hummed softly with countless ticking and the gentle whirs of hidden mechanisms. Tessa’s fear gave way to wonder as she gazed around. “You brought something for me to mend, didn’t you?” Mister Corvus asked, his eyes twinkling behind spectacles streaked with dust. Tessa nodded and handed him the battered pocket watch, her voice barely above a whisper. “It belonged to my father. He said it held a secret—a song only the right hands could coax out.” Mister Corvus turned the watch over, inspecting it with a knowing smile. “Every heart and every timepiece has its melody,” he murmured. He reached for his smallest screwdriver. With Tessa watching wide-eyed, he carefully opened the watch—inside, not just springs and gears, but a tiny sliver of faded parchment lay tucked behind the mechanisms. Mister Corvus lifted it gently and read the words aloud: “For the daughter with courage to seek the song within.” As he spoke, the pocket watch began to play—a tune sweet and familiar to Tessa, echoing memories of laughter and love. Tears sparkled in her eyes as the melody wrapped around her like a long-lost embrace. Mister Corvus smiled gently and said, “Your father’s music will always guide you, Tessa, whenever you are brave enough to listen.” The watch’s song lingered in the air, mingling with the soft ticking of a hundred clocks. With gratitude and wonder, Tessa stepped",aa
conv_30e43acd01e24513a5f6f65aa3fc5f50,"a young girl named Aria, who lived in a small village nestled in the rolling hills of a verdant valley. The villagers lived simple lives, farming the land and raising livestock, their days filled with the gentle rhythms of nature. Aria, with her wild curly hair and bright green eyes, was a beloved member of the community, often helping her mother with the household chores and learning the traditional recipes that had been passed down through generations of village women. She was especially fond of assisting the village elder, a wise and kindly woman named Elara, who was renowned for her deep understanding of the natural world and her skill in harnessing the healing properties of the valley's unique plants and herbs. Elara's small cottage on the outskirts of the village was a treasure trove of strange and wondrous things, filled with jars of dried flowers, baskets of freshly gathered herbs, and shelves lined with ancient tomes bound in worn leather, their pages filled with the collective knowledge of the valley's ancestors. Aria was fascinated by the mysterious artifacts that adorned the shelves, each one imbued with its own unique energy and history, and Elara would often regale her with stories of their origins and the secrets they held, from the delicate crystal vial filled with the essence of moonlight, said to possess the power to heal the deepest of wounds, to the small, ornate box crafted from the wood of a ancient tree, said to hold the whispers of the forest and grant the listener visions of the past and present, its intricate carvings seeming to shimmer and dance in the flickering candlelight that illuminated Elara's cottage, casting a warm, ethereal glow over the space and transporting Aria to a realm beyond the mundane, where the boundaries between reality and myth blurred, and the very air was alive with the magic that pulsed through the valley like a lifeblood, a magic that Aria felt stirring deep within her own soul, as if it were awakening a part of her that had long been dormant, a part that was connected to the land and its ancient secrets, and she felt an inexplicable longing to step beyond the threshold of the cottage and into the mystical world that lay beyond, a world where the trees whispered secrets to the wind, and the creatures of the forest moved with a quiet purpose, as if they were being guided by a hidden force, one that Aria felt herself being drawn to, like a thread being gently pulled, leading her deeper into the heart of the valley, where the moon dipped into the darkness of the forest, casting a silver glow over the landscape, and the trees grew taller and closer together, forming a canopy of leaves that filtered the light and cast dappled shadows on the forest floor, creating a sense of mystery and enchantment that seemed to wrap itself around Aria like a gentle cloak, as she walked deeper into the woods, the silence growing thicker around her, until she came to a clearing, where a great stone monument stood, covered in moss and lichen, its surface etched with ancient runes that seemed to shimmer with a soft, otherworldly light, as if the monument was a gateway to a hidden realm, and Aria, feeling an irresistible pull, reached out a trembling hand to touch the stone, and as her fingers made contact with the runes, the light grew brighter, and the air around her began to vibrate with an intense, pulsating energy, as if the very fabric of reality was being parted, and Aria felt herself being drawn into the heart of",aa
conv_31e18dd54ab64e43899d86184657e442,"Elena Marquez, a lighthouse keeper who discovered she could hear the thoughts of ships lost at sea. It started on a Tuesday morning when the fog rolled in thick and suffocating, pressing against the windows of the keeper's cottage like wet wool. Elena was pouring her coffee when she heard it—not with her ears, but somewhere deeper, behind her sternum: a desperate, wordless plea that tasted of salt and rust. *Help us. We're turning in circles.* The voice wasn't quite a voice—more like an emotion with consonants, a feeling that had learned to speak. Elena dropped her mug, watching the dark liquid spread across the wooden floor in a shape that resembled a compass rose. She pressed her palms against her temples, but the sensation only grew stronger, more insistent, like fingers tapping morse code against the inside of her skull. *Three-seven-two degrees. No, wait—* The thought dissolved into static confusion, and Elena realized with a jolt that she was sensing the navigator's panic, his trembling hands hovering over instruments that had stopped making sense. She stumbled to the lighthouse tower, her breath coming in ragged gasps as she climbed the spiral stairs two at a time. The beam was already rotating, cutting through the fog in its eternal rhythm, but Elena knew it wasn't enough—not for a ship whose compass had gone mad, whose crew was drowning in their own uncertainty. She grabbed the radio with shaking hands and switched to the emergency channel, but before she could speak, another voice bloomed in her chest—this one older, weary, carrying the weight of decades at sea. *I've seen this fog before. 1987. Lost six men.* The memory wasn't hers, yet she could taste the bitterness of it, feel the phantom cold of those long-ago waves against skin that had never been hers. Elena's voice cracked as she spoke into the radio: ""Vessel in distress, this is Broken Point Light. I have your position."" She didn't know how she knew, but suddenly the coordinates were there in her mind, clear as her own name—latitude and longitude burned into her consciousness like they'd been carved there. The radio crackled back: ""Broken Point, this is the cargo vessel *Persephone*. How did you—"" The captain's voice faltered, confusion and hope tangled together. Elena didn't wait to explain what she couldn't understand herself. ""Captain, you're two miles northeast of the rocks. Your compass is caught in the magnetic anomaly off the point. Trust my bearing instead—come to heading one-eight-five degrees. I'll keep talking you through."" As she spoke, Elena felt the ship's relief wash through her like a wave breaking, a collective exhale from every soul aboard the *Persephone*. She stayed at the radio for the next forty minutes, her voice steady even as tears streamed down her face, guiding them through the fog with coordinates she shouldn't have known, past dangers she'd never mapped. When the *Persephone* finally emerged from the fog bank into clear morning light, Elena felt the crew's gratitude like warmth flooding back into frozen limbs—and then, gradually,",aa
conv_339a89acf32545fa80f53e02c9fd766b,"a small village nestled deep within the heart of an ancient forest. The villagers lived in harmony with nature, their lives intertwined with the rhythms of the seasons. Among them was a young girl named Elara, known for her curious spirit and deep connection to the woods. She often wandered into the forest, listening to the whispers of the trees and learning the secrets they held. One day, while exploring a particularly dense part of the forest, Elara stumbled upon a hidden clearing. In the center of the clearing stood a magnificent tree, its bark shimmering with an iridescent glow. The leaves whispered her name, drawing her closer. As she approached, she noticed a small, intricately carved door at the base of the tree. The door was slightly ajar, revealing a warm, inviting light from within. Heart pounding with a mix of excitement and curiosity, Elara pushed the door open and stepped inside. The interior was unlike anything she had ever seen—a vast, enchanted cavern filled with glowing flowers and gentle, flowing streams. In the center, a crystal-clear pool reflected the radiant light above. As Elara approached the pool, she felt a sudden breeze, and the air around her seemed to hum with energy. A soft, melodic voice whispered in her ear, ""Welcome, child of the forest. You have been chosen."" Startled, Elara turned around, but saw no one. The voice continued, ""Listen carefully, for the forest has a task for you. A dark force threatens to consume the balance of nature, and only you can restore harmony. Seek out the three sacred stones hidden throughout the forest. Each stone holds a piece of the ancient magic that protects our realm. With them, you will have the power to vanquish the darkness. But beware, for the path is fraught with challenges and dangers. Trust in the wisdom of the forest and the guidance of the spirits. Are you ready to accept this quest, Elara?"" The young girl took a deep breath, feeling the weight of the responsibility but also the burning desire to protect her home. ""I am ready,"" she replied with determination. The air around her shimmered, and a gentle light enveloped her. When it faded, she found herself back in the clearing, the door of the enchanted tree now closed. With a renewed sense of purpose, Elara set off into the forest, her heart filled with courage and her mind focused on the task ahead. She knew the journey would be difficult, but she was determined to find the three sacred stones and save her village from the impending darkness. As she ventured deeper into the forest, the trees seemed to part before her, guiding her path. The animals of the forest watched over her, their eyes gleaming with a protective light. Elara felt a sense of kinship with every living thing around her, as if the forest itself was whispering words of encouragement and strength. With each step, she grew more confident, knowing that the spirits of the forest were with her. As the sun began to set, casting a golden glow through the canopy, Elara came across a small stream. By its side, she found the first of the sacred stones, glowing faintly with a warm, amber light. It pulsed with the heartbeat of the forest, and as she touched it, she felt a surge of energy coursing through her body. The stone seemed to recognize her, and she knew it was hers to carry. With the first stone in hand, Elara",aa
conv_3cd6a9b2f37747109eaa80d6ec7ce875,"a young girl named Sophia, who lived in a small village surrounded by rolling hills and dense forests. She was a curious and adventurous child, with a heart full of wonder and a mind full of questions about the world beyond her village. Sophia spent most of her days exploring the surrounding countryside, discovering hidden streams and secret meadows, and talking to the villagers who lived in the small cottages that dotted the landscape. There was Old Man Jenkins, who told tales of far-off lands and exotic creatures, and Mrs. Thompson, who taught Sophia about the healing properties of the plants that grew in the forest, showing her which ones to use for fever, which ones for wounds, and which ones to avoid altogether. Sophia's favorite place to visit was the old oak tree that stood at the edge of the forest, its gnarled branches twisted and tangled in a way that seemed magical. The tree was said to hold the secrets of the forest, and Sophia would often sit at its base, listening to the whispers of the wind as it rustled through the leaves, and feeling the gentle vibrations of the tree's energy, as if it were sharing its ancient wisdom with her. It was on one of these afternoons, as the sun was beginning to set, casting a warm orange glow over the forest, that Sophia noticed a small door hidden in the trunk of the tree, partially concealed by a tangle of vines and moss. The door was tiny, no larger than a shoebox, and it had a small brass handle in the shape of an acorn, which seemed to be beckoning her to open it. Sophia's heart skipped a beat as she reached out a trembling hand to grasp the acorn handle, feeling a surge of excitement and trepidation as she turned it and pulled the door open, revealing a small, dimly lit room that seemed to be nestled within the heart of the tree itself. The air inside was thick with the scent of old books and wood polish, and the walls were lined with shelves that stretched all the way up to the vaulted ceiling, laden with tomes bound in worn leather and adorned with strange symbols that glowed softly in the faint light that emanated from a series of delicate, crystal orbs that hung from the ceiling, casting a mystical glow over the room. As Sophia stepped inside, her eyes widened in wonder at the sheer scale of the library, and the vast array of knowledge that seemed to be contained within its walls. She wandered deeper into the room, running her fingers over the spines of the books, feeling the raised letters and intricate tooling that adorned the covers, and breathing in the musty scent of aged parchment. As she delved deeper into the stacks, the silence of the room was suddenly broken by the soft whisper of pages turning, and Sophia turned to see a figure cloaked in shadow, seated at a desk in the far corner of the room, surrounded by piles of open books and scattered papers. The figure slowly looked up, revealing a pair of piercing green eyes that seemed to bore into Sophia's very soul, as if searching for something hidden deep within her. The eyes were framed by a face that was both familiar and yet utterly strange, with high cheekbones and a small, enigmatic smile that seemed to hold a thousand secrets. As Sophia stood there, frozen in wonder, the figure slowly rose from its seat, its movements elegance personified, and began to walk towards her, the soft rustle of its robes the only sound breaking the silence of the room. Sophia felt her heart beating faster,",aa
conv_3ef9d32d64f54bdf9885057da0285cef,"a young girl named Sophia, who lived in a small village nestled in the rolling hills of the countryside. She was known throughout the village for her striking green eyes and her long, curly brown hair that cascaded down her back like a waterfall of chestnut hues. Sophia was a kind and gentle soul, loved by all who knew her, and she spent her days tending to the village gardens, where she would carefully nurture the most vibrant and exotic flowers to bloom in every color of the rainbow. The villagers would often marvel at her talent, as she coaxed even the most reluctant blossoms into radiant life, and they would whisper to one another about the special gift she seemed to possess, a magic that went beyond mere gardening skills, a magic that seemed to emanate from her very presence, and which brought a sense of peace and tranquility to all who surrounded her. As she worked among the flowers, her hands would move with a quiet reverence, as if she were not just tending to the plants, but communing with the very essence of nature itself. The air around her would fill with the sweet scent of blooming flowers, and the soft hum of bees as they flitted from petal to petal, collecting nectar and pollen, and the gentle rustle of leaves in the breeze would create a soothing melody that seemed to harmonize with the rhythm of Sophia's heartbeat, as if she were a part of the natural world itself, a living embodiment of the land and all its secrets, and the villagers would watch her with a sense of wonder, feeling as though they were witnessing a mystical dance, one that wove together the threads of earth and sky, of growth and decay, of life and death, and they would feel their own spirits lift and soar as they breathed in the fragrance of the blossoms and the fresh earth, and felt the warmth of the sun on their skin, and the gentle touch of the breeze in their hair, and they would be filled with a deep sense of connection to the world around them, as if the boundaries between themselves and the natural world had dissolved, and they had become one with the land, the air, the water, and the very essence of existence, and in this state of unity, they would feel a profound sense of peace and understanding, as if they had finally come home to a place they had always known, but had forgotten, and Sophia, with her gentle smile and her eyes that shone like emeralds in the sunlight, would be the guardian of this sacred place, the keeper of its secrets, and the weaver of its magic, and as the villagers gazed upon her, they would see not just a young girl, but a symbol of the divine, a embodiment of the mysteries and wonders that lay just beyond the edge of everyday life, and they would feel their hearts overflowing with a sense of awe and reverence, as they realized that Sophia was a doorway to the infinite, a bridge between the mundane and the mystical, and that through her, they could catch a glimpse of the eternal and the infinite, and experience the beauty and the wonder that lay at the very heart of existence, and in this moment, they would know that they were a part of something much greater than themselves, something that transcended time and space, and that Sophia's presence had awakened them to this profound truth, and as the truth settled deep within their souls, they would feel a sense of transformation taking place, as if their very essence was being rewritten, and they would emerge from this",aa
conv_423a3b9f2e0640e789caf6a9f5e374b9,"a small village nestled between rolling hills and dense forests. The village, known as Greenhaven, was a peaceful place where everyone knew each other’s names and faces. The villagers lived simple lives, tending to their farms and gardens, and gathering in the town square for the weekly market. One day, as the sun began to set, casting long shadows across the cobblestone streets, a mysterious traveler arrived. Cloaked in a deep blue robe, the traveler moved quietly through the village, stopping only to observe the villagers with a curious gaze. Word of the stranger spread quickly, and by the time night fell, the local inn was buzzing with speculation and whispered tales. Elderly villagers shared stories of old prophecies and forgotten magic, while the younger ones wondered if the traveler might bring news from beyond the hills. As the fire in the inn’s hearth crackled, a young girl named Elara, known for her adventurous spirit, decided she would uncover the truth behind the mysterious visitor. With a determined nod to her friends, Elara slipped out of the inn and into the cool night air. The moon hung low and full, casting a silvery glow over the quiet village. She made her way to the edge of the forest, where she had last seen the traveler. The path was narrow and winding, but Elara moved with the confidence of someone who knew these woods well. As she approached a clearing, she saw the traveler standing by an ancient oak tree, their back to her. Taking a deep breath, Elara stepped forward, her heart pounding with a mix of excitement and curiosity. ""Excuse me,"" she called out softly, ""I couldn’t help but notice you’re new here. My name is Elara. Is there something you need, or perhaps a story you’d like to share?"" The traveler turned slowly, revealing a kind face and eyes that seemed to hold the wisdom of ages. ""Hello, Elara,"" the traveler said, their voice calm and soothing. ""My name is Arin. I come bearing a message for your village. A great change is coming, one that will test the strength and unity of Greenhaven. But first, I seek to understand the heart of this place. Can you tell me more about Greenhaven and its people?"" Elara smiled, feeling a sense of pride. ""Greenhaven is a place of deep bonds and shared histories. We care for each other like family, and our traditions are woven into the fabric of our daily lives. Every spring, we hold the Festival of Lights to celebrate the return of the sun, and in the fall, the Harvest Festival brings us together to share the bounty of the land. Our village is built on trust and cooperation, and we face challenges together, no matter how big or small. What is the message you bring, Arin? How can we prepare for this change?"" Arin nodded thoughtfully, a look of understanding in their eyes. ""The change I speak of is a test of that very spirit. A dark force is gathering beyond the hills, threatening the peace of not just Greenhaven, but all the lands around. To stand against it, your village must unite in ways it never has before. The strength of your bonds and the courage of your hearts will be your greatest weapons. I am here to guide you and help you prepare. Together, we can ensure that the light of Greenhaven shines brightly, even in",aa
conv_462717bcc40d4415847da0610f472914,"Eliana, a young woman with a heart as vast as the ocean and dreams that stretched beyond the stars. She lived in a small coastal village where the sea whispered secrets to those who listened closely. Eliana was one such listener. Every evening, she would sit on the old wooden pier, her feet dangling above the water, lost in the symphony of the waves. It was during one of these evenings that she noticed something peculiar—a faint, glowing light beneath the surface of the water. Curiosity piqued, Eliana leaned closer, her eyes widening as the light began to pulse rhythmically, almost as if it were communicating with her. She reached out tentatively, her fingers brushing against the cool water. Suddenly, the light surged upward, breaking the surface and revealing a small, intricately carved seashell that shimmered with an otherworldly glow. Eliana picked up the shell, feeling a strange warmth spread through her hand. As she held it close, a gentle voice seemed to whisper from within, speaking of ancient secrets and forgotten realms beneath the sea. The voice urged her to follow the tides, promising that the path ahead would lead her to truths she could hardly imagine. Heart racing, Eliana clutched the seashell tightly and made a silent vow to uncover the mysteries it held. The next morning, she set out on a journey that would take her far from the familiar shores of her village. With the seashell as her guide, she followed the coastline, her steps growing more determined with each passing mile. The sun rose and set, casting golden hues over the rolling waves, and the seashell pulsed softly in her pocket, a constant reminder of the adventure that awaited her. As night fell, Eliana found shelter under the branches of an ancient tree, its roots dipping into the sea. She lay down, the seashell still in her hand, and drifted into a dream filled with visions of underwater cities and creatures of myth. When dawn broke, she awoke with a renewed sense of purpose, ready to face whatever challenges lay ahead. The journey was long and fraught with unexpected obstacles, but Eliana's resolve never wavered. Guided by the seashell and her unwavering curiosity, she encountered mysterious islands, navigated treacherous waters, and even befriended a pod of dolphins that led her through a maze of coral reefs. Each step brought her closer to the heart of the ocean's secrets. One day, as the seashell’s glow intensified, Eliana found herself at the entrance of a hidden cave, its mouth shrouded in mist. The air inside was thick with the scent of salt and magic. She stepped cautiously into the darkness, the seashell illuminating her path. Deeper within, the cave opened into a vast, luminescent cavern. In the center, a crystalline pool glowed with the same light as the seashell. As Eliana approached, the water rippled, and a figure emerged from the depths—a graceful mermaid with eyes as deep as the ocean itself. The mermaid spoke in a voice that echoed with the wisdom of centuries, explaining that the seashell was a key to a lost realm where the boundaries between dream and reality blurred. She told Eliana of a great treasure, not of gold or jewels, but of knowledge and harmony, hidden within the heart of the ocean.",aa
conv_4a6a4f5ea2f54cbeb47af1cc5ce458ac,"a small, ancient village nestled between two towering mountains, where the air was always crisp and the sky a deep, unending blue. The villagers lived in harmony with nature, their lives centered around the seasons and the rhythms of the land. Every morning, the villagers would gather at the village square, where the oldest and wisest among them, known as the Elders, would share stories and wisdom passed down through generations. Among these villagers was a young girl named Lila, who had a curious mind and a heart full of dreams. Lila was always the first to arrive at the square, eager to learn and soak in every word the Elders spoke. She was particularly fascinated by the tales of the Mountain Spirits, mythical beings said to inhabit the peaks above. These spirits were believed to control the weather and protect the village from harm. Lila often wondered what it would be like to meet one of these spirits. One day, after a particularly stormy night, the village woke to find a mysterious, shimmering stone at the edge of the forest. The stone glowed with an otherworldly light, and whispers of its appearance spread quickly through the village. Lila, driven by curiosity and a sense of adventure, decided to investigate the stone on her own. As she approached the forest’s edge, the air grew cooler, and the trees seemed to whisper secrets in the wind. Heart pounding with excitement and a touch of fear, Lila reached out to touch the stone. As her fingers brushed against its surface, the stone pulsed with a warm light, and the air around her began to shimmer. Suddenly, the ground beneath her feet trembled, and the trees rustled as if alive. From the depths of the forest, a figure emerged—a tall, ethereal being with eyes that sparkled like the stars. The spirit’s voice was a gentle breeze, whispering, “Child of the village, you have shown great courage to approach the stone. I am Eir, Guardian of the Mountains. What do you seek?” Lila, though awestruck, found her voice. ""I seek to understand, to learn about the world beyond our village, and to help my people. Can you guide me?"" Eir smiled, a warm and reassuring smile that calmed Lila’s fears. “I can show you wonders beyond your wildest dreams, but remember, true wisdom comes from the heart and the choices you make. Are you ready to embark on this journey?” Lila nodded, her eyes shining with determination. Hand in hand, they stepped into the unknown, the forest around them coming alive with the magic of the Mountain Spirits. The village watched in wonder as the young girl and the guardian disappeared into the mist, leaving behind a trail of glowing light. And so, the legend of Lila and the Mountain Spirit was born, a tale that would be told for generations to come, inspiring all who heard it to embrace their curiosity and face the unknown with courage and open hearts. The village thrived, knowing that within each of them lay the potential for greatness, just like the brave young girl who dared to dream and explore the mysteries of the world. And whenever the villagers looked up at the mountains, they remembered Lila and the timeless wisdom she brought back to their community. The stone at the edge of the forest continued to glow, a symbol of the bond between the village and the Mountain Spirits, a reminder that the journey of a thousand",aa
conv_4f8a0b7e568d40eba7e40164ecf1db73,"# The Lighthouse at World's End Mara had always been drawn to edges—the places where one thing ended and another began. So when she inherited her great-aunt's lighthouse on a windswept peninsula that locals called ""the last shoulder of land,"" she didn't hesitate. The journey took three days by train, then bus, then finally a rickety fishing boat that cut through waters the color of old pewter. The lighthouse keeper who'd been maintaining it in her great-aunt's absence was a weathered man named Callum who spoke in fragments, as if words were a precious resource he'd learned to ration over decades of solitude. He met her at the dock with a lantern already lit, though it was only late afternoon. ""Fog comes quick here,"" he said, shouldering her single bag. ""You'll learn to read the air like a book—taste the salt change, feel the pressure drop. Your great-aunt could predict a storm three days out."" He led her up the winding path carved into the cliff face, where tufts of sea grass clung stubbornly to the rock. The lighthouse rose before them like a pale finger pointing accusingly at the sky, its white paint peeling in long strips that flapped in the constant wind. Up close, Mara could see the dark stone beneath, older than she'd imagined—volcanic rock, maybe, or something dredged from deeper waters. Inside, the air smelled of lamp oil, salt-damp wood, and something else—a mineral scent she couldn't quite place, like the inside of a geode. Callum set her bag down and gestured toward a narrow spiral staircase that corkscrewed upward into shadow. ""Your aunt's quarters are on the second landing. The light chamber's at the top—needs winding every four hours through the night. I'll show you the mechanism before I go."" He paused, his hand resting on the iron banister, fingers tracing an arc of rust. ""There's something else you should know. Some nights, you'll see lights out on the water—not ships, not exactly. Your aunt, she had a theory about them."" He glanced toward the window, where the gray sea churned. ""Said they were older than the lighthouse, older than the land itself. Said they were the reason this lighthouse was built here in the first place—not to warn ships away from the rocks, but to answer something."" Mara felt a chill that had nothing to do with the damp air. ""Answer what?"" Callum's eyes met hers, and in them she saw something between warning and wonder. ""That's what you're here to find out, I suppose."" He pulled a worn leather journal from his coat and placed it in her hands. The cover was water-stained and warm, as if someone had been holding it moments before. ""Your aunt's log. She stopped writing three days before she passed—left it open to a page with just one line: 'Tonight, I'll finally go down to meet them.'"" Mara opened the journal with trembling fingers, finding that final entry in her great-aunt's spidery handwriting. The ink had run in places, whether from",aa
conv_59e7ea5807ff4367bf49dd3541d68e49,"Mara, a quiet traveler who wandered from one forgotten village to the next, always searching for something she could never quite name. Her pack was light—just a worn cloak, a small notebook filled with sketches and half-written poems, and a tin whistle with faded engravings. She never stayed long in any one place, following the thread of some distant promise she once heard whispered in her dreams. Though strangers often regarded her with polite curiosity, Mara rarely spoke more than was necessary. Instead, she listened—to creaking branches, river songs, and the stories that flickered in the quiet pauses between conversations. One evening, as dusk folded itself over the sleepy hamlet of Willow’s End, Mara found herself drawn to the crumbling stone bridge at the village's edge. Below, the narrow stream reflected the last gold wash of sunlight. As she leaned over the mossy parapet, a faint, plaintive melody drifted up from beneath the bridge. Mara stilled, her breath catching. It was the same tune she’d heard in her dreams for as long as she could remember—a song both haunting and hopeful, echoing with longing. Compelled by something deeper than curiosity, Mara crept down the bank, pushing aside tangled brambles and slick stones. The music grew louder, weaving through the hush of water and dusk. At the shadowed mouth of the bridge, she paused, heart pounding. In the gloom, she saw a figure—small and hunched, fingers dancing over a silver flute. The figure's eyes met hers, pale and bright as the crescent moon rising overhead. For a moment, neither spoke. The music faltered and silenced, and the figure—whose features seemed touched by both childhood and age—lowered the flute. “You found your way,” the figure murmured, voice like wind in reeds. Mara swallowed, clutching her notebook to her chest, uncertain but drawn onward. “Did you call me here?” she asked softly, voice trembling. The figure nodded, eyes gentle yet piercing. “The song remembers. It brings those who need to listen—and those who need to remember.” The figure gestured for Mara to sit beside them. As she settled on the cool stone, the figure offered her the silver flute. “The melody began with you,” they whispered. “Play, and remember.” Mara hesitated, then raised the flute to her lips. As she played, her fingers instinctively found the tune, notes pouring from her as though she’d known them all her life. Memories unfurled—laughter by firelight, arms around her shoulders, the shimmering faces of friends she had feared lost to time. The melody bridged past and present, stitching together longing and homecoming. When at last the final note faded into the night, Mara felt something inside her settle—like a door, long closed, quietly unlocking. The figure smiled, setting a warm hand over hers. Without words, Mara understood: her quest was not for a place, but for belonging, woven from memory and song. The hush around them felt full and gentle now—as if the land itself welcomed her home. Mara lingered a moment longer on the stone, warmth blooming in her chest. When she rose, the bridge and the figure had faded into night but the melody echoed in her heart. From that night onward, Mara wandered not as one lost, but as one who carried her home within her—a song threading through every step,",aa
conv_5e251a7c51a949a983e10fa3b1d5a65f,"a weathered map-maker named Elsie, who lived at the edge of the Willowmire Marshes. Each morning, the mists curled about her cottage, and the dawn calls of hidden birds echoed through the reeds. Elsie’s windows fogged with the damp, but inside, her fingers moved deftly across vellum, tracing the delicate lines of forgotten byways and secret pools. She drew what she had seen and what she had imagined, mapping out not just directions, but dreams. The people of the neighboring villages often came to her with requests—perhaps a route to a lost ancestor’s grave or the location of a thicket where healing herbs grew wild. For a small token, a loaf of bread or a jar of honey, Elsie would listen closely, her wise eyes shining as she asked questions about landmarks, river-bends, odd stones, or the whisper of willows in the wind. Sometimes the details were puzzling—stories of lights flickering over the water, or paths that shifted in the moonlight. Elsie learned long ago how to tease meaning from myth, sketching little warnings on her maps: a curl of gray ink where marshfire danced, a tiny symbol of a half-seen eye for places where it felt as if you were being watched. Her maps were filled with notes in the margin—a scrap of local legend here, a caution there, always written in her tidy script. One spring, a stranger arrived: a young man in a weather-stained cloak, clutching a letter and carrying nothing but a battered satchel. He paused at Elsie’s gate, uncertainty in his eyes, before knocking softly on her door. When Elsie answered, he offered her the letter—bearing the seal of the Royal Cartography Guild. Inside, the message was brief but urgent: strange, shifting boundaries had been reported around Willowmire, and the guild needed her expertise to chart what was happening. The young man—whose name was Rowan—explained further, his voice trembling with both excitement and fear. “Borders are blurring, paths change overnight, entire ponds vanish or appear where none were before. The King fears an old magic is awakening. I was told…only the map-maker of Willowmire could find sense in the chaos.” Elsie studied Rowan’s earnest face and the trembling letter in his hands. She nodded gravely, her heart thrumming with a strange mix of worry and exhilaration. “Marshes always change,” she said softly, “but not like this—not by mere water or wind.” With practiced movements, she gathered her old walking staff and rolled up a fresh sheet of vellum. She handed Rowan a lantern and beckoned him to follow. As they stepped into the swirling mists, the world felt suspended between waking and dream. Strange lights flickered at the marsh’s edge, making Rowan gasp. Elsie, however, only smiled gently. “Come,” she said, her voice low. “The marsh hides its secrets from the fearful. Tonight, we walk where true maps are born.” Together, they ventured forward—past shimmering lights and uncertain water, their reflections stretching into the shifting fog. At a certain willow, said to mark the heart of old magic, Elsie knelt and pressed her hand to the root. The ground seemed to hum; the willow’s branches swayed as if beckoning them closer. Elsie whispered an ancient rhyme and, with Rowan watching in",aa
conv_5eaea7f6b22e45d58a8dc6d7dc13cfea,"a girl named Elara, who lived in the quiet town of Harthill, nestled between emerald hills and silver streams. Elara was known for her curiosity and the small notebook she kept tucked into the pocket of her patched coat. She wrote about everything—the colors of sunrise over the creek, the names of wildflowers blooming in the meadows, and the odd stories the townsfolk would whisper at the market stalls. Her favorite entry, however, was about an old oak tree on the hill with a hollow shaped like a heart. Some claimed it was haunted, others said it was the secret meeting place of faeries. Elara visited the tree often, pressing her palm to the bark and peering into the heart-shaped hollow, hoping to catch a glimpse of magic. One crisp autumn afternoon, as scarlet leaves spun around her boots, she noticed something different—a faint golden glow pulsed from deep within the hollow, unlike anything she had seen before. Heart pounding, Elara leaned closer, her breath misting in the chill air. She reached inside carefully, her fingers brushing against something smooth and warm—like polished stone radiating gentle heat. When she pulled it from the hollow, she gasped. Cradled in her palm was a peculiar amulet, shimmering with swirling flecks of gold and blue. The patterns within the stone shifted like a tiny storm. As she turned it over, she noticed a strange inscription along the edge—a series of delicate runes, looping and curling in a script she'd never seen before. Entranced, Elara barely noticed the breeze stirring the leaves until a soft whisper reached her ear, as if the wind itself were speaking to her. ""Return what is lost,"" it sighed, the words threading through the branches. Elara shivered, clutching the amulet tightly, her curiosity battling with a sudden ripple of fear. Was this what the stories meant—was the tree trying to tell her something? As she looked back at the hollow, the golden glow pulsed brighter, almost urging her closer. Gathering her courage, Elara slipped the amulet back into the heart-shaped hollow, feeling the stone draw from her hand as if pulled by invisible threads. The glowing deepened, swirling around the amulet, and in that moment, the bark parted with a gentle sigh, revealing a hidden doorway. Beyond it shimmered a passage of light and shadows. Elara’s heart raced—as she stepped through, she wondered if she was finally about to discover the truth behind the legends. The world on the other side sparkled in ways she had only imagined—where every leaf sang, and faint, playful laughter echoed from behind silvery trunks. In this place, Elara finally understood: the heart-shaped hollow had always been a doorway, waiting for someone curious and brave enough to listen. The faeries, tiny and shimmering, danced around her in greeting, their songs weaving welcome and gratitude. Elara smiled, her notebook snug in her pocket, ready to fill its pages with stories no one in Harthill had ever heard—tales of magic, courage, and the wonders that awaited those who dared to listen to the whispers of the ordinary world. When she finally returned home through the heart-shaped hollow, the memory of that enchanted realm glowed quietly inside her, lighting her days and inspiring the whole town with stories of hope and possibility. The oak tree stood watch, proud and silent, its secret safe with Elara—guardian of magic, teller of truths, and now, the storyteller",aa
conv_5f83922b1e334cfcb374e90c11c81c1e,"a young girl named Emilia, who lived in a small village surrounded by vast, rolling hills and dense forests. The villagers often whispered about the strange occurrences and unexplained events that took place in the dead of night, when the moon was full and the stars twinkled like diamonds in the sky. They would speak of disembodied voices, eerie shadows that darted across the windows, and an unsettling feeling of being watched by unseen eyes. Emilia's curiosity was piqued by these tales, and she often found herself wandering to the edge of the village, gazing out into the darkness, as if daring the unknown to reveal itself to her. The villagers would caution her, telling her of the dangers that lurked beyond the village borders, of the dark creatures that roamed the forest and the malevolent spirits that dwelled in the shadows. But Emilia was not one to be easily swayed by fear, and she felt an inexplicable pull to the mysterious and the unknown. She would often sneak out of her small cottage and make her way into the forest, the trees looming above her like sentinels as she walked deeper into the darkness. The rustling of leaves and snapping of twigs beneath her feet served as a reminder that she was not alone, and Emilia's heart would quicken with a mix of excitement and trepidation as she pushed deeper into the forest, the moonlight filtering through the canopy above her, casting dappled shadows on the forest floor. She had wandered farther than she ever had before, and the trees seemed to be growing taller and the underbrush thicker, as if the forest itself was closing in around her. Emilia's senses were on high alert, her ears straining to pick up any sound that might indicate she was not alone, her eyes scanning the darkness for any sign of movement. Suddenly, a faint humming noise caught her attention, and she turned to follow the sound, her feet carrying her towards a small clearing deep in the forest. The humming grew louder, a low, vibrating melody that seemed to be emanating from a magnificent tree at the center of the clearing, its trunk glowing with a soft, ethereal light that pulsed in time with the humming. Emilia felt herself drawn to the tree, as if by an unseen force, and she reached out a hand to touch the glowing trunk, feeling a sudden jolt of energy and a sense of connection to the natural world that she had never experienced before. The humming grew louder still, and the light began to swirl and dance around her, enveloping her in a warm, golden radiance that seemed to be imbuing her with a deep sense of peace and understanding. As she stood there, bathed in the light, Emilia felt her mind expanding, as if the secrets of the universe were being revealed to her, and she saw the intricate web of life that connected all things, from the tiniest insect to the mightiest tree. In this moment of profound clarity, Emilia understood that she was a part of something much greater than herself, and that the mysteries of the forest were not to be feared, but to be embraced and respected. As the light began to fade, Emilia felt a sense of sadness, but also a sense of gratitude and wonder, for she knew that she had been given a rare gift, a glimpse into the hidden harmony of the world, and that her life would never be the same again. With a sense of awe and reverence,",aa
conv_61b8da5870584552bbd7133619cd3436,"a small silver key, no bigger than a child's thumb, that was found wedged between the floorboards of a musty old bookstore on the edge of town. The shop was famous for its crooked shelves and precarious towers of forgotten novels, but the key caught Nora’s attention just as she was about to leave. She knelt in the pool of amber sunlight streaming beneath a stained-glass window, her fingers brushing away dust and paper scraps. The key was surprisingly cold in her palm. As she stood, she noticed something odd behind the counter—a narrow door she hadn’t seen before, almost blending into the shelves overflowing with yellowed encyclopedias and faded atlases. Its handle bore a tiny, intricate lock—just the size for the little silver key. Nora hesitated, glancing around to make sure the shopkeeper wasn't watching. Her heart thudded as she slipped quietly behind the counter, the key gripped tight in her damp palm. She slid it into the lock; it fit perfectly, clicking into place with a gentle snap. Slowly, she turned the key. The door creaked open, releasing a faint scent of lavender and something older, like rain-soaked parchment. Inside was a set of narrow winding stairs spiraling down into darkness, their wooden steps worn smooth by centuries of footsteps. On the wall hung a lantern, its glass mottled and cloudy. As Nora lifted the lantern from its hook, it flickered to life with a pale yellow glow, as if welcoming her. Each step she took down the staircase made the wood groan under her feet, echoing in the silence. The air grew cooler and heavier as she descended, carrying the scent of old ink and secrets. At the bottom of the stairs, Nora found herself in a low-ceilinged room lined with shelves overflowing with even older, stranger books than the ones above. In the center stood a large oak desk, carved with unfamiliar symbols, and behind it sat an elderly woman wrapped in a midnight-blue shawl. Her eyes sparkled as she looked up at Nora and gestured for her to come closer. Nora swallowed her nerves and approached the desk, the lantern’s glow trembling in her hand. The old woman smiled, her voice a whisper soft as turning pages. “You brought the key,” she said, nodding to the silver glint in Nora’s fingers. “Not many find what’s meant for them. That is the first magic of this place.” She motioned for Nora to sit. “Within these walls are stories that have not yet been told—and some waiting to be found.” She slid a tattered book toward Nora, its cover blank. “Your story begins here,” the old woman said gently, “with a secret only you can write.” As Nora sat, the silver key shimmered and melted into words on the page. The lantern’s light grew brighter, filling the room, and she realized she was not simply reading, but writing herself into a new world—a world conjured with every thought, question, and hope she held. The old woman’s eyes gleamed with approval as the first lines unfolded beneath Nora’s fingertips. She understood at last: the key had opened a door not just into the hidden room, but into her own story—one she could shape with newfound courage and possibility. Outside, the bookstore carried on as always, but within the lantern’s glow, Nora smiled—knowing the real adventure",aa
conv_628470d6e6cb42949e29a2c7866a28ab,"a young woman named Sophia, who lived in a small village nestled in the rolling hills of the countryside. She was a curious and adventurous soul, with a heart full of wonder and a mind full of questions. Sophia spent most of her days exploring the surrounding hills and forests, collecting wildflowers and watching the clouds drift lazily by. She felt a deep connection to the natural world, and often found herself lost in thought as she wandered through the trees, listening to the songs of the birds and the rustle of leaves in the gentle breeze. The villagers would often smile and wave as she passed by, accustomed to Sophia's wanderings and her deep love of the land. They knew her to be a kind and gentle soul, with a special gift for healing and understanding the secrets of the earth. The village elder, a wise and aged woman named Elara, had taken Sophia under her wing, teaching her the ancient ways of herbalism and the intricate balance of the natural world. Elara's own eyes, cloudy with age and wisdom, would light up with a warm smile as Sophia demonstrated a profound understanding of the subtle energies that flowed through the plants and the land, and the way she could coax even the most reluctant blooms into vibrant life. It was as if Sophia had a direct line to the heartbeat of the earth itself, and the rhythms of nature seemed to resonate deeply within her. As she worked alongside Elara, tending to the village gardens and harvesting the medicinal herbs that grew in abundance, Sophia began to sense that there was more to her connection to the earth than she could yet understand. She felt an inexplicable pull, a gentle yet insistent tug that seemed to be drawing her towards a hidden truth, a secret that lay just beyond the edge of her perception. It was as if the land itself was whispering to her, guiding her towards a mysterious and ancient place, a place where the veil between the worlds was thin and the secrets of the earth were waiting to be unveiled. The whispers grew louder, the pull stronger, until Sophia could feel the thrum of the earth's energy coursing through her veins, beckoning her to follow a winding path that disappeared into the darkness of a nearby forest, a path that few in the village dared to tread. The trees seemed to loom above her, their branches like skeletal fingers reaching out to snare her, yet Sophia felt an eerie sense of belonging, as if she had been summoned to this place for a purpose she could not yet comprehend. With a deep breath, she stepped onto the path, the trees closing in around her like sentinels, their leaves whispering an otherworldly melody that seemed to match the beating of her heart. The air grew thick with an expectant hush, as if the very forest itself was holding its breath in anticipation of what was to come, and Sophia felt herself being drawn deeper into the woods, the darkness enfolding her like a shroud, until she stumbled upon a clearing, where a massive ancient tree towered above the underbrush, its trunk twisted and gnarled with age, its branches stretching towards the sky like a gateway to the heavens. The tree seemed to be pulsing with a soft, ethereal light, as if the very essence of the forest had been distilled into this one, majestic being. Sophia felt an overwhelming sense of wonder and awe as she reached out a trembling hand to touch the trunk, and as her fingers made contact with the rough bark, a surge of energy coursed through her, filling her with visions of the past and present, and revealing",aa
conv_6553a073e7d2443dab881a908afab5eb,"# The Lighthouse at World's End The lighthouse keeper's daughter could see storms coming three days before they arrived. It wasn't magic—at least, that's what she told herself. It was the way the gulls changed their flight patterns, how the waves began to pulse with a different rhythm, the peculiar weight that settled into her bones like an ache that spoke of distant thunder. Her father had taught her to read the signs when she was small enough to perch on his shoulders, her tiny fingers gripping his weathered cap as he pointed toward the horizon. ""See there, Mira? The way the light bends just so? That's the sky pulling water up into itself, gathering strength."" She remembered how his voice would drop to a whisper then, as if sharing a secret the sea might overhear. ""Three days, and she'll come howling."" Now, standing alone on the gallery that circled the lighthouse, Mira felt that old familiar ache settling deep into her marrow. Three days. The storm she sensed brewing far beyond the curve of the earth felt different though—heavier, almost deliberate in its approach. Her father had been gone two years now, claimed by a winter squall he hadn't seen coming. Or perhaps he had, and simply chose to face it anyway. She'd found his journal tucked beneath his bunk afterward, the final entry dated the morning he'd taken the boat out. The words were simple, almost peaceful: ""Some storms aren't meant to be weathered from shore."" She'd read that line a hundred times, searching for hidden meaning, for some explanation of why he'd rowed out into gray water under a troubled sky with nothing but his oilskin coat and that strange, distant look in his eyes. The same look, she realized now with a chill that had nothing to do with the wind, that she'd caught in her own reflection this morning. The mirror had shown her father's eyes staring back. Down at the dock, the fishermen were already hauling their boats higher up the beach, securing what could be secured. They trusted her warnings as they had trusted her father's. But none of them could feel what she felt now—the way this approaching storm seemed to carry something within it, like a message wrapped in wind and rain. Old Thomas paused in his work, shading his eyes as he looked up at her silhouette against the lighthouse. Even from this distance, she could sense his unease. He'd been her father's closest friend, had helped her keep the light burning these past two years. Now he raised one hand—not a wave, but a question. She descended the iron stairs, their familiar clang echoing through the tower's hollow core. By the time she reached the rocky shore, Thomas had left his boat and was walking toward her, his gait uneven on the slick stones. He stopped a few feet away, close enough that she could see the worry carved deep into the lines around his mouth. ""You're thinking of going out,"" he said. Not a question. ""Like he did."" Mira's hand drifted to her coat pocket where her father's compass rested, its weight a constant reminder. The brass was warm against her palm, warmer than it should have been. ""The storm,"" she",aa
conv_6e1aba5fd20f4bbfbec7436ea83c6a0d,"a young girl named Emilia, who lived in a small village surrounded by a dense and mystical forest. The villagers often whispered about the strange occurrences and unexplained events that took place within the forest's depths, where the trees seemed to twist and writhe in the flickering sunlight. Emilia's curiosity was piqued by these whispers, and she often found herself standing at the edge of the forest, feeling an inexplicable pull to venture into the shadows that lay beyond the treeline. The villagers had warned her of the dangers that lurked within, telling tales of dark creatures and ancient magic that could lure the unwary deeper into the forest, never to return. Yet, Emilia felt an eerie connection to the forest, as if it was calling to her, and she couldn't shake the feeling that there was something within its depths that was meant specifically for her to discover. One day, as she stood at the forest's edge, the trees seemed to lean in, their branches tangling together in a way that formed a pathway, inviting her to step into the shadows. The air was filled with the sweet scent of blooming flowers, and the soft rustle of leaves seemed to whisper her name, drawing her closer to the threshold. As she hesitated, a gentle breeze caressed her face, carrying the faint whisper of a melody that seemed to resonate deep within her soul, and Emilia felt her feet move of their own accord, carrying her across the threshold and into the forest's depths. The trees loomed above her, their branches creaking softly in time with the melody, which seemed to grow louder and more vibrant with each step, until Emilia found herself walking along a winding path that was overgrown with wildflowers and moss, the soft earth sponging gently beneath her feet as she walked. The melody swelled, filling the air with a joyful, lilting quality that seemed to match the rhythm of her heartbeat, and Emilia felt her spirit lift, as if she was being drawn into a world of enchantment and wonder, where the very trees and flowers seemed to be alive and watching her, their petals and leaves unfolding like tiny wings, as if to welcome her to this mystical realm. A soft, ethereal light began to emanate from the trees, illuminating a clearing ahead, where a magnificent tree with a trunk of crystal and branches of silver stood tall, its leaves shimmering with a light that seemed to hold the essence of a thousand stars, and Emilia felt her breath catch in her throat as she approached the tree, feeling the melody reach a crescendo, and the air vibrate with an otherworldly energy, as if the tree was a gateway to a realm beyond the mortal world, and Emilia, with a sense of wonder and trepidation, reached out a hand to touch the crystal trunk, and as she did, the tree began to glow with an intense, pulsing light, and the melody reached a final, soaring note, and Emilia felt herself being drawn into the tree's radiant heart, where she was enveloped by a warm, golden light that seemed to fill her very being, and in that moment, she knew that she had discovered the secret of the forest, and that her life would never be the same, for she had been transformed by the magic of the tree, and as the light faded, Emilia found herself standing in a world that was familiar yet changed, with the trees and flowers seeming to",aa
conv_6f7b4058431b47a49069aa04afdcc338,"a small, amber-eyed fox named Lira who lived on the edge of the Whispering Pines Forest. Lira wasn't an ordinary fox; she had a knack for finding lost things—keys, ribbons, even the occasional forgotten dream. Whenever someone in the nearby village lost something important, they would leave a small trinket on the mossy stone by the old willow tree as a signal. Lira always knew when a new trinket had arrived, as the willow's branches would shiver and hum with a magic only she could sense. The song of the willow guided her to each tiny item, no matter how well it was hidden in the forest's depths. One misty morning, Lira padded through the dew-damp grass, ears pricked as the willow’s melody trembled urgently. This time, the trinket waiting on the stone was unusual: a silver locket etched with crescent moons and twining vines. Lira sniffed it cautiously, the cold metal tingling beneath her nose. She felt a faint pulse, as if something inside the locket was alive—or perhaps longing to be found. The willow’s song grew softer, more secretive, urging her onward. Lira tucked the locket carefully into her satchel of found things and slipped into the shadowy heart of the forest. The trees stood watchful and silent, and the air shimmered with a strange, restless magic. For the first time, Lira sensed she was being watched—not by a villager or another creature, but by the forest itself. Every step seemed to echo, the roots curling gently around her paws, guiding her deeper. Suddenly, the path split into two. From the left came the scent of wild honey and warm leaves; from the right, a whispering wind carried the faintest trace of salt and old sorrow. Lira paused, nose twitching, tail flicking with indecision. She clutched the silver locket tighter, trusting its pulse to guide her. With a deep breath, she chose the path to the right, stepping cautiously toward the cool, sorrowful breeze. The underbrush thickened, and the light grew bluish and dim. Ahead, the ground broadened into a damp clearing. At its center stood a tall, ancient stone, half-swallowed by moss. In its base was a hollow just the right size for the locket. Lira’s heart hammered. The wind grew still, and the clearing seemed to hold its breath. Lira padded forward, her paws barely making a sound on the soft earth. She placed the locket carefully into the hollow, and the stone pulsed with gentle, silvery light. A soft warmth spread through the clearing as if the lost sorrow within the locket was finally at rest. From the moss at the base of the stone, delicate blue flowers unfurled, their petals shimmering like moonlight. A voice, gentle as falling leaves, drifted through the clearing, “Thank you, Lira. What was lost is now remembered.” The forest seemed to sigh in relief, and the willow’s melody turned bright and joyful. Lira smiled to herself, tail waving, knowing her gift had made a difference not only for the villagers but for the secret heart of the forest itself. With her satchel a little lighter and her own heart a little fuller, Lira turned homeward through the hush of the trees. The blue flowers glowed softly behind her, marking a new beginning—and",aa
conv_707f254a59ed4e7197458f3c8ff2db0c,"Ella, a young woman with a heart full of dreams and a mind brimming with curiosity. She lived in a small, quiet village nestled between rolling hills and dense forests. Despite its simplicity, Ella found her village to be a place of endless wonder. Every morning, she would wake up to the gentle chirping of birds and the soft light of dawn filtering through her window. The air was always crisp and fresh, carrying with it the scent of blooming wildflowers and damp earth. After a quick breakfast, Ella would set out on her daily explorations. Today, her curiosity led her to the edge of the forest, where an old, gnarled tree stood as a sentinel. Legends whispered that this tree held secrets, ancient and profound. Its bark was etched with symbols that seemed to shift and change when viewed from different angles. Ella, drawn by the mystery, approached the tree and ran her fingers over the symbols. They felt warm under her touch, almost as if they were alive. Suddenly, a soft breeze rustled through the leaves, and the symbols began to glow faintly. Ella’s heart raced with excitement and a touch of fear. She took a deep breath and stepped closer, her eyes narrowing in concentration. As she focused on the glowing symbols, they began to form a pattern, a message perhaps, or a map leading to something unknown. The air around her grew cooler, and a sense of anticipation filled the clearing. Ella realized that this was more than just a curious discovery; it was the beginning of an adventure that could change her life forever. With a determined smile, she decided to follow the mysterious path laid out before her. Gathering her courage, Ella stepped into the forest, ready to uncover whatever secrets lay ahead. The trees seemed to part slightly as she walked, guiding her deeper into the heart of the forest. The path, once obscured by undergrowth, now appeared clear and inviting. As Ella ventured further, the sounds of the forest changed. The usual chorus of birds and insects was replaced by a whispering wind that seemed to carry secrets of its own. The ground beneath her feet felt softer, almost cushioned, as if the forest itself was protecting her. The light dimmed, but Ella’s resolve remained strong. She followed the glowing symbols that now appeared on the ground, leading her deeper into the heart of the forest. Each step brought a new sense of purpose, and the air grew thicker with magic. Suddenly, the path opened into a hidden glade, bathed in a mystical, golden light. In the center stood a stone altar, surrounded by glowing crystals. Ella approached the altar, her heart pounding with a mix of awe and trepidation. As she reached out to touch one of the crystals, a vision flashed before her eyes. She saw visions of ancient times, of a powerful guardian who had protected the land from dark forces. The guardian spoke to her, imparting wisdom and a sacred mission. Ella was chosen to restore balance to the world, to find and unite the lost relics that held the power to protect their land. With a renewed sense of duty, Ella accepted the challenge. She knew the path ahead would be fraught with danger, but she was ready. As the vision faded, the crystals pulsed one last time, imbuing her with a newfound strength and clarity. Ella took a deep breath, feeling the weight of her destiny settle upon her shoulders. With a determined heart, she left the glade, ready to embark on her",aa
conv_7797d9bff9bd4f9b95d96c326f277474,"a small, unassuming village nestled deep within the heart of an ancient forest. The village, known as Eldoria, was home to people who lived in harmony with nature, relying on the forest for their sustenance and shelter. The villagers were skilled in herbal medicine, woodcraft, and storytelling, traditions passed down through generations. At the center of Eldoria stood a grand oak tree, its branches sprawling wide and its leaves a vibrant green even in the coldest months. This tree, known as the Heartwood, was the focal point of the village’s life and lore. It was said that the tree whispered secrets of the past and predictions of the future to those who listened closely. One evening, as the sun dipped below the horizon, casting a golden hue over the village, a young girl named Elara approached the Heartwood with a sense of wonder. She had always been drawn to the tree, feeling a deep connection to its ancient wisdom. Elara placed her hands on the rough bark, closing her eyes and taking a deep breath. As she did, she felt a warm tingling sensation spreading through her body, and in her mind, she heard a gentle voice. “Elara,” the voice whispered, “the time has come for you to embrace your destiny. A great challenge lies ahead, one that only you can face.” Elara opened her eyes, her heart racing with a mix of fear and excitement. She knew she had to be brave, but she couldn’t help feeling overwhelmed. As she stood there, contemplating the words of the Heartwood, a soft breeze rustled through the leaves, carrying with it the scent of wildflowers and the distant call of a nightingale. Elara took another deep breath, feeling a surge of determination. She knew she had to prepare, to learn more about the challenge that awaited her. With a final nod to the Heartwood, she turned and made her way back to her small cottage at the edge of the village. Inside, she found her grandmother, an elder respected for her knowledge of ancient lore and herbal remedies. Elara shared the vision and the words of the Heartwood, her voice trembling with both fear and resolve. Her grandmother listened intently, her eyes filled with a mixture of pride and concern. When Elara finished, her grandmother placed a reassuring hand on her shoulder. “The path ahead is uncertain, but you are not alone. I will teach you what I know, and together we will uncover the secrets that will help you face this challenge.” With her grandmother’s support, Elara felt a newfound strength. They spent the next few days poring over ancient texts, gathering herbs, and practicing the old ways. As the moon waxed full, Elara felt herself growing more confident and prepared. On the night of the full moon, she returned to the Heartwood, ready to embrace her destiny and face whatever lay ahead. The air was charged with a mystical energy, and the forest seemed to hold its breath as Elara approached the tree once more. Placing her hands on the Heartwood, she closed her eyes and focused her mind. The whispers grew louder, guiding her deeper into the mysteries of the ancient forest. As the night wore on, Elara’s understanding deepened, and she began to see visions of the challenges that awaited her. She saw trials of courage, wisdom, and compassion, each more daunting than",aa
conv_7a911b33d930428b9119a670406e96b1,"Maeve Holloway, who discovered on her thirty-third birthday that her shadow had stopped following her. It happened first in the bathroom mirror that morning—the fluorescent light flickered overhead, and when she glanced down at the tiled floor, there was nothing. Just white hexagonal tiles stretching beneath her feet like a honeycomb of emptiness. She waved her hand. The tiles remained bare. Maeve backed against the sink, heart hammering. Outside the bathroom window, the October sky hung gray and heavy. She could hear her roommate Iris clattering dishes in the kitchen, humming something off-key and cheerful. Maeve steadied her breathing, then stepped into the hallway. The morning light slanted through the living room windows, and there—on the hardwood floor—should have been her silhouette stretching long and dark toward the kitchen doorway. But there was only Iris's shadow, bobbing and swaying to her humming, a solitary shape that seemed too vivid now, too present. Maeve froze, her hand gripping the doorframe. Iris turned, spatula in hand, and smiled. ""Coffee's ready, birthday girl!"" But her eyes flickered downward, just for a moment, to where Maeve's shadow should have pooled against the floorboards. The smile faltered, tightened at the corners. ""You feeling okay?"" Iris asked, her voice pitched slightly higher than usual. She set the spatula down carefully, too carefully, as if any sudden movement might shatter the fragile normalcy of the moment. Maeve forced herself to step fully into the kitchen, watching Iris's face for recognition, for alarm, for anything. But Iris only poured coffee into two mugs, her movements deliberate and measured. ""I had the strangest dream about you last night,"" she said, not meeting Maeve's eyes. ""You were standing at a crossroads, and there were two of you. One walked north, one walked south, and..."" She trailed off, finally looking up. Her gaze held something Maeve couldn't quite name—knowledge, perhaps, or guilt. ""And what?"" Maeve pressed, her voice barely above a whisper. Iris's fingers trembled against the coffee mug. ""And you had to choose which one was real,"" she said softly. ""But here's the thing, Maeve—in the dream, neither of them cast a shadow. They were both already..."" She stopped, setting down her mug with a soft clink. ""Already free,"" she finished, the word hanging between them like a confession. Maeve felt something shift inside her chest—not fear anymore, but a strange, weightless recognition. She looked down at the empty space beside her feet, then back at Iris, who was watching her with eyes that suddenly seemed ancient, knowing. ""How long have you known?"" Maeve asked quietly. Iris smiled then, sad and tender. ""Since the day you moved in. I've been waiting three years for you to shed it completely."" She reached across the counter, her hand passing through a shaft of sunlight. ""A shadow is just",aa
conv_7d762b87dbd44caea8f4fa1416239173,"a young girl named Sophia who lived in a small village surrounded by vast, rolling hills and dense forests. She was a curious and adventurous child, with a wild heart and a mind full full of wonder and a deep connection to the natural world around her. Sophia spent most of her days exploring the hills and forests, discovering hidden streams and secret glades, and learning the secrets of the plants and animals that lived there. She could identify the different birds by their songs, and knew which berries were sweetest and safest to eat. The villagers often sought her out for guidance on how to use the forest's resources to heal their ailments, and Sophia's knowledge of the natural world had been passed down to her from her grandmother, a wise and respected elder who had spent her own life studying the ancient traditions and remedies of the forest. Sophia's grandmother had taught her how to make medicines from the roots and leaves of the forest plants, and how to use the positions of the stars and the phases of the moon to determine the best times for harvesting and planting. As Sophia grew older, she began to realize that her grandmother's teachings were not just about the physical world, but also about the spiritual and mystical forces that flowed through the land. Her grandmother had spoken of the forest as a living, breathing entity, inhabited by spirits and energies that could be communicated with and honored, and Sophia had begun to sense the truth of this, feeling the forest as a vibrant, pulsing presence that seemed to stir and respond to her own emotions and intentions. She had started to experience strange and vivid dreams, filled with symbols and imagery that seemed to be connected to the forest and its rhythms, and she would often wake up with a sense of longing and disorientation, as if she had been called to a place beyond the edge of the village, a place where the trees grew taller and the moonlight filtered through the leaves in a silver glow. The call was gentle but insistent, and Sophia felt an inexplicable pull to follow it, to leave the familiar comforts of the village and venture into the unknown, where the trees whispered secrets to the wind and the creatures of the forest watched her with eyes that seemed to hold a deep and ancient wisdom. The wind itself seemed to be whispering her name, drawing her deeper into the forest, where the shadows danced and the trees loomed like sentinels, guarding a threshold that Sophia felt she was being summoned to cross, a threshold that would lead her to a place where the very fabric of reality seemed to be woven and unwoven, a place of mystery and transformation, where the old stories and legends came alive, and the secrets of the forest would be revealed to her in all their glory and terror, a place where Sophia would be forced to confront the deepest desires and fears of her own heart, and where she would emerge transformed, remade by the ancient magic that dwelled within the forest, her spirit infused with the wild and mystical energies that pulsed through the trees, and her soul forever changed by the encounter, carrying with her the memories and wisdom of the forest, and the knowledge that she would always be a part of it, connected to its rhythms and cycles, a thread in the intricate web of life that bound the forest and all its creatures together, and as she finally returned to the village, Sophia knew that she would never see the world in the same way again, that her journey had awakened a part of her that would forever be attuned to the whispers of the forest, and that she would carry the",aa
conv_82c64af3c66e49f0af6f2ea136288acd,"a small village nestled deep within a forest, where the trees whispered secrets and the air was always tinged with the scent of pine and earth. The villagers lived simple lives, tending to their gardens and livestock, and gathering around the central square for news and celebrations. At the heart of the village stood an ancient oak tree, its gnarled branches reaching skyward like the arms of a wise old guardian. It was said that the tree held the spirits of the village’s ancestors, who watched over the community with a protective gaze. One evening, as the sun dipped below the horizon, casting long shadows through the forest, a young girl named Elara approached the oak tree. She carried a small, worn notebook and a pencil, her face lit with determination. Elara had been chosen as the new village scribe, tasked with recording the stories and history of the village. She stood before the ancient oak, took a deep breath, and opened her notebook. ""Great Oak,"" she whispered, ""guide my words and help me honor our past."" As she spoke, the leaves rustled softly, almost as if the tree itself was listening. Elara began to write, her hand moving steadily across the page, capturing the tales of the village elders, the legends of brave heroes, and the daily joys and struggles of the people. Hours passed, and the moon rose high, casting a silvery glow over the village. Elara’s writing flowed like the river nearby, each word a tribute to the rich tapestry of life in the village. As the night deepened, she felt a sense of peace and connection to the generations before her. When the first light of dawn painted the sky, Elara closed her notebook, her heart full of gratitude. She knew that the stories she had written would keep the spirit of the village alive for many years to come. With a final nod to the ancient oak, she made her way back to her home, the weight of her new responsibility balanced by the warmth of the community’s trust. The village continued to thrive, its legacy preserved in the pages of Elara’s notebook, a testament to the enduring power of storytelling and the unbreakable bond between the past and the present. And so, the village lived on, a place where every leaf and stone held a story, and every heart carried the echoes of those who came before. The ancient oak stood tall, a silent witness to the cycles of life, its roots deeply entwined with the very soul of the village. As seasons changed and years passed, the stories Elara wrote became a source of inspiration and strength for all who heard them, weaving a fabric of unity and hope that bound the villagers together. In the shadow of the great oak, the village flourished, a living testament to the power of memory and community. And Elara, now an elder herself, would often return to the ancient oak, her heart filled with pride and a deep sense of fulfillment, knowing that the stories she had recorded had become a part of the village’s timeless legacy. As she sat beneath the oak’s sprawling branches, the wind carried whispers of the past, reminding her that the cycle of life and storytelling would continue, generation after generation. The village, with its rich tapestry of tales, stood as a beacon of resilience and tradition, a place where the past and present intertwined in harmony. And so, under the watchful eye of the ancient oak, the village remained a sanctuary of stories, where the spirits of ancestors and the dreams of",aa
conv_84882a79161947c39f9842b344c773f2,"a lighthouse keeper who could hear the ocean's dreams. Mara had lived alone on the rocky point for three years, ever since the automated systems had failed during the Great Storm and someone needed to stay. The company said they'd send a replacement, but that was thirty months ago. She didn't mind anymore. Not since she'd discovered that the waves whispered secrets when the moon was full. At first, Mara thought the isolation had finally gotten to her. The voices seemed to bubble up from the depths during high tide, speaking in a language that wasn't quite words but somehow made perfect sense. They told her about shipwrecks from centuries past, of sailors who'd sung their last songs to the indifferent stars, of treasure chests split open on the seabed with gold coins scattered like seeds that would never grow. But last night, the ocean's dream had been different—urgent, almost pleading. It showed her a ship that hadn't sunk yet, one that would arrive with tomorrow's fog. The dream had been so vivid: a research vessel with red sails, carrying something the ocean desperately wanted to protect. Or perhaps to reclaim. Mara couldn't tell which. She'd woken before dawn, her pillow damp with salt spray though all the windows were closed, the taste of copper and brine on her tongue. Now she stood at the lighthouse railing, scanning the horizon as morning broke grey and heavy. The fog was rolling in exactly as the ocean had promised, thick as wool and smelling of things long forgotten. Through her binoculars, she caught a flash of crimson—there, cutting through the mist like a wound in the world. The research vessel emerged slowly, its red sails hanging limp in the windless morning. Something about it seemed wrong, too deliberate in its approach, as though it knew exactly where to find her. Mara's hand moved instinctively to the lighthouse horn, but she hesitated. The ocean's whisper rose again, more insistent now, wrapping around her thoughts like cold fingers. ""Let them come,"" it seemed to say, though the words felt like they were forming inside her own chest. She watched the crew move on deck—three figures in yellow rain gear, their movements stiff and synchronized. One of them looked up at the lighthouse, and even from this distance, Mara could see that their face was wrong somehow—too smooth, too blank, like a mask of skin stretched over something that had never learned to be human. Her breath caught. The ocean's voice swelled into a roar inside her skull: ""They're taking the dreaming ones. The last of us who remember the old waters, before they were mapped and named and emptied of wonder."" Mara understood then with crushing clarity. The automated systems hadn't failed by accident. They'd been silenced. And she—the last keeper who still listened, who could still hear—was all that stood between the ocean's fading consciousness and whatever those things on the ship truly were. Her hand found the horn again, but this time she knew the automated signal wouldn't be enough. The ocean had chosen her for a reason. Mara descended the spiral stairs three at a time, her boots ringing against iron, and burst into the equipment room where her grandfather's old",aa
conv_8947486e0260400c9e413aead1502092,"a young woman named Emilia, who lived in a small, seaside town surrounded by mysterious cliffs and hidden coves. The town was called Ravenswood, and it had a reputation for being a place where the veil between reality and myth was whispered to be at its thinnest. Many believed that on certain nights, when the moon hung low in the sky and the tides were just right, the boundaries between the worlds would blur, and the creatures of legend would stir, their presence felt in the whispers of the wind and the faint shimmer of bioluminescent lights that danced across the waves, as if the very essence of the sea was being stirred by an unseen force. Emilia had always been drawn to the ocean's edge, feeling an inexplicable connection to the rhythms of the tide and the secrets that lay hidden beneath the surface. She would often wander the beach at dawn, when the mist was still rising from the rocks and the world seemed to be holding its breath, waiting for the sun to rise and bring light to the darkness. On one of these mornings, Emilia stumbled upon a strange object, half-buried in the sand, its surface worn smooth by the relentless pounding of the waves. As she reached down to touch it, a sudden jolt of electricity ran through her fingertips, and she felt a vision flash before her eyes, a glimpse of a world beneath the waves, where towering cities made of coral and pearl stretched towards the surface, their spires and minarets glinting in the soft, blue light that filtered down from above. Emilia saw creatures moving through the streets, beings unlike any she had ever seen, with skin like iridescent shells and hair that flowed like the seaweed in the currents. They seemed to be watching her, their eyes fixed on her with a deep, unnerving intelligence, and Emilia felt a sense of recognition, as if she had stumbled into a memory from a past life, one that was hidden deep within her, yet somehow still lingered, a residual echo that only the ocean's whispers could awaken. The vision faded, leaving Emilia feeling disoriented and bewildered, yet somehow, inexplicably, connected to the mysterious world she had glimpsed beneath the waves. As she stood there, the object still clutched in her hand, she felt the familiar rhythm of the tide begin to change, the waves growing stronger, as if the sea itself was calling to her, drawing her closer to the edge of the water, where the foam and spray mingled with the air, and the sound of the gulls was replaced by a low, haunting melody that seemed to emanate from the depths of the ocean itself, a siren's song that spoke directly to Emilia's soul, beckoning her to step forward, to leave the world of solid ground and mortal concerns behind, and to surrender to the allure of the unknown, as the melody swirled around her, enveloping her in its ethereal harmony, and Emilia felt her feet move of their own accord, carrying her forward, the water rising to meet her, until she was standing at the threshold of the sea, the waves lapping at her ankles, and then her knees, and then her waist, as if the ocean itself was embracing her, drawing her into its dark, mysterious depths, where the last remnants of sunlight barely penetrated, and the pressure of the water was a gentle, insistent pressure that seemed to be dissolving the",aa
conv_99ec489eabc540348ba85f02a06c64cf,"Miriam Chen, a lighthouse keeper who discovered she could hear the thoughts of passing ships. It started on a Tuesday, during the worst storm the coast had seen in thirty years. The waves crashed against the lighthouse with such violence that Miriam could feel the stone trembling beneath her feet as she climbed the spiral stairs to check the beacon. Salt spray lashed the windows, and the wind howled like something alive and furious. She reached the lamp room just as a cargo ship materialized through the sheets of rain, its hull riding dangerously low in the churning water. That's when she heard it—not through her ears, but somehow inside her mind, like a radio signal tuning in: *Too close to the rocks, can't see, God help us, the engine's failing, we're going to hit—* The voice was panicked, male, crackling with fear. Miriam's hand froze on the beacon's controls. She pressed her palms against the cold glass, straining to see through the deluge. The cargo ship listed portside, completely blind in the storm. Without thinking, she grabbed the emergency spotlight and angled it toward the hidden reef, sweeping it back and forth in desperate arcs. The beam cut through the darkness like a knife, illuminating the jagged rocks that lurked just beneath the surface, their dark shapes writhing in the foam. She heard the voice again—*There! Light at two o'clock, hard to starboard, NOW!*—and felt a surge of relief mixed with something else, something electric and strange. The ship's engines roared back to life with a guttural groan that she felt more than heard. The massive vessel began to turn, agonizingly slow, its bow swinging away from certain destruction. Miriam held her breath, the spotlight trembling in her grip as the ship cleared the reef by mere meters. Then, as suddenly as it had appeared, the voice in her head faded to silence. The cargo ship disappeared into the rain-soaked darkness, its running lights swallowed by the storm. Miriam stood alone in the lamp room, her heart hammering, hands shaking. She told herself it was adrenaline, the terror of nearly witnessing a disaster. But deep down, she knew something fundamental had shifted. The silence in her mind felt hollow now, like a room suddenly emptied of guests. She descended the stairs slowly, each step echoing in the lighthouse's stone throat, and when she reached her small quarters, she couldn't bring herself to sleep. Instead, she sat by the window with cold tea growing colder in her hands, watching the storm exhaust itself against the rocks. By dawn, the sea had gentled to a sullen gray mirror, and that's when the voices returned—dozens of them, a chorus of distant murmurs like whispered conversations in another room. Fishing boats heading out for the morning catch, a yacht making for harbor, a ferry full of commuters. Their thoughts washed over her in waves: worries about quotas and fuel prices, a marriage proposal rehearsed nervously, someone's grief over a father who would never see the grandchild due in spring. Miriam pressed her forehead against",aa
conv_a04661581cc44199925519416c49193a,"two unlikely friends, a wise old owl named Ollie and a curious young rabbit called Remy. They lived in the heart of the Whispering Woods, where the trees whispered secrets and the streams sang songs of old. One sunny morning, as the first rays of light peeked through the canopy, Remy hopped excitedly around Ollie’s tree, his long ears twitching with anticipation. “Ollie, Ollie!” he called out. “Wake up! I’ve found something amazing!” Ollie stirred from his nest, his feathers rustling softly. He blinked his large, wise eyes and looked down at the eager bunny. ""Good morning, Remy,"" Ollie said, his voice calm and soothing. ""What have you discovered today?"" Remy's excitement was contagious as he explained, ""I found a hidden trail near the old oak by the stream! It's covered in colorful flowers and leads to a place I've never seen before!"" Ollie nodded thoughtfully, his eyes twinkling with curiosity. ""That does sound intriguing, Remy. Why don't we explore it together? I could use a bit of adventure today."" Remy's face lit up with joy. ""Really? That would be wonderful, Ollie!"" The two friends set off through the woods, the soft morning light guiding their way. As they followed the trail, the scent of wildflowers filled the air, and the sounds of the forest grew more melodious. The path wound deeper into the woods, and soon they came upon a clearing bathed in dappled sunlight. In the center stood an ancient, gnarled tree, its branches reaching high into the sky. Around it, the ground was carpeted with a vibrant array of wildflowers, each one more beautiful than the last. Remy gasped in awe. ""It's like a hidden paradise, Ollie!"" Ollie perched on a low branch, his gaze sweeping over the scene. ""Yes, it is quite a sight,"" Ollie agreed, his voice filled with wonder. ""I’ve heard tales of this place, but I never thought we’d find it. Legend says it's a place where dreams and reality blend together."" Remy hopped closer to the tree, his curiosity piqued. ""Do you think it's true, Ollie? Could this be a magical spot where wishes come true?"" Ollie looked down at Remy with a gentle smile. ""Why don’t we make a wish together and see what happens?"" Remy's eyes sparkled with excitement. Hand in paw, they closed their eyes and made a heartfelt wish. When they opened their eyes, the world around them seemed to glow with a warm, golden light. The flowers seemed even more vibrant, and the air was filled with a sweet, melodic hum. Ollie and Remy exchanged a look of pure delight. Whether it was magic or simply the beauty of their friendship, they knew this moment was special. Hand in paw, they explored the clearing, discovering new wonders at every turn. As the day wore on, they realized that the true magic lay in the joy and companionship they shared. The sun began to set, casting a golden hue over the forest. Ollie and Remy sat side by side under the ancient tree,",aa
conv_a5f55403da744ff0b966103e3911c44e,"a curious girl named Mira who lived at the edge of the Whispering Forest. The townsfolk always warned her to stay away from the ancient, tangled woods. They said the winds there carried secrets not meant for human ears, and that shadows moved in ways they ought not to. But Mira’s curiosity was as wild as the forest itself. Each morning, when mist curled between the trees and dew clung to every leaf, Mira would stand at the forest’s edge, heart pounding with wonder and fear. One particular dawn, she noticed something unusual—a soft, golden glow weaving through the brambles just beyond the first row of ancient pines. The light flickered gently, as if beckoning her forward. Unable to resist, Mira stepped across the mossy threshold into the woods. With each footfall, the forest seemed to hush in anticipation. The golden glow danced ahead, leading her deeper beneath the thick canopy where sunlight barely touched the ground. As she followed, Mira noticed strange carvings on the bark of the trees—symbols swirling like little winds, some shaped like eyes watching her every move. The golden light paused near the base of a gnarled old oak, illuminating a small, weathered door embedded in the trunk. Mira reached out, her fingers trembling as they traced the delicate carvings around the doorframe. The wood felt warm, almost alive beneath her touch. A gentle hum vibrated through her fingertips, and with a soft sigh, the door swung open, revealing a staircase spiraling down into an amber-lit hollow. The golden glow drifted ahead, lighting each step. Mira gathered her courage and followed. The air inside was warm and smelled of honey and earth. As she descended, the hum grew richer—now a melody, half familiar and half otherworldly. At the bottom of the stairs, the passage widened into a vast chamber filled with gentle light and fluttering shadows. In the center stood a figure woven from mist and moonbeam, its eyes deep pools of shimmering silver. The golden glow settled like a crown above its head. It spoke in a voice both echoing and whisper-soft, “Welcome, Mira. The forest has been waiting for someone who listens to its secrets.” The chamber thrummed with possibility, and Mira realized that every choice she made here would shape the forest—and herself—forever. The figure extended a mist-woven hand. “Will you learn our ways and become a friend to all that grows within these woods?” it asked. Mira felt the weight of the moment, the power of choosing wonder over fear. Heart swelling with courage, she took the hand. The golden light burst around her like dawn breaking, and Mira understood the ancient language of wind and leaf. She became the forest’s friend and its secret keeper, her laughter forever echoing in the boughs, guiding others who dared to listen and dream. Every whispering wind bore her story: that courage, curiosity, and kindness could turn even the oldest, wildest mysteries into bright, welcoming wonder. And so, at the edge of the Whispering Forest, no one feared the secrets anymore—for Mira had become both the guide and the guardian, forever bridging her world and the magic beneath the leaves. Where her footsteps lingered, flowers bloomed and shadows danced gently, telling every curious heart that the unknown is just the beginning of a new tale. And so the Whispering Forest thrived, a place for dreamers and listeners, its secrets safely kept and shared by the girl who once stood at its",aa
conv_a731e4cc684f448587f5085e647f5953,"Elena Vasquez, a lighthouse keeper who woke one morning to find that the ocean had vanished. Where gray-green waves should have rolled endlessly to the horizon, there stretched instead an expanse of wet sand, glistening like hammered bronze in the dawn light. Shells and stones that had tumbled beneath the surf for centuries now lay exposed in strange, curving patterns, as if the sea had left behind a message in a language no one could read. Elena stood at the railing of her lighthouse gallery, coffee mug forgotten in her hand, watching the impossible landscape stretch for miles. The air smelled wrong—too dry, too still, missing the salt-sharp bite she'd breathed every day for seven years. In the distance, dark shapes dotted the endless seabed. Ships, she realized with a chill that had nothing to do with the morning air. Wrecks that had rested in the deep, now exposed like bones picked clean. Some were ancient, their wooden ribs skeletal and black with age, while others gleamed with modern metal, their hulls twisted into impossible angles. Elena set down her mug and reached for the brass telescope mounted beside the door. Through its lens, she could make out more details—cargo containers spilled like dice, a fishing trawler listing on its side, and something else that made her breath catch. Movement. Between the wrecks, figures were walking. At first she thought they might be people from town, drawn by curiosity to explore this new wasteland, but their movements were wrong—too fluid, too purposeful. They didn't stumble over debris or pause to examine the wrecks. Instead, they glided between the rusted hulls with an eerie grace, as if the exposed seabed were their natural domain. Elena adjusted the telescope's focus, her hands trembling slightly. The figures were humanoid but elongated, their skin—if it was skin—reflecting light like wet kelp. They moved in formation, converging on something near the largest wreck, a massive freighter that must have gone down decades ago. Elena watched as they began circling it, their movements synchronized like a ritual dance. Then, from within the freighter's broken hull, a pale light began to pulse—soft at first, then growing stronger with each rhythmic flash, matching the cadence of their circling. Elena's lighthouse suddenly felt very small, very exposed. The light from below pulsed again, and she felt an answering vibration through the lighthouse floor, a deep thrumming that resonated in her chest. Without thinking, she turned to look at her own beacon, dark now in the daylight. But as the pulse came again from the seabed, the great lighthouse lamp flickered once, twice, then blazed to life with an intensity she'd never seen before, flooding the vanished ocean with brilliant white light. The figures below stopped their circling and turned as one toward her lighthouse. Elena's heart hammered as she understood—the ocean hadn't vanished by accident. It had been called away, drawn back like a curtain so they could finish what they'd started long ago, before humans had ever built towers of light to warn ships away from danger. The figures began moving toward her lighthouse now, purposeful and unhurried, and Elena",aa
conv_ad879cff91254437a5153d2400ed3f5d,"a small village nestled deep within a vast, ancient forest. The village, known as Greenhaven, was a place where time seemed to move more slowly, and the hustle and bustle of the outside world felt distant and almost unreal. Life in Greenhaven revolved around the rhythms of nature—planting in spring, harvesting in autumn, and gathering around warm fires in the winter months. The villagers were a close-knit community, bound together by their shared traditions and the mystical tales that had been passed down through generations. Among these tales was the legend of the Whispering Willow, an enormous tree said to stand at the heart of the forest. It was believed that the willow could grant wishes, but only to those who proved themselves worthy through acts of kindness and bravery. Many had ventured into the forest in search of the willow, but few returned with stories of having found it. One crisp autumn evening, a young girl named Elara decided she would be the one to find the Whispering Willow. She had always been fascinated by the tales her grandmother told her, and she felt a deep connection to the forest. With a small sack of provisions and a heart full of determination, Elara set out at dawn, her path lit by the first light of the sun filtering through the dense canopy. As she walked, the sounds of the forest enveloped her—the rustle of leaves, the chirping of birds, and the occasional snap of a twig under the feet of unseen creatures. The forest was alive, and Elara felt a thrill of excitement mixed with a cautious respect for the unknown. After hours of wandering, she came across a clearing where a group of small animals—a rabbit, a squirrel, and a fox—were gathered around a wounded bird. Without hesitation, Elara approached the animals and carefully picked up the injured bird. She gently cradled it in her hands, examining its wing, which appeared to be caught in a thorn. With a steady hand, she freed the bird and used a bit of cloth from her sack to wrap its wing, offering it comfort. The animals watched in silence, and when Elara finished, the bird chirped softly and fluttered away, its flight steady once more. The rabbit, squirrel, and fox then looked at Elara with what seemed like gratitude before disappearing back into the forest. Feeling a sense of accomplishment, Elara continued deeper into the woods, her steps now lighter and her spirit more determined than ever. As the sun began to set, casting long shadows through the trees, she noticed the air becoming cooler and the forest growing quieter. Suddenly, a soft whisper carried on the breeze, guiding her toward a hidden grove. There, bathed in the golden light of the setting sun, stood the legendary Whispering Willow. Its branches swayed gently, and as Elara approached, the leaves rustled with a melody that seemed to speak directly to her heart. She reached out and touched the trunk, feeling a warmth spread through her body. The willow’s voice, gentle and wise, whispered in her mind, “You have shown kindness and courage, young one. What is your wish?” Elara took a deep breath, her mind racing with possibilities. But then, remembering the tales of those who sought only selfish desires and found nothing, she spoke from the depths of her heart. “I wish for the health and happiness of my village, and for the forest to remain a place of wonder and peace for all who call it home.” The willow’s leaves shimmered",aa
conv_adc796acd32f4433993539115159236a,"a lighthouse keeper who discovered that every seventh wave carried voices from the past. Mara had tended the Beacon Point lighthouse for three years Mara had tended the Beacon Point lighthouse for three years, and she thought she'd learned all its rhythms—the groan of the gallery rail in high winds, the particular way the lens room hummed at midnight, even the schedule of migrating birds that rested on the lantern's exterior cage. But she'd never noticed the voices until the storm in late October, when the sea turned violent and she counted waves to calm her nerves. One, two, three—the normal crash of water against rock. Four, five, six—still ordinary, though louder now, almost thunderous. But the seventh wave broke differently, carried on its crest something that sounded like singing—faint and melancholy, in a language she almost recognized. Mara pressed her face against the cold glass, straining to hear over the howling wind. The eighth wave came normal again, then the ninth, the tenth. She counted faster now, her breath fogging the window as she waited for the fourteenth wave. When it arrived, the voices were clearer—a woman's laugh, sharp and bright, followed by a man shouting coordinates that made no sense: ""Forty-two north, seventy-one west, April of '89!"" Mara grabbed the lighthouse log from its shelf and flipped through the brittle, yellowed pages with trembling fingers. April 1889—there it was. An entry in handwriting she didn't recognize, careful and slanted: ""The Elizabeth Marie went down today in clear weather. Twenty-three souls lost. My Sarah among them. I heard her calling from the water but could do nothing. The light failed."" The ink had bled in places, as if tears had fallen on the page. Mara's throat tightened as she looked back toward the waves, counting again with new urgency. Twenty-one approached, the seventh in the next cycle. When it crested, Sarah's voice came through crystal clear, no longer singing but speaking directly, desperately: ""Tell him I made it to the rocks. Tell him I survived three days. He never came back to look."" Mara's heart hammered against her ribs. She ran down the spiral stairs, nearly slipping on the iron treads, and burst out onto the gallery walkway. The wind tore at her jacket as she leaned over the railing, salt spray stinging her eyes. Below, the twenty-eighth wave was building, massive and dark. Mara cupped her hands around her mouth and shouted into the gale: ""He couldn't hear you! The light failed—he thought you were gone!"" Her words were ripped away by the wind, but as the twenty-eighth wave crashed against the rocks, she heard it: a sigh, long and soft, like a breath finally released after more than a century of holding on. The sea calmed then, not gradually but all at once, as if a spell had broken. The waves continued their eternal rhythm, but the voices were gone—truly gone, Mara somehow knew, not just waiting for the next seventh count. She",aa
conv_baa66c4dc3ff4e6f8b91aa3bf55cbea2,"Eleanor, a young woman with a mysterious past and a heart full of dreams. She lived in a small village nestled between rolling hills and dense forests, a place where the sun seemed to linger longer, casting golden hues over the cobblestone streets and thatched roofs. Eleanor spent her days tending to the garden behind her cottage, where she grew herbs and flowers that filled the air with their sweet fragrance. Despite the tranquility of her surroundings, Eleanor often felt a restless yearning for something more, a sense that her true purpose lay beyond the familiar borders of her village. One evening, as the sky painted itself in shades of orange and purple, Eleanor stumbled upon an ancient map hidden within the pages of an old book she had borrowed from the village library. The map was faded and worn, but it clearly showed a path leading deep into the forest, marked with symbols and notes that hinted at a forgotten treasure or a legendary site. Intrigued and feeling a spark of adventure ignite within her, Eleanor decided to follow the map. She packed a small bag with essentials—bread, cheese, a flint, and her trusty knife—and set out at dawn. The forest was alive with the sounds of birdsong and the rustling of leaves underfoot. As she ventured deeper, the path became less distinct, overgrown with moss and vines. Eleanor relied on the map and her intuition, navigating through the twisting trails. The sunlight filtered through the canopy in patches, casting dappled shadows on the forest floor. Hours passed, and the air grew cooler, carrying the scent of earth and pine. Suddenly, Eleanor came across a clearing where an ancient stone circle stood, its stones weathered and covered in lichen. In the center, a single pedestal held a glowing crystal, pulsating with a soft, otherworldly light. Eleanor approached cautiously, her heart pounding with a mix of excitement and trepidation. As she reached out to touch the crystal, a warm energy flowed through her, filling her with a sense of clarity and purpose. The crystal began to glow brighter, and Eleanor realized that this was the key to unlocking her true destiny. The map had led her here, but it was the journey itself that had transformed her. With the crystal in hand, Eleanor knew she had to return to the village and share her discovery. The crystal held secrets that could change the lives of everyone in her community. As she made her way back through the forest, the path seemed clearer, almost as if the woods themselves were guiding her home. The villagers were amazed when Eleanor returned, the crystal’s light catching the eyes of all who saw it. She shared her story, and the crystal’s power brought prosperity and knowledge to the village. Eleanor’s once-restless heart found peace, knowing she had found her true calling and that her journey had not only changed her but had also brought hope and new beginnings to those around her. The village thrived, and Eleanor became a beloved figure, remembered for her courage and her unwavering spirit. The map that had once been a simple piece of paper now held a place of honor in the village hall, a reminder of the adventures that await those who dare to follow their dreams. And so, Eleanor’s life became a tapestry woven with threads of adventure, discovery, and the profound connection between the past and the future. Her legacy continued to inspire generations, reminding them that sometimes, the greatest treasures are not found in distant lands,",aa
conv_bd42668068fc4f41a9b41e52a30aa976,"a lighthouse keeper who stopped believing in the sea. It happened gradually, the way most impossible things do. Magnus had tended the lighthouse for thirty-seven years, and somewhere between the thousandth storm and the ten-thousandth wave, the ocean simply ceased to be real. He still performed his duties—polished the great lens, wound the clockwork mechanism, trimmed the wick—but these actions felt hollow, like movements in a play whose meaning he'd forgotten. The ships that passed were merely shapes against an indifferent gray backdrop. The gulls' cries became arbitrary sounds, unconnected to anything living or true. Magnus began to suspect that the lighthouse itself was the only solid thing in existence, a pillar of certainty surrounded by elaborate illusion. Then one morning, he found wet footprints leading up the spiral stairs—footprints that glistened with salt and seaweed, impossible prints that shouldn't exist if the sea was merely his imagination's trick. They climbed all two hundred and seventy-three steps, growing fainter as they ascended, until they stopped at the lantern room door. Magnus stood before it, his hand trembling on the brass handle. For the first time in years, his heart hammered with something like fear, or perhaps hope—he couldn't distinguish between them anymore. The door swung open before he could turn the handle, and there stood a woman wringing seawater from her long dark hair, droplets pattering onto the iron floor like accusations. She looked at him with eyes the color of deep water, and said, ""You stopped lighting the lamp three nights ago."" Her voice carried the rhythm of tide pools. Magnus blinked, confused. But he had lit it—hadn't he? Every evening at dusk, the same ritual, the same motions. Yet when he turned to look, the great lens sat dark and cold, a film of dust across its curved surface. ""I don't understand,"" he whispered, but even as he spoke, memories flickered like dying candles—evenings spent sitting in his chair, staring at the unlit lamp, convincing himself that light and darkness were the same, that it made no difference whether the beam swept across nonexistent waters or not. The woman stepped closer, leaving a trail of brine. ""My ship went down last night,"" she said softly. ""Seventeen souls circling in the dark, waiting for a light that never came. We called and called."" She pressed her wet palm against the cold glass of the lens, and where she touched, Magnus saw reflected scenes: a hull breaking against rocks he'd charted a thousand times, hands reaching through black water, faces turned desperately toward the darkness where his beacon should have been. The visions spread across the lens like cracks in ice, each fracture revealing another moment of desperate hope fading into silence. Magnus felt his knees weaken. The sea—the sea had been real all along, more real than his doubt, more solid than his careful disbelief. All those years of faithful service, undone by three nights of surrender. ""I forgot,"" he breathed, but the words were ash in his mouth. The woman's form began to shimmer, water streaming from her clothes in",aa
conv_bd574adf4c144554bf5dde1263f1bb0d,"two unlikely friends, a young fox named Finn and a wise old turtle named Tilda. They lived in the heart of a vast, enchanted forest where the trees whispered secrets of the ancient world and the streams sang songs of forgotten lore. One sunny morning, as the dew still clung to the leaves, Finn bounded into the clearing where Tilda often basked in the early light. ""Tilda!"" Finn called out, his tail wagging with excitement. ""I've heard there's a hidden garden deep in the forest, filled with flowers that glow in the dark and fruits that never spoil. Do you think we could find it?"" Tilda smiled, her eyes twinkling with a mix of curiosity and wisdom. ""A journey such as this requires more than just eagerness, my young friend,"" she said, slowly pulling herself to her feet. ""It requires patience, courage, and a bit of magic. Are you ready for such an adventure?"" Finn's eyes widened with excitement. ""Yes, I'm ready!"" he exclaimed, unable to contain his enthusiasm. Tilda nodded, and with a gentle gesture, they set off into the forest, following a narrow path that seemed to appear just for them. The air was filled with the scent of pine and the distant calls of birds, guiding them deeper into the woods. As they walked, Finn chattered excitedly about all the wonders they might see, while Tilda listened with a patient smile, offering occasional words of wisdom. The path twisted and turned, leading them through thickets and over small streams, each step bringing them closer to the heart of the forest. The sunlight filtered through the dense canopy, casting dappled shadows on the ground. After what felt like hours, they came upon a thick, ivy-covered archway. Beyond it, the air shimmered with a soft, ethereal light. ""This must be it,"" Finn whispered, his heart racing with anticipation. Tilda nodded, her eyes reflecting the same wonder. ""Let’s take a deep breath and step through together,"" she suggested. Hand in paw, they passed through the archway, and the world around them transformed. The garden was more beautiful than either of them had imagined—flowers in every color of the rainbow bloomed under a sky that twinkled with stars, even in the daytime. Fruits glowed softly, casting a warm, magical light. Finn and Tilda explored the garden, marveling at the sights and sounds. They tasted the sweet, luminous fruits and danced among the glowing flowers. As the day drew to a close, they found a quiet spot by a sparkling fountain. Tilda looked at Finn with a knowing smile. ""We’ve discovered something truly special today, haven’t we?"" Finn nodded, his eyes shining with joy. ""Thanks to you, Tilda. I couldn’t have done it without your wisdom and friendship."" They sat together, watching the stars twinkle above, feeling a deep sense of contentment. The hidden garden had not only been a place of beauty but also a testament to their bond. Hand in paw, they made a silent promise to return, to explore more of the enchanted forest, and to always cherish the adventures they shared. As the night deepened, they bid the garden farewell and made their way back through the archway, carrying the magic of the day with them. The forest seemed a little brighter, a little warmer, as they",aa
conv_bfba8b3e334542f08bee905a2934a25e,"a small town where the sun always set at the same time each day—7:14 p.m., no matter what the season, no matter how thick the clouds or how bright the sky. People called it “The Evenfall,” and while newcomers found it odd, locals treated it like an unremarkable quirk, akin to the old bakery’s tilted chimney or the centuries-old oak that grew in the center of Main Street, forcing cars to split and circle around it. Some said The Evenfall brought luck; others said it was a sign that the town was caught in time’s gentle fist, unable to move forward or back. But for twelve-year-old Jamie Bell, who watched the copper light stain the edges of his bedroom wall each evening, Evenfall was a puzzle. He kept a notebook hidden beneath a floorboard, filled with sketches of sundials, weather charts, and careful notes about the way the shadows stretched long and thin, always coming to rest at the exact same minute. He had questions, so many questions—ones no adult seemed willing to answer, at least not seriously. When Jamie prodded, grown-ups just shrugged or smiled, repeating, ""It's just how Evenfall is."" But Jamie couldn't let it go. On his nightly walks, sometimes with his dog Pickles trotting alongside, he’d pause at the town’s edges, where Evenfall’s light seemed to meet the fields and forests in a sharp, uncanny line, as if someone had drawn the border of evening by hand. One night, as Jamie stepped closer to that boundary, he noticed the air there felt cooler, almost electric, making the hair on his arms stand up. Pickles growled, uneasy. Jamie pulled a flashlight from his pocket, but its beam reached only to the very edge of the strange divide and flickered, as if uncertain how to pierce the barrier. Beyond it, the world looked both familiar and impossible—a shimmer where the trees seemed to bend in slow motion, their shadows too tall and restless, like reflections on rippling water. Heart pounding, Jamie glanced back at Pickles, whose nose trembled, but who pressed forward with a tentative whine, urging Jamie not to turn back. Biting his lip, Jamie stepped across the threshold. The air snapped with cold clarity and a soft, vibrating hum, as if he’d dipped into another world layered on top of his own. For a moment, he swayed, uncertain if he’d gone too far. But then the humming steadied and the light all around him took on a golden, almost floating quality. No sound came from the town behind him, not even Pickles’ footsteps now. Jamie turned and saw that the border of Evenfall glowed faintly, like a doorway of burning saffron. Ahead, the landscape bloomed with impossible colors and the sun hung unmoving just above the horizon. In this place, time bent with the same persistence as the rules back home. Jamie stepped forward and saw a figure—a girl his age, waiting by the shadow of a leaning oak twin to the one in town. She smiled, something knowing in her gaze. “Welcome, Jamie Bell,” she said quietly. “You made it through. Most don’t.” Jamie’s heart hammered—both with wonder and unease. “Where am I?” he breathed. The girl gestured to the undying sunset behind her. “The space between your town’s",aa
conv_bfdccaa2af5e42afa662d355a9f25723,"a young girl named Emilia, who lived in a small village surrounded by dense forests and winding rivers. The villagers often spoke of the mystical creatures that roamed the forests, and the magical energies that pulsed through the rivers, but Emilia never thought much of these stories, chalking them up to mere myth and superstition. That was until the night she stumbled upon a hidden glade deep in the forest, where the trees seemed to hum with an otherworldly energy and the river that ran through it shimmered with a soft, ethereal light that seemed to dance across the water's surface, as if the stars themselves had descended to earth. The air was filled with a sweet, musical melody that seemed to emanate from the trees, the river, and even the ground beneath her feet, a harmony so enchanting that Emilia felt her very soul being drawn into the music, as if the forest itself was awakening a deep and ancient part of her, a part that she never knew existed, and she felt herself becoming one with the forest, her senses expanding to encompass the intricate web of life that bound every living thing together, from the tiniest insect to the tallest tree, and in this state of unity, she saw visions of the forest's secrets, the hidden patterns and rhythms that governed the lives of its creatures, and the delicate balance that sustained the entire ecosystem, a balance that was both beautiful and fragile, and Emilia saw that she was a part of this balance, a thread in the intricate tapestry of life that was woven from the very essence of the forest, and as she gazed deeper into the fabric of this tapestry, she began to see the threads that connected her to the other creatures of the forest, the threads of kinship and belonging that tied her to the ancient trees, the wild animals, and the land itself, and she felt a deep sense of belonging and purpose, as if she had finally found her true place in the world, and the forest, sensing her awakening, began to reveal its deepest secrets to her, secrets that had been hidden for centuries, secrets of magic and wonder, of ancient rituals and forgotten lore, and Emilia's heart swelled with a sense of wonder and awe as she delved deeper into the mysteries of the forest, uncovering the hidden languages of the trees, the whispered spells of the rivers, and the ancient incantations that echoed through the misty valleys, and as she listened to these whispered secrets, Emilia felt her own voice growing stronger, her own magic stirring, until she was able to join in the chorus of the forest, her voice blending with the songs of the trees, the rustle of leaves, and the gentle lapping of the river's waters, and in this moment of perfect harmony, Emilia knew that she had become a part of the forest itself, a living, breathing embodiment of its ancient magic, and as the music of the forest swelled to a triumphant crescendo, Emilia's spirit merged with the land, her essence infusing the trees, the rivers, and the creatures, becoming one with the eternal and unchanging heartbeat of the forest, her soul now a part of the timeless rhythm that pulsed through every living thing, and as the last notes of the music faded into the silence, Emilia's physical form dissolved into the mist, leaving behind only a whispered promise that she would forever be a guardian of the forest's secrets,",aa
conv_c4baf00847bb42a8ab80a1cb377e91b2,"a girl named Lila, who was born with the fascinating gift of seeing colors no one else could see. In her small town nestled between the misty hills and the wild woods, Lila's world shimmered and shifted with hues that danced just outside of ordinary vision. While others admired the golden sunsets spilling over the rooftops, Lila saw swirling ribbons of iridescent teal and shimmering magenta weaving through the golden light, giving each evening a secret magic only she could perceive. She would often perch on the old stone wall at the edge of her grandmother’s garden, bare toes brushing moss, and watch the horizon transform in colors she had long ago learned not to mention. Even as a child, she had tried to paint what she saw, swirling colors on scrap wood and paper, but no pigment ever caught the unnamable shades. The adults would smile politely and pat her head, telling her she had quite the imagination, but Lila knew what she saw was as real as the daisies under her feet. Sometimes, she caught glimpses of those mysterious colors clustering near the old willow tree, or drifting above the creek in early morning mist. One twilight, as the garden glowed in shifting twilight, a sudden burst of lavender flame arced from the willow’s roots to its highest branch—a color so vivid it made Lila gasp. This time, the color didn’t fade; it lingered in the air, pulsing gently like a living thing. Mesmerized, Lila stepped closer, her heartbeat echoing the rhythm of the strange light. As she reached out, the lavender glow seemed to respond, twining around her fingers and drawing her toward the willow’s gnarled trunk. Lila hesitated only a moment before pressing her palm to the bark. The world tilted, and suddenly the garden faded away, replaced by a luminous landscape painted in impossible colors. A voice, gentle as wind rustled through the brilliant air, speaking in tones that seemed to shape the very light around her: “Welcome, Lila. You’ve finally found the threshold.” Shapes emerged—creatures woven from sapphire and emerald light, their bodies shifting with every move. They bowed their heads in greeting, radiating warmth and trust. Lila realized she hadn’t just found a hidden world—she was part of it. The creatures approached, weaving their colors into luminous patterns that settled softly onto her skin. It felt as though she belonged, both in this extraordinary realm and her own. The voice spoke again, promising that whenever Lila needed guidance or joy, she could return here by following the hidden colors only she could see. Filled with gratitude, Lila smiled, letting the iridescent warmth ripple through her. When she finally returned to her grandmother’s garden, the hidden colors were brighter than ever, and in her heart, she knew she would never be alone in her gift. From that day forth, both worlds—her ordinary home and the luminous realm—coexisted in harmony within her, their colors guiding her steps. Whenever dusk painted the sky, Lila would return to the old stone wall, letting wonder and possibility shimmer through her life, forever changed and forever seeing beauty where others could not. And in her heart, the secret promise of the threshold glowed: that magic was always as close as her own open eyes and brave, curious heart. With every sunset, Lila’s world unfurled anew—vivid, wild, and full of hope—for those who dared to see beyond",aa
conv_c5addb32570d400db0feca8365ceaa9a,"Margot Chen, who discovered on her thirty-second birthday that she could hear the thoughts of objects. Not people—objects. It started with her coffee mug. She was sitting at her kitchen table, staring at the chipped ceramic with the faded logo from some tech conference she'd never attended, when a voice drifted into her consciousness like static resolving into words: ""She never washes me properly. There's always residue in the bottom, a brown ring of bitterness that nobody else can see but I feel it, every single morning when she pours fresh coffee over yesterday's disappointments."" Margot dropped the mug. It hit the table with a sharp crack but didn't break, and immediately she heard it again—a wounded, indignant gasp. ""Rude! After everything I've held for you—your coffee, your tears that one time, even that cheap wine when you ran out of proper glasses—and this is the thanks I get?"" The mug's voice was petulant, almost hurt, and Margot found herself apologizing to it before she could stop herself. ""I'm sorry, I didn't mean to—"" She cut herself off, realizing she was talking to dishware. But the damage was done. Around her, the kitchen erupted in a cacophony of voices. The refrigerator hummed complaints about being opened too frequently, the toaster launched into a tirade about crumbs never being emptied from its tray, and the kitchen chairs—all four of them—bickered amongst themselves about who bore the most weight, who was sat upon with the least grace, who had endured the most indignity when guests draped their coats over the backs instead of using the coat rack in the hallway. That coat rack, Margot realized with growing horror, was now chiming in from the other room, its voice reedy and desperate: ""I'm RIGHT HERE! I was MADE for this! But no, I just stand empty, collecting dust and that one scarf she hasn't worn in three years!"" The voices multiplied—her phone buzzed with digital resentment about ignored notifications, the kitchen knife muttered darkly about never being sharpened, and somewhere upstairs her laptop began a lengthy monologue about thermal paste and overheating. Margot pressed her palms against her temples, trying to block out the rising chorus, but it was useless. The objects didn't speak through her ears—their voices bloomed directly inside her skull, each one demanding attention, validation, care she'd never known they needed. She stumbled toward the front door, desperate for silence, for empty space where nothing owned could accuse her of neglect. But as her hand closed around the doorknob, it whispered with unexpected tenderness: ""Go ahead. I'll let you out. I always do."" And in that small kindness from cold brass, Margot understood something she hadn't before—that every object around her held not just complaints, but also memories of service, of purpose fulfilled, of the quiet satisfaction in being used and needed. She paused, her grip softening on",aa
conv_c7841512d38b483c928344d48d5caa78,"a small, seaside town, where the air was sweet with the scent of saltwater and the sound of gulls filled the air. It was a place where time seemed to stand still, where the old wooden piers stretched out into the calm waters like worn fingers, and the quaint shops and cafes that lined the main street seemed frozen in a bygone era, their faded signs creaking in the gentle breeze that carried the whispers of generations past. The town's inhabitants moved with a quiet contentment, their faces creased by the sun and the sea, their eyes weathered to a soft blue that seemed to hold a deep understanding of the world's rhythms and secrets. They went about their daily routines with a quiet purpose, fishing nets being mended, bread being baked, and stories being shared in hushed tones over steaming cups of coffee at the local cafe, where the proprietor, an elderly woman named Sophia, would listen with a knowing smile, her eyes twinkling with a deep warmth as she poured refills and offered words of comfort and wisdom, her voice like a gentle lapping of the waves against the shore, soothing and reassuring. She had lived in the town all her life, and her presence was a constant, a reassuring anchor that held the community together, a keeper of secrets and traditions, and a weaver of tales that had been passed down through generations, her stories of legendary fishermen and mythical sea creatures, of storms and shipwrecks, of love and loss, were told with such conviction and passion that they seemed to come alive, conjuring images of towering waves and moonlit coastlines, of mermaids singing siren songs and sea monsters lurking in the depths, of brave sailors and beautiful maidens, all swirling together in a great tapestry of myth and memory, woven from the very fabric of the town's history and imagination, a rich and vibrant brocade that seemed to shimmer and glow with an otherworldly light, as if the threads of reality had been subtly intertwined with those of fantasy, creating a world that was both familiar and mystical, where the boundaries between truth and legend were blurred, and the town itself became a kind of threshold, a liminal space where the ordinary and the extraordinary coexisted, where the sea's vast mysteries and powerful majesty seemed to seep into the very bones of the place, infusing its inhabitants with a sense of wonder and awe, and a deep understanding of the intricate dance between the human world and the natural one, a delicate balance that was both beautiful and precarious, and which the townspeople respected and honored with a quiet reverence, their lives a testament to the enduring harmony that could exist between the fragile, fleeting nature of human existence and the eternal, unchanging rhythms of the sea, a harmony that was reflected in the town's weathered buildings, its worn stone walls, and its people's gentle, sea-softened faces, all bearing witness to the passage of time, and the endless ebb and flow of life, as the town, suspended between the land and the sea, stood as a poignant reminder of the beauty and the melancholy that lingered in the spaces where the past and the present converged, where the memories of yesterday whispered secrets to the dreams of tomorrow, and the eternal song of the sea provided a haunting melody that echoed through the chambers of the heart, a reminder of the infinite and the infinitesimal, of the mysteries that lay beyond the reach of mortal understanding, and the simple, profound beauty that",aa
conv_c844530b86a74806aff04a1d35ed710d,"a small, forgotten village nestled deep within the heart of an ancient forest. The villagers lived simple lives, tending to their fields and livestock, and rarely venturing beyond the protective embrace of the dense woods. The forest, with its towering trees and whispered secrets, was both a barrier and a sanctuary. It shielded the village from the outside world, but it also held mysteries that the villagers spoke of in hushed tones around the evening fire. Among these mysteries was the legend of the Enchanted Spring, a place said to possess the power to heal any ailment and grant wishes to those pure of heart. However, the path to the spring was guarded by the Spirit of the Forest, a being as elusive as the mist that often shrouded the woods. Many had attempted the journey, but none had ever returned to speak of their fate. Despite the warnings, young Elara, the village healer’s apprentice, felt a pull towards the Enchanted Spring. Her curiosity and the desire to help her village drove her to prepare for the journey. She gathered herbs, packed her most trusted tools, and bid a heartfelt farewell to her mentor and the villagers, promising to return with the blessings of the spring. As she stepped into the forest, the familiar rustle of leaves and the gentle chirping of birds seemed to wish her well. The path was narrow and winding, but Elara moved with a steady resolve, her eyes fixed on the dappled sunlight filtering through the canopy above. The deeper she ventured, the more the forest seemed to come alive around her. Shadows danced at the edges of her vision, and the air grew thick with an ancient, mystical energy. Suddenly, a soft, melodic voice whispered through the trees, urging her to proceed with caution and respect. Elara paused, listening intently, and then continued, her steps now lighter and more confident, guided by a newfound sense of purpose. As she rounded a bend, the forest cleared, revealing a glade bathed in ethereal light. In the center, the Enchanted Spring glistened like liquid silver, its surface undisturbed and serene. The air around it was filled with a sweet fragrance, and the very ground seemed to hum with life. Elara approached the spring, her heart pounding with a mix of excitement and reverence. She knelt beside the water, cupping her hands to take a sip, feeling the cool, refreshing liquid touch her lips. Instantly, a warm sensation spread through her body, filling her with a profound sense of peace and clarity. She made her wish, a silent prayer for the health and prosperity of her village. Rising to her feet, Elara felt a new strength within her. She knew she had to return quickly to share the spring’s blessings. With a final glance at the enchanted waters, she turned and began her journey back through the forest, her steps quick and her spirit uplifted. The villagers waited anxiously for her return, their faces lighting up with hope as she emerged from the woods. Elara shared the water from the Enchanted Spring, and soon, the village was transformed. Ailments were healed, crops flourished, and a sense of unity and joy spread through the community. The legend of the Enchanted Spring became a cherished part of their heritage, and Elara was hailed as a hero. The village thrived, and the bond between the people and the forest grew stronger",aa
conv_c9917f1e13cb425b8d6617310f2e909f,"Eliana, a young woman with a heart as vast as the open seas. Born in a coastal village where the air was always salty and the horizon never seemed to end, she had grown up listening to the tales of sailors and merchants who visited her village. Each story sparked a flame within her, a desire to explore beyond the confines of her small world. Despite the villagers' warnings of the dangers that lurked beyond the familiar waters, Eliana’s curiosity only grew stronger. She spent her days sketching maps and nights studying the stars, learning the ancient art of navigation from the old lighthouse keeper, Mr. Hawthorne. He saw in her a kindred spirit, a soul yearning for the vast unknown. Under his guidance, Eliana mastered the intricacies of the sextant and the compass, and she began to understand the language of the wind and the waves. Her parents, though worried, could not help but admire their daughter’s determination. On her eighteenth birthday, Eliana decided it was time to set sail. She bid her family and the village a tearful farewell, promising to return with stories of her own. With a small bag of essentials and a map drawn by her own hand, she boarded a modest fishing vessel that had agreed to take her as far as the nearest port city. As the ship pulled away from the shore, Eliana felt a mix of excitement and trepidation. The rhythmic creaking of the wooden hull and the gentle rocking of the waves were a comforting lullaby, yet the vast expanse of the ocean before her was a daunting reminder of the journey ahead. With each passing hour, the coastline faded into a thin line on the horizon, and the sky turned from a bright blue to a deep twilight. Eliana stood at the bow, feeling the spray of the sea on her face, and whispered a silent prayer to the sea gods for safe passage. As the night deepened, the stars shone like countless lanterns guiding her path. Eliana knew that no matter what challenges lay ahead, she was ready to face them. The first leg of her journey was just the beginning, and the open sea called to her with a siren’s song, promising adventures and discoveries beyond her wildest dreams. With a heart full of courage and a spirit unbound, Eliana embraced the unknown, ready to chart her own course through the vast and mysterious world. As the sun rose, casting a golden glow over the endless waters, she felt a sense of belonging to something greater than herself. The journey was long, but the promise of new horizons kept her spirits high. Eliana’s heart beat in rhythm with the pulse of the ocean, and she knew that no matter where her path led, she would always carry the spirit of her village and the lessons of Mr. Hawthorne with her. The sea was her teacher now, and she was eager to learn its secrets. With every wave and every breeze, Eliana felt a growing connection to the world around her, and the horizon beckoned, a symbol of endless possibilities. As the days turned into weeks, she encountered storms and calms, each teaching her more about resilience and the beauty of nature. And so, with a heart full of hope and a mind sharpened by experience, Eliana continued her voyage, ready to embrace whatever the open sea had to offer. The journey was just beginning, and the world",aa
conv_ca1d11bdb5804bf5b68a18283defc1fe,"a young girl named Mira who lived at the very edge of the Whispering Woods. The villagers always whispered about the woods, warning their children never to stray too close. But Mira was no ordinary girl. She was born during a blue moon, and on her left palm, a silvery birthmark gleamed faintly, shaped like a crescent. Curious and steadfast, she often imagined what secrets the woods might hold. Ever since she was little, whenever the wind rustled through the trees, the silvery mark would tingle as if calling her closer, urging her to step beyond the boundary where wild violets met the tall, dark trees. One evening, as dusk painted the sky lavender, Mira stood at the edge of the woods, heart fluttering with both fear and excitement. The air shimmered with a subtle light, and the crescent on her palm glowed softly, illuminating her path. She glanced back at the village, its distant chimneys sending wisps of smoke into the twilight. Gathering her courage, Mira stepped beneath the tangled branches. Immediately, the world shifted: the air became cooler, the sounds of the village faded away, and the scent of moss and honeysuckle filled her senses. Strange lights flickered between tree trunks, darting away as she tried to see them clearly. The silvery glow from her palm grew brighter, casting gentle shadows that danced along the path in front of her. Mira pressed onward, each step drawing her deeper into the forest’s enchantment. Suddenly, a soft, melodic voice drifted from the shadows, calling her name as though it had always known her. “Mira…” The sound lingered in the air, gentle but commanding. She stopped, breath held, her heart a wild drumbeat. The light from her palm gathered into a shining thread, floating ahead of her like a guide. Mira followed without hesitation, drawn by the voice’s pull, until the trees parted to reveal a quiet glade bathed in moonlight. In its center stood a pool, its surface shimmering with silver reflections. At the water’s edge sat a figure with hair like spun moonlight and eyes deep as the night sky—a woman with the same crescent mark glowing on her palm. The woman smiled, beckoning Mira forward. “You’ve answered the forest’s call,” she said, her voice echoing the melody Mira had heard through the trees. “You are the first in many years to walk the path of the crescent. There is a secret kept here—for those who listen and are not afraid.” As the woman reached for Mira’s hand, the marks on their palms intertwined with light, and a warm, electric sensation danced through their skin. Suddenly, visions flickered before Mira’s eyes—the birth of the woods, the laughter of ancient spirits, a promise made to every child born beneath a blue moon. “You are part of the woods’ story,” the woman whispered, her form turning to silver mist. “Guard its magic, Mira; let curiosity lead you, not fear.” The mist wrapped gently around Mira as the clearing filled with the soft glow of her palm. When the vision faded, Mira stood alone, yet felt more connected than ever—to the woods, the village, and the moonlit promise in her heart. She turned to leave, footprints filling with silvery light, knowing she was changed forever. The crescent on her palm would always guide her, a gentle reminder of the mysteries she now carried. Mira stepped through the forest, no longer afraid—ready",aa
conv_d09d179bdcf2422c934df6fd0fc84a1d,"a young girl named Sophia, who lived in a small village surrounded by vast, rolling hills and dense forests that whispered secrets to the wind. The villagers often spoke of mystical creatures that roamed the forests, and the strange occurrences that took place under the light of the full moon. Sophia's curiosity was piqued by these tales, and she often found herself wandering to the edge of the village, gazing out into the darkness of the forest, feeling an inexplicable pull to the mysteries that lay within. One night, as the moon hung low in the sky, casting a silver glow over the landscape, Sophia decided to follow the call of the forest, and she slipped away from the village, her feet carrying her across the dewy grass and into the shadows of the trees, the rustling of leaves and snapping of twigs beneath her feet serving as a reminder that she was not alone, and the forest was indeed watching her, its ancient eyes peering out from the darkness, as the trees seemed to lean in, their branches tangling together above her head, forming a canopy that filtered the moonlight, casting dappled shadows on the forest floor, and Sophia felt a shiver run down her spine as she heard the soft whisper of a voice, a soft, melodious voice that seemed to come from all around her, the words indistinguishable, but the gentle tone weaving a spell of entrancement, drawing her deeper into the forest, the trees growing taller and closer, their branches whispering secrets in her ear, as the voice grew louder, more insistent, until Sophia felt herself being pulled towards a clearing, a place where the moonlight poured down, illuminating a figure standing at the center, its features still shrouded in shadow, but its presence radiating an otherworldly energy, a power that seemed to vibrate through every cell of Sophia's body, as the figure slowly raised its head, and Sophia caught a glimpse of eyes that shone like stars, piercing and bright, yet filled with a deep sadness, a sense of longing that seemed to echo through the ages, and Sophia felt her own heart responding to the sorrow she saw in those eyes, a sense of connection forming between them, as if the boundaries of time and space were dissolving, and Sophia was being drawn into a world beyond her own, a world where the past and present merged, and the secrets of the forest were revealed to her, as the figure began to speak, its voice like a gentle breeze that carried the whispers of the ages, telling a story of love and loss, of magic and wonder, a tale that wove together the threads of Sophia's own destiny, a narrative that spoke directly to her soul, awakening memories she had never known, and stirring a deep sense of recognition, as if she had finally come home to a place she had always known, yet never remembered, and the figure's words faded away, leaving Sophia standing alone in the clearing, bathed in the soft, silvery light of the moon, the forest silent and still around her, as if holding its breath in anticipation of what she would do next, and Sophia, feeling the weight of the forest's gaze upon her, took a deep breath, and stepped forward, into the unknown, the trees seeming to part to let her pass, as she walked towards a future that was hers alone to shape, the forest's secrets and magic swirling around her, guiding her on her journey, and as she disappeared into the trees, the moon dipped below the",aa
conv_d1c22bb3a30c49288b4bb253d68f713c,"Ember, a girl who could speak to the winds. She lived in the village of Briar Hollow, where whispers traveled faster than rivers and secrets grew wild as the honeysuckle along the fences. On nights when moonlight spilled between the thatched roofs, Ember would sit on the old millstone behind her cottage and listen to the breeze. Sometimes it carried laughter and lullabies from distant houses, but other times, it spoke in a language only Ember seemed to understand. One clear autumn evening, as the wind picked up, swirling with a sudden urgency, Ember heard it whisper her name. It was not the gentle murmur she was used to, but a sharp, insistent call that tugged at her heart. Goosebumps rose along her arms as the voice threaded through the air, carrying a message that felt both familiar and strange: “Ember, to the Old Willow. Come alone.” The words seemed to curl around her, urging her to move before she could think. Ember glanced toward the looming silhouette of the willow at the far edge of the village and hesitated. No one went near the Old Willow after sunset; it was said to be haunted with memories of those who’d vanished long ago. But the wind’s plea was urgent—almost desperate—and it filled Ember with a restless longing she couldn’t ignore. Wrapping her shawl tighter, she slipped through the shadows, following the path that wound between tangled briars and the perfume of honeysuckle. The air felt alive, charged with expectation. With every step, the wind pressed at her back, guiding her past gnarled roots and patches of dew-soaked clover. When at last she reached the Old Willow, its drooping branches seemed to part just for her. A pale shimmer lit the ground beneath its canopy. Ember stepped inside the circle of shadow and light, her breath catching as she spotted something nestled among the roots: an ancient, weathered locket, almost hidden beneath a scatter of golden leaves. The wind circled her ankles, hushed and reverent now, as if holding its own breath. Ember knelt down and lifted the locket, feeling the cool metal pulse in her palm. She traced the faint initials etched upon its surface—E.R.—the same as her own. The wind coiled around her, tender now, and words tumbled softly into her ear: “The secret is yours to awaken.” Inside the locket, a tiny scrap of parchment unfurled, bearing a map inked in moonlit silver. Ember understood—her journey was only beginning. As she stood, the willow’s branches lifted with the wind, revealing a hidden path that glimmered with possibility. With heart pounding and the map clutched in her hand, Ember stepped forward—into the unknown. The wind swirled around her in approval, as if all the old stories of Briar Hollow were finally stirring awake. With each step, Ember felt the secret power in her veins spark to life, the wind and her fate entwined. Behind her, the village lights faded, swallowed by the hush of the willow grove. Ember glanced back only once, then pressed on, braver than before. The wind guided her forward, and for the first time, Ember felt the world open wide before her—every whisper, every legend suddenly hers to shape. She smiled, hope blooming like honeysuckle in her chest,",aa
conv_d6905a1ca5714753a29b07b1344d1eb0,"a small brass key discovered in a forgotten drawer by eleven-year-old Clara May. The key was ordinary at first glance—smooth, slightly tarnished, a whorl at the head like an unfurling fern frond. Clara rolled it between her fingers, feeling its cool weight as she wondered aloud if it belonged to anything her grandmother had left behind. The old Victorian house was filled with mysterious relics, but none seemed quite so suggestive as this key. She tiptoed from room to room, holding it up to jewelry boxes and curio cabinets, but nothing fit. The key just sat in her palm, humming with an odd importance. When she entered the attic, dust motes swirling in shafts of late afternoon light, she felt the hum deepen, as though the key recognized this place. At the far end, beneath a moth-eaten quilt, sat an oddly small, rounded chest with intricate brass inlays matching the key’s whorled design. Clara’s heart thudded in her ears as she knelt and brushed dust from the lock. The key slid in effortlessly, turning with a satisfying click. The trunk creaked open, revealing not treasures or toys, but a velvet-lined compartment containing only an old, folded map. Its paper was soft with age, the ink faded but tidy. Clara smoothed it open, discovering a detailed sketch of her own house and the woods beyond, marked with strange symbols and a path winding deep into the trees. At the far end of the path, an X—shaped like the same unfurling fern—was drawn beside a little illustrated pond. Clara’s curiosity blazed. She glanced at the attic window, where the sun was sinking. Carefully she tucked the map into her pocket and hurried downstairs, heart pounding with a mixture of excitement and unease. She pulled on her boots and slipped out the back door, key still in her pocket. The garden was quiet, the air tinged with twilight. Clara followed the path sketched on the map, stepping over tangled roots and ducking beneath brambles. The woods grew dense, shadows pooling between tree trunks. But the map guided her true, each twist and turn matching the symbols inked in loving detail. Soon, she heard the gentle gurgle of water ahead. Emerging into a small clearing, she found herself at the very pond mapped out, its surface shimmering in the waning light. Reeds bent gently at the water’s edge, and just beside them, half-hidden, stood an ancient stone pedestal, its top carved with the same curling fern. Clara approached, heart thudding, and placed the brass key in a notch at the pedestal’s center. With a low, resonant hum, the pedestal shifted. The stone unfurled like the frond in the carvings, revealing a hidden compartment. Inside, resting atop a velvet cushion, lay a small pocket watch, its case etched with ferns and swirling patterns. As Clara lifted it, the watch sprang open, the hands spinning before settling at midnight. A hush fell around her, as if the woods themselves were holding their breath. Then, from the heart of the watch, a warm golden light spilled, illuminating an inscription: “For the one who finds her way.” At that moment, Clara understood—this was her grandmother’s final secret, a timepiece not just for hours, but for memories. As golden light played across her face, Clara felt her grandmother’s presence—a gentle warmth inside her heart, as if a story had quietly closed and opened all at once. She pocketed the watch,",aa
conv_dc08ca44d82747d0bbf35d05a5cb1d68,"Ella, a young woman with a deep love for the ocean. Born and raised in a small coastal town, Ella spent her childhood days exploring the shores, collecting seashells, and swimming in the crystal-clear waters. Her connection to the sea was unbreakable, and as she grew older, her passion only deepened. She decided to become a marine biologist, dedicating her life to studying and protecting the ocean and its inhabitants. Every day, Ella would walk along the beach, her eyes scanning the horizon, always on the lookout for something new or unusual. One morning, as the sun painted the sky in hues of orange and pink, Ella noticed a peculiar object washed up on the shore. It was a glass bottle, half-buried in the sand, with a piece of parchment inside. Curious, she picked it up and carefully pulled out the parchment. The paper was old and worn, but the handwriting was clear and elegant. It read: ""To the finder of this message, if you have found this, then fate has brought us together. I am a sailor lost at sea, and I seek your help. Follow the northern star to the lighthouse on the edge of the world, and there you will find a way to save me. Trust in the ocean and believe in the impossible."" Ella’s heart raced with a mix of excitement and disbelief. Could this be real? Determined to uncover the truth, she decided to embark on the journey described in the letter. Packing a small bag with essentials, Ella set off towards the lighthouse, guided by the northern star. The path was long and winding, leading through dense forests and over rocky cliffs, but Ella’s resolve never wavered. As night fell, she found herself standing at the base of an ancient, weather-beaten lighthouse. The beacon atop it glowed brightly, casting a warm light that seemed to beckon her forward. Taking a deep breath, Ella climbed the spiral staircase inside the lighthouse, her footsteps echoing in the silence. At the top, she found a hidden room filled with old maps, nautical instruments, and a logbook. As she flipped through the pages, she discovered the story of a ship that had vanished without a trace, its crew presumed lost at sea. But the logbook hinted at a secret passage beneath the ocean, a hidden tunnel that led to a mysterious island. Ella realized that the sailor’s plea for help was not just a cry into the void, but a clue to a forgotten legend. With renewed determination, she vowed to find the secret passage and rescue the lost sailor. Gathering the necessary tools from the lighthouse, Ella prepared to dive into the depths of the sea. As she descended into the water, the cool waves enveloped her, and she felt a sense of renewed connection to the ocean. Guided by the old maps and the faint glow of her underwater torch, she navigated through the dark, searching for the hidden entrance. After what felt like hours, Ella’s torch illuminated a narrow crevice in the rock. Heart pounding, she squeezed through the opening and found herself in a vast, cavernous tunnel. The walls were lined with bioluminescent plants, casting an ethereal blue light that illuminated the path ahead. As she swam deeper, the tunnel opened into a stunning underwater cavern. In the center, a small boat rested on a natural dock, and nearby, a figure stood silhouetted against the glowing walls. As Ella approached, the figure",aa
conv_de8aad34908944eea2d9c5f8be5201dd,"Elena Vargas, who woke one morning to find her shadow had disappeared. At first, she thought it was the angle of the light—too early, perhaps, or filtering through the apartment's grimy windows in some strange new way. She moved to the center of the room where the sunlight pooled strongest on the hardwood floor, turning slowly like a dancer testing her form. Nothing. The light fell across her body and stopped, refusing to paint her silhouette on the ground. Elena crouched down, running her fingers across the floorboards where darkness should have pooled beneath her, finding only warm wood and dust motes spinning in the brightness. Her heart hammered as she stood and walked to the bathroom mirror, half-expecting to find herself invisible, but there she was—solid, corporeal, unmistakably real. Brown eyes stared back at her, wide with confusion. She raised her hand; the reflection mirrored the gesture perfectly. But when she glanced down at the white tile floor, that same hand cast nothing. No gray outline, no umbral twin. Elena spent the morning testing theories. She stood under every lamp in the apartment, pressed herself against walls, even lit candles and held them close to her skin. Nothing worked. By noon, panic had given way to a strange, hollow curiosity. She dressed carefully—jeans, a gray sweater, her worn leather jacket—and stepped outside into the bustling streets of the city. People rushed past her on the sidewalk, their shadows stretching and contracting with each step, obedient and permanent. Elena walked among them like a ghost in reverse—visible but unmarked by darkness. No one seemed to notice. A businessman brushed past her, his shadow sliding across her feet without acknowledging the interruption, flowing over her shoes as if she were merely air. She stopped at a street corner, watching a mother and child wait for the light. Their shadows held hands on the pavement, a tender duplicate of their connection. Elena felt something crack inside her chest—not quite grief, but a recognition of loss she hadn't yet named. She thought of her grandmother's stories, whispered in Spanish during childhood visits: shadows were proof of the soul's weight, evidence that a person left an impression on the world. ""Sin sombra, sin alma,"" her abuela would say—without shadow, without soul. Elena had laughed then, delighting in the spooky tales. Now the words felt prophetic, chilling. She wandered for hours, watching how light loved everyone but her, until she found herself at the old botanical garden where her grandmother used to take her. The iron gates stood open, welcoming her into a world of green shadows cast by ancient trees. Inside, the air felt different—cooler, dense with the breath of ferns and flowering vines. Elena walked the winding paths until she reached the greenhouse at the garden's heart, its glass panels fractured with age, casting prismatic light across the earth. And there, seated on a weathered bench among the orchids, was an old woman who looked up at her with eyes that seemed to hold centuries. The woman smiled—not with surprise, but recognition—and patted the bench beside her. ""I wondered when you would come,"" she",aa
conv_deb05265bec84343b09557454f80ce9a,"a lighthouse keeper who discovered that every seventh wave carried voices from the past. Marianne had tended the Beacon Point lighthouse for three years before she noticed the pattern. At first, she dismissed it as wind through the rocks, or perhaps the peculiar acoustics of the tower itself. But night after night, as she stood at the gallery rail counting the waves that crashed against the base, she became certain. One, two, three, four, five, six—and then on the seventh, a whisper would rise with the spray. Sometimes it was a single word, fragmented and salt-worn. Other times, whole sentences emerged from the foam, clear as church bells on Sunday morning. The voices spoke of shipwrecks and storms, of sailors who never made it home, of promises whispered into the wind before the sea claimed them. Marianne began keeping a journal, recording each phrase in her careful script by lamplight. ""Tell Anna I tried,"" said one voice. ""The cargo is lost but the crew lives on,"" said another. Page after page filled with fragments of desperate hope and final confessions. On a moonless October night, Marianne heard a voice that made her pen freeze mid-stroke. It was her grandfather's—unmistakable, though he'd been gone fifteen years, lost to these very waters when his fishing boat capsized in a squall. ""Marianne,"" the seventh wave called, and her heart lurched. ""The light... must never go out. Not on the seventh wave."" His voice carried an urgency she'd never heard in life, even in his sternest moments. ""They need it to find their way back."" Back? Marianne's breath caught. Back from where? She leaned over the railing, salt spray stinging her face, counting frantically. One, two, three, four, five, six—she held her breath. The seventh wave rose higher than the others, phosphorescent in the darkness, and within its crest she saw them: pale figures suspended in the water like stars in a green-black sky. Dozens of them, maybe hundreds, all turning toward the lighthouse beam as it swept across the churning sea. Their faces were translucent, hopeful, and achingly familiar—not just her grandfather, but the faces from old photographs in the maritime museum, the missing names carved into the memorial stone at the harbor. They were all there, suspended between worlds, following the light's rhythm like moths to flame. Marianne understood then with terrible clarity: the lighthouse wasn't just a warning for the living. Every seventh wave, the boundary between worlds grew thin, and the light became a beacon for the lost—a thread they could follow toward whatever peace awaited them beyond the veil. Her grandfather's weathered face smiled at her through the luminous water, and he raised one translucent hand in farewell before the wave crashed and dissolved into foam. Marianne gripped the railing, tears mixing with sea spray on her cheeks. She understood her purpose now—not merely to warn ships away from the rocks, but to guide the drowned home. As dawn broke over the horizon, painting the waves gold and crimson, Marianne climbed back up the spiral stairs to tend the lamp. Her hands moved with new reverence as she",aa
conv_df34362d313d4251be4aa9d372a74bc4,"a small village nestled in the heart of an ancient forest, where the trees whispered secrets of old and the river sang lullabies to the moon. In this village lived a young girl named Elara, whose curiosity was as vast as the forest itself. Every day, she would wander through the woods, listening to the tales carried on the breeze and collecting leaves that seemed to hold the stories of the world. One morning, as the sun painted the sky in strokes of gold and pink, Elara stumbled upon a hidden clearing she had never seen before. In the center of the clearing stood an ancient oak tree, its branches reaching out like the arms of a wise old guardian. At the base of the tree, a small, intricately carved wooden box lay half-buried in the soft moss. Elara’s heart raced with excitement as she approached, her fingers trembling as she lifted the lid. Inside, she found a rolled-up piece of parchment and a small, shimmering crystal. The crystal pulsed gently, as if it were alive, and the parchment was covered in symbols and words that seemed to dance before her eyes. As she unfolded the parchment, a gentle wind swept through the clearing, carrying with it a whisper that sounded almost like a name—“Aldorin.” The symbols on the parchment began to glow softly, and Elara felt a sudden surge of knowledge filling her mind. She learned that Aldorin was a legendary guardian of the forest, tasked with protecting the balance between nature and magic. The crystal in her hand was the key to communicating with Aldorin, and the parchment contained ancient spells and incantations that could summon his aid. Elara realized that the forest was in danger, and only she could help restore its harmony. With a deep breath, she clutched the crystal and began to recite the first spell, her voice mingling with the rustling leaves and the whispering wind. As she spoke the ancient words, the air around her shimmered, and a figure slowly materialized—a tall, ethereal being with eyes like molten gold and hair that flowed like the forest itself. “Elara,” the being said, his voice a blend of thunder and song. “The time has come for you to take up the mantle of protector. The forest is threatened by an ancient evil, one that seeks to consume all life within it. I am Aldorin, and together, we must find a way to banish this darkness and restore peace to the land. Are you ready to face this challenge?” Elara’s heart beat with a mix of fear and determination. “I am ready,” she replied, her voice steady. “What must I do?” Aldorin nodded, a smile of approval touching his lips. “First, we must gather the four elements of the forest: earth, water, air, and fire. They hold the power to seal away the evil that threatens us. Follow me, and I will guide you.” With that, Aldorin led Elara on a journey through the enchanted forest, where they encountered mystical creatures and faced trials that tested their courage and resolve. Through it all, Elara’s bond with Aldorin grew stronger, and she learned the true meaning of responsibility and the power of unity. As they collected the elements, the darkness that loomed over the forest began to weaken. Finally, they stood at the edge of a deep chasm, where the source of",aa
conv_e55e23af1d4147fda2537d51eb56c93e,"a young woman named Emilia, who lived in a small village nestled in the rolling hills of the countryside. She was known throughout the village for her remarkable talent as a weaver, and her small cottage was always filled with the soft hum of her loom and the vibrant colors of the fabrics she created. Emilia's threads seemed to come alive in her hands, as if the very essence of the village and its surroundings had been woven into the intricate patterns and designs that danced across her fabrics. The villagers would often whisper among themselves about the magical properties of Emilia's weavings, how they could bring good fortune, ward off illness, and even influence the weather. They would tell stories of a farmer's crop flourishing after he wrapped his seeds in a piece of Emilia's specially woven cloth, and of a young couple's love being strengthened by the embroidered blanket she had made for them as a wedding gift. The villagers believed that Emilia's weavings were infused with a deep understanding of the natural world and the human heart, and they would seek her out for guidance and comfort in times of need. One day, a stranger arrived in the village, a traveler who had been walking for many days and was drawn to the village by the faint hum of Emilia's loom, which seemed to be calling to him across the hills and valleys. He was a tall, dark-haired man with piercing green eyes, and he moved with a quiet purpose, as if he were driven by a sense of destiny that only he could see. As he approached Emilia's cottage, the hum of the loom grew louder, and the air was filled with the sweet scent of wool and the soft glow of the setting sun, which seemed to be tangled in the threads of Emilia's latest weaving. The stranger's eyes were drawn to the loom, where Emilia's fingers moved deftly, weaving a tapestry of gold and crimson that seemed to shimmer and pulse like a living thing, as if the very fabric of reality was being woven into its intricate patterns. The stranger felt a shiver run down his spine as he approached Emilia, who looked up from her work with a sense of calm curiosity, her eyes meeting his in a moment of deep connection, as if she had been expecting him, as if she had woven the threads of their encounter into the fabric of her tapestry long before he arrived. Her gaze held a deep wisdom and understanding, and the stranger felt his soul stir in response, as if the secrets of his own heart were being quietly unraveled by the gentle pressure of her eyes, which seemed to see beyond the surface of his being, into the depths of his very essence. And in that moment, Emilia's fingers paused in their work, the loom's hum dying away to silence, as if time itself had been woven into the fabric of her creation, and all that existed was the space between them, a space filled with the promise of secrets shared, and the soft, golden light of the setting sun, which cast a warm glow over the entire scene, illuminating the threads of connection that had been woven between them, and sealing their fates together in a moment of perfect understanding, as if the entirety of their lives had been leading up to this single, shining instant, where the past, present, and future converged in a beautiful, symphony of thread and emotion, with Emilia's tapestry, now complete, shimmering before them like a portal to a new reality, one that they would embark",aa
conv_e8cf4a02ed5d42acb9cb032eeb8564d6,"a small, peculiar town nestled between misty hills and ancient forests. Its name was Willowmere, a place outsiders rarely found on any map, and even the locals whispered that the town sometimes seemed to drift, as if it existed halfway between this world and the next. Strange things often happened in Willowmere. Lantern lights flickered in the windows even when no one was home, and the old willow trees at the heart of the village sometimes rustled with voices, telling secrets in a language only the very young or very old could understand. Every evening, as the sun slipped behind the hills, the air would thicken with the scent of wet earth and lilac. On such evenings, young Elsie Whitcomb would sit on the sagging porch of her family's cottage, listening to the symphony of night sounds. She was eleven, skinny as a birch sapling, and her sharp, curious eyes missed nothing. That night, as the wind teased strange shapes through the low fog, Elsie heard something she’d never heard before—a soft, lilting melody drifting from deep within the forest. It was both haunting and hopeful, filled with notes that tugged at her memory in ways she couldn’t name. Drawn as if by invisible threads, she rose quietly from her porch, letting the screen door ease shut behind her. Barefoot, she crossed the dew-chilled grass, her nightdress trailing behind her like a pale ripple in the dusk. The melody grew clearer, winding through the trees and inviting her onward. Fireflies blinked around her ankles, lighting a path that seemed made just for her. The forest felt alive, every leaf trembling with anticipation. Deeper and deeper she went, heart beating like a hummingbird caught in a cage. The song led her to a clearing she’d never seen before, though she was sure she knew every inch of these woods. In the clearing, moonlight pooled like silver milk. At its center stood a willow far older and grander than the rest, its boughs hanging low as if bowing in welcome. The melody came from somewhere within its shadowed branches. Stepping forward, Elsie noticed the trunk split open just wide enough for her to peer inside. Instead of darkness, she found a warm, golden light pulsing from within. Swallowing her fear, Elsie reached out and stepped through—and at that moment, the world shifted. The air grew sweeter, the ground softer beneath her feet, and above her, the branches dissolved into a swirling tapestry of stars. The melody became clear: now sung by a circle of figures woven from moonlight and leaves. They beckoned Elsie closer, their voices blending into words she understood. “You have found the heart of Willowmere,” sang the figures, their forms shimmering in the gentle glow. “Your courage has awakened us. Willowmere needs a guardian—someone who sees what others cannot. Will you stay, Elsie Whitcomb, and watch over our secrets with a true heart?” The ancient willow thrummed with anticipation. Elsie glanced once back at the path home, where familiar shadows flickered—then turned to the glowing figures, her heart swelling with wonder. “Yes,” she whispered, voice steady. The figures bowed, and a crown of willow leaves settled upon her brow. From that night onward, Elsie became Willowmere’s quiet guardian, listening to the trees’ old songs",aa
conv_e9176cbc9fc84bf693d4722a41d4d02b,"a young woman named Emilia, who lived in a small village nestled in the rolling hills of the countryside. She was a curious and adventurous soul, with a heart full of wonder and a mind full of questions about the world beyond the familiar fields and forests of her home. Emilia spent most of her days helping her mother with the household chores and tending to their small garden, where they grew a variety of herbs and vegetables that they would use to cook meals for their family. But despite the comfort and familiarity of her daily routine, Emilia couldn't shake the feeling that there was something more out there for her, something that lay beyond the horizon and beckoned to her with a siren's call. She would often sneak away to the top of a small hill that overlooked the village, where she would sit and gaze out at the distant mountains, her imagination running wild with thoughts of the mystical creatures and ancient secrets that might lie hidden within those rugged peaks. The villagers would sometimes tell stories of strange happenings and unexplained occurrences in the mountains, of eerie lights and whispers that seemed to come from nowhere, and of a legendary figure known only as the Keeper of the Peaks, who was said to possess knowledge and power beyond the understanding of mortal men. Emilia's fascination with these tales only grew stronger with each passing day, and she found herself wondering if there was any truth to the stories, and if the Keeper of the Peaks was more than just a myth, a figure of legend and fantasy. She began to feel an inexplicable pull, as if an unseen force was urging her to leave the village and embark on a journey to the mountains, to uncover the secrets that lay hidden within their ancient stones and to perhaps catch a glimpse of the enigmatic Keeper. The village elder, a wise and aged woman named Ava, seemed to sense Emilia's growing restlessness, and one day she called Emilia to her side, her eyes twinkling with a deep understanding and a hint of knowing, as if she possessed secrets of her own. Ava's gnarled hands grasped Emilia's, and she spoke in a low, mysterious tone, her voice weaving a spell of intrigue and wonder, as she said, ""The time has come, Emilia, for you to follow the path that has been calling to you, the path that winds its way up to the mountains and into the heart of the unknown. I have seen it in the stars, and I have felt it in the whispers of the wind, a stirring in the air that speaks of great change and transformation, and I sense that you, Emilia, are at the center of it all, a key player in a grand drama that is about to unfold, a drama that will take you to the farthest reaches of your courage and your heart. Ava's eyes seemed to bore into Emilia's very soul, as if searching for any hint of doubt or fear, and then, with a gentle smile, she nodded, as if satisfied with what she saw, and handed Emilia a small, intricately carved wooden box, adorned with symbols of the ancient ones, and said, ""Take this with you, child, for it contains a gift, one that will guide and protect you on your journey, and will reveal its secrets to you when the time is right. Open it when you need the light of wisdom and the courage of your own heart, and remember, Emilia, that you are not alone, for the spirits of the land, the ancient ones,",aa
conv_e986348ecd0a4b4fa288f72d037bc63d,"a small village nestled in the heart of a vast, enchanted forest. The village, known as Willowbrook, was a place where time seemed to move more slowly, and the air was always filled with the sweet scent of blooming wildflowers and the gentle rustle of leaves. The villagers lived in harmony with nature, their homes built from the very trees that surrounded them. One of the oldest and most respected residents of Willowbrook was Elara, the village healer. Her cottage, at the edge of the forest, was a sanctuary for those seeking wisdom or healing. Inside, shelves lined with jars of herbs and potions cast a warm, golden glow, while the walls were adorned with ancient scrolls and handmade tapestries depicting the forest’s creatures and spirits. Elara had a deep connection to the forest, and her knowledge of its secrets was unmatched. One crisp autumn morning, as the sun rose over the treetops, casting long shadows across the village, a young girl named Lyra knocked on Elara’s door. Lyra’s eyes were wide with worry, and her hands trembled as she held a small, injured bird in a makeshift nest of cloth. “Elara,” Lyra whispered, her voice trembling, “I found this little one near the old oak tree. It can’t fly, and I don’t know what to do.” Elara’s face softened with compassion as she invited Lyra inside. “Bring it here, dear,” she said gently, guiding Lyra to a cozy corner of the room where a warm fire crackled. Elara carefully examined the bird, her fingers deftly checking for injuries. “It seems to have a sprained wing,” she explained, her voice soothing. “Nothing too serious, but it will need rest and care. I’ll prepare a poultice to ease the pain and help it heal.” Elara moved to her herb shelves, selecting a few leaves and roots to mix into a healing salve. As she worked, she told Lyra about the forest’s own remedies and the importance of patience and kindness. “Every creature, no matter how small, plays a vital role in the balance of our world,” Elara said, her eyes twinkling with wisdom. “By helping this little one, you’re not only showing compassion but also strengthening the bond between us and the forest.” Lyra nodded, feeling a sense of purpose and pride. Together, they carefully applied the poultice to the bird’s wing and placed it in a safe, warm spot. Over the next few days, Lyra visited Elara’s cottage often, learning more about the art of healing and the secrets of the forest. The bird’s condition improved day by day, its feathers regaining their luster and its spirit growing stronger. On a sunny afternoon, the bird was finally ready to fly again. Elara and Lyra stood at the edge of the forest, the bird perched on Lyra’s outstretched hand. With a gentle nudge, the bird took flight, soaring gracefully into the sky. Lyra watched with a heart full of joy and a newfound understanding of the importance of caring for all living things. Elara smiled, placing a hand on Lyra’s shoulder. “You’ve done well, child. The forest and its creatures are lucky to have such a kind heart watching over them.” As the sun set, casting a warm glow over Willowbrook, Lyra felt a deep connection to the village and the",aa
conv_ebe60862bf804722a847681940c8bbcd,"a young girl named Aria who lived in a small village at the edge of a vast and mysterious forest. The villagers often whispered about the strange occurrences and unexplained happenings that took place within the forest's depths. They would speak of eerie lights flickering in the darkness, and the faint sound of whispers carried on the wind. Aria, with her curious nature and sense of adventure, felt an inexplicable pull towards the forest, as if it was beckoning her to explore its secrets. She would often find herself standing at the edge of the village, gazing out at the towering trees that seemed to stretch up to the sky, their leaves rustling softly in the breeze. The villagers, warned her of the dangers that lurked within the forest, telling tales of dark creatures and ancient magic that lay hidden beneath the twisted roots and gnarled branches. But Aria's fascination with the forest only grew stronger, and she began to feel an overwhelming sense of restlessness, as if she was being called to uncover the truth behind the whispered tales and legends that had been passed down through generations of villagers. One night, under the light of a full moon, Aria decided to sneak out of the village and into the forest, the silence of the night broken only by the soft crunch of gravel and leaves beneath her feet as she made her way down the winding path that led into the darkness. The trees seemed to close in around her, their branches like skeletal fingers reaching out to snatch at her clothes, and the air grew thick with an otherworldly scent, like the sweet perfume of blooming flowers, but with an underlying hint of decay and corruption that made her stomach twist with a mix of fear and excitement. As she walked deeper into the forest, the trees grew taller and the path grew narrower, until Aria found herself pushing through a curtain of tangled vines and overhanging branches that seemed to bar her way, and on the other side of this natural barrier, she stumbled into a clearing, where the moonlight poured down like a river of silver, illuminating a scene that took her breath away, for in the center of the clearing stood an enormous tree, its trunk twisted and gnarled with age, its branches reaching up towards the sky like a colossal fist, and at the base of the tree, a figure sat cross-legged on the ground, shrouded in shadows, with eyes that glowed like embers in the dark, and as Aria's gaze met the figure's, she felt a jolt of electricity run through her veins, as if the very air between them had been charged with an ancient power, a power that seemed to awaken a deep memory within her, a memory that had been hidden for so long, and the figure slowly rose to its feet, its eyes never leaving hers, and Aria felt herself being drawn closer, as if by an unseen force, until she was standing just a few feet away from the figure, and she saw that it was a woman, her face etched with lines of age and wisdom, her skin a deep, earthy brown, and her eyes, those glowing embers, seemed to burn with a deep and abiding knowledge, a knowledge that seemed to hold the secrets of the ages, and the woman's voice, when she spoke, was like a gentle rustling of leaves, soft and soothing, yet filled with a profound authority, as she said, ""Aria, I have been waiting for you, for you are the one who has been chosen",aa
conv_ec61d7cb57094812b5ed7b7b55c18b32,"a curious young crow named Fen, who lived in the sprawling branches of an ancient oak at the edge of Moonlight Woods. Unlike the other crows, Fen was never satisfied with simply following the same flight paths or eating the same scraps. Every morning, as the dawn crept through the leaf canopy, Fen would watch beams of golden light flicker and wonder what lay beyond the tangled shadows and mist. One morning, Fen noticed a glint of something silvery at the forest’s edge—a flash, quick as thought, that flickered just beyond the brambles and fern. His heart quickened. The other crows scolded him from their perches, cawing warnings about foxes and things with sharper teeth than curiosity. But Fen couldn’t let the glimmer go. He darted low, skimming above dew-soaked grass, barely rustling a single leaf. The silvery flash darted again, weaving through shafts of sunlight and vanishing behind a moss-covered log. Fen hesitated only a moment before hopping closer. As he peeked behind the log, he spotted a tiny object wedged among the moss—a slender key, oddly shaped and shining as if just polished by the dawn. Fen tilted his head, inspecting the delicate grooves and unfamiliar symbols etched into its surface. Something about the key hummed against his feathers, whispering promises of hidden places and unopened doors. He carefully grasped the key in his beak, feeling its weight—both impossibly light and meaningfully heavy. The forest seemed to hush around him. Fen’s dark eyes darted nervously as he tucked the key beneath a wing. Shadows shifted overhead. Then, a sudden breeze rustled the leaves, and a faint, melodic chime echoed through the clearing, drawing Fen’s gaze to a nearly invisible path twisting deeper into the woods. The key vibrated gently, urging him onward. Driven by curiosity, Fen hopped onto the winding trail, heart thudding with excitement and nerves. Each step brought new scents and sounds—a trickle of water far off, a distant owl’s hoot, the almost musical rustling of unseen creatures. Soon, the path opened into a hidden grove bathed in soft light. There, half-buried among wildflowers, stood an ancient wooden door framed by curling vines and moonlit petals. The surface was carved with symbols that matched those on Fen’s key. He felt drawn forward, wings fluttering with anticipation. Carefully, Fen pressed the key into the lock. It turned with a gentle click. The door creaked open, revealing a shimmering world within—a place where stories whispered on the breeze, and forgotten dreams took root like wildflowers among the moss. Fen hesitated on the threshold, the weight of his choice fluttering in his chest—a choice to step boldly into the unknown. With a deep breath, he hopped over the threshold. Magic swirled around his wings, lighting the hidden world before him with new wonders. At last, Fen realized that curiosity wasn’t a danger—it was a gift. As the door closed silently behind him, he soared into the heart of the new world, eager to discover its secrets. And in that shimmering place, with the ancient key still tucked safe beneath his wing, Fen’s adventure became the first story told for generations to come—a tale of courage, of wonder, and the crow who dared to follow the glimmer at the forest’s edge into a world of possibility. And from that day on, the woods whispered Fen’s name whenever a",aa
conv_f125b048b3e64f3b981a17c9f76e2b23,"a young girl named Aria, who lived in a small village nestled in the heart of a dense and mysterious forest. The villagers believed the forest to be enchanted, filled with ancient secrets and magical creatures that lurked just beyond the treeline, watching and waiting. Aria had always been fascinated by the forest, feeling an inexplicable pull to explore its depths and uncover the truth behind the whispers and warnings that circulated among the villagers. As a child, she would often sneak away from her chores to stand at the forest's edge, feeling the trees' towering presence and the soft, ethereal glow that seemed to emanate from within the forest itself. The trees' leaves would rustle and whisper in the gentle breeze, and Aria would close her eyes, convinced that she could decipher the secrets hidden within the soft murmurs. The villagers would scold her, warning of the dangers that lurked within the shadows, of the dark creatures that roamed the forest under the cover of night, and of the ancient magic that was said to be both beautiful and terrifying, a force that could bring great wonder or immense destruction, depending on who wielded it and for what purpose. Despite the warnings, Aria felt an insatiable curiosity, a sense that she was being called to the forest for a reason, and that the secrets it held were meant for her alone to uncover. One night, under the light of a full moon, Aria decided to follow the call, slipping away from her village and into the forest, the trees looming above her like sentinels, their branches creaking softly in the night breeze as she walked, the moonlight casting dappled shadows on the forest floor. The air was filled with the sweet scent of blooming wildflowers and the earthy smell of damp soil, a primordial aroma that seemed to stir something deep within Aria's soul, a sense of connection to the land and to the magic that pulsed through it, a magic that seemed to be awakening within her, responding to the rhythm of her footsteps and the beating of her heart, as if the forest itself was alive and synchronizing its own pulse with hers, drawing her deeper into its depths, further and further from the village and the only life she had ever known, until the trees grew taller and the path behind her disappeared from view, and Aria found herself standing at the edge of a clearing, surrounded by a ring of mushrooms, their caps glowing softly in the moonlight, casting an ethereal glow over the clearing, and in the center of the ring, a massive tree stood, its trunk twisted and gnarled with age, its branches reaching towards the sky like withered fingers, and as Aria approached, she felt a sudden surge of energy emanating from the tree, as if it were a gateway to a hidden world, a threshold to a realm of ancient wisdom and forgotten knowledge, and as she reached out to touch the tree's trunk, the energy surged to a crescendo, enveloping Aria in a warm, golden light that seemed to dissolve the boundaries between reality and myth, and as the light faded, Aria found herself transformed, her senses expanded, her perception of the world shifted, and she saw the forest and all its inhabitants in a new and wondrous light, as if the very fabric of reality had been rewoven to reveal the hidden patterns and connections that underlay all of existence, and Aria knew that she had been given a great gift, a glimpse into the underlying",aa
conv_f1319a0af50d430182271474fd637f22,"a young girl named Emilia, who lived in a small village surrounded by dense forests and winding rivers. She was known for her insatiable curiosity and her love of exploring the unknown, often wandering into the forest to discover hidden clearings and secret waterfalls. The villagers would often whisper to each other about Emilia's adventures, some warning of the dangers that lurked within the forest, telling tales of dark creatures and ancient magic that only revealed itself to those who ventured too deep. But Emilia was not one to be deterred by such warnings, and she felt an inexplicable pull to the forest's depths, as if something within her was calling out to the secrets and mysteries that lay hidden beneath the canopy of trees. One day, while wandering further than she ever had before, Emilia stumbled upon a hidden path she had never seen, overgrown with vines and shrubs, and lined with moss-covered stones that seemed to glow with a soft, ethereal light in the dappled shade of the forest. The air was filled with the sweet scent of blooming wildflowers, and the soft chirping of birds could be heard in the distance, as if beckoning her to follow the path, which wound deeper into the forest, the trees growing taller and closer together here, forming a tunnel of leaves and branches that filtered the sunlight and cast the forest floor in a soft, emerald green gloom, where the sound of running water grew louder, and the air was filled with a fine, misty vapor that rose from the ground, creating a mystical atmosphere, as if the very forest itself was exhaling a gentle breath of moisture and scent, and Emilia felt her heart beating faster with excitement and wonder as she pushed aside a curtain of tangled foliage, and stepped into a clearing, where a magnificent waterfall cascaded down a rocky slope, creating a misty veil that surrounded a massive stone statue, covered in moss and lichen, its features worn by time and weather, but still radiating a powerful and ancient presence, as if the statue had stood watch over the forest for centuries, guarding a secret that only a select few had ever laid eyes on, and Emilia felt a shiver run down her spine as she approached the statue, her feet seeming to move of their own accord, as if drawn by an unseen force, and as she reached out a hand to touch the statue's weathered stone, the mist surrounding it began to swirl and eddy, taking on a life of its own, until it coalesced into a figure that stood before her, its features shifting and flowing like the mist itself, until a face emerged, pale and serene, with eyes that shone like stars in the dim light, and a voice that was like the gentle lapping of waves on a summer shore, spoke a single word, ""Welcome,"" and Emilia felt a sense of peace and belonging wash over her, as if she had finally found a place she had been searching for her entire life, and the misty figure began to take on a more solid form, its features becoming clearer, until Emilia saw that it was a woman, tall and regal, with long hair that flowed like the mist, and a white gown that seemed to shimmer and glow in the dim light, and the woman's eyes, locked onto Emilia's, filled with a deep wisdom and kindness, and a sense of recognition, as if she had been waiting for Emilia, and the woman's voice, barely above",aa
conv_f2ddc5e921694149b31463498101fd61,"a curious girl named Elara, who lived on the edge of the Whispering Woods. Elara had always sensed there was something peculiar about the forest, something that called to her in the quiet hush of dawn, when the first light crept between the trees. The villagers often spoke in hushed voices about the strange shadows that wandered just beyond the tree line and the faint melodies that seemed to drift from nowhere, especially when the moon was full. But Elara’s curiosity outweighed her fear. She watched the forest from her window each night, tracing the patterns of mist that curled between the trunks, listening intently for the elusive songs. On one particularly bright evening, she noticed a flicker of blue light weaving through the dense undergrowth. Heart pounding, Elara slipped on her slippers and crept outside, following the mysterious glow. The grass felt cool beneath her feet as she ventured closer, careful not to snap any twigs or rustle the leaves. The blue light danced ahead, bobbing gently as if inviting her onward. Soon, the familiar meadow behind her house vanished, replaced by towering trees draped in moss and wild vines, their branches forming arches above her head. The blue light glimmered just ahead, now accompanied by tiny motes of green that flitted like fireflies around Elara’s outstretched hands. The air shimmered with a strange energy, and the forest seemed to hum in harmony with her footsteps. As she walked deeper, the blue light paused near a fallen log carpeted with velvet moss. There, amid the soft glow, sat a creature no larger than a robin, its wings iridescent and eyes as bright as the summer sky. Elara gasped in wonder as the creature tilted its head, studying her with a mixture of mischief and kindness. It spoke in a voice like wind chimes, ""Elara, you have answered the forest's call. Beyond this place lies a secret path, one only the truly brave may walk. Will you trust the woods and follow me?"" Without hesitation, Elara nodded, feeling the thrill of adventure spark within her chest. The creature fluttered ahead, its wings painting streaks of light that revealed a winding trail hidden beneath tangled roots and silver leaves. Elara followed, her fears melting away with each step. The trees began to part, revealing a moonlit clearing where ancient stones encircled a shimmering pool. The creature hovered above the water, beckoning her forward. “Here, in this sacred place, your courage will awaken magic forgotten by the world,” it whispered, its glow brightening. Elara stepped toward the pool, feeling the warmth of possibility rise within her. She knelt at the water’s edge, palms pressed to the smooth stones, and closed her eyes. In the reflection, the forest’s secrets shimmered to life: images of hidden doorways, whispered promises, and the laughter of beings unseen. Elara opened her eyes and saw her own face surrounded by light, the magical creatures now gathering in a circle around her. In that moment, Elara understood—she had become part of the Whispering Woods’ story, bound to its ancient magic and welcomed as its new guardian. The blue-winged guide perched gently on her shoulder, and every creature in the clearing bowed as sunbeams broke through the trees. With a grateful smile, Elara rose, feeling the quiet strength of the woods pulse through her heart. She promised to protect its wonders and listen to its songs, for she",aa
conv_fa25b39e0e4d408c9d4c4f4648a5b636,"Mara, who found a door in the subway tunnel that shouldn't have existed. She'd been waiting on the platform at 2 AM when she noticed it—a wooden door set into the grimy tile wall between two advertisement panels. Not a maintenance door. Not a utility access. Just a door with a brass handle shaped like a curled fern, its surface warm to the touch despite the tunnel's dank chill. Mara glanced over her shoulder. The platform remained empty, the fluorescent lights buzzing their lonely electric hymn. She pressed her ear against the wood and heard something impossible—birdsong, and the distant rush of water over stones. Her rational mind catalogued all the reasons this made no sense: thirty feet of earth and concrete above, the rumble of the city, the complete absence of any ecosystem that could sustain such sounds. Yet the brass fern seemed to pulse with warmth beneath her palm, almost like a heartbeat. Mara turned the handle. The door swung inward without resistance, revealing not a maintenance closet or another tunnel, but a forest path dappled with sunlight that had no business existing underground. The air that wafted out carried the scent of moss and wild honeysuckle, so vivid it made her subway station smell like a distant memory already fading. Mara stepped through, one foot and then the other, feeling soil give beneath her shoes instead of concrete. Behind her, the door remained open, framing the fluorescent-lit platform like a television screen showing some other person's dreary life. She took three more steps, then five, watching the trees grow denser around her, their canopy filtering golden light that couldn't possibly come from any sun she knew. A narrow stream materialized beside the path, its water so clear she could count the smooth pebbles lining its bed, each one seeming to glow faintly from within. Mara knelt and dipped her fingers into the current. The water felt like silk and electricity combined, sending a tingling sensation up her arm that wasn't unpleasant—just unfamiliar, like remembering a language she'd never learned. When she pulled her hand back, droplets clung to her skin and evaporated into tiny sparks of light that drifted upward like reverse rain. A voice called from deeper in the forest—her own voice, but older somehow, seasoned with years she hadn't yet lived. ""You're earlier than I expected,"" it said, and through the trees Mara glimpsed a figure approaching, wearing her face beneath silver-threaded hair. The older Mara smiled with recognition and something like relief. ""I've been tending this place for thirty years, waiting for the night you'd finally find the door. Time works differently here—it loops and folds."" She gestured at the impossible forest around them. ""Every choice creates a threshold. You stood on that platform every night this week, but only tonight were you ready to see it."" The older Mara extended her hand, and in her palm lay a seed that looked like a tiny spiral galaxy, pulsing with the same warm light as the fern-shaped handle. ""This is where it starts,"" she",aa
conv_facbf30cfd734550a3be5964ab1ff135,"a young woman named Ava, who lived in a small village surrounded by rolling hills and dense forests. She was known throughout the village for her remarkable gift – the ability to communicate with animals. It was a talent that had been passed down through her family for generations, and one that she had honed from a young age. Ava could often be found in the village square, surrounded by a multitude of creatures, from birds perched on her shoulders to rabbits hopping at her feet. The villagers would often bring their sick or injured animals to her, seeking her help and guidance in nursing them back to health. Ava's gentle touch and soothing voice had a calming effect on even the most frightened and aggressive of beasts, and it was not uncommon to see a wounded hawk or a frightened deer standing calmly beside her, as if sensing the deep compassion and understanding that emanated from her very being. The villagers had grown to trust and rely on Ava's unique gift, and she had become an integral part of their community, a symbol of hope and healing in a world that often seemed harsh and unforgiving. As she worked her magic on the animals, Ava's own spirit seemed to soar, as if the natural world was responding to her presence, and the creatures that inhabited it were acknowledging her as one of their own. The trees seemed to lean in closer, their leaves rustling softly in the breeze, as if sharing ancient secrets with her, and the sunlight filtering through the canopy above cast dappled shadows on the ground, creating a sense of enchantment that was both captivating and intoxicating, drawing Ava deeper into the mystical world that lay just beyond the edge of everyday reality. It was as if she had stumbled into a hidden realm, one that was full of hidden wonders and untold mysteries, where the boundaries between humans and animals, between the physical and the spiritual, began to blur and dissolve. In this realm, Ava felt a profound sense of belonging, as if she had finally found her true home, a place where her heart and soul could roam free, unencumbered by the constraints of the mundane world, where she could let her spirit soar on the wings of the creatures that had become her closest companions, and where the whispers of the forest, the songs of the birds, and the rustling of leaves all blended together in a symphony of sound that was both familiar and yet utterly magical, a language that only she could understand, a language that spoke directly to her heart, awakening a deep sense of wisdom and knowledge that had been dormant within her, waiting to be unleashed, and as she listened to this mystical melody, Ava felt the threads of her own destiny begin to weave together, forming a tapestry of purpose and meaning that was at once beautiful and terrifying, for she knew that she was being called to embark on a great journey, one that would take her to the farthest reaches of the mystical realm, and beyond, a journey that would require her to summon all her courage, wisdom, and heart, and to trust in the ancient magic that flowed through her veins, for she was about to become the guardian of a long-forgotten secret, one that had been hidden for centuries, waiting for the right moment to be revealed, and as Ava stood at the threshold of this new chapter in her life, the creatures of the forest gathered around her, their eyes shining with a deep understanding, as if they knew that she was ready to receive the truth, and with a soft rustling of leaves,",aa
conv_ff5282570c5a4bfda8b8840e73065641,"Eliana, a young woman with a heart full of dreams and a mind brimming with curiosity. She lived in a small village nestled at the foot of the towering Mystic Mountains. The village, known as Eldoria, was a place where ancient traditions and modern whispers intertwined. Eliana spent her days wandering through the lush forests and meandering streams, always on the lookout for new wonders to discover. Her favorite spot was an old oak tree at the edge of the forest, where she would sit and sketch the vibrant flora and fauna in her notebook. One crisp morning, as the sun painted the sky in hues of orange and pink, Eliana noticed something peculiar—a faint, glowing trail that seemed to lead into the deeper parts of the forest. Intrigued, she followed the luminous path, her heart pounding with excitement and a touch of trepidation. The trail wound through dense undergrowth and over rocky outcrops, leading her to a hidden clearing she had never seen before. In the center of the clearing stood a stone altar, surrounded by a circle of ancient, gnarled trees. The air was thick with an otherworldly silence, and the glow from the trail coalesced into a soft, pulsating light above the altar. As Eliana approached, the light seemed to pulse in rhythm with her heartbeat. She reached out, her fingers trembling, and touched the cool surface of the altar. Suddenly, the light burst into a dazzling display of colors, and a gentle voice whispered, ""Seek the Heart of the Forest, and you shall find what you seek."" The words echoed in Eliana's mind, filling her with a sense of purpose. She knew that this journey would be the adventure of a lifetime, one that would test her courage and uncover the secrets she had always yearned to discover. With a deep breath, Eliana set off into the unknown, her heart alight with determination and her spirit ready for whatever lay ahead. The forest seemed to come alive around her, as if the very trees were whispering encouragement. As she ventured deeper, the path grew more treacherous, but Eliana's resolve only strengthened. She knew that the Heart of the Forest held the answers she sought, and nothing would deter her from reaching it. The air grew cooler, and the light dimmed, but the glow from the trail remained, guiding her through the darkest parts of the forest. Finally, after what felt like hours, Eliana emerged into a breathtaking glade bathed in a warm, golden light. At the center, a majestic tree stood tall, its branches reaching towards the sky like the arms of a guardian. The trunk was wide and ancient, and at its base, a small, glowing crystal rested on a bed of soft moss. Eliana approached the crystal, her heart swelling with a mix of awe and fulfillment. As she picked it up, the forest around her seemed to sigh, as if a long-held secret had finally been revealed. The crystal pulsed in her hand, and she felt a surge of energy coursing through her. In that moment, Eliana understood that the Heart of the Forest was not just a physical object, but a symbol of the interconnectedness of all living things. With the crystal in hand, she knew that she could bring the wisdom and magic of the forest back to Eldoria. As she made her way back through the trail, the forest seemed to part for her, and",aa
conv_59e8e9f9a5c64b0da5c6cff69389f0a7,"Margot Chen, who discovered she could taste memories in her grandmother's soup. It started on a grey Tuesday afternoon when her grandmother, Po Po Po ladled the first spoonful of winter melon soup into Margot's bowl, and suddenly Margot was seven years old again, sitting cross-legged on the worn kitchen linoleum of their old apartment, the one with the window that never quite closed. She could feel the draft on her neck, hear the rattle of the loose pane when trucks rumbled past on Stockton Street. But she wasn't seven—she was twenty-eight, sitting in Po Po's new assisted living apartment, staring at the trembling surface of her soup. The memory dissolved like steam, leaving behind a faint sweetness on her tongue that had nothing to do with the broth itself. Margot set down her spoon carefully, watching her grandmother shuffle back to the stove. ""Po Po,"" she said slowly, ""what did you put in this soup?"" Her grandmother didn't turn around, just stirred the pot with steady, practiced movements. ""Same as always. Winter melon, pork bones, dried scallops, ginger."" But her voice held something else—a knowing edge that made Margot's skin prickle. Po Po finally turned, her dark eyes sharp behind her wire-rimmed glasses. ""You taste it now, don't you? What I've been putting in for you all these years."" She moved closer, settling into the chair across from Margot with a soft grunt. ""Not spices. Not love, like they say in those cooking shows. Memories, girl. Real ones."" She tapped the side of her head with one gnarled finger. ""Mine, yours, sometimes even your mother's—the ones she tried so hard to forget."" Margot's throat tightened. Her mother had died three years ago, and they'd barely spoken in the decade before that. ""I don't understand,"" Margot whispered, though part of her did—the part that had always wondered why Po Po's soups made her cry for reasons she couldn't name, why certain broths left her aching with homesickness for places she'd never been. Po Po reached across the table and clasped Margot's hand, her papery skin warm and familiar. ""I'm eighty-six, bao bei. Soon these memories—all of them—will be gone. Your mother's childhood, my wedding day, the year we came to this country with nothing but two suitcases and hope."" She squeezed Margot's fingers gently. ""But now they're in you. Every bowl, every spoonful—I've been feeding you our history so it won't disappear."" Tears blurred Margot's vision as she understood finally why Po Po had insisted on these weekly meals, why the recipes were never written down, why each soup tasted different yet somehow the same. She lifted the bowl to her lips and drank deeply, letting the warmth flood through her—and with it came everything. The salt spray of the harbor in Guangzhou, Po Po's first glimpse of the Golden Gate Bridge",aa_cross
conv_10fe9e02b6684523bc712a52a3984c46,"a lighthouse keeper who discovered that every seventh wave carried voices from the past. Mara had tended the beacon at Whiterock Point for three winters , and she knew the rhythm of the sea better than her own heartbeat. But it wasn't until that storm-wracked February night, when the wind howled like a wounded animal and the waves crashed with such fury that spray reached the lantern room itself, that she first heard them—the voices. She was descending the spiral stairs, counting as she always did to keep herself anchored in the chaos of the storm. One, two, three, four, five, six—and then on the seventh wave's thunderous break against the rocks below, she heard it clearly: a woman singing. Not the wind's trick or the storm's mockery, but a genuine voice, lilting and melancholic, carrying a melody Mara had never heard before. She froze on the iron steps, gripping the cold railing. The song spoke of a ship called the Meridian and a captain who'd promised to return before winter's end. Mara's breath caught—she knew that name. In the lighthouse logbook, yellowed with age, there was an entry from 1847: ""Meridian lost, all hands."" Her predecessor had written it in shaking script, the ink blotted as if by tears. Mara had read those logs dozens of times during her lonely vigils, but she'd never imagined the words might reach back through time to find her. The seventh wave came again, and this time a man's voice joined the woman's—deeper, rougher, edged with salt and desperation. ""Sarah, I'm coming home,"" he called through the decades, and Mara realized she was hearing both sides of a conversation that had never been completed. The woman—Sarah—sang on the shore, waiting. The captain called from the drowning ship. Between them, a century of silence that the seventh waves were somehow bridging. Mara abandoned the stairs and rushed to the logbook, her hands trembling as she flipped through the brittle pages. There—another entry, just days before the Meridian's loss: ""Woman seen on rocks each evening, singing to the sea. Locals say she's the captain's bride, waiting for his return from the Arctic route."" Mara's pulse quickened. She counted the waves crashing outside—five, six, seven—and pressed her ear to the cold glass of the lantern room window. The voices swelled together now, overlapping across time: Sarah's song of waiting, the captain's desperate promise, and beneath them both, a chorus of the crew—thirty souls calling out coordinates, prayers, farewells. Mara understood then what the lighthouse had been holding all these years. Not just light to guide the living, but a beacon for the lost, a place where unfinished stories gathered like driftwood. She lit the lamp with trembling hands, its beam cutting through the storm with fierce clarity. As the light swept across the waves, the voices began to quiet—not fading, but softening into",aa_cross
conv_fc146e34673a45a6ada12ec05aa76010,"# Mara found the compass in her grandmother's attic on a Tuesday that smelled of rain and old paper. # The Story of Mara Mara found the compass in her grandmother's attic on a Tuesday that smelled of rain and old paper. The brass was tarnished green in places, and the needle spun lazily without ever settling on north. She turned it over in her palm, feeling its unexpected weight, and noticed an inscription carved into the back in letters so small she had to squint: *""Not all who wander are lost, but some need finding.""* The words sent a shiver down her spine, though she couldn't say why. Mara's grandmother had been gone for three years now, and the house still held her presence in every creaking floorboard and dust-moted sunbeam. She closed her fingers around the compass, and the needle suddenly stopped spinning. It pointed firmly toward the corner of the attic where an old steamer trunk sat beneath a water-stained canvas. Mara had never noticed that trunk before, though she'd been up here dozens of times sorting through her grandmother's belongings. The compass grew warm in her hand, almost alive, pulsing with a rhythm that matched her own heartbeat. She crossed the attic carefully, stepping over boxes of yellowed photographs and moth-eaten quilts, until she knelt before the trunk. The leather straps were cracked and brittle, the brass buckles spotted with age. As her fingers touched the latch, it sprang open with a soft click, as though it had been waiting for her all along. Inside, nestled among folds of silk the color of midnight, lay a leather-bound journal and a small wooden box inlaid with mother-of-pearl. Mara lifted the journal first, its cover soft and worn from countless hands before hers. The pages fell open to a entry dated fifty years earlier, written in her grandmother's unmistakable slanted script: ""Today I found the compass, just as my mother said I would. It has chosen me, as it will one day choose another. The journey begins not with destination, but with courage to follow where it leads, even into the unknown."" Mara's breath caught. Below the words was a hand-drawn map, its landmarks strange and unfamiliar—a crooked tower, a bridge that seemed to arch into clouds, a forest marked with symbols she didn't recognize. She traced the path with her finger, and the compass flared hot in her other hand. The needle swung wildly, then fixed on the window overlooking the garden where her grandmother's rose bushes still bloomed wild and untended. Through the rain-streaked glass, Mara saw it—a faint shimmer in the air above the roses, like heat rising from summer pavement, but silver and inviting. The wooden box trembled slightly in the trunk. She opened it to find a simple silver key and a note in her grandmother's hand, written in fresh ink that couldn't possibly be fresh: ""When you're ready, step through. I'll be waiting on the other side,",aa_cross
conv_3c5e3a60ee1b4eaea033c9a0d6e8f8ca,"# The Last Library The city had forgotten about books long before the power went out. Maya discovered the library on a Tuesday, three weeks after the blackout, when when she was searching the old downtown district for candles. The building squatted between two glass towers like a relic from another age, its limestone facade darkened by decades of pollution and neglect. She almost walked past it—would have, if not for the door hanging open, creaking on rusted hinges in the October wind. Inside, the smell hit her first: dust and paper and something sweetly organic, like decay. Maya fumbled for the flashlight in her backpack, its beam cutting through the darkness to reveal rows upon rows of shelves stretching back into shadow. Most were empty, their contents long since pulped or burned for warmth in previous winters. But as she ventured deeper, past toppled chairs and a circulation desk buried under debris, Maya found them—three shelves in the very back, untouched and full. Her fingers traced the spines reverently: classics she'd only heard mentioned in passing, histories of a world that seemed impossible now, and tucked between two heavy volumes, a slim journal bound in cracked leather. She pulled it free, and dried flowers—lavender, maybe—tumbled from between its pages. The first entry was dated twenty years ago, written in careful blue ink: ""If you're reading this, then someone still remembers how."" Maya sank to the dusty floor, the flashlight propped against a shelf, and turned the page. The handwriting shifted throughout—sometimes hurried, sometimes meticulous—as if multiple people had contributed over the years. There were sketches of constellations, recipes for preserving food, instructions for purifying water. But scattered between the practical entries were stories—fragments of lives lived in the margins of collapse. A teacher who'd held secret classes in her basement. A doctor who'd traded medical care for vegetables and kindness. Children who'd never seen a working computer but had memorized entire poems by candlelight. Maya read until her flashlight began to dim, then carefully tucked the journal into her backpack alongside two other books—a collection of short stories and a guide to edible plants. As she stood, something made her pause. She retrieved the journal, opened to a blank page near the end, and pulled out the pencil stub she always carried. Her hand hovered for a moment before she began to write: ""My name is Maya Chen. I'm twenty-three years old, and today I found proof that we're still here, still trying. The power's been out for weeks, but in this forgotten place, I learned that light comes from more than electricity. Tomorrow, I'll bring others—anyone who wants to remember, to learn, to add their voice to these pages."" She paused, then added: ""We've lost so much, but not everything. Not yet."" Maya closed the journal and placed it prominently on the circulation desk where others would find it, weighing it down with a smooth river stone from her pocket. As she stepped back into the October wind, the books heavy in her pack, she realized the city hadn't forgotten about books at all. The people had simply forgotten they still needed them. Maya pulled her coat tighter and headed toward the community",aa_cross
conv_108e3acacfc546c69f78ed23326422ad,"Mira, who found a door in her grandmother's attic that hadn't been there the week before. It stood against the eastern wall, its frame carved from wood so dark it seemed to swallow the dusty sunlight streaming through the attic window. Mira traced her fingers along the intricate patterns—spirals within spirals, and what looked like tiny stars that seemed to shift when she wasn't looking directly at them. The door had no lock, only a brass handle shaped like a crescent moon that felt warm to the touch, as though someone had just been holding it. She hesitated, remembering her grandmother's warnings about curiosity and closed doors, but the warmth spread from her palm up through her arm, not burning but insistent, like a gentle invitation she couldn't quite refuse. With a breath that caught in her throat, Mira turned the handle and pulled. The door opened without a sound, revealing not the bare brick wall that should have been behind it, but a twilight forest where silver-leafed trees grew impossibly tall, their branches weaving together to form a canopy that glowed with soft bioluminescence. The air that drifted through smelled of rain and honey and something older—like the pages of forgotten books. Mira stood at the threshold, one foot in the attic's familiar dust and one hovering over moss that looked softer than any carpet she'd ever touched. A path wound between the silver trees, marked by smooth stones that pulsed with the same gentle rhythm as a heartbeat. Somewhere in the distance, she heard music—or was it laughter?—carried on a breeze that shouldn't exist in her grandmother's attic. Mira glanced back at the familiar clutter behind her: the old trunks, the spinning wheel, the portrait of her great-grandfather watching with painted eyes that had always seemed to follow her movements. For a moment she wavered, thinking of her grandmother downstairs making tea, humming that old song about travelers who wandered too far from home. But the warmth of the crescent handle still lingered in her palm, and the forest beckoned with a pull she felt in her very bones, as if some part of her had always belonged there. She stepped fully through the doorway onto the glowing moss, and the moment both feet touched the ground, the door whispered shut behind her. Mira spun around to find it still there, standing free among the trees, but through its frame she could no longer see the attic—only more forest, deepening into shadow. Her heart hammered as she reached for the crescent handle again, but before her fingers could grasp it, a voice spoke from the path ahead. ""You opened it at last."" Mira turned to see a figure emerging from between the silver trees—a woman who looked startlingly like her grandmother, but younger, with eyes that held the same twilight glow as the forest itself. She wore a cloak woven from shadows and starlight, and smiled with a mixture of relief and sadness that made Mira's chest tighten. ""Grandmother?"" she whispered, though",aa_cross
conv_a36059d8ae814320a329548dc89aa43b,"Maya Chen, who discovered on her thirty-second birthday that she could hear the thoughts of anyone whose photograph she touched. It started with her mother's gift—a dusty leather album found in her grandmother's attic, filled with sepia-toned portraits of relatives Maya had never met. As she traced her finger across the first photograph, a woman's voice flooded her mind, sharp and clear as morning glass: *The baby won't stop crying. Thomas says I'm too soft with her, but what does he know about tenderness?* Maya jerked her hand away, heart hammering. The voice vanished instantly, leaving only silence and the musty smell of old paper. She stared at the photograph—a stern-faced woman in a high-collared dress, holding an infant wrapped in lace. Maya's grandmother as a baby, she realized, which meant the voice belonged to her great-grandmother Eleanor, dead for sixty years. With trembling fingers, she touched the photograph again. This time she was ready for it, but the intimacy still startled her—Eleanor's exhaustion, her defiance, the way she loved her daughter fiercely despite Thomas's cold disapproval. Maya felt tears prick her eyes. She'd never known Eleanor had been so alone, so determined to protect something precious in a household that valued discipline over warmth. Maya turned the page, desperate suddenly to know more, to meet these strangers who'd shaped her existence without her ever hearing their voices. The next photograph showed three children lined up by a fence, squinting into sunlight. Maya hesitated, then pressed her palm flat against all three faces at once. The effect was overwhelming—three voices crashed into her mind simultaneously, overlapping and tangling like radio stations bleeding into one another. A boy's thought about a stolen apple, a girl's worry about her torn stockings, another girl humming a wordless tune inside her head. Maya gasped and pulled away, dizzy. She'd have to take them one at a time. She touched just the boy—*Father will thrash me if he finds out*—then the older girl—*Mother's crying again in the kitchen, pretending she's just chopping onions*—and finally the youngest, whose humming resolved into words: *One day I'll leave this place and never come back. I'll go somewhere they smile.* Maya's breath caught. That youngest girl was her grandmother Dorothy, age nine, already dreaming of escape. Maya had only known Dorothy as a warm, laughing woman who baked cinnamon cookies and collected ceramic frogs, never suspecting the sadness she'd carried, the determination it had taken to become someone different from the somber child in this photograph. Maya closed the album gently, pressing both palms against its worn cover. Her gift—or curse—had given her something unexpected: not just voices from the past, but understanding. These people had been real, complex, struggling—just like her. They'd survived their own quiet battles and somehow passed down enough hope that Maya existed at all. She carried the album",aa_cross
conv_19eaed2c80bf427e9bd28e36eec61178,"Mira, who found a door in her grandmother's attic that hadn't been there the week before. It stood alone, Mira ran her fingers along the door's surface, feeling the grain of wood that seemed both ancient and impossibly new. The frame required no wall to support it—it simply existed, defying everything she understood about architecture and physics. When she circled around it, the other side showed only the dusty attic beams and her grandmother's old trunks stacked against the far wall. But from the front, the door remained solid, its brass handle cool and real beneath her palm. She pressed her ear against the wood and heard something unexpected—not silence, but a distant sound like wind chimes made of glass, or perhaps voices singing in a language she'd never encountered. Her grandmother had been acting strangely all week, avoiding the attic entirely and changing the subject whenever Mira mentioned wanting to sort through old family photos. Now Mira understood why. This wasn't something you casually explained over tea. The brass handle seemed to warm under her grip, almost inviting, almost alive. Mira hesitated, remembering her grandmother's whispered phone conversation two nights ago—something about ""keeping it closed"" and ""not yet ready."" But curiosity had always been Mira's weakness, the trait that led her to hidden corners and forgotten stories. She turned the handle slowly, feeling the mechanism click. The door swung inward without a sound, revealing not another room but a twilight forest where silver leaves caught light that came from no visible sun. The air that rushed out smelled of rain and honeysuckle, impossibly sweet and sharp at once. Mira's breath caught as she glimpsed movement between the trees—a figure, tall and willowy, watching her with eyes that glimmered like stars reflected in dark water. The figure didn't speak, but raised one hand in a gesture that could have been either greeting or warning. Behind Mira, she heard footsteps on the attic stairs—her grandmother, moving faster than she had in years. ""Mira, don't!"" her grandmother's voice cracked with urgency, but Mira had already stepped across the threshold. The moment her foot touched the moss-covered ground, the door slammed shut behind her. The attic, her grandmother's desperate cry, the familiar world—all of it vanished. The figure between the trees moved closer, and Mira saw it wore her grandmother's face, but younger, unworn by time. ""Welcome home,"" it said, and the voice carried echoes of every bedtime story her grandmother had ever told her. ""I've been waiting thirty years for you to open that door. Your mother never had the courage, but you—"" The figure smiled, sad and knowing. ""You have my blood, the kind that can't resist crossing thresholds."" Around them, the silver forest began to shift and breathe, revealing pathways that spiraled deeper into impossible distances. Mira's hand trembled as understanding bloomed—her grandmother hadn't been protecting her from this place. She'd been waiting, hoping Mira would be brave enough to find what she herself had left behind all those years ago. The",aa_cross
conv_d9a78a11125c4b758f494ae262ca0c83,"# A Forgotten Clock Margot Bellweather, who discovered that time had been keeping a secret from her all along. On the dusty mantle of her grandmother’s parlor, amidst porcelain figurines and yellowed photographs, stood a peculiar clock—brass, oval, its hands frozen at precisely 3:47. Margot had seen it a thousand times during childhood visits, had even asked about it once, but Grandmother had merely smiled that cryptic way of hers, brushing Margot’s hair from her brow and saying, “Some clocks are better left undisturbed, darling.” But now, alone in the parlor years later after the funeral, Margot found herself reaching for it anyway. The brass felt warm beneath her fingertips, impossibly so, as if someone had just been holding it moments before. The hush of the house pressed in around her, muffling the distant chiming of church bells beyond the window. Margot traced the rim of the clock with her thumb, and that's when she felt it—a tiny latch hidden beneath the ornate scrollwork. Her breath caught. The latch gave way with a soft click, and the back of the clock shifted, revealing a small, folded scrap of paper tucked inside. Margot’s heart hammered as she gingerly unfolded it, the delicate handwriting instantly recognizable as her grandmother's, though shakier than she remembered: ""Margot—if you're reading this, then I've run out of borrowed moments. The clock doesn't simply tell time. It keeps secrets—ours, this family's, and now yours. When its hands move again, a door will open that only you can find. Be careful what you seek behind it, my dear. Some truths are gentle. Others will unravel everything you thought you knew about where—and when—you belong."" Margot felt the tremor of those words echo through her fingers. The clock, as if awakened by her discovery, gave a faint tick, and the hands shuddered. The minute hand lurched forward—3:48 now—and the room seemed to inhale sharply around her. In the mirror above the mantel, Margot saw not her own reflection, but a wavering image: her grandmother, younger, standing in a sun-drenched garden Margot did not recognize. The woman in the mirror turned, as if sensing Margot's gaze, and beckoned with one graceful hand. Behind her, barely visible through a shimmering archway of roses, was a house Margot had never seen before—a house that felt impossibly familiar. The hands of the clock began spinning now, faster and faster, casting fractured shadows across the walls. Margot's pulse quickened as the room tilted, the present slipping away like sand through her fingers. The air shimmered, threaded with the faint scent of roses and old dust. Margot let the clock go, pressing her palm to the mirror's surface—and gasped as it gave way like water. She stepped through into sunlight, into that garden where her grandmother waited, younger than memory, eyes bright with secrets and kindness. The clock’s toll faded behind her, and the present receded like a tide. Margot realized time hadn’t just been keeping secrets; it had",aa_cross
conv_263a2d932bd1433fbdf29930eb8099a2,"# The Last Garden The seeds arrived in a metal canister, dropped from orbit on a Tuesday morning. Maya found it embedded in the rust-colored dirt behind what used to be Old Turner’s hardware store—now just a heap of glass and warped beams. She cracked the canister open with her crowbar, wary, in case whatever it held wasn't meant for human hands. But inside, nestled in foam that crumbled at her touch, were packets of seeds. Real seeds, not the sterile corporate kind that only sprouted if you paid for the weekly chemical treatments; these were old, speckled things, smelling faintly of soil and a summer she’d almost forgotten. Each packet bore handwritten labels in faded ink: Cherokee Purple. Brandywine. Black Krim. Names that sounded like poems from before the Collapse, when tomatoes came in more colors than grayish red, and the world hadn’t forgotten the sweetness of things grown in honest earth. Maya’s hands trembled as she turned the packets over, studying each name like scripture. She hadn't seen writing this gentle in years—all curves and careful loops, someone's grandmother's hand perhaps, preserving something precious. The foam had protected them from the ash storms that scoured the land. Maya tucked the packets in her jacket and hurried back to her shelter, her mind racing with possibility. She cleared a spot near the south-facing wall where a crack in the ceiling let in actual sunlight—rare and precious as the seeds themselves. The soil she'd been hoarding, scraped from beneath old foundations and sifted by hand for shards of glass, was finally ready. Maya pressed her thumbs into the earth, making space for Cherokee Purple, for Brandywine, for all the impossible names. Each seed went in like a prayer, a defiant whisper against the gray world outside. She covered them gently, patted the soil, and set out an old cup of water melted from a block of precious ice. Every drop felt as extravagant as gold, but the hope inside her was wilder and worth every risk. Then she waited. Days blurred into weeks, and Maya found herself talking to the soil, telling it stories of farmers' markets and backyard barbecues, things she'd only heard about in her mother's stories. Some mornings, she thought she heard a green tremor beneath the surface, and held her breath in the golden sliver of sun, daring hope to take root alongside the seeds. Then one morning, impossibly, a curved shoot pushed through—pale green, alive, reaching toward the light with such fierce determination that Maya wept. She kissed trembling fingers and pressed them to the fragile stem, smiling through her tears. The world outside remained scarred and gray, but here, in the shimmer of sunlight on new leaves, the future had begun. Maya thought of the canister, its unknown sender who'd risked everything to drop hope from the sky. She would grow these tomatoes, save their seeds, and teach others how to coax life from dust and memory. As vines curled up toward that broken slice of sky, Maya whispered her thanks, promising the garden that she would never let it be the last. Others would come—the cautious, the hopeless, the hungry—and she would share. The Collapse had scattered them, stolen much, but it hadn't taken the one thing that mattered: the will to begin again. Green pressed on glass in the empty window, and soon Maya’s laughter—and the scent",aa_cross
conv_e9dec235b8e947e79ff7f30aecf07d58,"Margot Fell, who discovered on her forty-third birthday that she could hear the thoughts of plants. It began with the ficus in her living room, whose voice hummed gentle and green beneath her pulse. At first, it was a whisper, like distant laughter in a crowded park, but as she sat cross-legged beside its clay pot that morning, coffee cooling in her hand, the voice sharpened into something unmistakable. *Thirsty,* it said, not with words, exactly, but with a vivid longing that pressed against her mind—a dry ache in her own roots. Margot blinked. She looked at the coffee cup, at the glossy leaves drooping slightly toward the hardwood floor, and without thinking, she rose and filled a glass at the kitchen sink. As the water soaked into the soil, she felt something like a sigh echo through her chest. Relief—pure and silent—radiated from the base of the ficus, winding up through its branches and twining into her fingers. The sensation left her breathless. Margot stumbled backward, steadying herself against the counter, heart hammering. Outside her window, the maple tree in the front yard fluttered its leaves, catching her attention. Suddenly, a cascade of impressions tumbled into her awareness: the sun’s warmth soaking through thin bark, the delight at finding moisture deep underground where the old water pipes leaked steadily, and beneath it all, something stranger—a warning, urgent and sharp as static. The maple had witnessed the trespass, its roots shuddering with anxiety. Margot pressed her palm against the window glass, trying to sort thoughts from instinct. The maple’s warning hammered at her temples with increasing intensity. *Down below. Broken things. Danger spreading.* The images came in fragments—darkness seeping through soil, something caustic burning the delicate root tips, and the blurred shape of a man crouched by the fence, digging. Margot’s skin prickled. She saw, through the maple’s memory, the glint of metal containers being lowered into the earth just beyond her property line, the chemical burn already leeching outward. The man had worked at dusk three days ago, unnoticed by neighbors, and pinned the earth shut as if nothing had changed. Margot recoiled from the window, the plant voices rising in urgent discord—warning her not only about the poison spreading through their shared soil, but about the man himself. The rosebush by the mailbox murmured recognition: *he returns, always just after sundown, never looking up.* Margot felt a pulse of fear and protectiveness from every root and stem. The voices pressed around her, begging her to act before the contamination spread further, before more living things withered. She grabbed her phone with trembling hands, then hesitated. Who would believe her? That plants had called for help—that she could hear them? But the voices would not be silenced, no more than the rising pain underfoot. There was no time for doubt. Margot realized: she alone could speak for those who had no voice in the human world. Taking a breath, she pocketed her phone and walked outside into the cool evening air, drawn by the silent chorus urging her onward. As dusk deepened, Margot knelt in the damp grass above the secret containers. With every heartbeat, she felt a network of hope and fear",aa_cross
conv_e1b18b080c424414aa29e1f9881dd347,"Mira, a lighthouse keeper who discovered one morning that her shadow had decided to leave. It happened on the first day of autumn, when the fog rolled in thick and silent from the sea, muffling the world in pearly gray. Mira noticed first when she glanced down while winding the lantern wick—her shoes tugged fresh polish from the tin, but the floorboards beneath reflected nothing of her form. No dark silhouette stretched across the worn wood. She froze, one hand still clutching the tin, her breath hanging in the haze-lit air. The absence unsettled her more than she expected. Mira pressed her palm to the wall, testing, as if touch might prove her existence where sight failed. The cold stone confirmed her solidity, yet when she pulled away, no shadow traced her movement. Outside, the gull cries faded beneath the fog's weight, and the sea's usual glitter dulled to a lifeless sheen. Mira stepped onto the lighthouse's spiral stair, each echoing footfall reminding her she was still real, still present. Down and down she wound, one hand trailing the curved wall, until she reached the heavy door that opened onto the rocky bluff. The fog pressed close, almost sentient. Mira hesitated, then stepped outside. The cold bit at her cheeks, but she searched the dim light for any trace of her shadow—along the cliff edge, near the signal bell, against the weathered rocks. Nothing. Then, at the boundary where grass met gravel, she saw it: a flicker, a wavering darker patch moving with the breeze. Not her shadow, exactly, but the suggestion of one, shifting quietly like spilled ink seeking its bottle. It drifted toward the cliff's edge, autonomous and purposeful. Mira's heart hammered. ""Wait,"" she called, her voice trembling in the thick air. The shadow paused, its edges fluttering like the wings of a night moth. It did not turn—how could it?—but the stillness suggested listening. Mira took a careful step forward, her boots crunching on the gravel. ""Why did you leave?"" she whispered, though she half-feared the answer. The shadow elongated, then contracted, as if gathering itself. A hush fell over the bluff. In the silence, Mira felt a gentle tug at her chest, as though an invisible thread connected them still. The shadow began to move again, slowly now, leading her along the cliff's edge toward the old stone steps descending to the tide pools below. Mira followed, the world muffled beneath the hush of fog and the salt-crash of hidden waves. The shadow paused beside a tide pool, where the water lay dark and still as polished obsidian. Mira knelt beside it, peering into the depths. There, reflected not in the world above but in the depths below, her shadow waited—clear and true, attached at her heels as it always should have been. With a trembling hand, Mira reached out, her fingers breaking the mirror-smooth surface. The cold water shocked her skin, but she didn't pull back. The reflection rippled, then steadied, and suddenly her shadow rose from the pool, silent as mist. It drifted across the rocks until it met her boots, and with a shimmer, stitched itself back",aa_cross
conv_70ad5af6ba2e48278bbd9a7aa749b9e7,"# The Last Library Mira Chen, who discovered that memories could be stolen on the same morning she forgot her mother's face. She stood in the orange dawn light, clutching her worn satchel in trembling hands. The streets outside her apartment felt unfamiliar, as if twilight had hidden more than just shadows. Mira's pulse hammered in her throat as she touched the blank space in her mind where her mother's smile should have been. Only yesterday, she had looked at the framed photograph on the dresser—her mother in the spring garden, squinting against the sun, laughter in her eyes. Now the photo was a blur, the features smeared like wet paint. Mira stumbled back from the dresser, her hip striking the corner hard enough to bruise. The pain felt distant, unimportant. She focused on the emptiness blooming inside her, numbing everything else. She had read about memory sickness in the news, but it had always seemed like a faraway fear—rumors of people waking with gaps in their pasts, entire years erased overnight. The government blamed it on stress, on poor sleep, on anything but the truth that some force was stealing memories from the city. Mira stared at her reflection in the darkened window, desperate to find some trace of her mother’s presence. There was only her own frightened eyes staring back, shadowed and hollow. Her hands moved automatically to her satchel, fingers finding the smooth edges of her library card—the old kind, embossed with her childhood signature. The card was the only thing that felt fully hers. Clutching it, Mira was struck by a desperate idea: if stories could hold memories, perhaps the library held more than just books. The old branch on Seventh Street had been scheduled for demolition for months, but somehow it remained standing, defiant amid rows of new glass towers—its bricks worn and windows clouded with age. Hope kindled in Mira’s chest. If her mother’s memory was gone from her mind, maybe it lingered somewhere else, trapped in the words she'd read aloud from picture books, or preserved in the checkout records of fairy tales they'd borrowed together. Mira hurried out into the morning, shoes pounding the sidewalk as the city awoke around her. The library’s doors creaked open at her touch, and dust motes spun in golden shafts of light that pierced the gloom. Inside, the air smelled of old paper and something else—something sweet and electric, like thunder just before rain. Mira moved between the shelves, footsteps muffled by faded carpet. She listened, hoping for any whisper of her mother’s laughter. At the back, the archive room door stood ajar, light flickering from within like a candle in wind. Mira approached slowly, her library card growing warm in her hand, almost buzzing. Inside the archive sat a frail old librarian—her eyes brimming with knowing sorrow. ""Looking for someone precious?"" the librarian asked. Mira nodded, unable to speak past the tightness in her throat. The librarian gestured to rows of glass jars lining the shelves behind her, each one glowing softly, holding more than dust and time. ""Memories,"" the librarian whispered. ""Stories people forgot—stolen, but not lost."" Mira’s gaze swept",aa_cross
conv_a95cc413c7a9403c874c54f6876aac85,"Mira, who discovered one morning that she could taste memories. It started with her grandmother's lemon cake. She found the recipe card tucked between old postcards in a battered box, the handwriting faint but familiar. As she sifted flour and cracked eggs, the kitchen filled with echoes of laughter—her grandmother’s voice a soft melody weaving through the scent of citrus and vanilla. But when Mira licked the batter from her fingertips, something extraordinary happened. The sweetness rushed over her tongue, and suddenly she wasn’t in her kitchen anymore. She stood barefoot on dew-speckled grass, sunlight warm on her cheeks. Her grandmother was there, younger than Mira had ever known her, flour dusting her apron as she worked dough on a wooden table beneath a sprawling oak tree. The air shimmered with the brightness of memory, every detail sharper and more vivid than waking life. Mira watched, astonished, as her grandmother looked up and smiled—not at Mira, but at a small girl who came running across the yard. With a jolt, Mira recognized her own mother as a child, her braids flying behind her, clutching a battered stuffed rabbit. Laughter burst, spilling through the memory like warm honey. Mira felt the taste deepen, bittersweet and bright, layered with things she hadn't expected—her grandmother's hidden worry about the approaching winter, her fierce pride in the simple abundance of this moment, the ache of missing her daughter already, knowing childhood would slip away. Mira felt it all bloom on her tongue: the tartness of lemon rinds, the earthy scent of worn wood, the hopefulness threaded through every careful fold of dough. Then, as suddenly as it began, the vision dissolved. Mira gasped, finding herself back in her own kitchen, tears slipping down her cheeks. The taste lingered, faint but real—a whisper of the past preserved in flour and sugar. Mira stared at the nearly-finished cake, heart thundering with wonder and grief intertwined. She understood now why her grandmother had written each recipe with such care, why every measurement mattered. These weren't just instructions for cooking—they were keys to a hidden world, a way to carry love and longing through generations. Mira wiped her eyes, determined to bake the cake just as the card instructed, knowing that someone, someday, might taste it and find her there too—standing in this very kitchen, remembering her grandmother's hands, preserving this chain of memory through sweetness and spice. As the cake rose golden in the oven, Mira smiled softly. She could not change the past, but she could pass it forward, one careful recipe at a time. When the timer chimed, she pulled the cake from the oven, its surface gleaming with that same perfect golden hue she remembered from her childhood. She let it cool, then carefully sliced a piece and placed it on her grandmother’s old plate, setting it by the window. Warm sunlight spilled across the kitchen, illuminating the crumb, making it glow like amber. Mira lifted a forkful to her lips and paused, breathing in the lemony aroma, the memory bright and shimmering just at the edge of taste. With a steady heart, she took a bite—letting her family’s story unfold once more,",aa_cross
conv_bbf2e55bcb81453ea2de05d09ee4dc07,"Margot Cleary, who discovered on her thirty-seventh birthday that she could hear the thoughts of plants. It started with a whisper from the jade plant on her kitchen windowsill, as green and glossy as ever, murmuring, ""Water, please. Too dry in this morning light."" Margot had frozen with her coffee mug halfway to her lips, certain she'd imagined it. But when she set the mug down and leaned in closer, the voice became clearer—a gentle, urgent shiver in her mind. ""Just a sip, not too much,"" it said. The leaves seemed to brighten as she complied, tilting her watering can until the soil darkened with moisture. A wave of contentment rippled through her thoughts—not her own feeling, but something cool and smooth, like stepping into shade on a blazing day. ""Thank you,"" the jade plant sighed in her mind. Margot blinked, heart skipping. She glanced around her apartment at the spider plant cascading from its macramé hanger, the gangly pothos climbing the bookshelf, the African violet sulking in its purple pot by the sink, half-hidden behind a leaning stack of dishes. Their presence, once only a blur of green in the corners of her life, now glowed with an unmistakable awareness. The spider plant rustled its long leaves, impatient. ""Too high. Always too high. Can't reach anything interesting up here."" The pothos chimed in, voice sinuous and clever: ""Light, please. Move me closer to the window—let me stretch."" Margot's head spun with the chorus of demands and observations, each plant suddenly alive with personality and need. She stumbled backward, knocking into the counter, her hands gripping the edge as she tried to steady herself. Behind the hum of voices, one thought rose from the violet, gentle and sympathetic: ""Too much, isn't it? All at once like this. We didn't mean to overwhelm you."" The violet's tone was softer than the others, almost maternal, and Margot let out a shaky laugh, surprised by the comfort blooming in her chest. ""It's okay,"" she murmured, uncertain if she was speaking aloud or inside her own head. ""I just need a moment to adjust."" She closed her eyes, breathing deeply, and when she opened them again, the voices had quieted to a gentle background hum—present, but no longer clamoring for her focus. The air in the apartment felt somehow richer, threaded with new understanding. Margot took a slow step toward the window, where golden sunlight pooled across the worn floorboards. She lifted the pothos from the bookshelf, its vines curling with anticipation, and nestled it on the sill beside the jade. Gratefully, it hummed a soft thank-you in her mind. Margot grinned, a strange new warmth spreading through her as she surveyed her small jungle of companions. For thirty-seven years, she'd lived in quiet solitude, convinced she preferred it that way. Now, Margot realized, her solitude hadn’t vanished, but transformed. She was surrounded by voices older and wiser than she’d guessed, rooted and reaching, brimming",aa_cross
conv_738c5c614a6b466c83e6303ab32ab76e,"a lighthouse keeper who stopped believing in the sea. It happened gradually, the way most impossible things do. Mara had tended the lighthouse on Compass Island for nearly two decades, watching the tides ebb and flow, the waves crash against the rocky shore, and the sun set over the endless blue expanse. At first, it was just small moments of doubt—a flicker of uncertainty when she looked out at the horizon and wondered if the water was truly there, or if her mind had simply conjured it up as a habit, a familiar comfort that she'd grown accustomed to over the years. She'd shake her head, chiding herself for such foolish thoughts, and return to polishing the great lens that swept its beam across the darkness each night. But the doubts grew stronger. One morning, she woke to find the ocean looking almost...flat, a dull canvas of grey that seemed to stretch out before her like a painted backdrop, devoid of the usual dance of waves and sea spray. Mara felt a chill run through her bones that had nothing to do with the morning air. She descended the spiral stairs and walked barefoot to the shore, compelled by a morbid curiosity to see if the sea would still feel like the sea beneath her feet. The sand was cool and damp, but as she reached the water's edge, she felt nothing. Not the cold shock of surf, not the pull of tide—just air against her ankles where water should have been. Yet her eyes still showed her waves, still showed her the sparkles of sunlight on the surface, the rhythmic motion of the swells, but it was all so...detached, like a memory or a dream, rather than something solid and real. Mara crouched down and reached out her hand, watching it pass through what looked like water but felt like empty space. A shiver ran down her spine as she withdrew her hand, her fingers curled into a fist as if she could grasp the meaning of this strange, disembodied sensation. The waves continued to crash silently around her, their spray never touching her skin, their roar reduced to a whisper that seemed to come from inside her own head rather than the world outside. She stood up, her eyes scanning the horizon as if searching for a boundary, a line that marked the end of the illusion and the beginning of something real. But there was none, only the endless expanse that now felt like a cruel joke—a painting she'd been staring at so long she'd forgotten it wasn't real. Behind her, the lighthouse stood silent its light extinguished, its purpose lost now that the sea had become a mere specter, a haunting reminder of something that once was, but was no more. Mara turned to face it, this tower that had been her home, her duty, her entire world. And in that moment, she understood. The sea hadn't disappeared—she had. She was the one who had faded away, lost at sea in a world of her own making, a world where the lines between reality and illusion had grown indistinct, and the only truth left was this: she had spent so long watching for others, guiding ships safely home, that she had forgotten to anchor herself. The lighthouse, the sea, the entire landscape of her life had been a reflection of her own disconnection, a reminder that she had been living in the service of others, her own sense",aa_cross
conv_6b38bb4874c74771bfda04d7ed388e44,"a lighthouse keeper who stopped believing in the sea. Margaret had tended the Crow's Point lighthouse for seventeen years, ever since the accident that took her husband's life, a tragedy that had left her alone to care for their young daughter, Emily. Over the years, the rhythmic pulse of the lighthouse's beam and the endless crash of waves had become a kind of prison. She performed her duties mechanically—trimming wicks, polishing lenses, recording weather patterns—but she no longer felt the sense of purpose and wonder that had once drawn her to this isolated outpost. The sea, which had previously been a source of comfort and inspiration, now seemed like a vast, indifferent void that had swallowed her dreams along with her husband. Emily, now fourteen, had grown up in the shadow of the lighthouse, her childhood measured by the cycles of the tide and the occasional visits from the villagers who brought supplies and news from the outside world. But as she grew older, Emily began to chafe against the isolation, spending hours sketching the mainland across the water, imagining the life that waited beyond the rocky shore. She filled notebooks with drawings of bustling streets, of people going about their daily lives, of buildings that seemed to stretch on forever, and of trees that weren't battered by the constant ocean winds. Her mother, noticing the longing in Emily's charcoal strokes, felt her heart split between duty and love. One evening, as fog rolled in thick as wool, Emily announced she'd been accepted into a prestigious art academy on the mainland, an opportunity that would finally allow her to escape the confines of Crow's Point and pursue her passion for art. Margaret's initial pride and excitement immediately curdled into something darker—a familiar, suffocating dread. Without Emily, the lighthouse would become a tomb rather than merely a prison. Yet as she watched her daughter's face light up with excitement and anticipation, Margaret knew she couldn't bear to hold her back, no matter how much the thought of being left alone terrified her. That night, unable to sleep, Margaret climbed the spiral stairs and stood in the lantern room, watching the beam sweep across the black water. For the first time in years, she felt a pang of nostalgia for the days when the sea had been a source of awe and wonder, when she and her husband would stand together in this very spot, feeling the vastness of the world and their small, essential place within it. As dawn broke, painting the horizon in shades of rose and gold, something shifted in Margaret's chest, a subtle loosening of the tight, bitter knot that had formed around her heart. She realized that her disillusionment with the sea had been a shield, a way to protect herself from feeling anything at all. But Emily deserved more than a mother who merely survived. That afternoon, Margaret made a decision that surprised even herself. She walked down to the shore where the waves washed over her feet, and she closed her eyes, letting the salty spray mist her face. The sound of the surf was like a gentle whisper, reminding her of all the reasons she had once loved this place—the raw beauty, the solitude that invited reflection, the quiet dignity of keeping the light burning for those who needed guidance through darkness. As she stood there, the waves eroding the edges of her sorrow, Margaret felt the weight of her years of grief and disillusionment slowly lifting, like the morning fog burning off",aa_cross
conv_309b09e10fad4b558c2f32e1082570b8,"# The Lighthouse Keeper's Daughter The storm had been building for three days, and Maren could taste the salt and fury in the air as she stood at the edge of the cliff, her long brown hair whipping about her face like a frenzy of snakes. The wind howled and buffeted her, threatening to send her tumbling down to the jagged rocks below, but she held her ground. She'd grown up on these cliffs, after all—the daughter of Old Henrik, who had kept the lighthouse burning bright for nigh on thirty years, guiding ships safely through the treacherous waters that churned and foamed at the base of the granite precipice. But tonight was different. Tonight, through the sheets of rain and spray, Maren had seen something that made her blood run cold—a ship, its sails torn and its hull breaching, careening wildly out of control towards the rocks. She had tried to sound the warning bell, but the wind and rain were so fierce that the clapper barely made a sound above nature's roar. Without hesitation, she'd run to the lighthouse, taking the spiral stairs two at a time, her feet pounding out a frantic rhythm on the worn stone steps as she burst into the lantern room, where her father was hunched over the great optic lens, his eyes squinting through the curtain of rain toward the doomed vessel. ""Father!"" she cried, but he didn't turn. His weathered hands gripped the brass handles of the lantern, his knuckles white with tension, as he willfully tried to pierce the veil of rain and darkness, his eyes burning with a mixture of determination and something else—something Maren had never seen before. Fear, perhaps, or recognition. ""I know that ship,"" he whispered hoarsely, his voice barely audible over the cacophony of the storm, and Maren felt a shiver run down her spine as she leaned in closer, her ear inches from his trembling lips. ""That's the Marguerite,"" he said, his voice cracking. ""Your mother's ship."" Maren's heart skipped a beat as the words hung in the air, laden with a weight of memory and sorrow. She had heard stories of the Marguerite, of course, of how it had disappeared twenty years ago on a voyage to the northern isles, taking her mother and all hands with it into the dark waters. Lost, they'd said. Gone forever. But now, it seemed, the Marguerite had come back, its ghostly form emerging from the storm like a specter from the depths of the past. Maren's father turned to face her at last, and in the flickering lamplight she saw tears streaming down his weathered cheeks, mingling with the salt spray. ""We have to save them,"" he whispered, his eyes wild with a mix of hope and despair, and Maren felt a surge of determination course through her veins as she nodded, already knowing what needed to be done. Together they worked frantically, feeding oil to the lamp until it blazed with impossible brightness, sweeping its beam across the churning waters to illuminate the struggling ship, and Maren felt her heart leap with a desperate hope as she saw the Marguerite's hull, battered and worn, but still intact, still",aa_cross
conv_c2cf7b6067f9441b993e3f5ee24bddaf,"a lighthouse keeper who forgot how to sleep. Mara had tended the beacon on Crescent Rock for seven years, watching the light sweep across the dark waters, a rhythmic pulse that had become as familiar to her as her own heartbeat. But over the past few months, she had begun to feel a strange pull toward the ocean itself, as if the waves were whispering her name in a language she almost remembered. Sleep eluded her now, slipping away whenever she closed her eyes, leaving her to pace the narrow stairs and rooms of the lighthouse, searching for a respite that never came. The logs she kept, once meticulous and measured, had become strange—filled with observations about the water's color at impossible hours, sketches of patterns in the foam that seemed to repeat themselves like words in an unknown alphabet, and notes about the songs of the gulls, which she was convinced were changing, their cries weaving together into a melody that was both haunting and familiar. As the days blurred into weeks, Mara began leaving offerings on the rocks below—small things at first, a piece of bread, a copper button from her coat. The sleeplessness had stripped her of her sense of reason, and she felt an increasing desperation to communicate with the ocean, to decipher the language that only she seemed to hear. The offerings grew more personal: her grandmother's silver locket, pages torn from her favorite books, strands of her own dark hair braided with seaweed. Each morning they were gone, swept away by the tide, leaving behind only the faintest hint of their presence - a glint of silver in the crevices of the rocks, a fragment of paper wedged between barnacles, the braided hair tangled with driftwood. Then one night, as the moon hung full and swollen over the water, Mara felt an inexplicable pull to the edge of the rocks, as if the ocean itself was beckoning her closer. She stood there, the wind whipping her hair into a frenzy, and saw something rising from the depths—a figure made of foam and moonlight, its features shifting like water over stone. It wore her grandmother's locket around what might have been its neck, and Mara felt a jolt of recognition, as if she were staring into the face of a long-forgotten memory. The figure began to take a more solid form, and Mara realized with a shock that ran through her entire body—it was her grandmother, or something wearing her shape. The figure's mouth opened, and a low, soothing voice whispered a single word: ""Sleep."" Mara felt her eyelids growing heavy, her knees buckling, as the figure reached out a hand and touched her forehead with fingers that felt like cool tide pools. Seven years of exhaustion crashed over her at once, and as she finally surrendered to the darkness, she understood—the ocean had been waiting for her all along, its whispers and songs a gentle summons to return to the depths of her own subconscious, where the secrets and memories she had forgotten lay hidden. And as Mara sank into the deepest sleep she had known, the lighthouse beam continued its steady rotation above, a faithful guardian now keeping watch over her. When she awoke, the room was bathed in a soft, golden light, and the ocean was calm, its surface reflecting the sky like a mirror. Mara felt refreshed, renewed, and",aa_cross
conv_767f4e012b974a319448f049fadb24ad,"a lighthouse keeper who discovered that the beam from her tower didn't just warn ships away from the rocks—it opened doorways to other places As she stood at the top of the winding stairs, her hand on the brass handle of the lantern room door, Emilia felt the familiar thrill of wonder. She had always loved her job , loved the solitude and the rhythm of tending the light, but these past few weeks had transformed routine into something extraordinary. The first time it happened, she'd thought it was just a trick of the light, a peculiar alignment of the stars and the sea mist that had seemed to part like a curtain, revealing a glimpse of a place that couldn't possibly exist—a shore where the sand glowed faintly blue and strange trees with silver leaves swayed without wind. She'd blinked, and it was gone, leaving her to wonder if the isolation had finally gotten to her, if the long hours of solitude had conjured up a hallucination. But then it happened again. And again. Each time the beam swept across a certain angle—precisely 127 degrees northeast, she'd measured it obsessively—that impossible shore flickered into existence like a whispered secret, and she began to sense that the light was not just a warning, but a key, unlocking a doorway to a world beyond her own. The thought sent shivers down her spine, equal parts terror and exhilaration. Tonight, Emilia had made a decision. She'd packed a small bag—water, rope, a compass, and a pocket watch—and was ready to take a step that would change everything. As the beam began its slow sweep, she felt her heart pounding in her chest, and when the curtain of light parted once more at 127 degrees, revealing that luminous shore in crystalline clarity, Emilia didn't hesitate. She stepped through the doorway, the wooden floorboards of the lantern room giving way to a soft, spongy earth that felt like moss beneath her feet. The air was filled with a sweetness she couldn't name, like honey mixed with starlight, and the silence was so complete it pressed against her eardrums. The silver-leaved trees surrounded her in a gentle, ethereal glow, their branches swaying in a hypnotic rhythm that seemed to be drawing her deeper into this mystical world. As she walked, the trees grew taller and the ground beneath her feet began to slope downward, leading her toward what she now recognized as a vast lagoon. Its waters were impossibly still, reflecting not the sky above but a deep, burning city that seemed to exist beneath the surface, its spires and towers rising like a mirage from the depths. The city's buildings shone with a fiery light that pulsed like a heartbeat, and Emilia realized with a start that this was no reflection—this was the destination her lighthouse had been guiding souls toward for years, a place where the veil between worlds was at its thinnest. As she stood there, transfixed by the beauty and wonder of it all, she understood at last why she'd been chosen as keeper. The lighthouse didn't just warn the living away from danger—it guided those caught between worlds to this threshold, this crossroads of the cosmos, where the boundaries of reality were woven and unwoven. And Emilia, with her quiet heart and her willingness to see beyond the ordinary, had been",aa_cross
conv_df940bf192af442aa6b4f349f27381ef,"Mara, who found a door in her grandmother's attic that hadn't been there the week before. It stood alone against the back of the attic, its wooden surface adorned with intricate carvings of leaves and vines that seemed to dance in the faint light that filtered through the dusty windows. The door itself was painted a deep emerald green, though the paint had cracked and peeled in places, revealing layers of other colors beneath—crimson, gold, and finally a weathered gray that seemed to whisper stories of its own. A heavy iron doorknob in the shape of a snarling lion's head gleamed dully, as if waiting for Mara's touch. She hesitated, her fingers hovering just inches from the cold metal. Behind her, the familiar sounds of her grandmother's house—the ticking grandfather clock, the hum of the old refrigerator in the kitchen below, the faint scent of fresh-baked cookies wafting up from the kitchen—seemed to fade into the background, replaced by something else entirely. A low, rhythmic sound, like breathing or waves against a distant shore, emanated from beyond the door. Mara's hand finally closed around the lion's head doorknob, its metal cool and smooth to the touch. As she turned it, the sound grew louder, more insistent, and the air around her seemed to thicken, pressing against her skin like warm honey. The door swung inward with surprising ease, revealing not the expected wall or storage space, but a narrow stairway that plunged downward into darkness, the steps winding out of sight like a spiral shell. The breathing sound swelled, filling Mara's ears, and she felt an inexplicable pull, as though invisible threads were gently tugging her forward. She placed one foot on the first step, testing its solidity. The wood creaked softly beneath her weight, and the threads seemed to tug a little harder, urging her to take another step, and another, down into the darkness. As she descended, the light from the attic dwindled to a faint glow, then vanished entirely. Yet somehow Mara could still see—the walls around her were illuminated by a soft, ethereal luminescence that seemed to emanate from the air itself, casting no shadows and revealing the intricate details of the stairway's craftsmanship. The deeper she went, the more the walls transformed. What had been simple wood became smooth stone, then something that resembled mother-of-pearl, iridescent and shimmering with a light that seemed almost otherworldly. The sound of breathing had grown louder still, and Mara felt as though she was being drawn into the heart of something vast and alive, something that had been waiting beneath her grandmother's house for longer than she could imagine. Finally, the stairway ended, opening into a circular chamber filled with a dazzling array of colors and textures, as if the very essence of the natural world had been distilled into this one, perfect space. The air was alive with the scent of rain-soaked earth and blooming jasmine. In the center of the chamber stood her grandmother, younger than Mara had ever seen her, eyes bright with recognition and a warm, gentle smile that seemed to hold a thousand secrets and stories. Her grandmother's eyes locked onto Mara's, and she reached out a hand, beckoning her closer.",aa_cross
conv_72fde8484e8a4e16afb9921857f436b2,"a lighthouse keeper who stopped lighting the lamp. For thirty-seven years, Marin had climbed those spiral stairs each evening his footsteps echoing off the cold stone walls as he made his way to the top of the tower, where the great glass lantern room awaited. But on this particular evening, something had shifted inside him. He stood at the base of the stairs, one weathered hand resting on the iron railing, and simply couldn't make himself start the ascent. It wasn't fatigue, though his body was weary from a long day of tending to the light's machinery and the surrounding grounds. Nor was it a sudden illness, though his chest felt tight with something he couldn't name. It was the letter, still folded in his coat pocket—the one that had arrived that morning on the small boat that brought supplies from the mainland, its familiar seal and handwriting stirring up emotions Marin had thought were long buried. The words, penned by a sister he hadn't spoken to in two decades, were simple enough: ""Father's house is being sold. Come home if you want anything from it."" But those words had cracked something open in Marin's chest, releasing a flood of memories and regrets that he had kept locked away for so long. He remembered the arguments, the slammed doors, and the long, bitter silences that had driven him to this solitary post in the first place. The lighthouse had been his refuge, his penance, his reason to wake each morning. But now, as the darkness gathered outside and the lamp remained unlit, Marin felt the familiar rhythms of his life begin to unravel. The silence that had once brought him solace now pressed against his ears like deep water. He thought of the ships that would pass in the night, their captains trusting in the beam that had never failed them. Somewhere out in the blackness, a vessel was likely altering its course, expecting the reassuring flash of the lighthouse to guide it safely past the rocky shores. Marin's inaction was a betrayal, yet his feet remained rooted to the floor. He pulled the letter from his pocket again, unfolding it with trembling fingers. His sister had included a small photograph, creased from its journey, of their family home. Marin's eyes, accustomed to the dim light, picked out details he hadn't noticed before: the crooked shutter on the second floor window—the one he'd promised to fix before everything fell apart—and in the garden, barely visible, the old apple tree where he had carved his and his sister's initials, side by side, on a summer afternoon long past. The memory of that careless, joyful act pierced Marin like a splinter, and suddenly he was moving. Not up the stairs toward the lamp, but out the heavy door and down to the rocky shore, the photograph clutched in his fist. The wind and waves crashed against the shore, a cacophony that matched the turmoil in Marin's heart. He stood there, the photograph still clutched in his hand, the spray soaking through his coat as he looked back at the dark tower. For thirty-seven years, he had kept the light burning for others while living in his own darkness. And now, as the darkness closed in around him, Marin felt the weight of that choice bearing down upon him. He thought of all the years, the countless nights, the",aa_cross
conv_8219f2eeea97436b89e83b9d0c0c2924,"a lighthouse keeper who forgot how to sleep. Mara hadn't closed her eyes in three weeks, not since the night the light went out. She stood at the base of the lighthouse, staring up at the dark, unlit tower. The fog around her was thick and oppressive, like a blanket that refused to be pulled away. She pressed her palm against the cold stone, feeling the dampness seep through her skin. The lighthouse had stood for a hundred and forty years, its beam sweeping across the treacherous waters, guiding ships to safety. But now, without its guiding light, the sea was a silent, menacing presence. Mara took a deep breath, tasting salt and something else—something metallic that hadn't been there before. The door to the lighthouse stood ajar, though she distinctly remembered bolting it shut the last time she left. Her heart pounded as she pushed it open, the old wood creaking in protest. The interior was dim, the air thick with the scent of brine and rust. Mara's boots echoed on the spiral stairs as she climbed, one hand trailing along the wall for balance. At each window, the fog pressed in, blurring the world outside. The higher she climbed, the more her chest tightened, a mix of fear and determination propelling her forward. Finally, she reached the lantern room. The great lens sat dormant, its faceted glass covered in a fine layer of dust that shouldn't have accumulated in mere weeks. But what stopped her cold was the sight of the oil lamp, which should have been lit and tended daily, now completely shattered on the floor. The once-pristine glass was now a jagged mess, and amid the shards lay something that made her stomach drop—a leather-bound journal she'd never seen before. Mara knelt carefully, avoiding the broken glass, and picked up the journal. It was worn and damp, the leather cracked and the pages yellowed with age. As she opened it, the pages were filled with a neat, meticulous handwriting that seemed familiar yet impossible. The first entry was dated exactly three weeks ago—the night the light went out. Her breath caught as she read the words: ""Tonight, the light failed. I do not know why, but I fear it is the beginning of the end. The sea is restless, and the silence is deafening. I can hear them now, the voices from below the waves, calling for the darkness to remain."" Mara's hands trembled as she turned the page. The next entry was even more unsettling. ""They are closer now, their whispers louder. I tried to relight the lamp, but the oil refuses to burn. The lighthouse seems to be rejecting its own purpose, as if something has claimed it for the darkness."" Mara flipped frantically through the remaining pages, each entry growing more hysterical and despairing. The final entry was a single line, written in a shaky hand: ""I can hear them outside the door. I will not let them take the light forever."" The ink trailed off into a desperate smear. Mara looked up from the journal, her sleepless eyes burning, and understood with sudden clarity. She set the journal down and approached the shattered lamp. With trembling hands, she began to gather the pieces, determined to repair what had been broken. The fog outside seemed",aa_cross
conv_2d25a75a60114aeaae4278b31d9a4888,"a lighthouse keeper named Silas who discovered that every seventh wave carried voices from the past. It started on a Tuesday morning in March, when the fog rolled in thicker than Silas had ever seen. He stood at the railing of the lighthouse, squinting through the dense white curtain, wondering if the storm from yesterday had stirred something ancient from the ocean floor. The beam above him cut through the mist in rhythmic sweeps, but it seemed to illuminate nothing—just endless gray dissolving into more gray. As Silas listened to the rhythmic crash of the waves, he noticed something peculiar. The seventh wave, always the seventh, seemed to carry a whisper that didn't quite match the wind. At first, he thought it was his imagination, the isolation finally catching up with him after three years alone on this rocky coast. But as he strained his ears, the whispers grew clearer, merging into distinct voices. They spoke of distant times and places, of sailors and storms, of loves left behind and promises broken by the sea. Silas gripped the cold iron railing tighter, his knuckles whitening as a woman's voice rose above the others, singing a haunting melody that echoed with a sorrow too deep to belong to the present. The hair on the back of his neck stood on end, and he felt a chill that had nothing to do with the March wind. Silas recognized the tune—his grandmother had hummed it when he was young, calling it a sailor's lament. The realization sent a shiver down his spine. He leaned further over the railing, trying to discern more of the voices. Suddenly, a wave crested higher than the others, and in its foam-capped peak, Silas saw a face—translucent, fleeting, but unmistakably human. The woman from the song, her eyes filled with a mixture of longing and warning. She mouthed words he couldn't quite hear, but her presence was enough to send a surge of urgency through his veins. Silas stumbled backward, his heart hammering against his ribs. The face dissolved back into spray, but the seventh wave was already building again, carrying with it more whispers, more stories. Silas knew he couldn't ignore this any longer. He rushed inside the lighthouse, determined to find a way to understand theseHaunted voices before they faded back into silence. In the keeper's quarters, he pulled down dusty logbooks from previous tenants, their pages yellowed and brittle. As he flipped through the pages, he found scattered entries noting unusual phenomena—strange lights, unexplained noises, and, most intriguingly, mentions of voices on the seventh wave. One entry, dated exactly one hundred years ago, stopped him cold. The handwriting was shaky, desperate: ""The voices demand to be heard. They speak of a forgotten vow, a promise that must be fulfilled. If it is not, the sea will claim more souls."" Silas's breath caught in his throat. He looked out the window toward the churning waters, where the seventh wave was building once more. The woman's face appeared again, clearer this time, and suddenly Silas understood. She was not a specter but a messenger, carrying the weight of a century-old promise. Without another moment's hesitation, Silas grabbed a piece of parchment and",aa_cross
conv_14c1e580bdf849408b4269db5c18f37c,"a lighthouse keeper who discovered that every foggy night, the beam of light didn't just warn ships—it opened a portal to a world unseen. The keeper, a man named Eli, first noticed this on a particularly stormy evening when the lighthouse’s beam sliced through the thick fog and illuminated something impossible: a shimmering doorway suspended in mid-air, rippling like water disturbed by an unseen hand. Eli, heart pounding, approached the doorway cautiously. The portal seemed to pulse in rhythm with the lighthouse’s beam, drawing him in. He reached out a tentative hand, and as his fingers brushed the shimmering surface, they passed through as if touching cool mist. A gentle pull tugged at his arm, not forceful but insistent, like a whispered invitation. Eli hesitated for only a moment before stepping fully into the portal. The world around him shifted and swirled, colors blending into a kaleidoscope of impossible hues—shades that had no names, that shouldn't exist in the spectrum he knew. When the spinning stopped, Eli found himself standing on a beach of black sand, under a sky filled with stars of every conceivable color. The sea before him glimmered with an ethereal light, and strange, beautiful creatures drifted just beneath its surface—translucent beings that seemed part jellyfish, part constellation, trailing luminous tendrils that wrote symbols in the water. Eli stood in awe, his breath catching at the surreal beauty. The air was filled with a gentle, melodic hum, like the singing of the sea itself. As he watched, one of the creatures rose from the water, hovering before him at eye level. Its form shifted and pulsed, and within its translucent body, Eli saw an array of faces, each one familiar yet not. They seemed to speak without words, conveying a sense of welcome and curiosity. The creature extended a tendril toward him, and when it touched his chest, memories flooded through him—not his own, but those of every lighthouse keeper who had ever stood watch before him. Each one had discovered this hidden world, a place of wonder and magic, and had chosen to keep its existence a secret, guarding it as fiercely as they guarded the ships at sea. Eli understood now why they had remained silent—this world was fragile, a sanctuary that existed only in the intersection of light and fog, of belief and mystery. With a newfound purpose, Eli turned to return to his own world, knowing that he would serve not just as a keeper of the light, but as a guardian of this secret realm. As he stepped back through the portal, the creature's tendril slipped away, leaving behind a warmth in his chest like the first light of dawn. The portal closed behind him, the fog dispersing as the storm cleared. Eli returned to his duties, but now, every time he turned the lighthouse beam into the mist, he did so with reverence, knowing he was touching two worlds at once. The light no longer felt like just machinery and obligation—it was a bridge, a sacred connection to a place of endless wonder. Eli continued to watch over the sea, his heart full of the secret that bound him to the lighthouse and",aa_cross
conv_4ca58b2f432a41999edd2b838d3d9303,"# The Lighthouse at World's End The lighthouse keeper's daughter had always known the sea kept secrets, but she never imagined one would wash ashore on a stormy night, bringing with it a cryptic message in a bottle. The paper was water-stained, but the elegant handwriting was still legible. It spoke of an island that moved with the tides, appearing only when the moon hung low and full. The message warned of a ship trapped there, its crew suspended between life and death, forever waiting for the tide to turn. The young lighthouse keeper's daughter, curious and brave, decided she must see this island for herself. She spoke to no one of her plans, knowing her father would forbid such a dangerous journey. Instead, she waited three nights until the moon swelled full and heavy, casting silver across the restless waves. With a small boat and a heart full of resolve, she set out from the shore, guided by the rhythmic pulse of the lighthouse beam. The water grew strange as midnight approached—thick and syrupy, resisting her oars. Then she saw it: a dark mass rising from the depths, barnacled and ancient, like a forgotten city of the sea. The island was there, waiting, its surface a mishmash of earth and stone, tangled with overgrown vines and skeletal trees that bent toward the water as if yearning to escape. She tied her boat to a jutting rock and stepped onto the shore, her boots sinking slightly into sand that felt more like ancient, powdered bone. The air was thick with the scent of salt and something else—something old and mysterious. She moved cautiously, her eyes scanning the darkness for any sign of the trapped ship. A faint melody drifted through the mist, a haunting chorus of voices singing in a language she'd never heard. Following the sound, she pushed through the tangled undergrowth until she came upon a clearing where the ship lay, its wooden hull encrusted with seaweed and coral. The ship seemed frozen in time, its sails still billowing despite the absence of wind. On the deck, figures stood motionless—the crew, pale as moonlight, their eyes fixed on the horizon. The melody grew louder, and the lighthouse keeper's daughter felt a strange pull, as if the island itself was calling to her. She stepped aboard, her footsteps echoing on the weathered planks. The frozen sailors didn't move, but she felt their awareness—a collective gaze that followed her toward the ship's heart. There, in the captain's quarters, she found the source of the song—a beautiful, ethereal figure bound by chains of silver and coral. The figure’s eyes met hers, ancient and sorrowful, and the singing stopped. ""You came,"" the figure whispered, voice like wind through hollow shells. ""After all these years, you came."" The lighthouse keeper's daughter approached, her hands trembling. ""Who are you? What binds you here?"" she asked, her voice steady despite the fear coursing through her veins. The figure smiled sadly. ""I am the island's heart, cursed long ago for loving a mortal sailor. These men are bound to me, forever watchful, forever waiting for the one who could break the curse."" The figure's eyes shimmered with unshed tears. ""You must free me, or the island",aa_cross
conv_88eeb9c94b974c70b4689ec6d341ed7e,"Mara, who woke one morning to find that all the doorways in her apartment had vanished. Not locked, not blocked—simply gone, leaving her with nothing but walls and the sense of being utterly sealed in. The air was still, and the silence was so profound it seemed to hum. Mara's heartbeat echoed like a drum in the hollowness of her chest. She pressed her palms against the smooth plaster where her bedroom door had been just hours before, half-expecting it to yield, to reveal the familiar passage. But the wall was solid, unyielding. Panic began to rise, but Mara forced herself to breathe deeply, to think. She moved methodically through each room, running her fingers along every surface, searching for seams or cracks that might betray an opening. The kitchen, the bathroom, the living room—no doorway in sight. Each wall was a seamless expanse, as if the rooms had been carved from a single block of stone. Mara's mind raced, trying to recall the night before. Had she dreamed? Sleepwalked? She remembered locking the front door, brushing her teeth, climbing into bed with a book. Everything had been normal. But now, the walls seemed to press in, the room growing smaller by the second. Mara sat on the floor, her back against the cool plaster, and closed her eyes. Think, she told herself. There has to be a way out. When she opened them again, something had changed—a faint glow was emanating from the center of the living room. It pulsed softly, like the heartbeat of some hidden, living thing. Mara approached cautiously, her curiosity overpowering her fear. As she drew closer, the light coalesced into a shimmering circle on the floor, no larger than a manhole cover. Symbols she didn't recognize began to trace themselves along the edges of the circle, glowing with an otherworldly light. Mara hesitated, her heart pounding. Was this a trap, or a way forward? She knelt beside it, feeling warmth radiating upward. The symbols pulsed in rhythm with her breathing, as if they were communicating with her. Mara took a deep breath and placed her hand on the circle. It felt solid yet yielding, like a living membrane. The symbols flared brightly, and suddenly the floor beneath her dissolved. Mara gasped as she fell through—not down, but sideways, tumbling through a tunnel of light and color. The sensation was disorienting, like being caught in a whirlpool of dreams. She felt weightless, free, yet also profoundly connected to something much larger. Then, as abruptly as it began, the tumbling stopped. Mara found herself standing in a vast library, its shelves stretching endlessly upward into shadows. The air was filled with the scent of old books and the faint whisper of pages turning. Mara turned in a slow circle, taking in the towering rows of books, and that's when she understood. Each volume bore a name on its spine—her name, in different handwriting, different languages, different times. These weren't just books; they were memories, possibilities, and paths untaken. Mara reached out, her fingers brushing against one of the spines. The book opened of its own accord, revealing pages filled",aa_cross
conv_7d0c7e3f0c0042ba91e42ff0f61cb2e5,"Margot Webb, who discovered on her thirty-seventh birthday that she could hear the thoughts of plants. It began in the most ordinary way—standing in her garden, tending to a wilting marigold. As she reached for the wilting petals, a gentle voice, soft and almost dulcet, whispered in her mind: *thirsty, so thirsty, the roots cannot reach*. Margot jerked her hand back, looking around the empty garden. The realization dawned on her slowly, almost disbeliefingly. She could hear the plant, feel its need for water. Mustering her courage, she approached the rosebush near the fence, her heart hammering. The moment her fingers brushed its leaves, a chorus erupted—not sound exactly, but sensation translated into words. *Sunlight is harsh here, soil too hard, roots struggle*. Margot felt a wave of empathy wash over her. She grabbed a nearby spade and began loosening the compacted earth around the rosebush's base, working carefully to avoid damaging the roots. As the soil crumbled and softened beneath her efforts, the rosebush's voice grew quieter, more content. *Better, so much better, thank you*. Margot smiled, a mix of wonder and uncertainty playing across her face. She sat back on her heels, wiping soil from her palms, and surveyed the garden with new eyes. Every plant suddenly seemed to pulse with its own life, each one whispering its needs and stories. The garden was no longer just a collection of plants; it was a community, and Margot was now its translator, its advocate. Over the following days, she found herself spending hours among the greenery, learning their languages—the impatient chatter of tomatoes demanding more sun, the gentle hum of the lavender as it soaked in the evening breeze. Each plant taught her something new, and Margot felt a deep connection forming, a bond that transcended the ordinary relationship between gardener and garden. But on the sixth day, as she knelt beside the ancient oak at the property's edge, something shifted. The oak's voice was different, deep and resonant, carrying the weight of centuries. *I have seen the seasons come and go, the earth shift and change. I have watched your kind build and destroy, love and forget. You are the first in generations who can truly listen.* Margot pressed her palm against the rough bark, feeling the oak's strength and wisdom. *What can I do?* she asked, her mind a mix of humility and determination. *There is much to learn and much to share*, the oak replied, its ancient consciousness settling around her like a mantle. *The world has forgotten how to listen. The forests cry out, the fields weaken, and silence answers them. You can change that. Teach others to listen, to understand, to care.* Margot nodded, her resolve strengthening. She would start small, in her garden, and perhaps, with time, others would discover their own gifts, their own ways of hearing what the earth had been trying to say all along. She stepped back from the oak, feeling its presence settle into her heart. With a renewed sense of purpose, Margot began to plan. She knew it wouldn't be easy, but the possibility of a world where people and plants could truly understand",aa_cross
conv_884ea79d232948278265718c7635dc12,"an old clockmaker named Lemuel who lived at the edge of a fog-shrouded village. People rarely visited his little shop, for rumors swirled about his peculiar inventions and the way time seemed to move differently within its walls. Some claimed that when they left Lemuel's shop, hours had passed though it felt like mere minutes. Others whispered that the clocks inside ticked backward on moonless nights, and if you listened closely, you could hear them murmuring secrets. Lemuel paid no heed to these stories. He worked alone in the dusty shop, surrounded by brass gears and pendulums that swayed like sleeping metronomes. His gnarled fingers moved with astonishing deftness, coaxing new life from shattered mechanisms. Above his workbench hung a clock unlike any other—a gift from his father, its face etched with celestial symbols and thirteen hours instead of twelve. The thirteenth hour, his father had warned him long ago, was not meant to be reached by ordinary means. But lately, Lemuel had noticed the thirteenth hand inching forward, faster than it ever had before. At first, he dismissed it as another quirk of the old clock. But as the nights grew longer and the fog pressed closer to his windows, he began to understand. The clock was counting down to something. Each evening at dusk, he would find small changes in the shop: a key he’d never seen before gleaming atop a dusty ledger, a faint scent of jasmine in the air, and scrap metal arranged into odd, runic patterns on the floor. Lemuel tried to dismiss these peculiarities, but when he discovered a photograph tucked inside the thirteenth hour's mechanism—a photograph of himself standing beside a woman whose face he could not remember, his heart began to pound. He turned the photograph over and found, scrawled in trembling ink, just one word: ""Remember."" The handwriting was unmistakably his own, though he had no recollection of writing it. That night, as the thirteenth hand trembled closer to its forbidden mark, Lemuel stood before the old clock, photograph in hand. The fog outside thickened until it pressed against the glass like another world waiting to seep through. At the stroke of midnight, the thirteenth hand clicked into place. The shop went silent—every tick, every tock ceased. Then the clock's face began to glow with a cold, silvery light, and the room tilted with the sensation of falling though Lemuel’s feet stayed firm. Shadows writhed at the edges of the shop and coalesced into a figure—the woman from the photograph. She stepped forward, her form more solid with each passing second, and Lemuel felt a dam break within him as memory flooded back. Her name was Isolde—his wife, lost to time in an accident that had fractured more than just his heart. The clock had been his desperate attempt to undo that terrible day, to bend time itself backward. But the cost had been steep: every hour he'd stolen from fate had erased her from his memory as well as the world’s, until only the echo remained. Now, in the shimmering hush of the thirteenth hour, Lemuel reached trembling hands toward Isolde, and she placed her palm against his. Her touch was warm, real, anchored in this impossible moment he'd fought so long to create. ""I gave",aa_cross
conv_489f8d2f9d644f51a1d0a683b96619e9,"a quiet carriage maker named Eliot, who lived in the little town of Greywillow. His hands were rough and stained with oil and sap, but so gentle when carving delicate flowers into the wooden panels of his carriages that people swore they could smell roses blooming from the grain itself. Eliot had inherited the workshop from his father, and his father before him, a legacy carried in the careful way he selected each plank and blend of varnish. The villagers often paused outside his open door, letting the floral scent drift out and mingle with the smell of freshly turned earth from the market gardens nearby. They would watch him work in companionable silence, his chisel moving with the patience of someone who listened more to wood than to words. Sometimes, he would glance up, catching a child’s wide-eyed wonder as roses seemed to come alive beneath his fingertips. But Eliot’s quiet life shifted the day a stranger arrived in Greywillow—a woman with silver-streaked hair and eyes that held the weight of many journeys. She stood in the doorway of Eliot’s workshop, her travel-worn cloak spattered with rain, and regarded him for a long moment before speaking. “Are you the one who carved the grief coach?"" she asked, her voice low and weathered as old leather. Eliot's hands stilled on the panel he'd been smoothing. He lifted his gaze, heart quickening at the mention of the old carriage—his father’s final, secret commission. “The grief coach?” he echoed softly, the memory flickering like candlelight through fog. His father had worked on it for months before he died, always alone, always after dark. Eliot had only glimpsed it once, swathed in dust sheets, with vines and night-blooming lilies carved into its door. “No one speaks of that carriage,” Eliot whispered. The woman stepped closer, rain dripping from her hem onto the sawdust floor. ""Then perhaps it's time someone did,"" she said, reaching into her satchel and drawing out a slender, tarnished key. “I believe its journey isn’t finished yet,"" she murmured. ""The grief coach is needed again—there are sorrows in this world that need carrying."" She placed the key on Eliot's workbench, and he felt a chill run through him. The unspoken weight settled in the room, thick as the scent of roses. Eliot closed his eyes, hands trembling over the key. “If we wake it,” he said softly, “we must be ready to honor what it carries."" He thought of his father's last words, whispered through fever: *Some griefs are too heavy for hearts alone.* The woman nodded, her expression both solemn and hopeful. “We’ll ride together, then,” she said. Eliot took a slow breath, feeling courage unfurl in his chest like those carved wooden roses finding their bloom. He reached for the key, its metal warming beneath his calloused fingers, and together they walked toward the back of the workshop where the coach waited—draped in shadows and sorrow, yet yearning for light. With a click, Eliot unlocked the coach, and warm, blooming scents filled the air as the doors swung open. Inside, the compartment glowed softly, lined with those same night-blooming lilies his father had carved with",aa_cross
conv_50252ebdc1f84074acbc130461dc3683,"a small, unusual village named Fernhollow, nestled between ancient woods and crumbling stone ruins. The people of Fernhollow lived ordinary lives, though the air was thick with rumors a small, unusual village named Fernhollow, nestled between ancient woods and crumbling stone ruins. The people of Fernhollow lived ordinary lives, though the air was thick with rumors of enchantments and whispered tales about mysterious lights that flickered beyond the edge of the forest at night. Children were warned not to stray too far after dusk, when the boundary between the known world and something older grew thin as gossamer. Mara had heard these warnings all her life, but she was never one to let fear tether her curiosity. With a heart quickened by stories of strange shadows and secret songs that echoed beneath the willow trees, she often found herself wandering closer to the forest's edge than her mother would have liked. On this particular evening, as amber light bled through the canopy and painted the moss-covered stones gold, Mara spotted something new: a faint trail of silvery footprints glimmering in the fading light. They wove between tangled roots and beckoned her deeper into the woods where no villager dared to tread. She hesitated only a moment before her feet moved of their own accord, following the luminescent tracks past twisted brambles and clusters of moonlit mushrooms. Each step seemed to hush the world behind her—the distant village bells faded, replaced by a hush broken only by the flutter of unseen wings and the gentle murmur of water over stone. The footprints led her to a clearing she had never seen before, where a pool of still water reflected the twilight sky as if it held a world of its own. There, at the water’s edge, stood a figure—neither wholly human nor entirely of the forest—draped in garments that seemed woven from starlight and autumn leaves. The figure turned slowly, revealing eyes like polished amber that held centuries within their depths. Mara’s breath hitched, but she did not run. The figure regarded her with a gentle curiosity and extended a slender hand, fingers tipped in moss and moonlight. ""You are the first in three generations to follow the path,"" the figure said, voice like wind through hollow reeds. ""The village has forgotten the old ways, but the forest remembers. You carry in you a spark not doused by fear."" As she spoke, the silvery footprints shimmered brighter, forming a circle around the pool. Mara felt something stir within her chest—a warmth that spread like sunrise, as if something long dormant was waking with the promise of a new beginning. The figure bowed her head, their voice both hopeful and solemn. “Tonight, you may choose — return and let your village fade into forgetfulness, their roots withering beneath stone and routine, or accept what was always meant to be yours: to remember for them, to carry the old magic back and weave it into Fernhollow’s heart once more.” Mara met the creature’s amber gaze, feeling the weight and wonder of the choice before her. With trembling hands, she reached forward and clasped the figure's outstretched hand. The moment their palms touched, warmth flooded through her—visions of Fernhollow",aa_cross
conv_8ea182b6c2774c32bc711851e0f33eba,"a brass key that could unlock any door—be it wooden, iron, or even the hidden ones only whispered of in old street tales. The key first came into young Mira’s hands on a rain-soaked evening when she found it tangled in the wet fur of a stray cat huddled beneath the baker's awning. The cat had golden eyes that glimmered with a strange intelligence. Mira knelt to stroke its matted fur and gently retrieved the key from the knot near its collar. As her fingers closed around the cool brass, she felt a peculiar warmth spread up her arm, as though the metal recognized her touch. The cat meowed once—a sound that resonated oddly in the damp night—then darted off into the mist. Mira stood, turning the key over in her palm. Under the flicker of the streetlamp, she noticed intricate symbols etched along its shaft—spirals and crescents that seemed to shift when viewed from different angles. They drew her in, making her dizzy for a heartbeat, as if the patterns whispered secrets she nearly understood. Clutching the key, Mira glanced around. The street was empty save for the distant glow of windows and the soft patter of rain on cobblestones. Something compelled her forward—an inexplicable pull toward the narrow alleyway behind the baker’s shop. The shadows there seemed deeper somehow, and as she approached, she noticed a battered wooden door she’d never seen before, set into the brick wall where she could have sworn only blank stone existed yesterday. The door was scarred and weathered, its surface marked with the same spiraling symbols as those winding along the brass key. Mira’s heart thudded in her chest; the key almost hummed with anticipation. She drew a shaky breath and slid the key into the lock. It fit perfectly, as though the door and key had been forged for one another. The mechanism turned with a satisfying click, and the door swung inward, revealing a narrow staircase spiraling down into shadow. A strange, sweet scent drifted up—flowers mixed with faint incense. Heart pounding, Mira hesitated only a moment before stepping through. The air grew warmer as she descended, and soft golden light began to glow from somewhere below. The walls around her transitioned from rough brick to smooth, polished stone decorated with glowing runes that pulsed as she passed. She felt the weight of the world above slipping away, replaced by a tingling sensation across her skin—like walking through an invisible curtain. At the bottom, the staircase opened into a vast underground chamber where impossible trees grew, their leaves shimmering like silver. In the center of the chamber, atop a small island surrounded by crystal-clear water, stood the cat—its golden eyes now shining brighter than ever. The creature had grown larger, its form more ethereal, and when it spoke, its voice echoed through the chamber like wind through bells. ""You have passed through the threshold, Mira. Destiny chose you as Keeper of the Key."" Around her, the runes and silver trees seemed to breathe in unison. Mira stepped forward, her fear dissolving into wonder. The water parted before her feet, forming a crystalline path to the island. As she approached the cat, now towering and",aa_cross
conv_3ee73234754240d09f68987462dae67e,"a small, curious fox named Renn who lived at the edge of Fernvale Forest. Renn was clever and quick, with fiery orange fur and a tail as bushy as broom Renn had always been drawn to the places where sunlight filtered through the canopy in golden shafts, illuminating the forest floor in patches of warm amber. One particular morning, as Renn trotted along his usual path, he noticed something unusual: a flicker of movement in the dappled light. Pausing, he sniffed the air The scent was unlike anything he'd encountered before—sweet and sharp at once, like wild berries mixed with morning dew and something else he couldn't quite place. Intrigued, Renn crept closer, his paws soundless on the soft moss. The flicker turned into a shimmer, and there in the light sat a tiny, iridescent creature no bigger than Renn's paw. It had delicate wings that caught the sunlight like stained glass, shifting through shades of blue and violet . The creature looked up at Renn with eyes that sparkled like dew drops. “Hello,” it chimed in a voice hardly louder than a whispering breeze. ""I'm Luma. I've been waiting for someone clever enough to find me."" Renn's ears perked forward with curiosity. “Waiting for me?” Renn asked, lowering his nose to get a closer look. Luma nodded, the sunlight glimmering through her wings. “There’s something hidden deep in Fernvale Forest that only appears when the right pair finds it together—one who walks the earth and one who dances in light."" Renn glanced at his paws, then at Luma’s shimmering wings, realization dawning in his amber eyes. “You mean, we’re supposed to find it—together?” Luma rose into the air with a gentle flutter, tracing a spiral of light above Renn's head. ""Exactly! The old stories speak of a mirror hidden beneath the roots of the oldest tree, where wishes whispered can change the world. But the path shifts and vanishes for those who walk alone.” She floated down to perch on Renn's bushy tail, her tiny form barely weighing more than a feather. ""The forest has been waiting a very long time,” Luma said softly. “If you’re willing, Renn, we can find the Mirror of Whispers together—before the last golden leaf falls and the path is lost again for another hundred seasons."" Renn felt a thrill rush through him, the kind that made his whiskers twitch and his heart beat faster. He'd explored nearly every corner of Fernvale, but never before with such magical purpose. With a determined swish of his tail, he grinned up at Luma, who sparkled in reply. ""Then let's not waste another moment,"" Renn said, his voice bright with excitement. Together they ventured deeper into the forest, where the trees grew so ancient their roots twisted into hidden passageways. Luma’s glow illuminated secrets in the shadows, and Renn’s clever nose found scents that told of old magic. Through shifting light and rustling leaves, they traveled until they reached the heart of Fernvale—a massive oak whose trunk was wider than a cottage. Its roots formed a natural archway,",aa_cross
conv_83f444d58cbd443c82f6355d878e7595,"a small, sun-faded town known as Willowbee, nestled quietly by a twisting river and surrounded on three sides by meadows full of wildflowers. In Willowbee, In Willowbee, time seemed to move differently than in other places. The clocks in the shop windows all showed slightly different hours, and nobody minded because it meant no one was ever truly late or early; they simply arrived when they did. This gentle disregard for precision had a way of smoothing out disagreements and worries, and perhaps, that was why the town's residents seemed to age so gracefully, their smiles coming quick and easy even on the rainiest days. At the heart of Willowbee stood the old Magnolia Tree, its gnarled branches stretching wide in the town square. Children played beneath its shade, and the elders gathered on nearby benches to share stories that grew taller with each telling. It was beneath this very tree that Iris Whitmore discovered the letter one autumn morning, half-buried in a tumble of golden leaves. The envelope was worn, its edges soft from age, yet her name—written in careful, winding script—stood out clearly. Iris glanced around the empty square, heart quickening. She recognized that handwriting. It belonged to her grandmother, who had passed away three springs ago. With trembling fingers, Iris knelt by the roots, slipping the letter free from the leaves. The scent of ink and lavender, her grandmother's favorite, lingered on the page. As she unfolded it, the paper crackled softly, revealing words that seemed to shimmer in the dappled sunlight filtering through the magnolia's branches. Her grandmother’s voice seemed to whisper from the page, “Dearest Iris, if you are reading this, it means fate has brought you to the tree when you are most in need of guidance. I have left something for you, hidden where only your heart can find it. Look not with your eyes, but with your memories of our time together. Trust what you remember from the garden paths we walked every summer, and let your heart guide your steps. There is magic yet in Willowbee, and it is yours to discover.” As Iris read the final line, a breeze swept through the square, carrying with it the faint scent of rosemary and mint—the very herbs that had bordered her grandmother’s garden. An answer tugged gently at her heart. With resolve blooming within her, Iris rose and followed the wind, her memories leading her past the old bakery, across the narrow wooden bridge where she'd once dangled her feet in summer, and down the overgrown path to the cottage that had stood empty since her grandmother's passing. The garden gate creaked softly as Iris slipped through. She let her hands brush rosemary and mint, remembering laughter, whispered stories, and warm, dirt-stained afternoons. In the far corner, beneath a tangle of honeysuckle, she found it: a small wooden box carved with magnolia blossoms. Inside lay her grandmother’s locket, glinting in the soft morning light, and a second note: “Love is the oldest magic, my dear. Wear this close, and you'll never walk alone."" Tears blurred Iris's vision as she clasped the locket around her neck. Its warmth spread through her chest like sunlight",aa_cross
conv_5f36f11261f64de08500e33268032467,"a little girl named Maribel, who lived at the edge of the Whispering Pines forest. Maribel was no ordinary child; she had a wild tangle of red curls and a peculiar gift that made the other village children whisper behind cupped hands. She could hear what the trees were saying. Not just the rustle of leaves or the moan of the wind, but actual voices, soft and old, telling forgotten stories or quietly discussing the day's happenings. At first, Maribel thought everyone could hear them, until she mentioned it to her mother one breakfast, asking why the old oak by the well sounded so sad. Her mother had gone very still, the wooden spoon suspended mid-stir over the bubbling porridge. “What do you mean, Maribel? Trees don’t talk,” her mother said, her voice quick and a bit higher than usual. Maribel had shrunk in her chair, suddenly aware she'd said something wrong. After that morning, she learned to keep the voices to herself, nodding quietly when adults spoke and slipping away to the forest whenever she could. In Whispering Pines, the trees didn’t mind her questions. They welcomed her with soft rustlings that sounded like laughter, and the old grandfather pine near the forest's heart always greeted her by name. ""Little Maribel with the red curls,"" he would croon in his crackling, resin-rich baritone. ""What brings you today, so bright and early?"" Sometimes Maribel brought stories from the village—news of births and weddings, of merchant caravans and traveling musicians. The trees loved these tales, especially the ones about music, and they would hum their own woody melodies in response, filling the air with a song that seemed to tangle with sunlight and linger long after she left. One afternoon, as Maribel recounted the story of the baker's new apprentice who'd accidentally sweetened bread dough with salt, the grandfather pine fell suddenly silent. The other trees stopped their humming and the entire forest seemed to hold its breath. Maribel glanced around, worry prickling her skin. ""What is it?"" she whispered, reaching out to rest her hand against the rough bark of the grandfather pine. The ancient tree shuddered beneath her palm, and when he finally spoke, his voice was barely more than a whisper echoing through his needles. ""There is change coming, little Maribel. Shadows shift beyond the edge of the pines—something the forest has not felt in many seasons. We need your help, child with the listening heart."" Maribel's breath caught. In all her visits, the trees had never asked her for anything before. She stood very still, feeling the ancient weight of their trust. ""What must I do?"" she whispered in return. The branches around her bent, weaving a canopy above her head like protective arms. The grandfather pine's voice grew stronger, more urgent. ""You must speak for us, Maribel. Tomorrow, men from the village will come with axes to clear the eastern grove. Tell them what you hear. Remind them the forest has stories, lives, and friends worth saving. Only with your courage can the Whispering Pines remain standing."" Maribel's heart hammered against her ribs. She thought of the sidelong glances,",aa_cross
conv_6206a6e804514f058bf50b018b0f47e8,"a small, peculiar village called Honeywick, nestled between two ancient hills where the fog liked to linger even on summer mornings. Honeywick had always been the kind of place that seemed ordinary at first glance, but if you paid close attention, you’d notice things most villages lacked. For one, the bees here buzzed with an odd sort of intelligence, swooping in strange formations across the flower-laden meadows, as though they were spelling out messages for anyone patient enough to decipher them. The villagers, for their part, had learned long ago not to question the bees’ patterns. Instead, they treated the intricate sky-dances as good omens or gentle warnings, interpreting them in hushed tones over breakfast tables. One morning, as dawn painted the hills in shades of gold, a new pattern unfolded in the air—circles within circles, looping endlessly above the main square. Old Mrs. Willowby, perched on her crooked porch with a steaming mug of dandelion tea, squinted up at the spectacle. She hadn’t seen circles like these since she was a girl herself, back when her own grandmother rushed her indoors at the first sight of them. The memory sent a shiver down her spine, though the sun was warm on her face. She clutched her shawl tighter and set her mug aside, rising with more urgency than she’d felt in years. With a shaky breath, she called out to young Ellis who was passing by on his way to fetch milk from the dairy. “Ellis!” she called, her voice carrying further than she expected. The boy paused, turning his pale, freckled face up toward her. ""Yes, Mrs. Willowby?"" he asked, already noticing the worry in her eyes and the strange motion buzzing high above. Mrs. Willowby beckoned him closer. “Those patterns, Ellis—do you see them? Remember this day. Circles mean something’s coming. Something we all need to prepare for."" She glanced once more at the bees’ looping dance before pressing a folded piece of parchment into Ellis's hand. ""Take this to the mayor—quickly, now. And tell no one else about what you saw,"" she whispered, urgency tremoring through her words. Ellis nodded, his heart pounding as he glanced up again at the swirling bees, then darted off toward the mayor’s house, clutching the parchment as if it were a precious relic. Behind him, Mrs. Willowby watched the hills, a silent prayer on her lips that whatever was coming, Honeywick would be able to weather it as they always had. The bees’ circling grew wider, casting flickering shadows over the rooftops, as Ellis reached the mayor’s door. He knocked, the sound echoing through the somber morning. When the door swung open, the mayor’s sharp eyes caught sight of the parchment and softened, as though he’d been expecting something just like this. Without a word, he ushered Ellis inside. Outside, the bees spelled one last, unmistakable spiral in the sky—closing the message. In that quiet moment, Honeywick’s secret world spun into motion, every heart holding its breath for whatever the bees were warning about. But as the message faded and the last bee settled on a sunlit petal, hope glimmered gently in each heart. Honeywick had always endured what came its way—and now, united in watchfulness and quiet courage, the village stood ready to meet the mystery of the",aa_cross
conv_28251d850afb41a79b06bb6449c3d4e9,"a village that stood at the edge of an ancient, whispering forest. Long ago, the villagers lived in harmony with the woods—until the shadows came. Strange shapes slipped between the trees at dusk, their eyes gleaming like lanterns in the mist. Livestock began disappearing, and the night air filled with eerie, wordless songs that had no source the villagers could see. The bravest among them, a young woman named Maren, resolved to learn what haunted their borders. One evening, cloak drawn tight, she slipped through the old wooden gate and into the forest’s embrace. Every step muffled by soft moss, Maren listened to branches above and the hush of unseen feet matching her pace. A sudden chill washed over her as the song began—closer now, a harmony of sighs and impossible chords. Her heartbeat thudded in her ears, but she pressed on, drawn to a faint silvery glow weaving between the trees ahead. As she neared, she caught sight of figures—tall and strange, with long, willow-like limbs and faces half-hidden in shadows. Their eyes shimmered in the moonlight, not with malice but with an ancient sorrow that made Maren's breath catch in her throat. One of them turned toward her, its voice weaving into the song, not in words but in shimmering notes that pulsed gently through Maren’s chest. Tentatively, she answered—a humming thread of her own, remembering lullabies from childhood. The forest beings stilled, then stepped closer, lowering their strange faces to hers. The melody lingered between them like dew. One reached out, fingers brushing her arm with a feather’s touch. In her mind, a vision blossomed—a memory not her own. She saw the village long before fences, when humans and these beings danced under the great moon. Separation and fear had dimmed that harmony, silencing the shared songs. The vision swelled with longing and promise: the balance could return if someone was brave enough to remember. The being offered its hand, and Maren, heart pounding but full of hope, accepted. Warmth and music surged through her, carrying a promise of renewed trust. In that silent, shimmering exchange, the bond between forest and village was restored. Dawn broke as Maren returned, changed and bright-eyed, carrying the song within. The shadows receded, and for the first time in generations, the villagers awoke to peace in the air and a gentle new light filtering through the trees. Maren shared her story and the melody, and together they began, carefully, to learn from the forest once more. The ancient kin watched and joined their song. Bound by memory and courage, humans and shadows found harmony again—at the edge of the woods, where dawn and dusk met, and the songs of past and future intertwined. Peace returned, and the village thrived, their hearts forever tuned to the whispering magic of the forest. In every lullaby, every wind in the branches, and each brave step into the dusk, the promise endured: as long as they remembered the song, shadows brought no fear, and the forest remained a friend. So the boundary between worlds became a place of meeting, not of fear, and Maren’s courage rippled through generations. The village and the wild belonged to each other once more, their stories and songs woven as tightly as the trees themselves. And in the gentle hush of twilight, children listening closely could still hear",aa_cross
conv_b90e5cfa7ee6419ea19c6a8c24df0071,"a small, determined fox named Lira who lived at the edge of the Whispering Pines forest. Lira wasn’t like the other foxes in her family. While her siblings were content to play and chase fireflies near the safety of their den, Lira was always drawn to the mysteries of the forest beyond. She would sit for hours just beyond the treeline, watching the sunlight filter through shifting leaves, imagining what secrets lay deeper within. She had heard stories whispered by the elders—of hidden trails, ancient trees that remembered the first snowfall, and a silver brook said to grant wishes if you listened to its song on a moonlit night. Lira’s heart fluttered each time she thought of these tales. Her curiosity became a gentle ache, a longing that grew stronger with each sunset. One evening, as indigo shadows stretched through the pines and the air shimmered with the scent of wild mint, Lira made her decision. She crept away from her slumbering siblings, her paws silent on the mossy ground. The forest, so vast and mysterious by day, now glowed with moonlight and seemed to beckon her forward. The owl’s call echoed above, but Lira pressed on, guided by hope and the promise of adventure. She followed the twisting roots and tangled ferns, her eyes adjusting to the silvered world around her. Soon, the trees opened out into a small, misty glade. In its center, a brook glimmered as if woven from pure moonlight. Lira paused, her breath catching—this was the silver brook from the stories. Its water flowed with a quiet song, soft and melodic. Lira stepped closer, paws tingling with excitement and awe. Peering into the crystal water, she saw not just her reflection, but shifting images: of journeys yet to come, of courage she never knew she possessed, and of new friends waiting for her along the way. The brook’s song seemed to swell, its notes threading through her heart. Lira felt a warmth blossom inside her—a gentle assurance whispered that she truly belonged here, following the path only she could walk. As the first note of dawn touched the treetops, Lira knew her adventure had only just begun and she turned from the brook with a steady heart. A soft rustle in the ferns caught her ear—perhaps the first of those new friends, or the start of a hidden story meant for her alone. With the silver light clinging to her fur and hope burning bright, Lira stepped forward, ready to greet whatever wonder or challenge the forest had in store. With every fearless stride, she let go of her doubts and embraced the magic ahead. Lira was no longer just a curious fox—she was a seeker of wisdom and wonder, destined to weave her own legend between the shadow and light of Whispering Pines. As she disappeared deeper among the trees, the first rays of morning broke through the branches, gilding her path in gold. In the hush of the new day, the forest seemed to sigh in welcome, and Lira—brave, hopeful, and filled with the promise of countless discoveries—walked on, knowing her heart would always guide her true. And thus, the adventures of Lira the fox began, echoing through the Whispering Pines, forever part of its song—just",aa_cross
conv_eaa2de1e38814f44930c459404db4f15,"a small, untidy wizard named Lark, who lived at the edge of the Wildwood. Lark’s cottage was hidden beneath the drooping boughs of an ancient willow whose roots twined like sleeping snakes beneath the mossy earth. Every morning, mist curled along the forest floor, gathering in eddies around Lark’s doorstep. Lark would step outside in his threadbare cloak, blinking blearily at the pale light filtering through the leaves. As he stretched, a bluebird filled with more cheek than sense would dart down to perch atop his battered hat, chirping a greeting that was half-mocking, half-friendly. “Quite early for trouble, isn’t it, Thimble?” Lark muttered, shooing the bird with a crooked finger. Thimble only preened a wing and cocked his head, unfazed. The bluebird ruffled his feathers and piped a song so sweet that it nearly made Lark forget his annoyance. But before Lark could pretend to be properly cross, a soft rustling came from the undergrowth. Both wizard and bird fell silent, listening. Something—or someone—was moving through the mist, their footsteps muffled and deliberate. Lark sensed a faint pulse of magic in the air, prickling like static against his fingertips. Thimble’s feathers fluffed up in warning, and he hopped from Lark’s hat to his shoulder. From the swirling fog emerged a figure wrapped in a green velvet cloak, embroidered with silver thread that caught the scant light, sparkling like dewdrops. The figure paused at the edge of Lark’s clearing, lowering her hood to reveal sharp eyes and an unruly tumble of chestnut hair. “Good morning, Lark,” she said, her voice musical but carrying an edge. “I’m afraid the Wildwood has a message for you.” She glanced at Thimble, who chirped nervously, then fixed her gaze on Lark. “There’s a stirring at the heart of the forest. The old paths are shifting.” Her voice wavered slightly, betraying her unease. “Something wakes beneath the roots, something ancient and hungry. Wildwood wants you to come.” She drew a tiny rune-marked seed from her pocket and held it out on her palm. “This seed will lead you to where you’re needed. Will you answer?” Lark took the seed, feeling its warmth pulse in his hand—a steady, living heartbeat. He met her gaze, uncertain but resolute. “I will answer,” he said firmly, voice steadier than he felt. Thimble nestled closer, and together, wizard and bird watched as the seed’s pulse brightened. The pulse became a gentle glow, casting green-gold patterns on Lark’s palm. With a trembling breath, Lark set his foot on the mossy path, letting the seed guide him deeper into the Wildwood. The mist seemed to part before them, whispering promises and warnings in voices only just out of reach. Lark, Thimble, and the woman in green moved forward together, their fears tempered by hope. Somewhere ahead, the forest’s secret waited—ancient, mysterious, and ready to awaken. As Lark stepped between the roots, hand closed firmly around the glowing seed, the Wildwood seemed to breathe with",aa_cross
conv_765d21e393c94b72a40f7dbd24491f2b,"a boy named Ollie who found a strange, humming stone in the garden behind his grandmother’s house. The stone was unlike anything Ollie had ever seen—smooth as glass, shaped like an egg, but swirling with colors that looked like a storm caught under its surface. As he picked it up, the humming grew louder, yet somehow comforting, as if the stone was singing just for him. Ollie's fingers tingled, and he glanced over his shoulder, certain someone might be watching. But only his grandmother’s sunflowers nodded in the warm afternoon breeze. He turned the stone over in his palm, marveling as specks of gold danced inside it. Suddenly, the humming shifted—almost like a melody forming words just out of reach. Ollie held the stone close to his ear, straining to make sense of the faint tune. It sounded like a lullaby, trembling with ancient secrets. The melody stirred something deep in Ollie’s heart, both familiar and strange. As the notes grew clearer, they wove themselves into words: ""Turn the key beneath the rose, Follow where the river goes."" The voice was gentle, timeless, both inside and outside of him. Ollie’s breath caught. The only rose bush in the garden grew at the edge of the tangled hedge, its petals deep crimson, nearly hidden by wild mint and ivy. Clutching the stone, Ollie made his way over, careful not to trample the mint as he knelt beside the rose bush. He pushed aside the leaves, and there, beneath the thorny branches, his fingers brushed against something cool and metallic. With a gasp, Ollie uncovered a small, ornate key—its surface etched with twisting vines and tiny roses. The humming stone pulsed eagerly in his palm, the melody soaring. Ollie took a steadying breath and picked up the key, feeling its weight and its purpose. He looked back at the rose bush and noticed a patch of roots forming a tight knot against the garden wall—almost like the outline of a tiny door. Heart thundering, Ollie slipped the key into the knot. With a twist, the roots shuddered, then unwound, revealing a secret door barely big enough for Ollie to crawl through. The inside shimmered with an otherworldly light, as if moonbeams danced on water. Clutching the stone, Ollie crawled forward, heart pounding with wonder and excitement. As he passed through the doorway, the garden faded behind him, replaced by a world gleaming with color and possibility. Crystal rivers snaked through fields of luminous flowers, and silver-furred creatures darted among trees that grew upside down. Ollie’s stone glowed bright in his hand, humming a welcoming tune. He realized, with a thrill of awe, that the melody was guiding him—each note a beacon pulling him deeper into this magical realm. Gathering his courage, Ollie stepped forward, stone in hand, toward the sparkling river. The stone’s music became a joyous chorus, echoing all around. Ollie smiled, knowing he had just opened the first page of his greatest adventure. The land before him teemed with promise and mystery, and as he followed the river’s winding path, he felt sure that with each step, more wonders—and perhaps new friends—awaited. With a deep breath, Ollie pressed on, the stone’s gentle song lighting the way. Behind him, the garden gate",aa_cross
conv_4cba6a3404684bc3810c44422a4d6e3f,"a weathered old lighthouse keeper named Elinor, whose home stood at the edge of the bleak seaside cliffs of Dorant’s Point. Each evening she scaled the spiral staircase of the lighthouse, her worn boots echoing against ancient stone. The wind battered the tall glass windows as she reached the beacon room, where she carefully polished the brass housing and set the great lamp spinning, casting wide golden arcs across the foam-flecked ocean. Elinor paused a moment, watching the beams dance over the water. The sea seemed endless, both comforting and ominous, swelling with secrets just out of reach. Far below, waves crashed against black rocks, their rhythm a lullaby and a warning. Elinor’s practiced eyes searched the horizon, where storm clouds hunched low and fishermen’s lanterns winked between swells. She pulled her knitted shawl closer as a sudden chill worked its way through the cracks in the glass. It was on nights like these that Elinor often thought she saw more than the usual shapes in the gloom—shadows that lingered longer than they should, gliding between the swells or flickering high above the cliffs. Sometimes, she fancied she heard voices carried by the wind from the misty dark, strange syllables just outside the reach of sense. Tonight, as the gale pressed against the walls, she caught the faintest melody—a tune both familiar and impossibly ancient, tugging at memories she could not quite place. The notes curled around her like a gentle tide, urging her to lean closer to the frosted windowpane. Elinor pressed her palm against the cool glass. Down on the midnight shore, where the surf surged against tangled driftwood, a shimmer flickered in the moonlight—soft and silvery, too steady to be the play of stars on water. Elinor narrowed her eyes. The melody grew clearer, growing into a haunting lullaby she hadn't heard since her childhood. Entranced, she slipped the latch and stepped out onto the cold, narrow balcony. The sea air rushed around her, carrying that unearthly music and the scent of salt and wild heather. Far below, the shimmering shape resolved into the outline of a woman cloaked in seaweed and pearls, standing at the very border where wave met stone. The woman’s face was pale and ageless, her eyes reflecting moonlight and centuries of longing. As she lifted a hand, the music swelled—Elinor felt it flooding her heart with memory. She remembered her mother singing by the firelong ago, and the stories whispered in those songs—of lost sailors, of promises kept and broken, and of guardians who watched the sea so none would be lost forever. Elinor’s hands trembled as the Selkie beckoned, her gesture gentle and sure. Something deep within Elinor—a longing, perhaps, or an old promise—rose to answer. She heard herself calling down to the woman, her voice soft but clear, “I remember.” In that moment, the melody and the waves both paused, as if the world itself recognized her words. The Selkie smiled, sorrow and joy mingling in her eyes. “Then you are ready,” she whispered, her voice lilting as moonlight on water. Elinor felt the last chill of loneliness lift from her shoulders. She watched as the Selkie vanished into silver spray, the music still curling in the night air. No longer just a",aa_cross
conv_26a2298978e547019b534db871b6cf78,"a small silver key, no bigger than a robin’s egg, which lay forgotten on the windowsill of Mrs. Pennington’s bakery. No one knew how it had come to be there, nor did anyone remember seeing it before the storm last Thursday. For three days, it glinted in the weak autumn sunlight, catching the eye of passing customers as they queued for their morning bread and honey muffins. Most dismissed it as a charm from a child’s necklace, but young Elsie Morgan, who helped sweep the floors in exchange for miniature honey cakes each evening, felt certain there was more to it. The key drew her gaze every morning as she dusted the flour from the wooden sills, gleaming even when clouds hunched low over the rooftops. On the fourth morning, unable to resist anymore, Elsie slipped the key into her apron pocket. Its cool touch sent a pleasant shiver through her fingers, as if it remembered a thousand locks. She spent the entire day distracted, fingertips lingering on the small bulge in her pocket. It was not until the bakery quieted, after Mrs. Pennington’s soft goodnight and the bell above the door stilled, that Elsie dared to draw the key out. Under the ochre glow of the bakery’s lantern, she examined it closely. Strange symbols curled along its shaft—patterns she recognized from the faded map above Mrs. Pennington’s fireplace. Her pulse quickened as she realized: this was no ordinary key. What secrets might it unlock? Heart fluttering, she tiptoed past the counter and approached the old hearth, where the ancient map hung, yellowed by time and speckled with ash. As she reached up, she noticed a tiny, keyhole-shaped notch hidden in the carvings at the map’s lower corner. Elsie fitted the silver key into it. With a soft click, a section of wood swung open, revealing a velvet-lined compartment. Nestled inside was an envelope sealed with deep blue wax and embossed with the Pennington crest—an emblem of a rose and crossed keys. With trembling hands, Elsie broke the seal and unfolded the letter within. The words shimmered in the lantern light: ""To the one who finds this—trust in your courage, and the past will reveal its gifts. Beyond the sycamore in Forest Lane, seek the door that does not appear by day. The key you hold was forged to open what cannot be seen. Trust your heart, Elsie, and you will find not only what you seek, but where you truly belong.” Tears pricked at Elsie’s eyes as she read her name, written in a hand she didn’t recognize. She pressed the letter to her chest, the promise of belonging warming her deeper than the bakery’s ovens ever could. As dawn’s light filtered through the window, Elsie tucked the key close, heart full of hope and courage. That morning, as the bakery filled once more with the smells of fresh bread and honey, Elsie knew her world had changed. She glanced at the sycamore on Forest Lane each day, the key a silent promise in her hand. One dusk, she gathered her courage and stepped beneath its golden branches. There, as the letter had promised, a hidden door shimmered into view, just as the sun touched the horizon. Elsie fit the silver key into the invisible lock, and as it turned, the door swung open to reveal",aa_cross
conv_71cc822bdd1b40f8a24788e4a599b9bf,"a small town named Willowbrook, nestled between misty hills and ancient, whispering forests. Life in Willowbrook drifted by with gentle predictability; shopkeepers greeted customers with familiar smiles, children played in the town square, and farmers tended to their lands with the same dedication their families had shown for generations. The town's routine was comforting, a steady rhythm that everyone trusted. Yet, one rainy afternoon, the pattern broke. A stranger, cloaked in a dark coat and carrying an old leather suitcase, arrived on the last bus from the city, sending ripples of curiosity through the quiet streets of Willowbrook. The stranger's face was obscured by a wide-brimmed hat, and rainwater dripped from the brim as they made their way to the inn at the edge of the square. Mrs. Cole, the innkeeper, watched through the window, her heart leaping with a mixture of excitement and wariness as she wondered what could bring such a traveler to their secluded town. She hurried to the door, opening it just as the stranger reached out to knock, startling both of them with the sudden collision of purpose. The stranger paused, water pooling at their feet, and studied Mrs. Cole with eyes the color of a stormy night, eyes that seemed to hold a depth of history and emotion, yet remained impenetrable, like a veil of mystery that only the stranger knew how to lift. ""Evening,"" the stranger said in a low, steady voice. ""A room, if you have one."" Mrs. Cole nodded, trying to still her trembling hands. She ushered the stranger into the warm, golden light of the inn, the scent of baking and woodsmoke enveloping them like a comforting hug, and led them to the registration book. The stranger paused, glancing at the faded names that filled the pages with echoes of years past. With slow deliberation, they wrote a name none in Willowbrook had heard before: ""Elijah Blackwood"". The ink flowed from the pen in bold, black strokes, as if the stranger's presence was a declaration, a herald of change. Mrs. Cole shivered at the finality in his handwriting. “Welcome to Willowbrook, Mr. Blackwood,” she said, forcing a smile that faltered as Elijah's gaze met hers, his eyes narrowing slightly as if he could see beyond the polite gesture to the unease that lurked beneath. He accepted the old brass key, fingers brushing hers just briefly—his touch unexpectedly cold. “Thank you, Mrs. Cole,” he murmured, voice softer now. “I think I'll just go up and rest for a while. The journey was...longer than I expected."" With that, he turned and climbed the creaking stairs, the sound of his footsteps echoing down the hallway long after he disappeared from view. Mrs. Cole stood in the flickering firelight, unease prickling at her skin. She watched the door to his room, half-expecting it to open again, but the silence that followed was oppressive, punctuated only by the occasional crackle of the fire and the soft ticking of the grandfather clock. From that moment, everyone in Willowbrook sensed that something had shifted. Old secrets began to stir, and the mist seemed to cling more tightly to the hills, as if it too felt the weight of Elijah Blackwood's presence, and the whispers that had long been dormant in the ancient forests began to seep into the dreams of",aa_cross
conv_3d0353b65e974fb7958a2c29e0d2c66a,"a girl named Lila who could see echoes of the past. Ever since she was a child, whenever she touched certain objects, visions would flicker through her mind like old photographs, worn and faded, but still exuding a palpable sense of history. The visions were always fragmented and fleeting, leaving her with more questions than answers, but they guided her, tugging her toward forgotten places on the edges of her small coastal town. One fog-laden morning, as sea gulls circled lazily above the weathered rooftops, Lila felt an inexplicable pull to the old, abandoned lighthouse that stood like a sentinel on the rocky shores, its once-bright lantern room now dim and crusted with salt. As she pushed open the corroded iron gate, her fingers brushed the cold metal, and her breath caught—the familiar tingle of a vision danced across her fingertips, like a whispered secret, and she closed her eyes, letting the echoes wash over her. She saw a figure, a young woman with a kind face and a lantern in hand, her dress swirling in a stormy wind. The woman stood at the very spot where Lila now lingered, looking out toward the furious, turbulent sea, her eyes locked on something in the distance, a look of desperate longing etched on her face. The vision shifted, and Lila saw a ship, its sails torn and hull battered, battling the storm as it struggled toward the lighthouse. The young woman on the shore raised her lantern high, hope and dread mingling in her expression, as if she were willing the ship to safety, her light a beacon in the darkness. The vision faltered, and Lila's eyes snapped open, the sound of the gulls fading back into reality. Heart racing, Lila pressed forward, compelled to climb the spiral stairs of the lighthouse. Each step echoed with the memory of that distant storm, and the young woman's desperate plea. As she climbed higher, the air grew thick with the scent of old oil and dust, and Lila's fingers trailed along the worn stone. At the top, she found the lantern from her vision—its glass cracked, yet still cradling the last remnants of a long-cold flame. The metal was cool to the touch, but as she wrapped her fingers around the lantern's handle, a surge of memories flooded her mind, and she felt the weight of the young woman’s hope and loss settle into her heart. At last, senses reeling, Lila understood the plea: the ship had never made it ashore. Cradling the lantern as if it were a fragile, precious thing, Lila gazed out at the sea, the wind whipping her hair into a frenzy as she whispered a silent promise to the restless spirit, her voice carried by the ocean breeze: ""I’ll help you find peace."" The horizon lightened, and in that rare moment, Lila felt the weight of the past begin to lift, like the ebbing of the tide, and she knew that she had become a part of the town's hidden history, a keeper of its secrets, and perhaps, a gentle guide for its lingering spirits. As dawn broke over the water, Lila descended the lighthouse, lantern in hand, walking back into the waking world with a sense of purpose, the darkness of the past slowly giving way to the light of the present, and the echoes that had once seemed like a curse now feeling like a gift, a reminder",aa_cross
conv_f8fbf3f7fdc54bf498ebaf712a9b713d,"a lonely boy named Eliot who lived in a small cottage at the edge of the Silverpine Forest. Every day, Eliot wandered the woods, hoping to discover something magical to break the quiet routine of his life. The trees, with their twisted branches and leaves that rustled softly in the breeze, seemed to whisper secrets to each other, but never to him. Eliot's eyes searched each patch of sunlight and shadow for something extraordinary—a hidden door, a trail of glowing stones, a sudden fluttering of wings that might signal a fairy or a dragon, but so far, the only wonders he had discovered were the usual creatures of the forest: rabbits, squirrels, and the occasional deer that bounded away at his approach. One particularly misty morning, as Eliot wandered farther than he ever had before, he stumbled upon a clearing he didn’t recognize. In its center sat a stone well, its weathered surface covered in moss and lichen, with a wooden lid that seemed to be slightly ajar, as if someone or something had recently passed through it. The air around the well felt charged, almost humming beneath Eliot's skin. He hesitated, heart thudding, then reached for the lid. It creaked softly as he pushed it aside, revealing a dark and seemingly bottomless abyss, yet as his eyes adjusted to the dimness, he began to discern a faint, ethereal glow emanating from the depths of the well. The light pulsed gently, inviting and strange. Eliot’s curiosity outweighed his fear; he looked around, found a sturdy length of vine, and fashioned a makeshift rope, which he carefully lowered into the well, the vine creaking as it unwound, the end of it disappearing into the glowing depths. As he tested the vine’s strength with a few anxious tugs, Eliot took a steadying breath and swung his legs over the well’s crumbling edge. Slowly, he began to lower himself down, the vine digging uncomfortably into his hands as he descended into the unknown, the air growing thick with an otherworldly scent, like honey and damp earth. The glow intensified as he crept deeper, until the walls around him shimmered with flickers of gold and green. Suddenly, his feet touched down on a soft, spongy surface, and Eliot found himself standing in a vast, cavernous space filled with a dazzling array of crystals, their facets glinting and refracting light in dancing rainbows along the cavern walls. The crystalline forest rose around him, pillars of every color humming with hidden energy. At the heart of the cavern, a magnificent crystal throne seemed to be waiting for him, its surface etched with ancient runes that shimmered with a light that was both familiar and yet, utterly mysterious. As Eliot took a hesitant step forward, the cavern pulsed in response, and a gentle voice echoed within his mind: “Welcome, Eliot. You have been expected. The solitude of your heart has been a call, a whisper into the silence, and we have heard. Come, sit upon the throne, and let the magic of the Silverpine awaken within you."" Eliot, trembling but emboldened by the voice, stepped up to the throne and sat. Warmth surged through him, filling every lonely corner of his soul, as the crystals around him began to resonate in harmony, their vibrations attuning his heart to the hidden rhythms of the forest. The voice whispered again, its",aa_cross
conv_9e9742396c7348699e424c6395ccc5af,"an old watchmaker named Elias who lived at the edge of a forgotten village. His shop was crammed with clocks and whirring curiosities, each ticking away with a rhythmic precision that seemed to echo the beat of Elias's own heart. The air inside the shop was thick with the scent of oil and metal, and if you listened closely, you could almost believe the clocks were whispering secrets to each other as they marked out the hours. Elias spent most of his days bent over his workbench, surrounded by a maze of tiny gears, springs, and delicate mechanical components, his fingers moving with a practiced ease as he coaxed life back into the intricate intricate timepieces. Outside, the world moved on indifferently, but inside his shop, time was kept and cared for—cherished, even. One rainy afternoon, as Elias was meticulously cleaning the face of an antique pocket watch, the door to his shop creaked open, admitting a draft of damp air and a young woman, her long, dark hair clinging to her face from the rain. She carried a small, velvet box pressed tightly to her chest. “Excuse me,” she said, her voice low and hesitant, as if she were unsure of herself, or of the reception she might receive. Elias looked up from his work, his eyes, magnified by the lenses of his spectacles, examining her with gentle curiosity. He set aside his tools, wiping his hands on a soft cloth. “Yes, I am Elias,” he replied warmly. His voice was soothing, and the young woman's tense posture seemed to relax ever so slightly as she approached him, the velvet box still clutched in her hands. ""I've brought this for you,"" she said, placing the small box on his counter with trembling fingers. ""It belonged to my grandfather. Someone told me you might know how to fix it,"" she continued, her eyes welling up with a mixture of sadness and hope as Elias carefully lifted the lid of the box, revealing a beautiful, yet badly damaged, mechanical bird perched atop a fractured golden branch. Its wings were crumpled, one jeweled eye missing, but even in disrepair, the craftsmanship was exquisite. Elias drew in a breath of wonder, his fingers instinctively reaching out to gently touch the intricate mechanisms, his mind already racing with the possibilities of restoration. ""This is a true marvel,"" he murmured, his weathered hands cradling the fragile bird as if it were spun from sunlight. ""It will take time, but I can give it new life,"" Elias said, a soft smile spreading across his face as he examined the bird more closely, his eyes twinkling with a deep affection for the intricate craftsmanship. The young woman let out a tremulous sigh of relief. In the warmth of his faith, the sorrow in her eyes loosened its grip. ""Thank you,"" she whispered. As she spoke, a faint smile played on her lips, and for a moment, Elias saw a glimpse of the beauty that lay beneath her sorrow, like the first light of dawn spilling over misty hills. ""Come back in a week's time,"" Elias said kindly. ""Your grandfather's songbird will greet you anew."" The young woman nodded, leaving the shop with a lighter step, the rain-soaked village streets seeming a little brighter, a little more full of promise, as Elias watched her go, the delicate mechanical bird",aa_cross
conv_570e2a67563b434582c0bfdc39f67b8c,"a small clockmaker named Emilia who lived in the bustling heart of Old Harroway, a city where time seemed to spill over into every cobbled alley and market filled with the gentle tick-tock of clockwork mechanisms and the sweet scent of polished wood, Emilia's tiny shop stood as a beacon of precision amidst the chaos, its windows fogged with the breath of countless ticking hours. Townsfolk often stopped to peer inside, drawn by the glimmer of brass gears and silver hands twirling in mesmerizing rhythms, as if the very heartbeat of Old Harroway pulsed within the shop's walls, and Emilia, with her wild curly hair tied back in a hastily knotted scarf, was its devoted conductor. She had a special gift—an intuitive sense for mending clocks that had stopped for reasons beyond broken springs and worn-out escapements, for Emilia understood that sometimes it was not the mechanics that had failed, but the time itself that had grown tangled, like a thread pulled loose from the tapestry of a day. She believed that memories, regrets, and wishes could knot the passage of hours just as surely as dust could clog a cog. When customers brought her their most precious and stubbornly silent timepieces, Emilia would listen with a sympathetic ear, not just to the tale of how the clock had fallen still, but to the story of the person who owned it. Sometimes, she would close her eyes and place her palm gently atop the casing, feeling for the faint hum of nostalgia or longing that clung to its face. Only when she had grasped the essence of the clock's history, and the emotions that had become entwined with its mechanism, would Emilia set to work, her slender fingers moving with tender certainty. She wielded her tools not just to repair, but to soothe, coaxing the hidden aches from within gears and springs. More often than not, as she turned the delicate balance of a clock's inner world, the memories and emotions that had silenced it would begin to unravel, like the gentle unwinding of a spool of thread, and the mechanism would stir back to life with a soft, hopeful tick. It was during these moments, when time began to flow again and the townsfolk sighed in quiet wonder, that Emilia felt most alive, her own heartbeat synchronized with the rhythmic pulse of the clock, as if she were not just a clockmaker, but a guardian of moments, a keeper of second chances. And so it was that Emilia’s reputation grew, for in every clock she mended, a little piece of sorrow was eased, a fragment of joy was rediscovered, and the people of Old Harroway began to bring her not just their timepieces, but their stories, their tears, and their hopes for time made right. Emilia, surrounded by the steady ticking of restored hours, knew she could never leave this city where time and memory intertwined—because in healing the clocks, she had found a way to heal the hearts of those around her, and in doing so, had discovered a sense of purpose and belonging that had become as essential to her as the very beat of each hand as it swept around the clockface. And so, as dusk painted golden lines across Old Harroway’s rooftops, Emilia's shop became a warm and welcoming beacon, its windows aglow with a soft, golden light that seemed to emanate from the very heart of the clocks themselves, as",aa_cross
conv_178fdc669d7648bdb7e69ddfdf0712c7,"Finley, a young clockmaker who lived in a bustling port city where time quite literally ran everything. The clocks towered over every street, ticking in unison to keep trade, commerce, and even the rhythm of daily life in perfect harmony. Finley's small workshop, nestled between a grand clock tower and a busy market street, was a testament to his dedication and artistry. Each morning, Finley would wind the intricate gears of his handmade pocket watches, listening to their soft whir and tick. Customers ranged from harried merchants in a rush to schedule shipments, to sailors eager to purchase reliable timekeepers for their voyages, and even the occasional curious traveler seeking a unique souvenir from the city of clocks. One chilly evening, as Finley prepared to close his shop, a mysterious stranger entered, cloaked and shadowed by the rain. The figure placed an old, peculiar watch on the counter, its case adorned with strange symbols and markings that seemed to shimmer in the fading light. The stranger's voice was low and gravelly, sending a shiver down Finley’s spine. “Can you mend this?” the stranger asked, pushing the watch forward. As Finley picked it up, the air in the room seemed to thicken, and the ticking of the clocks outside appeared to slow, as if the very fabric of time itself was holding its breath. Finley's fingers, accustomed to the delicate dance of gears and springs, trembled slightly as he examined the mysterious watch. Instead of the usual components, he found delicate, iridescent threads woven through the mechanism, pulsing with a soft, ethereal glow that seemed to emanate from within the watch itself. Finley's curiosity was piqued, and he leaned closer, almost hypnotized. As he tugged gently at one gleaming thread with his tweezers, the workshop suddenly dissolved around him in a cascade of color and sound, leaving Finley disoriented and stumbling through a dreamscape of twisting clockwork and shimmering mist. The stranger's low voice whispered in his ear, “Fix the heart, and time will flow.” Finley looked down at the watch, now cradled in his palm, its glowing threads thrumming urgently. As he focused on the threads, Finley felt an odd sensation, as if his own heartbeat was synchronizing with the watch's pulsing rhythm. The misty dreamscape began to swirl, forming gears and cogs that spiraled overhead, all turning in time with Finley's racing pulse. Guided by instinct, Finley delicately realigned the threads, and with a soft click, the watch's mechanism sprang to life, its gears whirring in harmony with the clocks outside, which now ticked with a vibrant, restored tempo. The dreamscape faded, and Finley found himself back in his workshop, the rain still tapping the window. The stranger stood before him, a hint of a smile on his face, and with a nod, he vanished into the rainy night, leaving Finley alone with the watch, now ticking in perfect harmony with his own heartbeat. From that day forward, the clocks in the city seemed brighter, more vibrant. Finley’s work thrived, but sometimes, when the wind carried the scent of rain, Finley would glance up at the clock towers, feeling an inexplicable connection to the mysterious stranger and the watch that had changed everything, its threads still",aa_cross
conv_9a9c64571a5545249de7c0a5f7dfacdc,"a young woman named Elara, who lived at the edge of a dense, misty forest in a quiet village. Every morning, she rose with the sun and watched the distant tree line transform into a vibrant tapestry of gold, crimson, and amber, as if the forest itself was set aflame by the rising sun. The mist that curled between the ancient trunks glimmered in the light, hinting at hidden secrets. Elara was drawn to the beauty of it all, but also to the strange legends that whispered through the village, of eerie sounds and flickering shadows that danced within the mist, and of an ancient magic that slumbered deep within the forest's heart. Her grandmother, the oldest villager, spoke of a time when the forest was alive with laughter and music, before the Great Silence fell. But Elara, had always been skeptical of these tales, believing them to be mere fantasy, until the day she stumbled upon an old, leather-bound book hidden away in her grandmother's attic, adorned with strange, swirling glyphs and pressed leaves that crumbled at her touch. The book seemed to hum in her hands, and as she opened it, moonlight pouring through the attic window illuminated the pages, revealing lines of text that shimmered like silver dust, and illustrations of creatures that seemed to leap from the pages, their eyes gleaming with a lifelike intensity that made her breath catch. One illustration, more vivid than the rest, showed a winding path disappearing into the heart of the forest, guided by a fox with fur as white as the mist that curled between the trees, and eyes that burned with a soft, ethereal light. The fox seemed to be gazing directly at Elara, urging her forward, drawing her deeper into the illustration—and perhaps into the secret world it depicted. Heart pounding, Elara traced her fingertip along the path in the book. As she did, the room around her began to blur and fade, the attic's dusty trunks and faded tapestries dissolving into the misty veil of the forest, and she found herself standing on a carpet of moss, deeper in the woods than she had ever ventured before. The air was thick with the scent of pine and earth, and before her, just as in the illustration, the winding path unwound, vanishing into the trees, with the white fox waiting for her, its eyes gleaming with an otherworldly intelligence, as if it had been expecting her all along. With cautious steps, Elara followed the fox, feeling the ancient magic of the forest stirring around her. Every footfall deepened her connection to the land, and the trees seemed to lean in, their branches tangling above her head, forming a canopy that filtered the sunlight and cast the forest floor in a gentle, emerald glow. The fox trotted ahead, occasionally glancing back to be sure she followed. As they reached a ring of ancient oaks, their twisted roots rising from the earth like withered fingers, the fox darted to the center of the ring and vanished into a soft, pulsing light that seemed to emanate from the trees . Elara hesitated only a moment before stepping into the glowing heart of the ring. Warmth flooded her veins and memories rushed in—stories from the book, and tales her grandmother had whispered, of a long-forgotten era when the forest was alive with music and laughter, all merged with her own memories, forming a rich tapestry",aa_cross
conv_0a3189321e4e43098c5ef999160bfdb6,"a small, clever fox named Tamsin who lived in the overgrown whispering woods at the edge of the old village. The other animals said the woods were haunted, but Tamsin knew better. She had a knack for uncovering the truth behind the mysterious tales. One crisp autumn evening, as the last light of the sun painted the trees in amber and crimson, Tamsin noticed a strange flickering deep within the thickest part of the woods. Curious, she crept closer, careful not to snap any twigs under her paws. The flickering light grew brighter, and as she drew nearer, she realized it was a tiny, glowing orb hovering just above the ground. It hummed softly, casting shifting shadows that danced along the mossy tree roots. Tamsin felt both wary and drawn in, her keen eyes narrowing as she sniffed the air. The scent was unlike anything she had encountered before—sweet, yet tinged with a hint of something ancient and forgotten. She took another cautious step forward, her tail twitching with anticipation. The orb pulsed as if sensing her presence, and suddenly, a whisper drifted through the air—a voice that seemed to come from everywhere and nowhere at once. ""Who dares to approach the Heart of the Woods?"" The voice was gentle but carried a weight of authority. Tamsin, undeterred by the mysterious presence, stood tall and answered, “It is I, Tamsin the fox. I seek only truth and a taste of what lies hidden behind the old stories.” The orb glowed more brightly, and the air around her seemed to vibrate with energy. ""Ah, Tamsin,"" the voice murmured. ""Many have come seeking knowledge, but few arrive with both caution and courage. If you wish to see beyond the stories, you must prove your heart. Step into the circle of light and speak the memory you guard most dearly. Tamsin took a deep breath, her gaze steady. She stepped into the circle of light, feeling the warmth of the orb envelop her. ""I remember the day my mother taught me how to listen to the wind,"" she said, her voice soft but unshaken. ""She told me every leaf carries a message, if you have ears to hear and patience to understand. That lesson has guided me through many a dark and uncertain path."" As she spoke, the orb shimmered, and the air around her seemed to soften. The voice echoed with approval, its tone gentler now. ""The truth you seek begins where listening ends."" Around Tamsin, shadows parted, revealing a hidden trail winding deeper into the heart of the woods. The orb floated ahead, guiding her way. With a determined heart, Tamsin followed, ready to uncover the secrets the woods had long protected. Each step felt lighter than the last as old fears faded. The trees leaned in, whispering their age-old secrets just for her. Tamsin’s journey was only beginning, and she knew that whatever lay ahead, she would face it with the wisdom of the wind and the courage of her heart. As the orb led her into the unknown, dawn broke above the trees, washing the woods in golden light. Tamsin smiled, ready to embrace whatever mysteries awaited her. The path ahead was clear, and the whispers of the woods were now her allies, guiding her toward new",aa_cross
conv_0ac572991bf944eca5bed3e16af30e88,"a small village nestled deep in the heart of an ancient forest. It was a quiet place, the kind where gossip traveled faster than the river that curved around its stone cottages. Most days passed without much happening, but every so often, a mysterious whisper or an odd event would stir the village from its calm routine. One such day arrived with the falling of the first autumn leaves, when young Mira discovered a peculiar scrap of parchment tucked beneath the roots of the old willow by the riverbank. The writing on it shimmered, swirling in colors Mira had never seen, forming words that seemed to dance on the page. Curious, she traced the letters with a finger, and as she did, the parchment glowed faintly. The words began to shift and rearrange, finally settling into a message Mira could understand: “Follow the lights at dusk, and secrets will find you.” Her heart thudded with excitement and a hint of fear. Mira glanced around to ensure no one was watching, then folded the parchment carefully and hid it in her pocket. That evening, as the sun slipped behind the dense canopy, Mira snuck out of her cottage and made her way to the willow tree. The air was crisp and alive with the scent of falling leaves. She stood by the river, watching the sky darken, and soon, the first of the mysterious lights appeared, hovering just above the water. They drifted in a slow, graceful dance, forming a glimmering path deeper along the riverbank. Mira hesitated only a moment before following them, her steps careful amidst the rustling leaves. The lights led her through a part of the forest she had never explored, where the trees seemed to lean in, whispering secrets of their ancient past. Soon, she reached a small clearing where the lights gathered in a spinning circle atop a mossy stone. As Mira approached, the lights suddenly darted upward, and the stone beneath them began to pulse with a soft, radiant glow. Mira felt a gentle pull, as if the stone itself was calling to her. She tentatively reached out, placing her palm on its cool, glowing surface. Instantly, the moss seemed to shimmer away, revealing intricate carvings: swirling patterns, and at their center, a keyhole. Mira’s breath caught in her throat. She stepped back, her mind racing with possibilities. What could this keyhole unlock? And who had left the mysterious parchment? Just then, a quiet rustling sounded behind her. Mira spun around to see a cloaked stranger step into the moonlight, holding a key that glittered like the stars above. The stranger’s eyes were kind, yet filled with a wisdom that seemed to span generations. “You’ve done well, Mira,” the figure said, voice gentle and melodic. They extended the starlit key. “You were always meant to find this place.” With a trembling hand, Mira took the key, her heart pounding with a mix of awe and trepidation. The key felt warm in her palm, as if it had been waiting for her. “What is this place?” she whispered. The stranger smiled. “A doorway, Mira—one that opens only for those brave enough to follow the secrets of the woods.” As the words echoed through the clearing, the stone beneath Mira’s feet began to glow more brightly. The carvings seemed to come alive, their lines shimmering with light.",aa_cross
conv_b1103c3eb863432c8384c8627a660ac3,"a girl named Mira, who lived on the edge of a forgotten forest. Mira was unlike the others in her small village—she had a way of hearing things, whispers in the twilight, ling through the branches and songs murmured by the river stones. Sometimes, when she wandered beneath the tangled canopy, the shadows seemed to listen, and when she spoke, the forest responded. It was as if the ancient trees held secrets and stories, and Mira was the only one who could understand them. One crisp autumn morning, Mira decided to explore the heart of the forest, where sunlight barely touched the mossy ground and the air was thick with mystery. She packed a small satchel with bread, an apple, and the copper bell had given her—a charm said to ward off spirits. As Mira stepped beneath the arching boughs, she rang the bell softly, its clear tone echoing between trunks. The path ahead was barely visible, overgrown with vines and wildflowers, but Mira followed it with a steady heart. The forest seemed to pulse around her, the leaves rustling as if they were speaking in a language only she could decipher. Suddenly, a fox with a coat the color of embers darted out from behind a log and paused, locking eyes with Mira. Its gaze was intense, as if it had a message to convey. Mira hesitated, then reached into her satchel and offered the fox a piece of bread. The fox approached cautiously, tail flicking, and accepted the offering with a gentle nip. For a moment, it stood very still, then turned and looked back at a flick of its tail for her to follow. Heart pounding with excitement, Mira stepped carefully behind the fox as it led her deeper into the forest, down twisting trails she’d never trees grew taller, their branches weaving into a green ceiling that dimmed the light further. At last, they entered a small glade where the air shimmered strangely. In the center stood an ancient, gnarled tree, its trunk wide and inviting. The fox circled the tree once, then vanished into the underbrush, leaving Mira alone. She approached the tree, feeling its bark—warm, almost humming beneath her fingers. As she pressed her palm flat against the trunk, a hidden door creaked open. Inside, a spiral staircase wound its way down into the earth. Mira hesitated for only a moment before stepping inside, the copper bell clinking softly against her hip. The staircase felt cool and smooth, carved from the roots themselves. With each step, the light grew warmer, and distant music reached her ears—a song she somehow knew by heart. At the bottom of the stairs, Mira found herself in a vast, underground cavern illuminated by bioluminescent fungi. The music grew clearer, and she saw a gathering of figures dancing",aa_cross
conv_fa0c65b91afc4c389eb874f7308d5faa,"a young girl named Elara who lived at the edge of an ancient forest. Every evening, she’d watch the silver mist rise from the trees and imagine what secrets might be hidden between Her grandmother often warned her not to venture too deep, for the woods were old and wild, inhabited by more than the ordinary creatures of claw and wing. But Elara’s curiosity always got the better of her. One misty evening, driven by a各式各样奇怪的字符 (strange mix of characters, but it should be ""strange sense of wonder, she slipped beyond the familiar path where wild violets brushed her ankles. The air was thick with enchantment, and the hush of the woods seemed Elara wandered further, she came upon a clearing she had never seen before. In its center stood a massive oak tree, its roots twisting into the earth like ancient serpents, and nestled hollow at the base of the tree was a small, glowing orb. The orb pulsed gently with blue light, illuminating nearby ferns. Elara hesitated, down to peer closer. A feathery voice, seeming to drift from the very heart of the orb, whispered her name, ""Elara..."" The syllables curled around her like a warm embrace. Heart pounding, Elara knelt to examine the orb more closely. As she reached out a trembling hand, the light intensified, and the air around her shimmered as though reality itself was bending. The whispering voice grew louder, urgent yet kind, swirling with unfamiliar words until suddenly Elara could understand: ""Guardian lost, seeker you carry the memory of the wildwood within you?” For a moment, Elara hesitated, but the longing in her chest outweighed her fear. With a nod, she touched the orb. The moment her fingers brushed its surface, a surge of energy coursed through her, filling her with a sense of ancient knowledge and purpose. The forest seemed to come alive around her. Leaves danced in an unseen breeze, and distant animal eyes glittered with newfound recognition. Elara stood, steady now, as the orb’s wisdom lingered in her heart. She knew that she had become the new Guardian of the wildwood. As she stepped back onto the familiar path home, the trees bowed gently, welcoming",aa_cross
conv_ff28321c0fb7441983508badf01ffec0,"a village on the edge of the Whispering Woods, a place where the mist never lifted and lanterns burned all through the day and night. In the farthest cottage, next to the gnarled old oak that guards the boundary of the village, lived a young girl named Elara. She was known for her curiosity and her boundless energy, always seeking out the strange and wonderful paths that others were too afraid to tread. While the elders whispered warnings about the woods—of voices echoing after sunset and silent shapes passing between the trees—Elara only felt a deep, unexplained pull towards them. She spent her days collecting tales and bits of folklore from the villagers, piecing together the fragments of mystery in her mind. One crisp evening, clutching an old lantern and a woven pouch filled with charms, Elara stood at the edge of the forest, determined at last to uncover the secrets of the Whispering Woods. The air was thick with the scent of damp earth and decaying leaves, and the lantern cast long, flickering shadows on the mossy ground. As Elara stepped between the twisted roots of the gnarled oak, the shadows seemed to stir and gather. Somewhere deeper in the woods, a distant howl echoed, sending a shiver down her spine. But she pressed on, her heart pounding with a mix of fear and excitement. The path before her was narrow, overgrown with tangled ivy and mushrooms glowing faintly blue. Branches brushed her shoulders, and somewhere overhead, unseen birds took flight. Elara’s lantern flickered more brightly as she pushed through the undergrowth, its light cutting through the dense mist. The deeper she ventured, the more the air seemed to hum with an ancient, mysterious energy. Suddenly, she spotted a faint glimmer in the distance—a silvery light weaving between the trees. Following it, Elara emerged into a small clearing, where stone ruins lay wrapped in thick ivy and vines. The glimmering light circled around the center of the clearing, where a stone pedestal stood, covered in intricate carvings and runes. As Elara stepped closer, the glimmer resolved into the shape of a small, luminous fox. Its eyes shone with ancient intelligence. The fox tilted its head, then gestured with its muzzle towards the pedestal. Elara approached cautiously, her heart racing with a mix of awe and trepidation. The runes on the pedestal seemed to glow faintly, as though awakened by her presence. The luminous fox let out a soft, musical whine and nudged a mossy stone at the pedestal’s base. Elara knelt to examine the stone. As her fingers brushed against the cool moss, the runes on the pedestal flared to life, casting a soft, pulsating light. The air around her shimmered, and Elara felt a deep warmth flooding her chest—a sense of belonging she’d never known. The luminous fox pressed against her, and a gentle, melodic voice whispered in her mind, ""You have been chosen, Elara. The Whispering Woods hold secrets that only you can unravel. Will you accept the calling and become the Keeper of the Woods?"" Elara looked at the fox, at the ancient ruins, and at the swirling mist that now felt like an embrace rather than a threat. She took a deep breath and nodded, a smile spreading across her face. ""I will,"" she said, her voice steady and clear. The fox let out",aa_cross
conv_80e76b8190a44320ad030386848d8583,"a small fox named Lila, who lived on the edge of a vast and ancient forest. Lila was not like the other foxes: her fur shimmered with a silvery sheen that seemed to glow faintly in the moonlight. She had a curious mind and a heart full of adventure, always eager to explore beyond the boundaries of her familiar grove. Each evening, when the shadows stretched long and the first stars blinked awake, Lila would steal out from her cozy den beneath the roots of an ancient oak. She would trot silently through the underbrush, her keen eyes scanning the forest floor for any sign of the mysterious creatures that whispered in the night breeze. One evening, as a gentle mist drifted between the trees, Lila heard a sound she’d never noticed before—a series of soft, lilting chimes, like glass struck by wind. Intrigued, she followed the delicate melody deeper into the forest, her paws padding softly on the mossy ground. The mist thickened around her, making the trees loom like shadows in a dream. Still, the chimes beckoned her on, leading her to a crescent-shaped clearing she’d never seen before. In the center, a small, shimmering pond rippled gently, its surface reflecting the moon like a mirror. Floating just above the water were several tiny, luminous orbs, their light casting a gentle glow over the grass and wildflowers around the pond. The orbs moved in rhythm with the chimes, weaving in and out of each other in a slow, graceful dance. Lila approached cautiously, her nose twitching at the sweet, heady scent of the night air. As she drew closer, one of the orbs drifted toward her, hovering just above her nose. It sparkled with colors she’d never seen—blues as deep as the midnight sky, and greens as vibrant as the freshest leaves. The orb seemed to study her with a curious intelligence before it gently touched her forehead. In that moment, Lila felt a surge of warmth spread through her—a tingling that filled her with courage and wonder. All at once, she understood the song of the chimes and the language of the forest. The orbs were spirits of the ancient trees, guardians of the forest’s deepest secrets. They had chosen her, Lila the silver fox, to be their ally and protector. A sense of purpose bloomed within her, as if roots had grown in her heart, anchoring her to this place. The orbs drifted closer, spinning in a joyful dance around her. Lila knew that from this night on, her life would be forever changed. She was no longer just a curious fox; she was a guardian of the ancient woods, entrusted with the magic and mysteries of the forest. As dawn’s first light painted the treetops gold, Lila gazed at the shimmering pond one last time before turning back toward her den. The forest seemed to whisper its approval as she walked, the spirits of the trees watching over her. Lila’s journey had only just begun, but she moved forward with courage, her silvery fur aglow with newfound purpose. Each night, she would listen to the chimes and protect the secrets she’d discovered. The forest, once a mere home, had become a realm of endless adventure and responsibility. And Lila, the small fox with the shimmering fur, stood",aa_cross
conv_9bf252460d2c4d33b9825102bb13f941,"a little brass key that had been lost for years at the bottom of an old gardener’s tool chest. The key was slender, with a looping bow and a pattern of tiny stars etched into its surface. Its discovery was a surprise to Emma, who had stumbled upon it while helping her grandmother clean out the attic. The old woman's eyes had sparkled with recognition, though a wistful sadness crept into her smile. She lifted the key into a shaft of afternoon sunlight, turning it gently in her wrinkled hands. ""It belonged to your great-grandfather,"" she murmured, her voice carrying a hint of a distant era. ""He kept it as carefully as if it were a treasure, though he never told anyone what it unlocked."" Emma leaned in, curiosity flaring within her. ""Do you know what it opens, Grandma?"" The old woman shook her head slowly, then looked at Emma with a glint of mischief. ""Why don't you find out? Maybe it's a secret meant for you to uncover."" Emma’s heart raced as she slipped the cool brass key into her pocket. She spent the rest of the afternoon searching the attic, trailing her fingers along dusty trunks and ancient wardrobes, hoping to discover the lock that matched the peculiar key. Each click and turn of locks brought a mix of excitement and disappointment, but Emma was determined. As the sun began to set, she noticed a narrow gap behind an old tapestry in the far corner of the attic. Pulling it aside, she revealed a small, intricately carved wooden box wedged into the wall. The box was covered in layers of dust and cobwebs, but its design was unmistakable—loops and swirls that mirrored the pattern on the key. Emma’s hands trembled as she brushed the dust away, revealing the tiny star-shaped etchings that gleamed in the fading light. Carefully, she inserted the key into the lock, and with a soft click, the box opened. Inside, nestled on a bed of faded velvet, was an ancient, leather-bound journal. Emma’s heart thumped as she lifted the journal gingerly, its pages edged with gold, the cover embossed with the same looping stars. On the first page, in her great-grandfather’s elegant script, were the words, ""To my future heir, may this journal guide you through the mysteries of our past."" Emma’s fingers traced the faded script, a sense of connection and purpose filling her as she began to turn the fragile pages. Each entry revealed family secrets, old adventures, and hidden places—maps to gardens long lost and clues to treasures still concealed. As Emma read on, the attic around her seemed to fade, and she was transported to another time, walking the same paths her great-grandfather had once tread. The journal was more than just a collection of memories; it was a guidebook for discovery, a legacy hidden in plain sight. Emma knew, as dusk deepened and the last light flickered across the pages, that her journey was just beginning. With the journal clutched tightly in her hands, she made a silent promise to uncover every secret it held, to walk the paths of her ancestors and write the next chapter of their story. Closing the box gently, Emma smiled, knowing that the brass key—which had once seemed small and forgotten—had opened not just a box, but a world of infinite possibilities. She stood, ready to explore the mysteries that lay ahead, her heart filled with the thrill of the unknown and the warmth of",aa_cross
conv_a2884b1c2b4643ff81fc3e5b2e2a60dd,"a young girl named Ava, who lived in a small village nestled between two great mountains. The villagers believed that the mountains held secrets and magic, and that on certain nights, when the moon hung full and silver between the twin peaks, those secrets would whisper down into the valley below. Ava had always been curious about these whispers. She would often sneak out of her small cottage and into the village square, where the elderly women would gather to listen to the whispers, their faces upturned and their eyes closed But whenever Ava approached, the women would fall silent and shoo her away, saying she was too young to understand the mountain's words. ""The whispers are for those who have lived a lifetime,"" they would say, their voices firm but their eyes filled with a deep longing that Ava couldn't quite grasp. One night, however, as she watched from behind the stone fountain, Ava noticed something strange. The eldest woman, Miriam, opened her eyes mid-whisper and looked directly at her hiding spot. For a moment, their gazes locked, and Ava felt as though Miriam could see right through the shadows that concealed her. Then, to her surprise, Miriam beckoned her forward with a gnarled finger, her weathered face softening into something almost like a smile. The other women gasped and murmured their disapproval, but Miriam's eyes sparkled with a hint of mischief, and she held up a hand to silence them, as if to say that she had made up her mind. ""This child has more persistence than all of you combined,"" Miriam said, her voice crackling like dry leaves. ""Perhaps the mountains have been calling to her, not to us The other women looked at each other uncertainly, seeming to weigh Miriam's words, and after a moment of hesitation, they nodded in reluctant agreement, parting to let Ava through. Ava's heart hammered as she stepped into the circle, her bare feet cold against the cobblestones. Miriam reached out and took her small hand in hers, her grip warm and surprisingly strong. The elderly woman closed her eyes, tilted her head back, and began to hum a low, thrumming note that vibrated through Ava's entire body. The air around them seemed to shimmer, and suddenly Ava could hear them—not whispers at all, but songs. Clear, beautiful melodies that poured down from the mountains like a cascade of silver water, each one unique and yet blending in perfect harmony with the others. Ava felt her heart swelling with emotion as she realized the songs were memories—countless lifetimes of joy and sorrow, love and loss, woven together in a tapestry of sound. Tears streamed down her face as she listened, the memories becoming her own, and she felt the weight of centuries of experience settle upon her, yet somehow she was not crushed, for Miriam's hand still held hers firmly, anchoring her to the present moment. Then, as suddenly as they had come, the songs began to fade, retreating back up into the mountains like a tide of sound, leaving Ava feeling spent but also strangely renewed, as if the memories had awakened a deep well of wisdom within her. Miriam's eyes opened, and she smiled at Ava with a knowing tenderness. ""Now you understand, child,"" she whispered. ""The mountains don't guard their secrets from the young—they wait for those brave",aa_cross
conv_b505123883ea44d4876074bd58653b6e,"a young girl named Sophia who lived in a small, seaside village surrounded by mysterious cliffs and hidden caves. She had always been fascinated by the stories of the old sailors who would gather at the weathered tavern near the docks, their voices growing thick with rum and wonder as twilight descended. They spoke of lights dancing beneath the waves, of mermaids singing sirens' songs that could lure even the most seasoned sailor to his doom, and of sunken treasures hidden beneath the coral reefs, guarded by ancient sea creatures with eyes that glowed like lanterns in the deep. Sophia would press her face against the salt-stained window, drinking in every word, her heart racing with equal parts fear and excitement, as the sailors' tales wove a spell of enchantment around her. She longed to experience the magic of the ocean for herself, to feel the spray of sea foam on her cheeks and discover what secrets lay beyond the crashing waves. One morning, while exploring the tide pools near the base of the cliffs, Sophia stumbled upon a hidden entrance, a narrow crevice in the rock face that seemed to swallow the sunlight and spit out shadows. The air emanating from the entrance was cool and damp, carrying with it a faint melodic hum that reminded her of the sailors' descriptions of mermaid songs. Her pulse quickened as she stepped into the darkness of the crevice, her feet slipping on the slick stone as she made her way deeper into the passage. The humming grew louder, and she could feel the vibrations resonating through the cave walls, as if the stone itself was alive with ancient music. Her eyes slowly adjusted to the dimness, and she noticed a faint luminescence emanating from the walls, a soft blue-green glow that seemed to pulse in time with the humming. The light illuminated a vast underwater chamber, filled with crystalline formations that jutted from the cave floor like frozen fountains, and there, in the center of a natural pool, floated something that made Sophia's breath catch in her throat: a delicate, translucent figure, its body a mesh of shimmering silver and pale blue, with long hair that flowed like the seaweed in the currents. The figure turned slowly, and Sophia found herself staring into eyes that held the depths of the entire ocean—wise, sad, and impossibly ancient. The mermaid's gaze locked onto Sophia's, and for a moment, they simply regarded each other, the only sound the gentle lapping of the water against the crystal formations. Then, in a voice like wind chimes touched by the breeze, the mermaid spoke: ""You are the first child in three generations to find this place. Come closer, little one,"" the mermaid's voice whispered, ""and I will share with you the secrets of the deep, and the reason why your heart has been drawn to these waters since before you could walk."" Sophia moved forward on trembling legs, kneeling at the pool's edge as the mermaid extended a hand, her fingers trailing across the surface of the water, leaving behind a shimmering trail of glittering scales that seemed to dissolve into the pool's depths. As Sophia took the offered hand, a warmth spread through her body, and suddenly she could see—not with her eyes, but with her heart—generations of her ancestors, sailors",aa_cross
conv_5930186763964b21a8ee6b2029332369,"a small, seaside town, where the air was sweet with the scent of saltwater and the sound of gulls filled the air. It was a place where everyone knew everyone knew each other's names, and most knew each other's secrets too. Margaret had returned after fifteen years away, her suitcase wheels clicking against the pavement as she made her way down the familiar main street, the old-fashioned street lamps casting long shadows in the fading light of day. The smell of fried fish and chips wafted from Murphy's shop on the corner, and Margaret's stomach twisted—not from hunger, but from memory. She'd worked there one summer, the summer before she left, and the memories of that time still lingered, bittersweet and complicated. The owner, old Mr. Murphy, had been like a father to her, but it was his son, Daniel, who had given her a reason to leave. Standing outside the shop now, she could see through the salt-stained window that someone was working the counter, but it wasn't Daniel. A young girl with a bright smile and a messy bun was expertly wrapping a customer's order, and Margaret felt a pang of curiosity mix with relief. She pushed open the door, the bell jingling overhead with that same bright chime from years ago. The girl looked up, her smile widening automatically before a flicker of uncertainty crossed her face, as if she was trying to place Margaret. The customer, a gruff-looking fisherman, took his wrapped package and left, leaving the two women alone in the shop. The smell of hot oil and vinegar was overwhelming now, pulling Margaret deeper into the past. ""Can I help you?"" the girl asked, her voice polite but cautious, and Margaret hesitated, unsure of how to respond. She hadn't planned on coming in, hadn't planned on confronting any of this so soon. ""I... used to work here,"" Margaret finally said, her voice softer than she intended. ""A long time ago."" The girl's eyes narrowed slightly, as if trying to connect the dots, and then her face cleared. ""You must be Maggie,"" she said, a note of recognition lighting her features. ""Dad mentioned you might come back someday."" Margaret's breath caught. Dad. This girl was Daniel's daughter, which meant somewhere in those recesses of memory and time, Daniel was still here, still a part of this town, and Margaret felt the past rushing up to meet her like a wave crashing against the shore. ""He's out back,"" the girl continued, wiping her hands on her apron. ""I can get him if you'd like."" Before Margaret could answer, a figure emerged from the doorway at the back of the shop, a look of concentration on his face that gave way to surprise, and then a deep, abiding sadness, when his eyes met hers. Daniel had aged, lines etched around his eyes and silver threading through his dark hair, but he was unmistakably himself. They stood frozen, the only sound the quiet hum of the refrigerators and the distant call of gulls, as the years between them seemed to dissolve, leaving only the ache of what had been left unsaid. Margaret's carefully rehearsed words evaporated, and all she could manage was his name—""Daniel""—spoken like a question and",aa_cross
conv_bdeda53e95f04cf1b3e5c13f96aa99ff,"a young girl named Sophia, who lived in a small village surrounded by dense woods and rolling hills. She had always been fascinated by the stories her grandmother used to tell her, of magical creatures that dwelled deep within the forest, where sunlight barely touched the moss-covered ground. Her grandmother spoke of silver foxes that could grant wishes, trees that whispered ancient secrets to those who listened closely, and a hidden river that flowed with waters of pure crystal, said to possess the power to heal even the most grievous wounds. But the story that captured Sophia's imagination most was the tale of the Moonstone Gate—a shimmering archway that appeared only when both moons aligned in the night sky, and was said to lead to a realm of enchantment, where the very air was sweet with the scent of blossoming flowers and the sound of soft music lingered on every breeze. Her grandmother had warned her, though, that the gate demanded a price from those who passed through: a memory, freely given, of the most precious and joyous moment of their life, a memory that would be lost to them forever, leaving only a faint, longing echo in its place. Despite the warning, Sophia felt an irresistible pull toward the forest as she grew older. On the evening of her thirteenth birthday, she noticed something extraordinary—both moons hung perfectly aligned in the darkening sky, casting an ethereal glow over the treetops, and as she gazed out at the spectacle, a shimmering light began to coalesce between two ancient oak trees at the forest's edge, pulsing gently like a heartbeat. Sophia's breath caught in her throat. The Moonstone Gate was real. With a sense of wonder and trepidation, Sophia stepped forward, her feet seeming to move of their own accord, as if drawn by an unseen force. The shimmering archway grew brighter as she approached, its surface rippling like water disturbed by rain. She could see shapes moving within—shadows and light dancing together in a mesmerizing ballet, as if the very essence of the forest was being distilled into this singular, captivating moment. The air around her vibrated with an energy that made her skin tingle and her heart race. Sophia paused at the threshold, her hand outstretched toward the rippling surface. In that instant, she understood that there was no turning back, that the choice to step through the Moonstone Gate would forever alter the course of her life, and yet, with a sense of surrender, she let her fingers brush against the shimmering veil. It felt warm, alive, welcoming. Images flashed through her mind—her grandmother's embrace, her father's laughter, the smell of freshly baked bread wafting from the village oven, and the sound of her own childhood laughter, echoing through the years. As the memories swirled, one moment crystallized above all others: a spring morning when her grandmother had woven flowers into her hair while teaching her an old lullaby, both of them laughing together under the warm sun, the scent of blooming wildflowers filling the air, and the gentle melody of the lullaby still echoing in Sophia's mind. This was the memory the gate would take—the most precious moment of her young life. Sophia felt it lifting from her heart like a butterfly taking flight, leaving behind only a whisper",aa_cross
conv_eee2c108934a448ab74cfc6912355a25,"a small, mysterious village nestled deep within a valley, surrounded by towering mountains that seemed to touch the sky. The village was called Ravenswood, and it was a place where the sun rarely penetrated the perpetual mist that clung to the cobblestone streets like a living thing. The villagers went about their routines with quiet diligence, their faces often obscured by the hoods of their worn, earth-toned cloaks, which billowed behind them like dark clouds as they moved with a practiced grace through the narrow alleyways. They spoke in hushed whispers, as if the mountains themselves were listening, and strangers were rare enough to warrant a mixture of curiosity and suspicion, their arrivals often marked by a faint rustling of curtains and a flicker of candlelight in the windows of the village's tightly packed stone cottages. It was on such an evening, when the mist had thickened to an almost impenetrable fog, that a lone traveler stumbled through the iron gate that marked the village's sole entrance, the creaking of the gate's hinges echoing through the stillness like a mournful sigh. The traveler, a young woman with mud-caked boots and a leather satchel slung across her shoulder, paused to catch her breath, her eyes scanning the shadowed facades before her. She had been traveling for days, perhaps even weeks, her sense of time distorted by the endless miles of wilderness and the nagging feeling that she was being drawn to Ravenswood by some unseen force. The village seemed to materialize from her dreams—the same crooked chimney pots, the same weathered fountain in the square with its silent, dry basin. As she took her first steps into the village, the mist swirled around her ankles, as if hesitant to relinquish its claim on her, and the silence was oppressive, punctuated only by the distant toll of a bell from somewhere deep within Ravenswood's heart. She counted seven chimes before it ceased, and with the final echo, doors began to open, one by one, like the petals of some dark flower, and faces peered out, their features indistinct in the faint, flickering light that spilled from doorways and windows. The young woman felt the weight of their collective gaze, measuring her, judging her worthiness to walk among them. An elderly man with eyes that seemed to hold a deep wisdom and a face etched by the trials of countless winters, stepped forward from the doorway of the largest cottage, his movements slow and deliberate, as though each step required careful consideration. He raised a gnarled hand, and the watchers retreated into their homes like shadows at dawn, leaving only the woman and the old man standing in the square, the mist swirling around them like a living entity, as he spoke in a voice that was barely above a whisper, yet carried on the air with unnatural clarity: ""You've come at last. We've been waiting."" His words settled over her like a shroud, and she felt a chill that had nothing to do with the dampness of the mist, but rather with the unspoken understanding that seemed to pass between them, a sense of foreboding and inevitability that made her hand instinctively reach for the satchel at her hip. Inside lay the object she'd discovered in her grandmother's attic—a",aa_cross
conv_50c637b27c884729805590022a0ead05,"a young woman named Ava, who lived in a small village nestled in the heart of a dense and mysterious forest. The villagers believed that the forest was inhabited by magical creatures and ancient spirits who protected the land from those with ill intentions. Ava had always been curious about these tales, though she'd never ventured far beyond the village boundaries. Her grandmother had been the village elder, a wise and respected woman who possessed a deep understanding of the forest and its secrets. She had shared many stories with Ava, telling her of the ancient rituals and forbidden paths that wound through the oldest parts of the woods. But there was one story her grandmother had never finished—the tale of the Moonstone Spring, a hidden pool said to grant visions of the past and present to those who drank from its waters under the light of a full moon. Ava's grandmother had spoken of the spring in hushed tones, as though even mentioning it might draw unwanted attention. She had warned that the visions came with a price—truth could be a burden heavier than ignorance. Yet Ava's curiosity had only grown stronger, and she found herself often wondering about the secrets the Moonstone Spring might hold. As the next full moon approached, Ava felt an inexplicable pull toward the forest, as if something within those shadowed depths was calling to her. On the eve of the full moon, she discovered her grandmother's old journal hidden away in a chest at the foot of her bed, its worn leather cover embossed with symbols that seemed to shimmer in the fading light. The pages, yellowed with age, revealed a hand-drawn map marking a winding trail through the forest. Her grandmother's elegant script noted landmarks—a lightning-split oak, a circle of white stones, a grove where the trees seemed to lean in, as if sharing a secret. The map ended at a small, delicate drawing of a spring, surrounded by intricate patterns that seemed to dance across the page. Ava traced her finger over the inked lines, feeling the slight indentations where her grandmother's pen had pressed deeply into the paper. At the bottom of the page, a single sentence was written in a script so fine it seemed to whisper: ""Follow the stream that sings, and the moon will guide you to the water's edge."" The words sent a shiver down Ava's spine. She had heard a stream in the forest before, during her childhood explorations near the village edge—a trickling sound that seemed to carry a gentle melody, like the softest of lullabies. The memory of it was so vivid that Ava felt an overwhelming urge to rise from her bed, to venture into the darkness immediately. But she steadied herself, knowing she would need supplies for the journey. She packed a small canvas bag with bread, dried fruit, a waterskin, and a few other provisions, her hands moving with a quiet purpose as she prepared for the unknown. The moon was already high in the sky, casting a silver glow through her window, illuminating the path ahead. Ava slipped out of her cottage, the cool night air wrapping around her like a whisper. The village was bathed in a soft, lunar light, the thatched roofs of the cottages seeming to glow from within. Ava moved swiftly, her feet carrying her toward the forest's edge where civilization gave way to wilderness. The trees rose before her like ancient sentinels, their branches creating intricate patterns against the luminous sky. She paused",aa_cross
conv_03e7d9284cf44e8fb61638e54df896e5,"a young girl named Aria, who lived in a small village nestled in the heart of a dense and enchanted forest. The villagers believed that the forest was inhabited by magical creatures and ancient spirits who watched over their community with benevolent eyes. Aria had always been fascinated by the whispered tales of glowing deer that left trails of starlight and trees that whispered secrets to those who listened closely. She spent most of her days exploring the forest's edges, feeling an inexplicable pull to the mysteries that lay within. One autumn morning, Aria ventured deeper than ever before. The familiar birch trees gave way to ancient oaks whose gnarled roots twisted across the forest floor like withered fingers, as if grasping for something hidden beneath the rustling leaves. The air was filled with the sweet scent of decaying wood and the soft filtering of sunlight through the canopy above, casting dancing shadows that seemed almost alive. As Aria pushed through a curtain of hanging moss, she stumbled upon a clearing she had never seen before. In its center stood an enormous tree, its trunk a radiant silver and its branches reaching towards the sky like a shimmering fountain of light. The tree seemed to be humming a gentle melody, and Aria felt the vibration resonating deep within her chest, as though the tree were calling directly to her heart. She approached slowly, her fingers trembling as they reached out to touch the trunk, which felt surprisingly warm to the touch, like the gentle heat of a summer breeze. As her skin made contact with the tree, the humming grew louder, and visions flooded her mind—images of her village long ago, of a covenant made between her ancestors and the forest spirits. She saw a young woman who looked remarkably like herself, standing in this very clearing, surrounded by a gathering of beings with leaves for hair and skin that shimmered like the moon. The woman was speaking words Aria couldn't quite hear, but she understood their meaning: a promise to protect the balance between the human world and the enchanted forest. As the vision faded, Aria felt a surge of energy and a sense of responsibility wash over her, as if the weight of that ancient promise had been passed down through the generations and now rested squarely upon her shoulders. The tree's humming softened to a whisper, and from within its trunk, a small hollow opened, revealing a pendant made of a delicate, filigreed silver, suspended from a chain that seemed woven from the very same starlight she had heard tales of. The pendant pulsed with a soft, rhythmic glow that matched the beating of her own heart. As Aria lifted it from the hollow, the tree's branches swayed gently despite the stillness of the air, and the leaves rustled in a soft, approving whisper. Aria felt the pendant settle around her neck, its glow spreading through her like warmth through water, illuminating something that had always been within her but never awakened until now. The forest spirits emerged from the shadows—those luminous beings with leaves for hair and moonlit skin—surrounding Aria with an ethereal glow, their eyes shining with a deep, ancient wisdom as they welcomed her as the new guardian of the covenant. One spirit stepped forward, its voice like wind through branches, and spoke: ""The balance has been threatened, young keeper. A darkness grows at",aa_cross
conv_87816233df544a0b937267963defe581,"a young girl named Sophia, who lived in a small, seaside village surrounded by rugged cliffs and hidden coves. The villagers knew Sophia as a curious and adventurous child, with a wild mane of curly auburn hair that seemed to catch the sun each time she darted past the docks or scrambled along the tide pools. Every morning before sunrise, Sophia would sneak out with a crust of stale bread and a small bucket, to feed the seagulls that had grown accustomed to her early visits. The birds would gather around her, their raucous calls blending with the rhythmic crash of waves against the rocks. Sophia would laugh as they fluttered down, nibbling crumbs from her palm, drawing patterns in the sand with her toe, and watching as the tide erased her creations, only to begin anew. It was on one of these mornings, as the first light of dawn crept over the horizon, that Sophia noticed something glinting amid the seaweed caught in a narrow crevice between the rocks. At first, she thought it was just another broken shell, but as she drew closer, she saw that the glint came from a small, delicate key, partially buried in the sand and seaweed. The key was old and rusted, with an intricate pattern etched along its bow—a spiraling motif that reminded her of the swirling eddies in the tide pools. Sophia plucked it from the sand, brushing away bits of damp green seaweed that clung to it, and turned the key over in her hand, studying it with growing fascination. As she did, she felt an inexplicable shiver run down her spine, as if some distant bell had just been rung deep beneath the waves. A strange hush fell over the cove; even the seagulls seemed to have ceased their squabbling, watching Sophia with an unblinking intensity as she stood there, the key clutched in her small fist. The silence was oppressive, punctuated only by the soft susurration of the waves. Suddenly, from beneath the nearby cliffs, a faint melody began to rise—a series of haunting, lilting notes that seemed to dance on the sea air, weaving in and out of the rhythm of the waves. The music was eerie and beautiful, and Sophia felt herself being drawn towards it, as if the key itself had become warm in her palm, tugging gently in the direction of the melody. Heart pounding with both excitement and apprehension, she stepped carefully across the slick rocks, the key clutched tightly in her hand, and made her way towards the source of the music, which seemed to be emanating from a small, hidden cave half-shrouded by hanging ivy and shadow. The air inside was cool and smelled of salt and ancient secrets. As Sophia entered, the melody grew clearer, echoing softly off the damp stone walls, and she saw that the cave was filled with a soft, ethereal glow, as if the very rocks themselves were radiating a gentle light. In the heart of the cave was an old, barnacle-encrusted chest, carved with motifs that matched the spirals on Sophia’s newfound key. The melody swelled to a crescendo as Sophia approached the chest, and with a sense of wonder and trepidation, she inserted the key into a small, rusty lock and turned it, hearing an ancient click echo through the cave. The lid creaked open, revealing not gold nor jewels, but a map drawn on shimmering, waterproof cloth and a glass",aa_cross
conv_a4ed21f7ca104807b9a9d0ad3306b343,"a young girl named Aria, who lived in a small village surrounded by vast, rolling hills and dense forests. The villagers believed that the forests were inhabited by magical creatures, and Aria was always fascinated by the stories she heard at night, sitting by the hearth in her grandmother's cottage. Her favorite tale was about the Silver Fox, a mystical guardian that watched over the village and its people, protecting them from harm and misfortune. According to legend, the Silver Fox would appear only to those who possessed a pure heart and a curious spirit, and could guide them to hidden wonders deep within the forest—places where the trees glowed with golden light and ancient secrets whispered on the wind. Aria often dreamed of meeting the Silver Fox, and one night, she decided to take a chance and sneak out of the village to explore the forest, hoping to catch a glimpse of the elusive guardian. The moon hung high and bright, its silver beams spilling over the narrow path as Aria crept quietly past the sleeping cottages. She clutched her wooden lantern, careful not to make a sound as she walked, the soft crunch of gravel and leaves beneath her feet the only signs of her presence. The trees seemed to loom over her, their branches twisting together to form archways that filtered the moonlight into delicate patterns on the forest floor. Aria’s heart beat fast with excitement and a tinge of fear. Every snap of a twig or hoot of a distant owl made her jump, but she pressed on, her determination to find the Silver Fox driving her deeper into the forest. The trees grew taller and the air shimmered with a strange, gentle glow. Suddenly, Aria saw a flicker of silvery fur darting between the trunks ahead. She froze, holding her breath as the silver fur reappeared, this time closer, and Aria saw the unmistakable shape of a fox, its coat shining like moonlight, its eyes gleaming with a wisdom both wild and kind. The fox regarded her for a moment, then tilted its head, as if inviting her forward. Drawn by awe and hope, Aria reached out a trembling hand, and to her wonder, the Silver Fox nuzzled her palm, its fur soft as a summer breeze. Aria felt a surge of peace and an unspoken understanding flowed between them, as if all her dreams and questions had found their answers in a single heartbeat. The Silver Fox turned and began to walk deeper into a grove of ancient trees, their trunks adorned with moss and glittering crystals, and Aria followed, feeling the forest floor beneath her feet grow softer and the air thicken with an enchantment she could almost taste. The Silver Fox glanced back with a knowing look, then paused before a fallen log blooming with glowing blue mushrooms. As Aria knelt beside the log, the Silver Fox touched its nose to her forehead, and a flood of visions and secrets poured into her mind, revealing the hidden language of the forest, the songs of the birds and the murmur of the streams—secrets long held by the woods. Aria understood now that she was chosen not just to witness their magic, but to become a part of it, a guardian and a keeper of the forest's ancient wisdom. As the visions faded, Aria stood up, feeling the weight of her new role, but also a warmth that came from belonging. The Silver Fox circled her once, then vanished into the shimmering grove, leaving Aria at the heart of the enchanted wood—a young girl",aa_cross
conv_6555ccef181c4b31b37d68cee3d3698b,"a young girl named Sophia who lived in a small village surrounded by vast, rolling hills and dense forests. She had always been fascinated by the stories her grandmother used to tell her about the whispering woods—the mysterious forest said to hold ancient secrets and magical creatures that only revealed themselves to those with pure hearts. Each evening, after her chores were finished, Sophia would sit by the window of her small cottage, gazing out at the whispering woods as the sun dipped below the horizon, casting a warm orange glow over the treetops. The soft shadows lengthened, and the woods seemed to come alive, leaves rustling as if sharing secrets with the wind. Sophia’s imagination soared. She wondered what might be hiding behind the veil of foliage, what enchanted beings might be watching her from the darkness, and what ancient wisdom the trees might whisper to her if she dared to listen. The air was filled with the scent of moss and wildflowers drifting through the open window, mingling with the faintest echo of distant bird songs. Sophia’s heart ached with curiosity—a longing almost too big to contain, as if the very woods themselves were beckoning her to step across the threshold of her mundane life and into the mystical realm that lay just beyond. And so, with a remarkable sense of courage, Sophia decided that tomorrow, at first light, she would venture into the whispering woods. That night, she could barely sleep, her dreams full of shimmering moonlit paths, towering trees with branches that seemed to reach out like nature's own cathedral, and the soft, ethereal glow of fireflies dancing around her as she walked deeper into the heart of the woods. When dawn finally touched the sky with rosy fingers, Sophia hurried from bed, her heart pounding with anticipation. She packed some bread, cheese, and a flask of fresh water into a small basket, slung it over her arm, and stepped out into the crisp morning air, feeling the dew-kissed grass cool against her bare feet. The village was still asleep as she crossed the meadow, moving toward the edge of the whispering woods. With each step, the morning sunlight flickered through the leaves, casting dappled shadows on the ground, and the soft rustle of small creatures through the underbrush accompanied her like a gentle melody. As she reached the edge of the forest, Sophia paused, took a steadying breath, and stepped beneath the ancient boughs. Instantly, the air felt thicker—warmer, with a sweet, earthy scent that seemed to envelop her like a soft blanket, and the silence was almost palpable, as if the woods were holding their breath in anticipation of her journey. Sophia moved forward, the light filtering overhead in shifting patterns. A little way in, a blue butterfly darted past, circling her before vanishing behind a fern. The delicate beauty of the butterfly left Sophia mesmerized, and as she stood there, a soft, melodious voice whispered her name, ""Sophia,"" the sound weaving itself into the breeze and rustling branches. Startled, she turned, but saw only the vibrant greens and shadows of the forest. The voice—warm and gentle, like a summer breeze—seemed to come from all around her, and yet, from nowhere at the same time. It whispered her name again, this time more clear, and Sophia felt a comforting presence beside her, unseen but kind. She followed the sound, deeper into the woods, where sunlight spotlighted a small clearing. In its center",aa_cross
conv_0ac4c30d744042fea1e4c338507d1c33,"a young woman named Sophia, who lived in a small, seaside town surrounded by rugged cliffs and hidden coves. She had always been drawn to the ocean, spending most of her days wandering the windswept shorelines, her bare feet sinking into the cool, wet sand. The salt air tangled her hair and stung pleasantly at her cheeks as she searched for treasures that the tide had washed up: shells, sea glass, and driftwood, each one telling a story of the vast and mysterious world that lay beyond the horizon. On one particularly misty morning, Sophia stumbled upon something entirely unexpected—a small, weathered box nestled between two rocks, its brass clasp greened with age and its wood worn to a soft, silvery gray that seemed to glow in the diffuse light. The box itself was small enough to fit in the palm of her hand, and as she picked it up, she felt a strange thrum beneath her fingers—almost as if the box itself were alive. Heart pounding with excitement and a touch of fear, Sophia glanced over her shoulder, half-expecting to see someone watching her from the mist-shrouded dunes, but she was alone. The only sound was the gentle lapping of the waves against the rocks and the distant cry of gulls. Turning the box over in her hands, she noticed an inscription etched along its bottom—delicate, looping script she couldn't quite make out, the letters seeming to dance across the surface of the wood in a language she didn't recognize. Yet, as she held the box up to the faint light, the script began to shimmer and rearrange itself, forming words in English right before her eyes: ""Return to the heart of the sea."" Sophia’s breath caught. She glanced at the ocean, a shiver running down her spine as the waves seemed to grow more insistent, their rhythmic pulse echoing the sudden pounding of her heart. The message on the box had been meant for her—or so it seemed. Unable to resist, Sophia slowly pried open the clasp. Inside, nestled in folds of faded blue velvet, was a small, delicate key, its surface etched with intricate patterns that seemed to mirror the swirling currents of the ocean. As she lifted the key out of the box, the pearl flickered and pulsed, casting strange shadows across her palm. The key felt unexpectedly warm, as if it had been waiting for her all along. In the distance, a low, melancholy whistle seemed to rise from the depths of the sea itself, a haunting sound that resonated deep within Sophia's chest. The whistle grew louder, and Sophia realized it was calling her—calling her to something hidden beneath the waves. With the key in her hand and the mysterious box tucked safely in her pocket, she took a trembling breath and stepped forward, the water swirling around her ankles as she waded into the sea. The whistle grew louder still, guiding her deeper, until the waves closed over her head and the world dissolved into shimmering blue. But she didn't panic—the sense of purpose was too strong, and the key in her hand grew brighter, illuminating a path through the dark water. As Sophia swam downward, the pressure building in her ears, she began to make out a faint, ethereal glow on the seafloor below. The light coalesced into the shape of an ancient, barnacle-encrusted door set deep within the cliffs beneath the waves—a door with a keyhole matching the delicate key she clutched.",aa_cross
conv_24476b5202864b1ab56881db9d44f19e,"a young woman named Aria, who lived in a small village nestled between two great mountains. The villagers believed that the mountains held ancient secrets and mysterious powers, and they whispered about how the winds that howled through the narrow pass at night were not just winds, but the voices of spirits. Aria had always wondered what those spirits might say, if only one could understand their language, and she often found herself standing at the edge of the village, feeling the wind whip through her hair as she strained to decipher the mournful cries and soft murmurs that floated down from the peaks. One evening, when the sky was the color of bruised violets and the moon hung low and swollen, Aria decided to follow the sound of the spirits' voices, feeling an inexplicable pull to climb higher into the mountains, to get closer to the source of the whispers. She wrapped her father’s old cloak tightly around her shoulders and slipped away from the familiar paths, guided only by the eerie song of the wind. The deeper she climbed, the colder the air grew, and the shadows cast by the moon seemed to twist and writhe like living things, but Aria pressed on, her heart pounding in her chest, until she reached a narrow ledge overlooking a hidden valley nestled between the towering peaks. Here, the wind’s voice was clearer, almost melodic—and suddenly, the silvery light she’d been walking towards coalesced into a figure standing at the far edge of the ledge, its back to her. The figure slowly turned, and Aria saw that it was a woman, draped in shimmering robes that seemed woven from the very mist and moonlight around them. Her eyes glowed with an unnatural luminescence, ancient yet familiar. The woman's gaze locked onto Aria's, and she felt a jolt of recognition, as if she were staring into the eyes of a long-forgotten relative, or a part of herself she’d never known was missing. The woman beckoned Aria closer, her voice a soft echo in the wind. “You hear us,” she whispered, “because you are one of us, a child of the mountains, born with the song of the spirits in your blood.” As she spoke, the woman reached out a hand and touched Aria’s brow. At her touch, a rush of memories—some hers, some older and vaster than she could fathom—flooded her mind. She saw generations of women, all connected by a thread of blood and magic, standing on this very ledge, listening to the whispers of the wind, and weaving the secrets they heard into the fabric of the village below: protection, wisdom, hope. Aria understood then that she was not just a listener, but a keeper—a bridge between the mountain’s ancient power and her own people, who had been waiting for her to claim her place among them. As the memories faded, Aria felt a sense of purpose and belonging settle within her, and she grasped the woman’s hand tightly. In that moment, the voices of the mountains grew clear, singing not just to Aria, but through her. She would return to the village, armed with the secrets and the song of the spirits, and she would weave them into the lives of her people, guiding and protecting them, just as the women before her had done for centuries. The silvery figure, now fading into the dawn’s first light, smiled with pride. Aria descended from the mountain, her heart full of",aa_cross
conv_c99b39f56f074087a26247b0b7ac2163,"a small, mysterious town nestled in the heart of a dense forest, where the air was sweet with the scent of blooming wildflowers and the sky was painted with hues of lavender and gold each evening. The town, called Willowmere, was hidden away from most maps, its winding cobblestone streets bordered with tangled ivy and moss-covered cottages. The cottages, with their steeply pitched roofs and chimneys puffing out gentle curls of smoke, seemed to lean in towards one another, as if sharing secrets, and the sound of laughter lingered just out of sight, always slipping around a corner when someone tried to listen. In the center of Willowmere stood an ancient stone well, ringed with a tumble of wildflowers, their delicate petals swaying in the soft breeze that rustled through the town, and the well itself was said to be a gateway to other worlds, its waters shimmering with strange, flickering colors that no one could name. Children often dared each other to peer into its mysterious depths, but the adults only shook their heads and warned them away, their eyes clouding with a mixture of fear and reverence as they spoke of the well's dark history and the legend of the Lady of the Well, a mystical figure whose song could be heard on moonlit nights, echoing up from the depths, luring the lonely and the curious. Some said she was a guardian, others whispered she was a siren, preying on the hearts of those who wandered too close to the well's edge, her voice a haunting melody that wrapped itself around the listener's soul, drawing them ever nearer until the cool stones were slick beneath trembling hands and all that remained was the song and the shimmer of water in the moonlight. No one had ever seen her, but the townspeople whispered of a presence, a feeling of being watched, as if the Lady's gaze could pierce the darkness and settle upon the hearts of those who listened to her song. One such night, as mist curled around the cottages and fireflies danced above the dew-laden grass, a visitor arrived in Willowmere—a weary traveler named Elin, who had stumbled upon the hidden town after days of wandering through the forest, guided by a faint hum of music that seemed to grow louder with every step, until she saw the glimmering well, haloed in silver moonlight. Elin paused, heart pounding, as the Lady’s melody wove through the air, achingly beautiful and hypnotic, drawing her closer to the well's edge, where the water's surface reflected the moon's gentle light like a mirror, and as she peered into its depthless shimmer, Elin glimpsed not only her own face but the fleeting shadow of another—a woman's visage, pale and ethereal, eyes shining with ancient longing. The Lady's song swelled, a crescendo of sorrow and longing, as Elin felt an inexplicable sense of recognition, as if she had stumbled into a memory that wasn't her own. An urge, gentle yet irresistible, pulled her to whisper her name into the abyss. The Lady’s eyes widened; for a heartbeat, time seemed to hold its breath, and then the water's surface rippled, as if the Lady's hand had reached out to touch Elin's, and a whisper, barely audible, carried on the air: “At last, the circle is unbroken.” The mist parted, revealing not a threat, but an invitation. Elin smiled, feeling the embrace of the",aa_cross
conv_2a126ff186074443bd5a0d03e8976c30,"a young girl named Aria who lived in a small village on the edge of a vast and mysterious forest. The villagers believed the forest to be enchanted, whispering tales of ancient spirits and magical creatures who watched from the shadows. Aria, however, was never afraid. Each morning, she would stand at the edge of the trees, watching as the sunlight filtered through the leaves, casting dappled shadows on the forest floor. She felt an inexplicable pull, as if the forest was beckoning her to enter its depths. One afternoon, unable to resist the call any longer, Aria stepped beyond the familiar boundary of the village and into the cool embrace of the woods. The air was tinged with the sweet scent of blooming wildflowers and the earthy smell of damp soil, a fragrance that filled her lungs and seemed to awaken a deep sense of wonder within her. As she ventured further, she noticed tiny lights flickering between the roots—like little stars dancing at her feet. Aria knelt down and reached out, her fingers brushing against the delicate petals of a rare and exquisite flower, its center glowing with a soft, ethereal light. The petals felt like silk beneath her fingertips, and as she touched them, the glow pulsed gently, growing brighter. A faint melody drifted into the air, so sweet it made Aria’s heart ache with longing. Suddenly, the flower began to rise into the air, its petals unfolding like tiny wings, and Aria felt herself being drawn upward, her feet leaving the earth as she floated beside the luminescent blossom. High above the forest floor, she glimpsed a clearing bathed in silver light. The flower led her gently downward, placing her in the heart of the clearing, where a magnificent tree with bark that shone like moonstone stood tall, its branches stretching toward the sky like a celestial canopy. The air was filled with a soft shimmering mist, and tiny creatures with wings like shards of amber darted among the leaves. Aria barely breathed, mesmerized by their beauty. At the base of the tree, a figure began to take shape, its features coalescing from the mist like a sculpture forming from the very essence of the forest. The figure's eyes, pools of deep emerald, met Aria’s own. “Welcome, Aria,” the figure spoke, its voice like wind through willow branches. “You are the first to hear the forest's whisper in centuries, and we have been waiting for you."" The figure's words were accompanied by a gentle nod, and as Aria's gaze deepened, she realized that she was not afraid. Instead, her heart swelled with courage and purpose. “Why have you called me?” she asked softly. The figure extended a hand, offering her a small, delicate acorn, its surface etched with intricate patterns that seemed to hold the secrets of the forest. ""You have been chosen to tend the heart of the forest,"" the figure said. ""With this acorn, you will awaken the hidden magic within these woods, renewing the bond between your people and the spirits of the land. The balance of nature is shifting, and the forest's ancient power must be restored."" As the figure's words faded away, the mist began to clear, and Aria felt the acorn pulsing warmly in her palm. She knew what she needed to do. With a final glance at the moonstone tree and its guardian, Aria knelt and",aa_cross
conv_dc57b3449b8a4ae9a2595f66199ff7ad,"a young woman named Ava, who lived in a small, seaside town surrounded by rugged cliffs and vast expanses of turquoise water. The town was called Ravenswood, and it was a place where time seemed to stand still, where the air was sweet with the scent of saltwater and the sound of seagulls filled the air. Ava loved Ravenswood with all her heart, and she spent most of her days wandering the winding streets, exploring the old shops and cafes, and watching the fishermen unload their daily catch at the bustling harbor, where the smell of fresh fish and seaweed mingled with the cries of the gulls and the creaking of the wooden boats as they rocked gently on the water, their weathered sails flapping lazily in the sea breeze. It was here, among the fishermen and the sailors, that Ava first heard the whispers of a legendary ship, a vessel said to appear only at dusk, when the sun's final rays dipped beneath the horizon and the stars began to twinkle like diamonds in the darkening sky. They called it the Moonlit Serenade, a ship with a hull as white as moonbeams and sails that shimmered like the night sky itself, and it was said that on certain evenings, when the tide was low and the moon was full, the Moonlit Serenade would glide into Ravenswood's harbor, its presence heralded by the haunting melody of a lone violin, the notes echoing across the water like a siren's call, beckoning all who heard it to come closer, to abandon their mundane lives and set sail for mystical realms, where the sea and the sky blended into a Boundless expanse of wonder and magic. The violin, they said, was played by the captain of the Moonlit Serenade, a mysterious figure with eyes as blue as the deepest ocean and hair as black as the night, who stood at the helm of the ship, his music weaving a spell of enchantment over all who heard it, as he guided the Moonlit Serenade through the waves with a gentle yet firm hand, his gaze fixed on some distant horizon, a horizon that seemed to call to him, to beckon him onward, and Ava, feeling the music deep in her soul, couldn't help but wonder what secrets the captain and his ship might hold, what mysteries lay hidden beneath the surface of the waves, and what lay beyond the horizon that the captain seemed to be forever chasing, and as she stood there, lost in the haunting melody and the captain's enigmatic gaze, the Moonlit Serenade glided closer, its sails billowing in the breeze, and Ava felt herself being drawn towards the ship, as if by an unseen force, until she stood at the water's edge, the waves lapping at her feet, and the captain's eyes met hers, and she felt a jolt of recognition, as if she had finally found something she had been searching for her entire life, and without a word, the captain reached out a hand and beckoned her to come aboard, and Ava, feeling the music and the moment sweep her up, took his hand, and stepped onto the ship, feeling the wooden deck beneath her feet, and as she did, the violin's melody swelled to a crescendo, and the Moonlit Serenade began to move, gliding smoothly out of the harbor and into the open sea, the wind and the waves rushing past as the ship picked up speed, and",aa_cross
conv_45ef4ab1c6034ce7bb6939a519fca4db,"a young woman named Ava, who lived in a small, seaside town surrounded by rugged cliffs and hidden coves. She had always been drawn to the ocean, spending hours exploring the tide pools and watching the waves crash against the rocky shore. The smell of saltwater and seaweed filled her lungs as she wandered along the beach, her feet sinking into the cool sand. She felt a sense of peace wash over her as she walked, the sound of the gulls crying overhead and the gentle lapping of the waves against the shore creating a soothing melody that seemed to calm her very soul. As she rounded a bend in the coastline, she spotted a small, weathered boat pulled up onto the beach, its wooden hull worn smooth by the constant pounding of the sea, and a faded name, ""Maverick's Revenge"", painted in elegant script on the side. Ava felt a sudden pang of curiosity about the boat and its owner, wondering what stories it might tell of adventures on the high seas and the person who had christened it with such a daring name. She walked closer to the boat, running her hand over the rough wood, feeling the grooves and scars that told of countless battles with the elements. As she reached the stern, she noticed a small, leather-bound chest strapped to the seat, adorned with a rusted lock and a faded ribbon tied around it. The chest seemed out of place on the otherwise rugged and weathered boat, and Ava's curiosity was piqued as she wondered what treasures or secrets it might hold. She reached out a tentative hand to touch the chest, feeling a strange sense of trepidation as her fingers made contact with the worn leather. As she did, she heard a faint noise behind her, and turned to see a figure emerging from the mist that was rolling in off the sea, a tall, dark-haired man with piercing blue eyes that seemed to bore into her very soul. He was dressed in a long, worn coat that billowed behind him like a cloak, and a wide-brimmed hat that cast a shadow over his face, making his eyes seem even more intense as he approached her, his movements fluid and deliberate, like a sailor navigating treacherous waters. Ava felt a shiver run down her spine as he drew closer, his eyes never leaving hers, and she could sense a deep sadness and longing emanating from him, like the echoes of a thousand midnights. He stopped a few feet away from her, his gaze still locked on hers, and Ava felt like she was drowning in the depths of his eyes, like the sea was pulling her under with an unstoppable force. The man's voice was low and rough, like the sound of the waves on the rocky shore, as he spoke her name, ""Ava"", and she felt a jolt of surprise, wondering how he knew her, and what he wanted from her, but before she could ask any questions, he reached out a hand and gently brushed a strand of hair behind her ear, his touch sending shivers down her spine as he whispered, ""I've been waiting for you,"" his breath warm against her skin, and Ava felt like she was melting into his gaze, like the waves were erasing the shore, and she was lost in the depths of his eyes, unable to look away, as the world around her dissolved into nothingness, leaving only the two of them, suspended in a moment of pure connection, the sound of the sea fading into the distance, and all that remained was the",aa_cross
conv_04eca406e5114ba4ae5938ba19a52e8d,"a young girl named Sophia, who lived in a small, seaside town surrounded by rugged cliffs and hidden coves. She had always been drawn to the ocean, spending hours exploring the tide pools and watching the waves crash against the shore. The salty scent of the sea filled her lungs as she wandered along the beach, her feet sinking into the sand as she searched for interesting shells and sea glass, treasures that the ocean had washed up for her to discover. As she walked, the sound of the gulls filled the air, and she felt a sense of freedom and peace wash over her, as if the vast expanse of the ocean was a reminder that there was a world beyond the small town she called home. She had always felt a sense of restlessness, a feeling that there was more to life than the familiar routines and traditions of her community. The ocean seemed to whisper secrets to her, of far-off lands and mysterious creatures that lurked beneath the waves, and Sophia's imagination would run wild with tales of adventure and bravery. She would often sit on the edge of the cliffs, the wind whipping her hair into a frenzy as she gazed out at the endless blue horizon, feeling the thrill of possibility and the call of the unknown. It was on one such day, as she was lost in thought, that Sophia noticed a small, weathered boat making its way towards the shore, its sails billowing in the wind. The boat seemed to appear out of nowhere, and Sophia's curiosity was piqued as she watched it navigate the rocky coastline with a skill that suggested the sailor was familiar with the treacherous waters. As the boat drew closer, Sophia could see that it was an old, wooden vessel, its hull worn and battered from countless journeys at sea. A lone figure stood at the helm, clad in a long, oilskin coat and a wide-brimmed hat that cast a shadow over their face. Despite the distance, Sophia felt a shiver run down her spine as the sailor's eyes seemed to meet hers, their gaze piercing and intense, as if they could see right through to her very soul. The boat glided smoothly onto the sand, the keel scraping against the shore with a soft creak, and the sailor stepped out, their movements economical and precise. As they approached Sophia, she could see that it was a woman, her face weathered and worn from years at sea, with a scattering of fine lines around her eyes and a small scar above her left eyebrow, which seemed to twitch slightly as she smiled, her eyes crinkling at the corners. The woman's gaze was still piercing, but it was also warm and kind, and Sophia felt a sense of trust wash over her as the woman reached out a hand and said, in a voice that was low and smooth, like the sound of the waves on a summer day, ""Hello, child, my name is Captain Orpheus, and I've been sailing these waters for nigh on twenty years, searching for something, or someone, and I sense that you might be the one I've been looking for, for you have a look in your eyes that suggests you're meant for greater things, a sense of wonder and curiosity that cannot be satisfied by the familiar rhythms of this small town. Captain Orpheus's words were like a key turning in a lock, and Sophia felt a door in her mind swing open, revealing a world of possibilities and adventures that she had only ever dreamed of. The captain's eyes seemed to gleam with a",aa_cross
conv_51d774c5fb2f42139ec505986712395b,"a young girl named Sophia, who lived in a small, seaside village surrounded by vast, rolling hills and towering cliffs that plunged into the depths of the ocean. The villagers believed that the sea held secrets and mysteries that only revealed themselves to those who listened closely to its whispers. Sophia was one such listener, with a heart full of wonder and a mind full of curiosity. She spent most of her days exploring the rocky shores, collecting seashells and driftwood, and watching the waves roll in with a rhythmic intensity that seemed to match the beating of her own heart. The villagers would often see her sitting on the edge of the cliffs, her feet dangling in the air, as she gazed out at the endless expanse of water, her eyes lost in the horizon where the sky and sea seemed to blend into a single, shimmering entity. It was as if she was waiting for something, or someone, to emerge from the depths of the ocean, a feeling that was reinforced by the old tales her grandmother used to tell her about the mythical creatures that lived beneath the waves, creatures with scales that shone like diamonds and hair that flowed like the seaweed in the currents. Her grandmother's stories spoke of a magical realm beneath the surface, where the creatures danced under the starlight and sang with voices that were like the sweetest music, a realm that was said to be hidden behind a veil of shimmering mist that only parted for those who possessed a heart full of wonder and a soul full of longing. Sophia's grandmother would smile and say that she had the heart of a true sea child, and that one day she would be called to follow the mist and discover the secrets that lay hidden beneath the waves. As Sophia grew older, she began to feel an inexplicable pull, as if the ocean itself was beckoning her to come closer, to step into the unknown and follow the whispers that only she could hear. The whispers grew louder, a gentle but insistent summons that seemed to resonate deep within her very being, until one day Sophia found herself standing at the water's edge, the waves lapping at her toes, as she felt the mist begin to swirl around her, tendrils of it curling around her ankles like ethereal fingers, drawing her closer to the point where the sea and sky converged, the boundary between the worlds growing thinner, until Sophia felt herself being pulled forward, the mist enveloping her like a shroud, and she stepped forward, into the unknown, the water closing over her head like a veil, and as she descended into the depths, she felt a sense of weightlessness, of freedom, as if she had finally come home to a place she had always known, but never remembered, the water pressure easing, the darkness giving way to a soft, ethereal light that illuminated the underwater realm, a world of breathtaking beauty, where crystal spires rose from the seafloor and schools of rainbow-tailed fish darted through the currents, their scales shimmering like stardust, as Sophia floated, mesmerized, through the shimmering landscape, her heart filled with wonder, her spirit soaring with the music of the mermaids, their voices weaving a spell of enchantment that drew her deeper into the heart of the ocean, where the secrets of the deep waited to be unlocked, and Sophia, now a part of this mystical world, felt her own voice merging with the mermaids', her song becoming one with the eternal melody of the",aa_cross
conv_bb18393399c2480f8f1c02dd58a30e00,"a small, mysterious village nestled deep within a valley, surrounded by towering mountains that seemed to touch the sky. The village was called Ravenswood, and it was a place where time stood still, where the air was sweet with the scent of wildflowers and the sound of the river that wound its way through the village was the only constant in a world that seemed frozen in perpetual twilight, as if the sun had long since dipped below the horizon and refused to rise again. The villagers of Ravenswood moved about their daily lives with a quiet resolve, their faces illuminated only by the soft glow of candles and lanterns that cast flickering shadows on the walls of their homes, and their eyes seemed to hold a deep-seated knowledge, a secrets-kept kind of wisdom that only came from living in a place where the fabric of time was woven differently, and where the whispers of the forest, which loomed just beyond the village boundaries, were said to carry the voices of the past, echoing through the trees in a language that only a select few could understand, and among them was a young woman named Aria, who possessed an uncanny ability to decipher the whispers of the forest, and would often slip away from the village at dawn to walk among the trees, her feet bare and her hair loose, as she breathed in the damp earthy scent of the forest floor and listened to the whispers that seemed to grow louder with each step, the words becoming clearer, a gentle murmur that wove itself into a narrative of love, loss, and longing, a story that Aria felt was being told specifically to her, the words resonating deep within her soul, as if the forest itself was awakening a part of her that had long been dormant, and with each passing moment, the connection between Aria and the forest grew stronger, the whispers evolving into a symphony of sound that seemed to be drawing her deeper into the trees, towards a clearing that lay hidden, a secret place that only revealed itself to those who had been chosen to hear the whispers of the forest, and as Aria stepped into the clearing, she saw a figure standing in the center, shrouded in a mist that swirled around them like a living entity, and as the mist began to clear, Aria saw that it was a man, tall and imposing, with eyes that seemed to see right through her, and skin that was deathly pale, as if he had been carved from the very marble of the mountains that surrounded Ravenswood, and his presence was both captivating and unsettling, as if he held the power to either heal or destroy, and Aria felt an inexplicable pull towards him, as if their fates were somehow intertwined, and the whispers of the forest, which had grown silent, now seemed to be emanating from within her own heart, urging her closer, until she stood before him, her eyes locked on his, and in that moment, the world around them melted away, leaving only the two of them, suspended in a sea of timelessness, where the past, present, and future converged, and the man's eyes, which had seemed so piercing, now filled with a deep and abiding sorrow, as if he had witnessed the entirety of existence and was weary from the weight of it, and Aria, feeling the depth of his emotion, reached out and gently touched his face, her fingers tracing the lines of his cheekbones, and as she did, the sorrow in his eyes began to lift, replaced by a sense of wonder,",aa_cross
conv_154bc605357247a684642fbdc77fb8cc,"a young girl named Sophia, who lived in a small village surrounded by vast, rolling hills and dense forests. The villagers believed that the forest was enchanted, and many whispered tales of strange creatures that lurked within its shadows, and magical beings that danced under the light of the full moon. Sophia, with her wild curiosity and adventurous spirit, had always been drawn to the forest, feeling an inexplicable connection to the ancient trees and the secrets they seemed to whisper to her on the wind. She would often sneak away from her daily chores to wander along the forest's edge, collecting wildflowers and listening to the songs of the birds that flitted between the branches. One day, while exploring further than she ever had before, Sophia stumbled upon a hidden path she had never seen, winding deep into the forest like a shimmering ribbon of moonlight. The trees seemed to lean in, as if sharing a secret, their leaves rustling softly in a language she couldn't quite understand. Without hesitation, Sophia stepped onto the path, feeling the soft earth beneath her feet and the gentle tug of the forest's magic, as if it was beckoning her deeper. The trees grew taller and closer together here, casting dappled shadows on the ground, and Sophia felt as though she was walking through a tunnel of emerald and gold, the sunlight filtering through the leaves above her in a dazzling display of color and light. The air was filled with the sweet scent of blooming wildflowers and the soft hum of bees, and Sophia felt her heart fill with a sense of wonder and enchantment. As she rounded a bend in the path, she caught sight of a clearing up ahead, where a magnificent tree with a trunk as wide as a house and branches that seemed to stretch up to the sky itself stood tall and proud, its bark shimmering with a soft, ethereal glow. The tree seemed to be pulsing with a gentle, blue-green light, and Sophia felt an overwhelming sense of peace and tranquility wash over her as she approached the tree, as if it was emanating a soothing energy that was calming her very soul. As she drew closer, she noticed that the tree's trunk was adorned with intricate carvings that seemed to tell a story of their own, and the air around her was filled with a soft, whispery voice that seemed to be reading the carvings aloud, the words echoing in Sophia's mind and painting vivid pictures of a long-forgotten world, where magic was a part of everyday life and mythical creatures roamed free. The voice spoke of ancient civilizations and forgotten lore, of powerful sorcerers and brave warriors, and as Sophia listened, entranced, the carvings on the tree began to glow with a soft, pulsing light, illuminating the path she had taken to get there and revealing a figure standing just behind her, a woman with long, flowing hair and eyes that shone like the stars on a clear night, who reached out a gentle hand and placed it on Sophia's shoulder, her touch sending shivers down Sophia's spine as she spoke in a voice that was barely above a whisper, yet carried on the wind with a weight and authority that commanded Sophia's full attention, saying ""Welcome, young one, I have been waiting for you, for you have been chosen to receive a gift, one that has been passed down through the ages, from the ancient ones who first walked this land, a gift of knowledge, of power, and of magic, one that will change the course",aa_cross
conv_6b3761f56ece495e8fa32d18e652921e,"a young woman named Sophia, who lived in a small village nestled in the rolling hills of the countryside. She was known throughout the village for her extraordinary gift – the ability to communicate with animals. It was a talent that had been passed down through generations of her family, and Sophia had honed it to an art form. She could understand the songs of birds, the chirping of insects, and even the subtle body language of the fish that swam in the village stream. The animals of the village had grown to trust Sophia, and they would often seek her out for comfort, guidance, or simply to share their secrets. The village elder, a wise and kind badger named Bertha, would frequently visit Sophia to discuss matters of great importance, such as the changing of the seasons, the balance of nature, and the well-being of the village's inhabitants. Bertha had taken Sophia under her wing, teaching her the ancient ways of the forest and the delicate harmony that existed between the creatures that lived within it. As Sophia's skills and knowledge grew, so did her reputation, and soon animals from far and wide were coming to seek her counsel. A wounded eagle from the mountains, a family of field mice whose home was threatened by a harsh storm, and even a majestic stag from the depths of the forest, all found their way to Sophia's doorstep, seeking her help and guidance. The villagers, who had initially been wary of Sophia's unique abilities, had grown to appreciate and respect her gift, and they would often seek her assistance in resolving disputes between humans and animals, or in understanding the subtle changes that were occurring in the natural world. The village farmers would consult with Sophia about the best times to plant and harvest their crops, and the hunters would seek her advice on how to maintain a balance between their needs and the needs of the forest, ensuring that the delicate ecosystem was not disrupted. As a result, the village had become a thriving and harmonious community, where humans and animals coexisted in a state of mutual respect and understanding. The air was filled with the sweet scent of blooming wildflowers, and the sound of laughter and music could be heard drifting from the village square, where Sophia would often gather with the villagers and the animals to share stories and celebrate the beauty of their interconnected world. It was on one of these joyful occasions that a stranger arrived in the village, a mysterious traveler with piercing green eyes and a quiet, enigmatic smile, who seemed to be drawn to Sophia with an otherworldly intensity, as if he had been searching for her across vast distances and was now finally standing before the one person he had been seeking. The stranger's gaze locked onto Sophia's, and she felt a shiver run down her spine as he approached her, his movements fluid and deliberate, like a wildcat stalking its prey, and yet, despite the initial sense of unease, Sophia felt an inexplicable sense of calm wash over her, as if she had been waiting for this moment, for this stranger, her whole life, and that their meeting was not a coincidence, but a convergence of fate and destiny. The stranger's eyes never left hers as he reached out a hand and gently brushed a strand of hair behind her ear, his touch sending shivers down her spine, and Sophia felt the world around her melt away, leaving only the two of them, suspended in a moment of perfect understanding, as if the universe had conspired to bring them together, and in that instant, Sophia knew that her life would",aa_cross
conv_99564fb0e40f4012a3d98e028e94d014,"a small, mysterious village nestled deep within a valley, shrouded in mist and legend. The village was called Ravenshire, and it was a place where time seemed to move at a different pace. Ancient stone cottages lined the narrow, winding streets, their thatched roofs and cobblestone walls a testament to centuries of history. The villagers, with their weathered faces and gentle eyes, lived in harmony with the land, their lives a gentle rhythm of farming, craftsmanship, and storytelling. They were a tight-knit community, and strangers were rare. Yet, every so often, the village would welcome a traveler, and these visits always brought a whisper of the unknown. One such day, a lone figure emerged from the mist that perpetually shrouded the valley's entrance, its presence hinted at by the soft crunch of gravel beneath weary feet. As the figure drew closer, the villagers, busy with their daily tasks, paused to watch. The traveler was cloaked in a worn, dark robe, the hood pulled low over the face, concealing identity. Children who had been playing in the village square, their laughter and shouts filling the air, fell silent as they stared at the stranger with a mixture of curiosity and wariness. The village elder, a wise woman named Elara, stepped forward, her silver hair cascading down her back like a waterfall of moonlight. She approached the traveler with a gentle smile, her voice carrying a soothing warmth as she spoke, ""Greetings, weary one. You have come to Ravenshire, a place of rest and refuge. May the peace of our village be yours to claim, if only for a while. What brings you to our humble home?"" The traveler paused, lifting a hand to push back the hood, revealing a young face marked by both determination and a hint of sadness, with eyes that seemed to hold a deep wisdom, as if they had witnessed more than their years should have allowed. The young traveler's gaze met Elara's with a nod of respect. ""Thank you, Elder Elara. I come in search of the lost memories of my past. I have heard that Ravenshire holds the key to unlocking the secrets of one's history, that the ancient stones and whispering winds of this valley possess a mystical power to awaken forgotten truths. The young traveler's voice was steady, but there was a shimmer of hope in their eyes. Elara smiled understandingly, her gaze softening. ""Many have come seeking what you seek, and some have found it, while others have left with more questions than answers. But I sense that you are different, that your heart is driven by a deep longing to understand. Come, let us walk through the village together. Perhaps the ancient stones and the stories they hold will guide you on your path."" With that, Elara led the young traveler through the winding streets, pointing out various landmarks and sharing tales of the village's history, from the old windmill on the hill to the sacred spring that bubbled eternally in the heart of the village. As they walked, the atmosphere grew more contemplative, the air thick with the weight of whispered secrets and ancient magic. The young traveler's eyes widened as they took in the sights and sounds, their mind reeling with the possibilities, and the sense of wonder that had been dormant within them began to stir. Reaching the sacred spring, Elara paused and gestured for the traveler to come closer. The water glimmered with an otherworldly light, reflecting the",aa_cross
conv_db27495265644fc88789058fc40bf4f7,"a young girl named Aria who lived in a small village surrounded by vast, rolling hills and dense forests. She had always been fascinated by the stories her grandmother told her about the enchanted woods that bordered their village. These tales were filled with creatures of magic and hidden paths that led to forgotten realms. Aria, with her vivid imagination, often ventured into the woods, searching for the secrets and wonders her grandmother had spoken of. She would wander for hours, the sunlight filtering through the trees above her, casting dappled shadows on the forest floor. One day, while following a particularly intriguing trail of shimmering flowers, Aria stumbled upon an ancient stone archway, overgrown with ivy and vines. The air around her seemed to vibrate with an otherworldly energy as she approached the archway, and she could feel the weight of centuries of secrets and stories emanating from it. Her heart raced with excitement and a touch of fear, but her curiosity was too strong to resist. Taking a deep breath, Aria pushed aside the hanging vines and stepped through the archway, into a world that was both familiar and yet completely foreign. The air on the other side was sweet with the scent of blooming wildflowers, and the landscape before her was a tapestry of vibrant greens and sparkling streams. In the distance, she could see a village that looked as if it had been plucked from the pages of her grandmother's old storybooks, its houses and cottages made of a honey-colored stone that seemed to glow warmly in the soft, ethereal light that permeated the new world. As Aria stepped forward, the ground beneath her feet felt soft and alive, as if the earth itself was welcoming her. She walked toward the village, her steps drawing her closer to the gentle hum of activity that seemed to emanate from within, where people moved with a quiet purpose, their faces filled with a deep contentment and wisdom that Aria could almost feel. As she drew nearer, a group of children playing by a babbling brook caught her eye. They waved and called out to her, their voices like music, and Aria's heart swelled with a sense of belonging as she smiled and waved back, feeling an inexplicable connection to these strangers and their enchanting world. She approached the children, and they welcomed her with open arms, introducing her to the wonders of their village, where every stone and tree held a story waiting to be told, and the very fabric of the air seemed to vibrate with the gentle hum of magic. As the sun began to set, casting a warm orange glow over the village, Aria realized that she had found not just a place of magic, but a place of belonging. The villagers invited her to stay for a feast, and as they shared stories and laughter around the table, Aria felt a sense of homecoming that she had never known before, as if she had finally found the missing piece of her own story, and her heart was full of gratitude. The night was filled with tales of the enchanted woods and the secrets they held, and Aria knew that she would treasure these moments forever, her spirit infused with the magic of this mystical place, and as she looked around at the smiling faces of her new friends, she knew that she would never be the same. With a heart full of joy and a mind brimming with wonder, Aria realized that her journey had only just begun, and she was ready to explore every",aa_cross
conv_4f8dd055daf24e77a953e5a4974ccb10,"a young girl named Sophia, who lived in a small village nestled between two great mountains. The villagers believed that the mountains held ancient secrets and mysterious powers, and they whispered stories of magical creatures that dwelled in the dense forests that covered their slopes. Sophia, with her wide, curious eyes and nimble feet, often dreamed of exploring those mountains and discovering the truths behind the whispered tales. She would often sneak away from her daily chores to gaze up at the mountains, feeling an inexplicable pull to the misty peaks and the secrets they hid. One day, while wandering near the edge of the forest, Sophia stumbled upon an old, weathered map tucked under a mossy rock. The map was drawn with intricate symbols and markings that seemed to shimmer in the fading light of day. As she carefully unfolded the map, Sophia noticed that it appeared to be a path, winding deep into the heart of the mountains. The thought of adventure made her heart race. With a quick glance back at the village, she decided that tomorrow, she would follow the map and uncover the mysteries that lay hidden within the mountains. That night, Sophia barely slept, her mind racing with visions of ancient ruins, hidden temples, and the magical creatures that might inhabit the unknown lands she was about to explore. As dawn broke, she rose early, packed a small bag with supplies, and bid her family a quiet farewell. With the map clutched tightly in her hand, she set out towards the mountains, the village disappearing from view as she walked. The air grew cooler and the trees taller as she ascended, their leaves rustling softly in the morning breeze. The path, though overgrown, was clear enough for Sophia to follow. She moved with a sense of purpose, her excitement tempered by a growing curiosity about the map's origins and the purpose of the winding path. The trees seemed to close in around her, casting dappled shadows on the ground, and the sound of distant waterfalls echoed through the forest. As Sophia continued deeper into the mountains, the world around her felt ancient and untouched, as if time itself had slowed. She felt a deep connection to the land, as if the rhythm of her footsteps was echoing the beat of a long-forgotten drum. The sound of the waterfalls grew louder, and soon Sophia found herself standing at the edge of a hidden valley, where a crystal-clear stream cascaded down from the mountains. The air was filled with the scent of wildflowers, and a soft, ethereal light seemed to emanate from the valley itself, as if the very essence of the mountains had been distilled into this one, perfect place. Sophia felt her breath catch in her throat. The map led her here, but what lay beyond was a mystery yet to be uncovered. With a determined step, she approached the stream, her heart pounding in anticipation, and as she did, the water seemed to part, revealing a stepping stone path that led across the stream and into the heart of the valley. Sophia's eyes widened with wonder. She took a deep breath and stepped onto the first stone, her heart filled with a blend of excitement and trepidation. As she crossed the stream, a figure began to take shape before her, as if the mist and the light were coalescing into a being of great wisdom and beauty. Sophia's footsteps slowed, and she felt a sense of reverence. The figure, glowing faintly, turned to face her, its eyes reflecting the same curiosity and wonder that Sophia felt. ""Welcome, child,"" the figure said,",aa_cross
conv_63904aa4d0f6426d8d4f7fc7e059f011,"a small, seaside town where the air was sweet with the scent of saltwater and the sound of gulls filled the sky. It was a place where time seemed to stand still, where the old cobblestone streets were worn smooth by the feet of generations. The town’s lighthouse, a towering sentinel painted in bold stripes of red and white, guided sailors safely into the harbor, its beam slicing through the darkness of night, a reassuring presence that had been a constant in the lives of the town's residents for as long as anyone could remember. In the heart of the town, the harbor bustled with activity. Fishing boats bobbed gently at their moorings, their nets and lines drying in the warm afternoon sun, while the smell of fresh seafood and the sound of laughter and conversation filled the air. At the water's edge, a small café served up steaming cups of coffee and plates piled high with pastries, drawing in locals and tourists alike. Inside, a group of elderly men played chess by the window, their deep voices and occasional bursts of laughter blending with the sound of clinking cups and the soft hum of conversation from the other patrons, creating a warm and welcoming atmosphere that made everyone feel at home. One afternoon, as the sun began to dip below the horizon, painting the sky in hues of orange and pink, a young woman with auburn hair and a curious glint in her eye walked into the café, her long coat fluttering behind her like a dark wing. She moved with a quiet confidence, her gaze scanning the room as if searching for something—or someone. Her eyes finally settled on an old, weathered man sitting alone in a corner, a book lying open on the table in front of him. She approached him with a sense of purpose, her footsteps quiet on the worn floorboards. The old man looked up as she approached, his eyes, a deep, piercing blue, meeting hers with a mixture of curiosity and recognition. ""You must be the one they were talking about,"" he said, his voice low and steady. ""I’ve been expecting you."" He closed his book, his hands moving slowly, as if savoring the moment, and gestured for her to sit down. The young woman's eyes narrowed slightly, her interest piqued. ""They? Who are 'they'?"" she asked, her voice steady but with an undercurrent of caution. She took a seat across from him, her eyes never leaving his face, as if searching for any sign of deception. The old man leaned back in his chair, a small, enigmatic smile playing on his lips. ""The ones who keep watch over this place,"" he replied, his gaze unwavering. ""The guardians of the secrets that lie beneath the waves and within the heart of this town."" His words were laced with a sense of mystery and ancient knowledge, and the young woman felt a shiver run down her spine as she realized that she had stumbled into something far deeper and more complex than she had ever imagined. ""What secrets?"" she asked, her voice barely above a whisper, as if afraid to break the spell that had been cast over the café. The old man's smile grew wider, and he leaned forward, his eyes glinting with a knowing light. ""The secrets of the deep, my dear. Of lost treasures, forgotten curses, and ancient powers that have shaped the very soul of this town for centuries. But to learn these secrets,",aa_cross
conv_218db07ebe0d4941915e4d31848a9bb3,"a young woman named Ava, who lived in a small village nestled in the rolling hills of the countryside. She was known throughout the village for her striking green eyes and her wild, curling chestnut hair that seemed to dance with the wind. However, it was her curiosity and fearless spirit that truly set her apart. Ava had always been drawn to the ancient forest that loomed at the edge of the village, its towering trees and twisted underbrush whispering secrets to her on the wind. The villagers warned her of the dangers that lurked within the woods, but Ava's adventurous heart couldn't be swayed. One crisp morning, as the sun cast a golden glow over the hills, she decided it was time to explore the secrets that the forest had been whispering to her for so long. With a sense of determination and a hint of trepidation, Ava slipped through the village gates and into the dense foliage. The air was cooler and smelled of earth and moss. Shadows played across the forest floor, and the sounds of rustling leaves and chirping birds filled the air, creating a symphony of sounds that seemed to guide her deeper into the woods. As she walked, the trees grew taller and the path grew narrower, until she found herself in a part of the forest she had never seen before. The trees here were ancient, their branches reaching out like guardian spirits. In the center of a small, clearing stood an enormous tree, its trunk twisted and gnarled with age, its branches stretching towards the sky like a colossal pillar. The air around the tree seemed to vibrate with an otherworldly energy. As Ava approached, she noticed that the base of the tree was hollow, with a narrow opening that beckoned her closer. Heart pounding, she stepped into the hollow, her eyes adjusting to the dim light within. The air inside was stale, but it was also filled with a sweet, intoxicating scent that seemed to draw her deeper into the heart of the tree. As she moved further in, the opening behind her grew smaller, until it was just a sliver of light, and she found herself standing in a vast, hidden chamber. The walls were lined with glowing mushrooms, casting a soft, ethereal light. In the center of the chamber, a small pool of water reflected the gentle glow of the mushrooms, creating a sense of perfect symmetry. The water's surface was so still that it seemed like a mirror, and Ava felt an overwhelming urge to peer into its depths. As she leaned forward, her face inches from the water's surface, she saw her own reflection staring back at her, but it wasn't just her own face that she saw - behind her reflection, a figure stood, shrouded in shadows. Ava spun around, but there was no one there. She turned back to the pool, and the figure was still there, watching her. It lifted a hand, and Ava felt a strange, compelling pull. Without thinking, she reached out and touched",aa_cross
conv_447ec2808e22481cbc3ffac9441e62ec,"a small, mysterious shop that appeared overnight in a quiet alleyway, its wooden sign creaking in the gentle morning breeze as it bore the faded letters ""Curios and Wonders."" The sun cast long, dancing shadows on the cobblestones as a young woman named Elara paused before the shop. Her curiosity piqued by the unusual appearance and the enigmatic sign above the door, Elara felt an inexplicable pull to enter, as if the shop was beckoning her towards secrets and surprises that lay hidden within its walls. She pushed open the door, which groaned softly on its ancient hinges, and stepped inside. The interior was dimly lit, with shelves lining the walls, filled with an assortment of strange and exotic items that seemed to defy categorization: vintage clockwork mechanisms, rare seashells, and leather-bound books with strange symbols etched into their covers, all glowing faintly under the dim light. As Elara’s eyes adjusted, she noticed a figure behind the counter, an elderly man with a long, silver beard and eyes that twinkled like stars in the dimness, his gaze fixed intently on Elara as he nodded in greeting, his hands moving with a quiet deliberation as he wrapped a small, delicate object in fine cloth. ""Welcome to Curios and Wonders,"" he said, his voice a soothing whisper. ""I’ve been expecting you. What brings you to my humble shop, where the ordinary and the extraordinary coexist in a delicate balance of wonder and curiosity? The old man's eyes seemed to hold a deep wisdom, as if he knew secrets that only the ages could whisper. Elara felt a shiver run down her spine, but her curiosity was piqued. ""I was just passing by,"" she replied, her voice barely above a whisper, as if she feared breaking the spell that seemed to envelop the shop. The old man's eyes crinkled at the corners as he smiled, his hands resting on the counter. ""Sometimes, the most important visits are the ones we least expect,"" he said. ""Tell me, what is it that you seek? Or perhaps, what is it that seeks you?"" The old man's words hung in the air like a gentle challenge, and Elara felt a sudden jolt of recognition, as if she had stumbled into a place where the answers to questions she hadn’t even realized she had were waiting. She took a deep breath, her gaze sweeping over the shelves. ""I don’t know,"" she admitted, her voice a little stronger now, as if the act of speaking her uncertainty aloud had given her a sense of freedom. The old man nodded, as if he had expected nothing less. ""Sometimes, the journey begins with acknowledging the unknown,"" he said. ""Why don’t you take a look around? See if anything speaks to you, resonates with a part of your soul that you may not even be aware of. The old man's gesture was expansive, inviting Elara to explore the depths of the shop. She moved cautiously, her steps soft on the worn wooden floor, as she approached a shelf near the back. Her fingers brushed against a small, intricately carved wooden box, and as she touched it, the room seemed to fade away, leaving only the gentle hum of the shop's secrets and the soft whisper of the old man's voice, ""Ah, I see you’ve found the Box of Echoes. It has a story all its own, and perhaps, it has chosen you to set its tale in motion."" The box",aa_cross
conv_820170dc479945598aabc2329d0923e5,"a small, ancient village nestled between swirling mists and towering, ancient forests. The villagers lived humbly, their lives intertwined with the natural world around them. They knew the language of the wind through the pines, could read the seasons in the flight patterns of starlings, and respected the old boundaries marked by stones and trees. At the heart of the village stood a great oak, its leaves a tapestry of emerald and gold, under which the Elders would gather to share stories of the time before memory, when the forest itself was said to walk and the mists carried voices of those who had passed into legend. Among the villagers lived a young girl named Elara, known for her curiosity and a heart that pulsed with the rhythm of the wild. She often ventured beyond the familiar paths, drawn by whispers and the promise of secrets hidden in the shadowed groves where sunlight barely touched the moss-covered ground. Her grandmother had warned her about straying too far, about the old pact between the village and the forest, but Elara’s spirit was as untamed as the winds that whispered through the pines. One misty morning, driven by a dream that had visited her three nights running—a vision of silver flowers blooming in moonlight and a voice calling her name—Elara slipped past the boundary stones and into the heart of the forest. The air was thick with the scent of earth and pine, and the path grew fainter with each step. Yet, she pressed onward, guided by an inexplicable certainty that thrummed beneath her ribs like a second heartbeat. The trees grew taller here, their trunks twisted and ancient, their boughs heavy with the weight of countless years. As Elara walked deeper, the forest seemed to watch her, its silence a living thing. Then, in a clearing bathed in ethereal light filtering through the canopy, she found them—the silver flowers from her dream, their petals luminous and delicate, swaying gently as if greeting her. The air around the flowers shimmered, and the voice from her dreams whispered her name once more. Elara knelt beside the blooms, her fingers trembling as they hovered above the nearest petal. The moment she touched it, the world tilted. The mist swirled violently, and the forest seemed to hold its breath. Elara felt a surge of energy, as if the very essence of the forest was flowing through her. Suddenly, a figure emerged from the mist, tall and ethereal, with eyes like starlight and skin that seemed woven from moonbeams and shadow. The figure's presence was both ancient and ageless, neither entirely human nor wholly part of the natural world. “Elara,” the figure spoke, its voice a melody that echoed in the depths of her soul, “you have come far, guided by the old blood that runs through your veins. Your grandmother knew this day would arrive, though she hoped to spare you the burden."" The figure extended a hand, and Elara, without hesitation, took it. The touch was both warm and cool, like the first rays of dawn on a winter’s morning. “You are the keeper of the boundary now,"" the figure continued, ""the bridge between village and forest, between what is known and what must remain hidden. The pact your ancestors made requires one who",aa_cross
conv_eed72ce1cdf74fce9cdeff745a0f39b5,"a small village nestled between the whispering woods and the rolling hills, a place where the sunsets painted the sky in hues of gold and crimson, and where smoke curled lazily from stone chimneys each evening. The village of Millbrook had stood for generations, its cobbled streets worn smooth by the feet of countless villagers. Among the inhabitants was old Elara, the village healer, whose wisdom and remedies were sought after by all. Her small cottage, adorned with hanging baskets of herbs and wildflowers, sat at the edge of the village where the forest began its ancient watch. Inside, bundles of dried lavender and sage hung from the rafters, their fragrances mingling with the scent of burning wood from the hearth. One crisp autumn morning, as the first hints of frost painted the leaves, a young stranger appeared at Elara's door. He was no more than twenty, with dark hair matted from travel and eyes that held a peculiar urgency. ""Good morrow, kind lady,"" he said, his voice trembling slightly. ""My name is Joren, and I seek your help. I have come from afar, following a map my late grandmother left me. She claimed you once healed her of a terrible curse, years ago, before she left this village."" He pulled from his weathered satchel a crumpled, yellowed parchment, its edges frayed and stained. Elara's eyes widened as she took the map from him, recognizing the intricate markings and symbols that she herself had drawn decades past. Her fingers traced the faded ink, remembering that desperate night when she'd helped a young woman escape something dark and unnameable. ""Your grandmother was a brave soul,"" Elara said, her voice steady but her mind racing. ""The curse she faced was powerful, but together we found a way to break it—or so I believed."" She looked up at Joren, studying his face more carefully now, and saw the telltale signs she had hoped never to see again: a subtle pallor, faint shadows beneath his eyes, and an air of unease that clung to him like a second skin. ""Joren, what brings you here? What ails you, child?"" Elara guided him to a wooden chair by the hearth, her healer's instincts already sensing the depth of his distress. Joren took a deep breath, his hands trembling as he clasped them together. ""I’ve been having nightmares, visions of darkness and creatures that whisper my name. They started three months ago, on the anniversary of my grandmother's death. Each night they grow stronger, more vivid. I wake with a cold sweat, my heart pounding as if it might leap from my chest. I fear that whatever afflicted her is now upon me."" Elara nodded, her expression grave. She moved to her shelves, selecting a small vial of silvery liquid and a sprig of mountain ash. ""The curse was never fully broken—only contained. Your grandmother’s spirit may have been freed, but the shadow that haunted her remains. We must act quickly to prevent it from taking hold of you."" Elara placed the items on the table between them, then reached for Joren's hands. ""The ritual your grandmother and I performed can only be done once in each generation.",aa_cross
conv_90e60b7b04cf4c65ac93d42f943fa553,"Elena, a young woman with a curious mind and a heart full of adventure. She lived in a small village nestled between misty mountains and a sprawling, ancient forest. Despite Despite the warnings of the village elders, Elena often wandered to the forest's edge, drawn by the whispers she swore she could hear when the wind moved through the trees. One crisp morning, as the sun painted the sky in hues of orange and gold, Elena decided she couldn’t resist the call any longer. She packed a small bag with bread, cheese, and a flask of water, then slipped out of her cottage before her grandmother could stop her. The forest loomed ahead, its canopy so thick that even the morning light struggled to penetrate. Elena took a deep breath, feeling a mix of excitement and a tinge of apprehension, and stepped onto the narrow, overgrown path that wound between gnarled oak trees. Almost immediately, the air changed—cooler, heavier, perfumed with moss and wildflowers she had never seen before. The whispers grew louder, a symphony of rustling leaves and distant murmurs. Elena walked on, her curiosity driving her deeper into the forest. After what felt like hours, the path opened into a circular clearing where sunlight finally broke through in golden shafts. In the center stood a stone well, ancient and covered in luminous green moss. The air here was warmer, and the whispers seemed to coalesce into a single, gentle voice, calling her name. Elena approached the well, her heart pounding with anticipation. She peered over the worn stone edge into darkness so complete it seemed to swallow the light itself. As her eyes adjusted, she noticed something glinting at the bottom of the well—a small, silver key. The key was half-buried in the water, but it seemed to pulse with a faint, otherworldly light. Without thinking, Elena reached for the rope coiled beside the well and began lowering the wooden bucket. The whispers intensified, swirling around her like an invisible chorus of encouragement. When the bucket splashed into the water, the sound echoed strangely, as if the well had its own, hidden depths. Elena hauled the bucket up slowly, her arms straining against the weight. When it emerged, the silver key lay gleaming among the dark water, impossibly warm to the touch. The moment her fingers closed around the key, the forest around her seemed to vibrate with a sudden, electric energy. The air shimmered, and the shadows deepened, as if the forest itself was holding its breath. Then, behind her, a sound like stone grinding against stone made Elena spin around. The moss-covered ground near the clearing's edge had shifted, revealing a hidden doorway carved into the earth. The key felt warm and alive in her palm, as if it knew exactly where it needed to go. With a deep breath, Elena approached the doorway, her legs trembling but her resolve firm. She descended the earthen steps into the cool darkness below, guided only by the key's gentle glow. The steps led to a vast underground chamber, illuminated by a soft, ethereal light. In the center, an ancient, ornate chest stood waiting. Elena knew, with a certainty that filled her entire being, that this was what had been calling her all along. She inserted the key into the chest's lock, and it clicked open",aa_cross
conv_fb58032555404b07a98fd239af3a58e0,"a small village nestled in the heart of an ancient forest, where the trees whispered secrets of the past and the river sang lullabies to the newborn stars. The villagers lived in harmony with the woodland creatures, sharing their harvests and mending injured wings. At the center of the village stood an enormous oak, older than memory itself, its gnarled roots forming a natural amphitheater where the villagers gathered to share stories and weave the threads of their communal life. One such evening, as the air grew cool and the fireflies began their nightly dance, an old woman named Miren rose to speak. Her silver hair caught the last rays of sunlight filtering through the canopy, and a hush fell over the crowd. ""Tonight,"" she began, her voice a tapestry of wisdom and age, ""I will tell you the tale of the lost heirloom, a crystal pendant that once belonged to the forest itself. It was said to hold the very essence of these ancient woods—their memory, their magic, and their heartbeat. The pendant was passed down through generations, a symbol of the unbreakable bond between the village and the forest. But many moons ago, during a night of bitter storms and howling winds, a young wanderer sought shelter beneath our oak. We welcomed him, as was our way, offering food and warmth. But when dawn broke and the storm had passed, the wanderer was gone, along with the crystal pendant. The forest seemed to mourn its loss, and the village felt the weight of a silence they had never known before—the trees no longer whispered, and the river's song turned melancholy. For years, we searched, but found no trace of the pendant or the wanderer. Yet, the village never lost hope. Every year, on the anniversary of the night the pendant vanished, the villagers would gather under the great oak and light candles, their flames flickering like prayers sent skyward. They would sing the old songs their ancestors had taught them, melodies woven from the very essence of the forest, hoping to summon the lost heirloom home. And so, the village endured, bound by their shared past and the unwavering belief that someday, the crystal pendant would return."" Miren paused, her eyes sweeping across the faces of the gathered villagers. Then, with trembling hands, she reached into a small, worn pouch at her waist and drew out a familiar glint of crystal. Gasps rippled through the crowd as she held the pendant aloft, the light of the rising moon catching in its facets and scattering rainbow shards across the amphitheater. ""This morning,"" Miren continued, her voice thick with emotion, ""I found it hidden beneath the roots of this very oak. It seems the forest has answered our prayers, and the heirloom has come home."" The villagers erupted in joyous celebration, their voices joining together in a chorus that seemed to awaken the slumbering woods. As Miren placed the pendant around her neck, a warmth spread through the village, and the trees began to whisper once more, their leaves rustling with the ancient songs of the forest. The river’s song grew joyful, and the villagers felt the heartbeat of the woods pulsing through their very bones once again. The crystal glowed softly against Miren's chest, as if",aa_cross
conv_34a66c99abe94e008bacb405e83c8f3f,"a small, forgotten town nestled deep in the heart of the whispering woods. The town, known to the few who remembered it as Eldrid, was a place of crumbling stone cottages and overgrown gardens where wildflowers pushed through ancient cobblestones. Mist clung to the streets each morning like a living veil, only to be slowly burned away by the hesitant sun. Eldrid's inhabitants were few, and those who remained spoke of a time when the town was vibrant, a center of trade where merchants came from distant lands to barter for the rare silverthorne blooms that grew only in these woods. But that was before the bloom of the silverthorne began to wither, and the merchants stopped coming. The townsfolk, once proud and bustling, dwindled as the years passed, leaving behind only the eldest families who felt too rooted to leave. Among them was Maren, a weaver whose fingers worked looms that had belonged to her grandmother and her grandmother before her. Maren’s days were spent creating intricate patterns and tapestries, each stitch a thread of memory woven into the fabric of Eldrid’s fading past. Her workshop sat at the edge of town, where the forest pressed closest, and sometimes she swore she could hear voices in the rustling leaves—whispers that seemed to carry the secrets of the woods. One evening, as the sun dipped below the horizon and painted the sky in hues of deep purple and orange, Maren closed her workshop and ventured deeper into the Whispering Woods than she had ever dared before. Something had called to her all day—a pull she couldn't name, insistent as the beating of her heart. The path she followed was overgrown and faint, but her feet moved with a strange confidence, as if guided by an unseen hand. The air grew thick with the scent of damp earth and something sweeter—a fragrance she recognized from childhood tales. There, in a clearing bathed in moonlight, stood a silverthorne bush, its blooms radiant and untouched by time. Maren approached, her breath catching in her throat. As she reached out to touch a flower, the petals began to glow with an ethereal light, and the whispers she'd heard for years crystallized into words. ""Weaver of memories,"" a voice whispered from the air, ""the time has come to mend what was once broken."" Maren's fingers trembled as the silverthorne bush pulsed with warmth beneath her touch. Images flooded her mind—Eldrid as it once was, vibrant and alive, but also something deeper: a pact made generations ago between the town and the forest, a promise to honor the land in exchange for its bounty. The silverthorne was the symbol of this bond, and now it was Maren’s task to renew what had been forgotten. She understood now why her grandmother's tapestries always featured the silverthorne at their center—they were maps, instructions woven in thread, guiding the way to restore the town's lost glory. Maren gathered the glowing blooms, their light a beacon in the darkening woods. With each step back toward Eldrid, the path seemed to brighten, and the whispers followed her like a gentle blessing. She knew what she must do—weave a new tapestry using",aa_cross
conv_5da754b0290141cc80c4b676ad446ab6,"a small village nestled in the heart of an ancient forest. The village, known as Willowbrook, was a place where time seemed to move a bit slower, and the people lived in harmony with the towering oaks and whispering pines that surrounded them. Moss-covered cottages with thatched roofs dotted the winding dirt paths, and the scent of woodsmoke and wildflowers filled the air. The villagers were simple folk, relying on the forest for their sustenance and the river that cut through the eastern edge of their settlement for fresh water and fish. Old Marris, the village elder, often said that Willowbrook had stood for three hundred years without a single dark day. He believed the forest itself watched over them, a silent guardian of their peace. However, as the seasons turned and the leaves began to burn with autumn colors, strange things began happening in Willowbrook. Children spoke of shadows that moved against the wind, and hunters returned empty-handed, speaking in hushed tones of creatures that eluded their sight, seeming to vanish into thin air. The village well, once a steady source of clear water, started to run murky and tasted of copper and earth. The livestock grew restless at night, bleating and lowing until dawn broke. Even the birdsong that usually filled the mornings had grown scarce, as if the forest itself was holding its breath. The villagers gathered in the central square, their faces etched with concern and fear. Old Marris stood before them, his weathered hands raised for silence. ""The forest speaks to those who listen,"" he said, his voice carrying across the anxious crowd. ""Something stirs within the ancient woods, and we must uncover the truth before it brings harm to our homes and families. We have faced trials before, and we will face them again, together."" A young woman named Elara stepped forward from the crowd, her dark hair braided with autumn leaves as was the custom of the village. ""I have been in the forest many times, and I know its paths well. I will go and see what has caused this unease. Perhaps I can find answers where others have found only questions."" Murmurs rippled through the gathering—some of approval, others of worry. Elara's father reached for her arm, his eyes filled with a mix of pride and fear. ""Be careful, my daughter,"" he said, his voice steady but tinged with concern. ""The forest has been kind to us, but even the gentlest stream can become a torrent."" Elara nodded, squeezing his hand before turning back to Old Marris. ""I will leave at first light,"" she declared. ""And I will return with answers, or not at all."" The village elder placed a gnarled hand upon her shoulder, his eyes distant as though seeing something beyond the present moment. ""Take this,"" he said, pressing a small carved talisman into her palm—an ancient relic of the forest, said to protect those who ventured into its depths. ""May the spirits guide you, Elara,"" he whispered. As the sun began to sink below the treeline, painting the sky in shades of amber and rose, Elara returned to her cottage to prepare. She gathered provisions, a sturdy walking staff, and",aa_cross
conv_c04ea564ba1a40c9807f05507bdc7b82,"a quaint, forgotten village nestled between the rolling hills and whispering woods. The village, known as Emberwood, was said to be a place where time moved at its own slow rhythm, never quite keeping pace with the world beyond its borders. Here, moss crept along ancient stone cottages, and the winding cobblestone paths glimmered with the morning dew. The air was always filled with the sweet fragrance of blooming wildflowers and the distant song of birds that seemed to carry secrets of the past. At the heart of Emberwood stood an old, towering oak tree, its branches sprawling over the village square like protective arms. Beneath its shade, the villagers gathered for stories and celebrations, their laughter mingling with the gentle rustle of leaves. This oak was more than just a landmark; it was a symbol of unity and a connection to the village’s mysterious history. Local legend claimed that the tree’s roots twisted so deep they touched the memories of Emberwood itself, remembering every footstep and whispered promise ever made within its shadow. One such promise, spoken generations ago, was said to bind the fate of the village to a mysterious guardian who watched over Emberwood from the shadows of the forest. No one alive remembered the guardian’s name, but the older villagers sometimes nodded knowingly at a fleeting shape seen between the trees at dusk, or a sudden stillness in the air that seemed to watch over them. As the years passed, the villagers continued their simple, peaceful lives, but the legend of the guardian remained, a silent promise woven into the fabric of Emberwood. It was on an unusually bright spring morning, as the flowers bloomed more vividly than anyone recalled, that thirteen-year-old Elinor found herself inexplicably drawn to the old oak tree. Her heart raced with a mix of excitement and unease as she approached the ancient trunk, the sunlight dappling through the leaves above her. As she reached out and pressed her palm against the rough bark, something warm seemed to stir beneath her skin—a gentle thrum, as if the tree itself was waking. Suddenly, a low voice, barely more than a whisper, echoed in her mind. ""Elinor,"" it said, ""the time has come."" She stepped back, her eyes wide with wonder and fear, as a silvery shimmer danced along the sprawling roots. From the glimmer emerged a figure woven of moonlit mist—a figure both strange and familiar, eyes kind yet ancient. ""I am the guardian of Emberwood,"" the figure spoke, its voice resonating with the wisdom of countless years. ""The village is in your care now. The promise made long ago must be renewed, lest the shadows slip deeper into these woods."" As Elinor's awe transformed into resolve, she nodded, feeling the weight and honor of the task. ""I will protect Emberwood,"" she declared, her voice steady. The guardian smiled, a soft, reassuring smile that carried the warmth of ages. The village square seemed to glow brighter, as if blessing her vow. With the guardian’s form fading into the morning mist, Elinor stood beneath the great oak, ready to face whatever challenges lay ahead. The people of Emberwood, sensing the change, gathered around her, their faces alight with hope and anticipation. Together, they prepared to honor the ancient promise anew. As sunlight danced through the leaves and the woods held their gentle hush, Emberwood embraced its future—rooted in old magic,",aa_cross
conv_320368511ab74cf597669a178dd61b34,"Ella, a young woman with a heart full of dreams and a spirit that knew no bounds. She lived in a quaint village nestled between rolling hills and a sparkling river, a place where stories grew wild among the wildflowers and every morning brought the bright promise of something new. Ella would wake before dawn, stealing down the dew-lit path to the river’s edge, where the water whispered secrets of the world beyond her village. She would sit by the bank, her journal in hand, capturing the tales and visions that danced in her imagination. Some days, she wrote of distant cities made of glass and light; other times, she dreamed of ancient forests where trees moved and spoke in voices softer than the rustling leaves. Her favorite stories, however, were the ones that mingled real and fantasy, where the villagers might find themselves on unexpected adventures, guided by the gentle hand of fate and a dash of magic. Deep down, Ella hoped that life would soon mirror her stories—that something wondrous might find her, too. One golden afternoon, as the sun painted the sky with hues of orange and pink, Ella returned from her usual spot by the river, her mind buzzing with a new tale. As she passed the cluster of homes with their red-tiled roofs, she caught sight of a flicker—a movement near the well. Curious, she approached and found a small crowd gathered, tones. In the center of the gathering stood a stranger, his clothes travel-worn, his eyes bright and curious. He held something wrapped in velvet, clutching it close as secret. The stranger smiled at the villagers, then slowly unwrapped the velvet to reveal a tiny, intricately carved box. Curious gazes lingered on the object, but no one dared to speak. Ella, driven by her insatiable curiosity, edged forward. The stranger noticed her and held out the box, his eyes twinkling with a mix of mystery and warmth. “Would you like to open it?” he asked, his voice gentle, like distant thunder wrapped in velvet. The villagers collectively held their breath as Ella hesitated, her heart pounding with a mix of excitement and apprehension. Slowly, she reached out and took the box, feeling its weight in her hands. The wood was smooth and strangely warm to the touch. With trembling fingers, she lifted the delicate clasp. As the lid creaked open, a soft glow spilled out, illuminating the faces around her. Inside the box lay a single, shimmering crystal, pulsating with a gentle, otherworldly light. The stranger smiled, his eyes reflecting the glow. “This is a story seed,” he whispered, “a gift for one with a heart open to wonder.” The crystal hovered above Ella’s palm, as if held by an invisible thread. The villagers gasped, their eyes wide with amazement. “What should I do with it?” Ella asked, her voice charged with a tremor of hope and fear. The stranger replied, “Plant it where dreams feel most real. It will grow into what you need most.” Trusting her heart, Ella hurried back",aa_cross
conv_b8bd22f858184e799a46041b7a367ef2,"a small, sleepy town nestled in the heart of the forest, where the sun peeked through the canopy of ancient oak and pine trees, casting dappled shadows across mossy roofs and winding cobblestone streets. In the early morning, mist curled gently around the base of the old clock tower, its hands forever stuck at three. The townsfolk, a close-knit community of artisans and farmers, began their day with the soft clanging of the blacksmith's hammer and the sweet scent of fresh bread wafting from the baker’s windows. Children chased each other down the lane, their laughter mingling with the chatter of birds. All seemed perfectly ordinary, until a strange, old carriage pulled into the town square. The horses, though weary, were magnificent, their coats gleaming despite the dust of the long journey. The carriage door swung open with a groan, and out stepped a tall woman in a deep blue cloak, her face half-hidden beneath a broad-brimmed hat. She paused, surveying the town with a keen, appraising eye. The town’s chatter dimmed as curious eyes turned to the new arrival. The woman walked with a purposeful stride, her boots making a rhythmic thud on the stones. She stopped in front of the dilapidated inn, its sign swaying gently in the breeze, and rapped twice on the weathered wooden door. After a moment, the door creaked open, revealing a middle-aged man with a kindly face and a bushy beard. He looked surprised but recovered quickly, giving her a polite nod. “Can I help you, miss?” he asked, his voice soft yet wary. The woman smiled—a thin, mysterious smile. “Good morning,” she replied, her voice as smooth as honey. “I’m looking for a room. I’ve heard this town has a certain charm, and I’d like to rest awhile.” She glanced around, noting the gathering onlookers with amusement. “Perhaps you could also tell me about the old clock tower? The one that’s always stuck at three.” The innkeeper’s eyes twinkled with a mix of curiosity and intrigue. “Ah, the clock tower. It’s been a topic of stories for years,"" he said, stepping aside to let her in. ""Some say it stopped the night the moon turned red. Others think it waits for the right person to set it going again. But enough of that—let’s get you settled in. We don’t often have visitors, so it’s a treat for us. Make yourself at home."" She nodded gratefully, crossing the threshold as the innkeeper led her to a cozy room overlooking the square. From her window, the clock tower loomed, its silhouette a constant reminder of the mysteries that lay hidden within the town. As she unpacked her belongings, the woman couldn’t help but feel a sense of anticipation. The clock tower and the truth it guarded seemed to call to her, whispering promises of secrets only she could unlock. That night, as moonlight crept across her floor, she lay awake, her mind racing with possibilities. The next morning, she would begin her search, unraveling the threads of the town’s enigmatic past. Little did she know, the answer she sought was not just mechanical, but woven through the hearts of the townsfolk and the silence of the forest. As dawn’s first light touched the clock",aa_cross
conv_1ef503f8e6804a4e93cf8f206c4aee03,"a small village nestled deep within the whispering woods, where the trees loomed so tall that they seemed to touch the sky. The villagers lived in harmony with nature, their lives intertwined with the rhythms of the forest. Each morning, the children would wake to birdsong and the dappling of golden light on their faces, while the elders gathered herbs and listened to the ancient wisdom of the forest. One day, a mysterious stranger arrived, his cloak as dark as the midnight sky and his eyes shimmering with an otherworldly light. He did not speak at first but stood at the edge of the great clearing, studying the villagers with a gaze both curious and grave. The bravest of the elders, Mira, approached him with a steady heart, offering the traditional greeting of peace. ""Welcome, traveler,"" she said, her voice clear and warm. ""We are the people of the forest, and we welcome all who come seeking friendship or shelter."" The stranger inclined his head, his expression softening just a little. ""Thank you, wise one,"" he replied, his voice like the rustling of leaves in the wind. ""I come from a place far beyond these woods, seeking a secret that only this forest holds. I have heard tales of a hidden light—one that glows only in the heart of the oldest tree, deep in these woods. The stories say it has the power to heal what is broken."" The villagers were intrigued and a bit wary, but Mira, ever the custodian of their ancient knowledge, thought carefully before responding. ""The light you speak of is indeed a powerful and sacred thing,"" she said, fixing the stranger with her steady gaze. ""It is not easily found, nor freely given. Only those who prove their heart true, by the trials of the forest, may glimpse its glow. If you are willing to undertake these trials, we will guide you to the beginning of your journey."" The stranger’s eyes gleamed with determination and a hint of gratitude. ""I accept,"" he said, bowing his head. A hush fell over the gathering as Mira stepped forward, tracing a spiral in the soft earth with her staff. ""Then let the trials begin,"" she declared, her voice echoing through the clearing. ""You must face the challenges of the forest, proving your courage, wisdom, and kindness—not just to us, but to the living woods themselves. Walk where the moonlight weaves through the roots, listen for the song of the silent brook, and help those in need along your path. Only by doing so will the forest reveal its secrets to you."" The stranger nodded, his resolve unshaken. With a final nod to Mira and the gathered villagers, he stepped into the shadowed wood, the towering trees parting to reveal a path bathed in dappled silver. As he vanished into the depths, the villagers watched with a mix of hope and trepidation. Mira turned to her fellow elders and the children, a resolve in her eyes. ""We must prepare for what the stranger’s journey may bring. The forest tests all—sometimes changing those who enter, and sometimes changing us. Let us watch, listen, and be ready to greet both the light and the shadows that may return with him."" And so, the village braced itself, their hearts and spirits united, as the stranger embarked on a journey that would determine not only the fate of a solitary traveler, but the destiny of their village and the ancient woods themselves. In the hush that followed his departure, hope flickered like a lantern in",aa_cross
conv_18e7fa5664874ead8907eb3433b94eb5,"a quaint little village nestled in the heart of a vast, emerald forest, where the trees whispered secrets of old and the river sang a soothing song as it wound its way between mossy stones. In this village lived a young girl named Lira, who was known for her curious spirit and the tiny bells she wore around her ankles, which chimed softly with every step she took. Lira’s favorite pastime was exploring the forest, seeking out hidden glades and ancient trees that seemed to know her by name. One misty morning, as sunlight trickled through the canopy in golden threads, Lira followed a new path she’d never noticed before. The path was overgrown with wildflowers and twining vines, leading her deeper into the forest than she had ever gone. As she walked, the air grew cooler, and the sounds of the village faded away, replaced by the gentle hum of unseen creatures. Lira’s bells tinkled quietly, their sound seeming almost magical in the hush. She rounded a bend and found herself in a clearing where a single, enormous tree stood at the center. Its trunk was wider than any house, and its branches stretched out like the arms of a giant, sheltering the clearing in a gentle embrace. Sunlight spilled through the ancient leaves, casting shimmering patterns on the grass below. At the base of the tree, Lira noticed a small, intricately carved door, barely bigger than her hand. It was a door she had never seen before, and it pulsed with a faint, golden light that shimmered like sunlight caught in morning dew. Lira knelt down, curiosity overriding her hesitation, and traced the carvings around the door with her fingertips. They were symbols she didn’t recognize, yet they seemed to tell a story of their own. As she touched the center of the door, it warmed beneath her skin, and a gentle hum vibrated through her fingertips. Suddenly, the door creaked open just enough to reveal a tiny staircase spiraling downwards into the unknown. Lira’s heart raced with excitement and a touch of nervousness. She took a deep breath, the smell of damp earth and moss filling her lungs, and stepped through the doorway. The gentle chime of her bells was muffled by the ancient earth as she descended the winding stairs. The golden glow grew stronger with each step, guiding her deeper into the heart of the tree. The air grew warmer, and the walls around her seemed to pulse with a life of their own. Lira felt a strange connection, as if the tree remembered her, or perhaps awaited her arrival. At last, she stepped into a round chamber lit by glowing veins woven through the wood. In the center stood a small, ancient stone pedestal, upon which rested a delicate, shimmering orb. The orb pulsed in time with the heartbeat of the tree, and as Lira approached, it cast a gentle warmth that filled her with calm and belonging. She reached out, her fingers brushing the glowing surface. The orb responded with a ripple of light, and in that moment, Lira felt a surge of knowledge and understanding flow into her. The tree’s memories and the ancient wisdom of the forest were shared with her, a gift from the guardians of the land. With newfound purpose, Lira realized she was chosen to be the keeper of the forest’s secrets, its protector and friend. As she cradled the orb, gentle voices",aa_cross
conv_24978713ad074a04a9ea3ef06c1372f5,"a young girl named Elara who lived in a village nestled at the edge of a vast, enchanted forest. The forest was known for its ancient trees and mysterious creatures, and Elara had always been both fascinated and frightened by the tales whispered among the villagers. They said that if you ventured too deep beneath the emerald canopy, the mossy silence could lead you to hidden glades where fairies danced and sprites played. Despite her curiosity, Elara had never dared to stray far from the village paths. However, one day, as she carried a basket of wildflowers home from the meadow, she spotted a glimmering blue light flickering just beyond the treeline. It darted and shimmered, almost was calling to her, weaving between the roots and branches with playful urgency. Elara’s heart pounded with excitement and a touch of fear, but her feet seemed to move of their own accord. She followed the light deeper into the forest, her basket dangling from her fingers, flowers spilling onto the forest floor behind her. The further she went, the more the air shimmered with possibility, and an unfamiliar melody drifted between the trunks—soft and sweet, yet haunting. Suddenly, the blue light paused before a large, ancient oak whose trunk was hollowed out into a natural archway. The light danced around the opening, almost as if inviting her to step through. Elara hesitated, but something gentle nudged her from behind—a curious breeze, scented with wild honey and pine. Summoning her courage, she ducked beneath the archway and into a hidden garden bathed in a soft, ethereal glow. The air was filled with the dancing light of hundreds of fairies, their wings glinting like dewdrops in the early morning sun. They hovered amid blossoms of colors Elara had never seen before, petals unfurling and closing to the rhythm of melodious laughter. At the center of the garden small, crystal pond, its surface so still it seemed to hold another world beneath it. The blue light that had lured Elara here drifted above the water and, with a gentle hum, it began to descend. As it touched the surface, ripples spread out in concentric circles, each one reflecting a different scene from Elara's life: her mother’s warm embrace, her laughter with friends, evenings spent reading by the hearth. But then the ripples shifted; now they showed unknown faces, places beyond her village, adventures yet to come. The fairies around her seemed to be whispering, their voices blending into a harmonious chorus that spoke of destiny and the courage to seek one’s own path. Slowly, Elara realized this was not only a magical garden, but a crossroads—a place where choices were made and journeys began. With a deep breath, she stepped forward, her heart full of wonder and a newfound resolve. The blue light rose to meet her, and as she closed her eyes, she felt gentle hands guiding her onward—light as gossamer, yet filled with purpose. When Elara opened her eyes again, she found herself standing at the forest’s edge, the sun",aa_cross
conv_e9071688131c4ce89808855b1b96ae02,"a small, forgotten village nestled deep within the heart of an ancient forest, where the trees whispered secrets of the past and the river sang tales of the lost. In this village, the air always smelled faintly of moss and wildflowers, no matter the season. The houses, stitched together from crumbling stone and weathered wood, clustered around a central green where a gnarled oak stood as a sentinel of time. Beneath its spreading branches, the villagers would gather to share stories and dreams, their voices mingling with the rustle of leaves overhead. It was here, on fog-laced autumn evenings, that the oldest among them would speak of things seen and unseen—of spirits that roamed the forest, of a hidden spring that granted wishes, and of a mysterious traveler who appeared once every hundred years to grant a single, profound boon. The children listened with wide eyes, clutching one another when the wind howled just so. But none were as curious as little Mira, who had always felt the forest’s call tugging at her heart. Every chance she got, Mira would slip away into the woods, following paths that seemed to appear only for her. She believed that if she listened closely enough, the forest would reveal its secrets. One late afternoon, golden light filtering through the high boughs, Mira wandered farther than ever before. The air shimmered with a mysterious energy, and the usual forest sounds were replaced by an eerie silence. Suddenly, she stumbled upon a clearing she had never seen, where the ground was covered in tiny, luminescent flowers that pulsed softly with each of her breaths. At the center stood an old stone well, entwined with ivy and inscribed with strange symbols. Mira approached the well, her heart pounding with a mix of fear and excitement. Peering into the depths, she could see nothing but a deep, inky blackness. A whisper, softer than a sigh, rose from the darkness below: ""Who seeks the promise of the old wood?"" Mira hesitated, then answered, her voice trembling but determined, ""I do. I am Mira, and I seek the truth hidden in these forests."" The air around her seemed to stir, and the well’s darkness began to swirl, forming shifting shapes—branches, faces, fleeting memories of laughter and tears. ""Then listen, Mira,"" murmured the voice, now gentle and wise. ""The forest holds many secrets, but the greatest of all is the bond between the land and those who call it home. You must find the heart of the forest, and bring back what you discover to your people, for only then will the silence lift and the dreams of the village be restored."" With that, the vision faded, the well's waters grew still once more, and the forest was silent. Mira stood there, absorbing the weight of what she had been told. She knew she had a quest before her, one woven from hope and mystery. As dusk settled gently onto the village, she turned and hurried home, her mind alive with wonder—ready to venture deeper and, perhaps, bring the village a new dawn of understanding and unity. The old oak in the green seemed to nod in approval as she passed, and the whispered secrets of the trees followed her home, now brighter, brimming with promise. With the first stars blossoming above the village, Mira smiled, feeling the forest’s blessing guiding her and",aa_cross
conv_4c0bdefc8e1b4445bc06b61b85a48ccc,"a village nestled deep in the heart of a vast, ancient forest. The village, known as Ealdwood, was a place where time seemed to move more slowly, and the air was sweet with the scent of blooming wildflowers and the soft chirping of birds. The villagers of Ealdwood lived in harmony with nature, their lives intertwined with the rhythms of the forest. They relied on the land for everything—from the wood they used to build their homes to the herbs and berries that flavored their meals. The villagers' days were filled with the gentle sounds of axes striking wood, the chatter of women gathering wild edibles, and the soft lowing of cattle grazing in the nearby meadows. One of the most respected members of the community was an elderly woman named Elara, a wise healer who knew the secrets of the forest’s plants and the ancient remedies passed down through generations. Her small cottage on the edge of the village was a haven of comfort and knowledge, filled with the fragrance of dried herbs and the soft glow of candles made from the wax of wild bees. Elara’s wisdom and kindness were a source of strength for the villagers, and many would visit her seeking advice or healing. As the seasons changed, so too did the types of ailments and troubles that the villagers would bring to Elara's doorstep, and she was always prepared to offer a listening ear and a skilled hand, whether it was to soothe a feverish child or to prepare a poultice for a sprained ankle. Her knowledge was not just of the physical, but of the heart and soul as well, and many a troubled villager had found solace in her compassionate presence, as she would sit with them by the fire, listening to their tales of sorrow and woe, offering words of comfort and guidance. As the years passed, Elara’s reputation as a healer and a wise woman grew, and her influence extended far beyond the boundaries of Ealdwood, attracting visitors from distant villages and towns, who would travel for days to seek her counsel and benefit from her extraordinary gifts. And though she remained humble and unassuming, Elara took pride in the community she served, knowing that her life’s work was not just about healing the body, but about nurturing the spirit and strengthening the bonds that held the villagers together, a sense of unity and belonging that was as essential to their well-being as the air they breathed and the earth they walked upon. As she grew older, Elara began to think about the legacy she would leave behind. She started taking young apprentices, teaching them the ways of the forest and the secrets of healing. Among them was a bright and curious girl named Aria, who showed a natural affinity for the healing arts and a deep love for the natural world. Elara saw great potential in Aria, and she began to groom her as her successor. Aria spent countless hours by Elara’s side, learning not only the herbal remedies and healing techniques but also the importance of empathy and community. As the years went by, Aria grew into a skilled and compassionate healer in her own right, and the villagers began to look to her as a trusted and capable successor to Elara. The older woman watched with pride as Aria earned the respect and love of the community, just as she had once done. When the time finally came for Elara to pass on the torch, she did so with a sense of peace and contentment, knowing that the village and its people were in good hands with Aria. And as she",aa_cross
conv_9778f6dd55374d96b95ce19447631fdf,"In the quaint town of Ravenswood, where the misty veil of morning lifted to reveal cobblestone streets and ancient oak trees, a mysterious shop stood tucked away on a forgotten alley. The sign above it was weathered, its letters faded, but still readable: ""Whispers and Wonders."" Few in Ravenswood knew of its existence, and even fewer had ventured inside, for the shop seemed to appear and disappear like a mirage, its presence whispered about in hushed tones among the townspeople. It was said that the shop's enigmatic proprietor, an old man named Silas, possessed an uncanny ability to uncover the deepest desires of those who dared to enter his domain, and that his wares were not of this world, for they seemed to shift and change like the shadows on a moonlit night, taking on forms that were both familiar and yet, utterly strange. The air around the shop was always tinged with the scent of old books and faint, exotic spices, as if the secrets of the world were contained within its walls. One evening, a young woman named Emilia, with hair as black as the night sky and eyes that shone like stars, found herself drawn to the shop, her feet moving of their own accord towards the door, which creaked softly as it swung open, inviting her into a realm of dusty shelves and flickering candlelight, where the whispers of ancient secrets filled the air. Emilia hesitated for a moment, her heart pounding in her chest, but her curiosity was too strong to resist. She stepped inside, and the door creaked shut behind her, enveloping her in a warm, golden light that seemed to seep from the very walls themselves. The air was thick with the scent of age-old parchment and something else—something faintly sweet and spicy. Shelves lined the walls, crowded with books of every size and color, their spines adorned with strange symbols and markings that seemed to shimmer and dance in the dim light, as if the books themselves were alive, waiting to impart their secrets to one brave enough to ask. As Emilia ventured further into the shop, a figure emerged from the shadows. It was Silas, the old man whose eyes held the wisdom of the ages, and whose smile seemed to hold a thousand secrets. He regarded Emilia with a gentle, knowing gaze, as if he had been expecting her all along, and said in a voice that was both reassuring and enigmatic, ""Welcome, Emilia. I have been waiting for you. What brings you to Whispers and Wonders tonight?"" The words hung in the air like a promise, and Emilia felt a shiver run down her spine as she met Silas's gaze, her heart pounding",aa_cross
conv_086bf9d86dea469dbc971214928f5ec2,"a small coastal town named Havenport, where the sea and sky seemed to merge into a seamless horizon. In the heart of Havenport stood an old, weathered lighthouse, its stone walls bearing the scars of countless storms and the passing of time. The lighthouse had been a beacon for sailors and fishermen for generations, its light cutting through the fog and darkness to guide them safely home. But as the years went by, the town’s harbor grew quieter, and the lighthouse keeper, an elderly man named Emmett, found himself with more time on his hands than he knew what to do with. He would often sit in his small cottage at the base of the lighthouse, poring over old nautical maps and journals, dreaming of the distant ports and tales of adventure that had once filled the town’s bustling docks. One day, as Emmett was sorting through a dusty trunk in the attic, he stumbled upon an old, leather-bound book with yellowed pages and a strange symbol etched into its cover. Curious, he opened the book to find pages filled with cryptic diagrams and notes in an unfamiliar language. As he flipped through the pages, a sense of unease settled over him, as if the book was exerting some kind of influence, drawing him in with its mysterious words and symbols. The air in the room seemed to grow colder, and the light from the lighthouse dimmed, casting long shadows across the walls. Emmett’s heart raced as he realized the book might hold secrets that were better left unspoken, secrets that had been hidden for years, perhaps even centuries. He tried to close the book, but his fingers seemed rooted to the pages, as if an unseen force was holding them there. Suddenly, a gust of wind blew through the open attic window, extinguishing the candle on the old wooden desk. The room plunged into darkness, and Emmett was surrounded by an unsettling silence, the only sound the creaking of the old lighthouse and the distant crash of waves against the shore. He felt a chill run down his spine as the realization dawned on him that he was not alone. A faint, whisper-like voice echoed around him, speaking in the same language as the cryptic notes in the book, the words indistinguishable but the malevolent intent clear. Emmett's heart pounded in his chest as he strained to see through the darkness, but the room remained shrouded in impenetrable black. The whispering grew louder, weaving around him like a sinister serenade. With a final surge of courage, Emmett flung his arms out to the sides, as if to ward off the darkness, and stumbled forward, desperate to escape the suffocating presence that seemed to be closing in on him. His hands found the edge of the desk, and he frantically searched for the candle, his fingers trembling with fear. Just as the whispers seemed to be on the verge of coalescing into a deafening scream, Emmett's fingers closed around the candle, and with a surge of adrenaline, he struck a match. The flame flickered to life, casting a warm glow that slowly pushed back the shadows. The whispers faded into silence, and the oppressive atmosphere dissipated. Emmett stood there, frozen, as the warm light danced across the room, illuminating the dusty trunks, the old maps, and the leather-bound book, which now lay closed on",aa_cross
conv_d67884e4c9c04edc8f594156de7976ec,"Elena, a young woman who lived in the heart of a vast, ancient forest. She was known throughout the village at the forest's edge for her knowledge of herbs and healing remedies, which she had learned from her grandmother, a respected wise woman who had spent her life studying the properties of the forest's plants. Elena's small cottage, surrounded by a garden of medicinal herbs, was a sanctuary for those seeking healing or advice. Despite her reputation, Elena often felt a deep connection to the forest that went beyond the practical use of its plants, a sense that the trees, the creatures, and the very earth itself held secrets and whispers that only she could hear. She would often wander into the forest, leaving the village behind, seeking the solitude and the wisdom that the forest offered. On one such journey, as the sun began to dip below the horizon, painting the sky in strokes of crimson and gold, Elena stumbled upon a hidden clearing, tucked away in a valley surrounded by towering trees that seemed to hum with an otherworldly energy. The air was filled with the scent of pine and the soft rustling of leaves, and in the center of the clearing stood an ancient, gnarled oak tree, its roots spreading out like veins across the earth, its branches twisted and tangled in a way that seemed almost... deliberate, as if the tree had been shaped by some unseen force over the centuries. The tree appeared to be the focal point of the clearing, and as Elena approached, she could feel a profound sense of peace and ancient knowledge emanating from it. She placed her hand on the trunk of the tree, feeling the rough, weathered bark beneath her fingers, and suddenly, visions began to unfold before her eyes, like the pages of a book turning rapidly. She saw the forest in its youth, vibrant and teeming with life, and then through the ages, as it bore witness to the rise and fall of civilizations, the ebb and flow of seasons, and the eternal cycle of birth, growth, and decay. The visions were fragmented and fleeting, but Elena felt a deep understanding of the forest's history and its intricate connection to all living things. As the visions faded, she realized that the tree had shared with her a profound wisdom, one that transcended the boundaries of time and space, and spoke to the very essence of existence. The tree's wisdom was both exhilarating and humbling, and Elena felt her own sense of purpose deepen. She knew that she had been chosen to carry on the legacy of her grandmother and the wisdom of the forest. With a renewed spirit, Elena left the clearing, her heart filled with a sense of wonder and her mind filled with the secrets and stories of the ancient forest. As she walked back to her cottage, the trees seemed to loom over her with a protective, nurturing presence, as if they too understood the sacred bond that had been forged. Elena returned to her village, her steps lighter and her spirit more at peace than she had ever known, and from that day forward, she tended to the forest and its creatures with a deeper understanding and reverence, her knowledge of herbs and healing now infused with the ancient wisdom of the forest. The villagers noticed a change in her, a quiet but powerful confidence that drew them to her more than ever before. Elena’s home became a beacon of hope and healing, a place where the boundaries between nature and nurture blurred, and where the wisdom of the forest flowed through her like a gentle stream, touching the",aa_cross
conv_1d9fc40aeae945d5bd47f9580152b4be,"two unlikely friends, a wise old owl and a curious young rabbit, who lived on the edge of a vast, enchanted forest. The owl, named Eldrin, had seen countless seasons come and go, his piercing gaze witnessing the forest's secrets and magic unfold under the light of the full moon. The rabbit, named Thistle, was always eager to explore and learn, herbig, expressive eyes sparkling with curiosity. Despite their differences, Eldrin and Thistle shared a deep bond, forged through many adventures and quiet, thoughtful conversations under the old oak tree that stood sentinel at the forest's edge, its gnarled branches twisted and tangled in a way that seemed almost magical. It was here that Eldrin would often perch on a high branch, while Thistle would nestle in the soft grass below, listening intently as the owl shared stories of the forest's ancient history and the creatures that dwelled within its depths, from the mischievous pixies who danced in the moonbeams to the gentle unicorns who drank from the crystal-clear streams that flowed like veins through the forest. One particular evening, as the sky painted itself in hues of orange and purple, Thistle looked up at Eldrin with a determined glint in her eyes, and asked the question that had been on her mind for many nights: ""Eldrin, what lies beyond the forest's edge, where the trees grow sparse and the ground turns to a vast, open meadow?"" Eldrin paused, his eyes reflecting the deep wisdom of his years. ""Beyond the forest, Thistle, lies a world of wonder and danger, where the sun dips into the horizon and paints the sky with colors that would put the forest's most vibrant wildflowers to shame. It is a place of rolling hills and hidden valleys, where rivers sing to the rocks and the stars tell tales of ancient heroes. But it is also a place where shadows move in the twilight and the wind whispers secrets to those who listen, a place where the unknown lurks in every silence and the thrill of discovery beckons to those brave enough to venture forth. Thistle’s heart raced at the thought of such a place. ""Will you come with me, Eldrin? To see these wonders and face the unknown together?"" Eldrin considered her request, his wise eyes searching the depths of Thistle's determination, and after a moment of silence, he spread his majestic wings, their soft feathers rustling in the fading light, and replied, ""I will, Thistle. Together, we will explore the meadow and uncover the secrets that lie beyond the forest's edge. But we must be prepared, for the path ahead will be fraught with challenges, and the darkness that falls beyond the trees can be treacherous. Yet, with courage and wisdom to guide us, I have no doubt that we will find what we seek and return with tales to enrich the hearts of our forest friends."" With a final nod, the two unlikely companions set off into the twilight, their journey beginning as the stars started to twinkle in the night sky, their footsteps quiet on the soft earth, and their spirits filled with a sense of adventure and possibility, as they vanished into the unknown, ready to write their own chapter in the grand story of the forest, their bond and determination forging a path that would lead them to discover hidden wonders, and to create a legend that would be told and retold for generations",aa_cross
conv_15296c71080a4ec0a92f255ebb3995a2,"a small village nestled deep within the mountains, where the air was crisp and the nights were filled with the soft howls of distant wolves. The villagers lived simple lives, tending to their fields and livestock, their days punctuated by the sound of rushing streams and the smell of wood smoke carried on the breeze. At the heart of the village stood an ancient inn, its wooden beams weathered by countless winters and its hearth always warm. The inn was a place of gathering, where stories were shared and friendships were forged over mugs of ale and plates of steaming food, freshly cooked by the innkeeper's wife, a stout woman with a kind heart and a talent for weaving tales into the fabric of her culinary creations. The village’s children would often gather around her in the early evenings, their eyes wide with wonder as she regaled them with stories of brave heroes and mysterious creatures that roamed the mountains, their whispers and laughter mingling with the crackle of the fire as they listened with rapt attention to tales of the Luminous Stag, a mythical creature said to possess antlers that gleamed like the stars themselves. Legend had it that whoever caught a glimpse of the Luminous Stag would be granted a wish from the ancient magic that dwelled within the mountains, a magic that was said to be woven into the very fabric of the forest, and that the stag's appearance was a rare and significant event. As the days turned into weeks, a sense of anticipation grew among the villagers. Elders spoke of signs and portents, and the young people of the village began to venture further into the forest than they ever had before, hoping to catch a glimpse of the elusive creature, their footsteps quiet on the moss-covered paths as they followed the faint glow of bioluminescent fungi that seemed to guide them deeper into the heart of the forest. One evening, as the sun dipped below the horizon and the first stars began to twinkle in the night sky, a young girl named Aria wandered farther than she ever had, the soft luminescence of the fungi illuminating her path as she moved with a sense of purpose. Her heart raced with excitement and a hint of fear, but she pressed on, driven by the tales of the Luminous Stag. The trees seemed to close in around her, their branches creaking softly in the evening breeze, and Aria felt as though she was being drawn into a secret world, one where the ordinary rules no longer applied. Suddenly, the forest opened up into a small, hidden glade bathed in a gentle, ethereal light. In the center of the glade stood the Luminous Stag, its antlers shining with a soft, starry light that seemed to pulse with an otherworldly energy. Aria held her breath, her heart swelling with awe and wonder. The stag lifted its head, its eyes meeting hers with a depth of wisdom that seemed to span centuries, and Aria felt her very soul being seen and understood. The stag's gaze was like a gentle breeze on a summer's day, soothing and calming, and yet it also stirred something deep within her, a sense of purpose and destiny she had never fully understood before. The Luminous Stag took a step closer, and Aria could feel the warmth of its breath on her skin, carrying the scent of wildflowers and damp earth. She reached out a hand, hesitantly, and to her",aa_cross
conv_18968c3dc28349bca7a0aa79a18a1e67,"a small, forgotten village named Eldoria, nestled between the whispering forests and the rolling hills. Eldoria was once a bustling community, filled with the sounds of laughter and industry, where the air was sweet with the scent of freshly baked bread and the smell of hot metal from the village blacksmith. However, as years passed, the once-bustling village began to decline. Young people moved to the cities in search of better opportunities, leaving behind only the elderly and a few stubborn souls who refused to abandon the land that had been in their families for generations. The village elder, a wise and kind woman named Aria, remained a steady presence, tending to the village's needs and keeping the spirits of the remaining villagers alive. Despite the hardships, Aria organized weekly gatherings at the old town square, where they shared stories, sang songs, and found comfort in each other's company. The gatherings became a beacon of hope in the fading light of Eldoria, and it was there that the villagers would often speak of the old days, when the village was vibrant and full of life. They would recount tales of the great harvest festivals, the lively markets, and the annual fair where traveling performers and merchants would come to showcase their exotic wares and dazzling skills, bringing a touch of magic and wonder to the village. The villagers' eyes would sparkle as they reminisced about the times when the village was filled with the laughter of children and the cheerful chatter of friends. But as the night fell and the fire in the square cast long shadows, a new whisper began to circulate among the villagers, a whisper that spoke of a long-forgotten prophecy, one that foretold of a time when Eldoria would be reborn, its fields once again fertile, its streets bustling with life. The prophecy spoke of a chosen one who would return to the village and bring about a new era of prosperity and hope. Aria, with her wise and knowing eyes, would listen to the whispers, a hint of a smile playing on her lips, as if she held a secret that only she knew. As the days turned into weeks, the villagers began to notice small but significant changes. Strangers started to appear, drawn by the whispers of the prophecy. Some came out of curiosity, while others seemed driven by a sense of purpose, as if they were being pulled to Eldoria by an unseen force. Among them was a young woman, with piercing green eyes and a determined spirit. Her name was Elara, and she carried with her an air of mystery and a deep connection to the land. Elara's arrival sparked a newfound energy in the village, and the villagers, sensing that something significant was unfolding, began to look at her with a mixture of curiosity and hope. Aria, the village elder, watched Elara closely, her heart filled with a mixture of anticipation and a gentle, wise certainty. One evening, as the villagers gathered around the fire, Aria approached Elara and, with a warm, knowing smile, placed a gentle hand on the young woman's shoulder, and spoke in a voice that was barely above a whisper, yet carried the weight of ancient wisdom. ""Elara, the time has come. The prophecy speaks of you, the one who will bring renewal to Eldoria. You are the hope we have been waiting for, the key to unlocking the village's true potential. The land has been waiting for you, and now, with your presence, the seeds of renewal can",aa_cross
conv_36f85df67b4b4051a6b71b346809e18b,"a quaint little village nestled between rolling hills and a whispering forest. The villagers lived in harmony with nature, their lives a tapestry of simple joys and shared traditions. At the heart of the village stood an ancient oak tree, its gnarled branches a symbol of strength and endurance. Beneath its sprawling canopy, the villagers would gather to share stories, celebrate festivals, and make important decisions. It was a place where the young and old alike felt a sense of belonging and connection. One sunny afternoon, a mysterious traveler arrived at the edge of the village. Clad in a cloak of deep green, the traveler carried a staff adorned with strange, twinkling symbols. The villagers, curious and welcoming, invited the traveler to rest and share a meal. As the sun began to set, the traveler accepted, and the village elder, a wise old man named Elric, led the way to the common hall. There, a warm fire crackled in the hearth, and the aroma of roasted herbs and fresh bread filled the air. The traveler, whose name was revealed to be Lyra, shared tales of far-off lands and ancient wisdom. Her words were like a gentle breeze, stirring the hearts and minds of the listeners. She spoke of forgotten cities buried under the earth and of magical creatures that roamed the uncharted forests. As the night deepened, the villagers found themselves entranced by her stories, their imaginations soaring beyond the confines of their small village. Lyra then mentioned a legendary artifact hidden deep within the forest, a gemstone said to hold the power to heal any ailment and bring prosperity to those who possessed it. The village, long suffering from a mysterious blight that had affected their crops, saw in Lyra’s words a glimmer of hope. A young villager named Aria, known for her courage and kindness, stood up and declared her intention to find the gemstone. The villagers, moved by her bravery, rallied around her, offering words of encouragement and gifts to aid her journey. Elric, the village elder, bestowed upon her a map marked with ancient runes, said to lead to the heart of the forest where the gemstone was hidden. With a determined heart and the support of her community, Aria set out at dawn, ready to face whatever challenges lay ahead. The village watched from the edge of the trees, their hearts full of hope and a hint of apprehension. As Aria disappeared into the forest, the villagers returned to their homes, their minds filled with visions of a brighter future. They knew that Aria's journey was not just a quest for a gemstone but a journey that could change the fate of their village forever. In the days that followed, the villagers kept the spirit of the ancient oak tree alive, praying for Aria’s safe return and the fulfillment of her noble mission. They continued their daily lives with a renewed sense of purpose, knowing that their village’s future was in the hands of a brave and determined young woman. And as the seasons changed, the villagers kept the memory of Aria’s departure alive, passing her story from one to another. They tended their fields with renewed vigor and watched the skies for any sign of her return. One crisp autumn morning, just as the leaves began to turn, a figure emerged from the forest, carrying a small, glowing stone. It was Aria, her face radiant with triumph and exhaustion. The villagers rushed to greet her, their欢呼声.fill the air. Aria held up the gemstone, its",aa_cross
conv_0df93b0a16cc43bc81ca20dd9e9eb410,"two old friends, Amelia and Theo, who, after years apart, find themselves reunited under mysterious circumstances. Amelia, a librarian with a penchant for discovering lost tales, had stumbled upon an ancient manuscript that hinted at an enigmatic society hidden within the city they both once called home. The manuscript spoke of secret meetings and coded messages, of ancient rituals and powerful artifacts. Driven by curiosity and the thrill of a new adventure, Amelia reached out to Theo, her childhood friend who had become a renowned archaeologist. She believed that with his expertise, they could unravel the mysteries the manuscript hinted at. Theo, intrigued and always up for a challenge, immediately agreed to meet her at their old meeting spot, the small, ivy-covered café where they had spent countless afternoons dreaming of far-off places and ancient secrets. The café hadn’t changed much over the years, with its cozy nooks and familiar scent of freshly brewed coffee. As Amelia waited, she ran her fingers over the worn pages of the manuscript, noticing the intricate symbols and detailed illustrations that seemed to come alive under her touch. The door of the café jingled as it opened, and in walked Theo, his eyes lighting up with the same excitement and warmth she remembered. They hugged, the years melting away in that moment. ""I can't believe you're here,"" Amelia said, gesturing to the table where the manuscript lay open. ""And I can’t believe what you’ve found,"" Theo replied, his curiosity piqued as he leaned in to examine the ancient pages. ""It’s incredible, isn’t it? I’ve been poring over this for weeks, but I need your help to make sense of it all,"" Amelia said, her eyes shining with enthusiasm. ""Where do we start?"" Theo asked, already feeling the thrill of the unknown. ""Well, the manuscript mentions a series of hidden locations around the city, each marked with a specific symbol. We need to find these symbols and see where they lead us,"" Amelia explained, tracing one of the symbols with her finger. ""It looks like we’re going on a treasure hunt,"" Theo said with a grin. ""But this isn’t just any treasure. This could be something truly historic."" They spent the next few hours poring over the manuscript, mapping out the symbols and discussing possible locations. The café’s ambient chatter and the gentle hum of the coffee machine provided a comforting backdrop to their intense discussion. As the sun began to set, casting a warm golden light through the café windows, they finally agreed on their first destination. ""Are you ready to see what the city has been hiding all these years?"" Amelia asked, her voice tinged with excitement. ""I’ve been ready my whole life,"" Theo replied, standing up and pulling on his jacket. ""Let’s go unlock the secrets of the past."" Hand in hand, they stepped out of the café, ready to embark on an adventure that would change their lives forever. The city awaited, its hidden secrets ready to be uncovered by two old friends reunited by fate and driven by the thrill",aa_cross
conv_83e51c6a6de5457abd7ec3c607dd3d43,"a small village nestled at the foot of the Enchanted Mountains. The village, known as Whisperwood, was a place of ancient traditions and deep mysteries. Among its inhabitants was Eldric, a wise and venerable old man known for his vast knowledge of the region’s history and its hidden secrets. Eldric was often seen wandering the forest edges, his gray beard fluttering in the breeze, as he collected herbs and told tales to the children who followed him with wide-eyed wonder. One crisp autumn morning, Eldric noticed a peculiar change in the air—a subtle shift that only someone as attuned to nature as he could perceive. The leaves, usually vibrant with the colors of fall, seemed to lose their luster, and the usual songs of the forest birds were quiet, almost as if they were holding their breath. Eldric’s heart grew heavy with a sense of foreboding. He decided to gather the village elders to discuss the strange occurrences. As he made his way to the center of Whisperwood, where the ancient oak stood, the villagers began to notice the old man’s concerned demeanor. Whispers spread quickly, and soon the square was filled with anxious faces. Eldric climbed the steps to the ancient oak, its gnarled roots and sprawling branches a symbol of the village’s enduring strength. He cleared his throat, and the murmur of voices subsided. ""Friends of Whisperwood,"" Eldric began, his voice steady yet grave, ""I have observed things that trouble me deeply. The forest speaks of a darkness that approaches, a shadow that threatens to engulf our lands. We must act swiftly and with unity to protect our home. I propose we send a delegation to the Enchanted Mountains to seek the counsel of the ancient guardians. They may hold the key to understanding and repelling this threat. Who among you will join me on this perilous journey?"" Eldric’s words stirred the hearts of the villagers, and several brave souls stepped forward, ready to face the unknown for the sake of their home. Among them were Mara, the village healer with a deep connection to the earth, and Thorne, a skilled woodsman known for his courage and strength. With a nod of approval, Eldric gathered the small group and led them to prepare for their journey. As the sun set, casting long shadows across the village, the group stood at the edge of the forest, their resolve firm. Eldric raised his hand in a final gesture of farewell to the villagers who had come to see them off. ""May the spirits of the forest guide and protect you,"" he said, his voice carrying the weight of ancient blessings. With a deep breath, the group stepped into the unknown, their hearts filled with hope and their minds focused on the task ahead. As they vanished into the shadows of the forest, the villagers watched in silence, their eyes lingering on the path until it was nothing but a faint trail in the gathering twilight. The air was thick with anticipation, and the weight of their community’s future rested on the shoulders of the brave few who ventured forth. Eldric, leading the group with a steady pace, felt a mix of resolve and anxiety. He knew the journey ahead would be fraught with challenges, but the safety of Whisperwood depended on their success. As they delved deeper into the forest, the trees grew taller and the air cooler, the world shrinking to the narrow path before them. The only sounds were the soft",aa_cross
conv_849f626d0c914b818c0c911f43a97514,"two unlikely friends, a young girl named Emma and a wise old tree known as Elwood. In the heart of a vast, whispering forest, where the trees stretched their branches towards the sky like ancient sentinels, Emma and Elwood would meet every afternoon. Emma, with her curious eyes and untamed hair, would sit at the base of Elwood’s robust trunk, her small back against the rough bark. She would bring stories of the world beyond the forest, of bustling towns and colorful festivals, while Elwood would share tales of the forest's deep history, of the creatures that dwelled in its shadows and the secrets hidden beneath the soil. As the sun filtered through the leaves, casting dappled shadows on the forest floor, Emma would listen intently, her imagination soaring with each word. Sometimes, Elwood would whisper about the ancient magic that flowed through the roots of the forest, a magic that connected every living thing. On one such afternoon, as the air was filled with the scent of pine and earth, Elwood told Emma about a legendary flower known as the Heart of the Forest. It was said to bloom once every hundred years, and whoever found it would be granted a wish that could change their life forever. Emma’s eyes sparkled with excitement. “Do you think it’s real, Elwood?” she asked, her voice filled with hopeful curiosity. Elwood’s branches rustled gently, as if nodding. “Many have searched, but few have found it,” he replied. “But if anyone has the spirit to discover the Heart of the Forest, it is you, Emma. You have the heart of an explorer and the courage to seek the unseen.” Emma’s smile grew wide, and she hugged the tree’s trunk tightly. “We’ll find it together, Elwood! I promise.” And so, with renewed determination, Emma began to explore the forest, her days filled with adventures and discoveries. She learned the language of the birds, the secrets of the streams, and the whispers of the wind. Each day, she returned to Elwood to share her findings, and each day, Elwood shared his wisdom and guidance. As the seasons changed, the bond between the young girl and the ancient tree grew stronger, and the forest seemed to come alive with their shared journey. The Heart of the Forest remained a elusive goal, but Emma knew that the true treasure was the friendship they had forged and the lessons they had learned together. And so, as the years passed, Emma grew, her heart full of the magic of the forest and the wisdom of her dear friend, Elwood. In the end, whether or not Emma ever found the Heart of the Forest didn’t matter as much as the love and knowledge she carried with her. Elwood stood as a silent witness to her growth, a timeless guardian of their shared legacy. And though the forest held many more secrets, the most profound of all was the enduring connection between a young girl and an ancient tree, a bond that transcended time and rooted itself deep within the heart of the forest. Emma and Elwood’s story became a legend, whispered among the leaves, a tale of friendship and the magic that lies within the simplest of moments. And so, the forest continued to thrive, its ancient heart beating strong, as new generations of young explorers ventured into its embrace, inspired by the tale of Emma and Elwood. The forest, with all its whispers and wonders, remained a place where dreams could come true and",aa_cross
conv_89c76f5f7f3a4f5ab81db81e505218b0,"Elena, a young woman with a dream as vast as the ocean she loved. Born in a small coastal town, Elena spent her days wandering the shore, collecting seashells and stories from the old sailors who stopped by the dock to share tales of distant lands and fantastical creatures. Her favorite stories were those of the ancient mariners who sailed beyond the horizon and returned with treasures and secrets from the unknown. These stories kindled a fire in Elena’s heart, a desire to explore the world and uncover its mysteries for herself. As she grew older, Elena's passion only deepened. She would often be found sketching maps in the sand, plotting routes to far-off islands and imagining the adventures that awaited her. Her evenings were spent in the town's small library, poring over ancient texts and charts, learning all she could about navigation, the stars, and the whims of the ocean. Elena's parents, though proud of their daughter's curiosity, worried about the dangers of the life she aspired to lead. They often reminded her of the storms and treacherous seas that could turn the bravest of sailors into mere memories. Yet, Elena's resolve was unshakable. She knew that the sea was both her destiny and her home. One evening, as the sun set in a blaze of orange and gold, Elena stood at the edge of the cliff overlooking the vast expanse of water. She made a promise to herself that she would set sail before the year's end, no matter the challenges. With a heart full of dreams and a mind armed with knowledge, she was ready to embark on the adventure of a lifetime. The wind whispered her name, and the waves seemed to call out to her, urging her forward. Elena took a deep breath, smiled at the horizon, and knew that this was just the beginning. She returned to her small house by the shore, where she began to prepare for her journey. Each night, she worked tirelessly, packing supplies, mending sails, and writing letters to the old sailors who had once shared their wisdom with her. They were not just stories to her anymore; they were her guides, her mentors, and the foundation of her dream. As the weeks passed, Elena's preparations drew the attention of the townspeople, who began to whisper among themselves. Some admired her courage, while others feared for her safety. But Elena remained undeterred, her focus unwavering. Finally, the day arrived. The sun rose in a clear sky, and a gentle breeze promised fair sailing. Elena stood on the deck of her small but sturdy ship, the _Siren's Call_, as the townspeople gathered at the dock to see her off. Among them were the old sailors who had once shared their tales with her. Their eyes were filled with a mix of pride and nostalgia. As Elena raised her hand in farewell, a sense of unity and support washed over the crowd. The _Siren's Call_ began to move away from the shore, the sails billowing with the promise of new horizons. Elena's heart was both heavy with the bittersweet farewell and light with the thrill of the unknown. As the town faded into the distance, she turned her gaze forward, her eyes fixed on the horizon. The ocean stretched out before her, vast and mysterious, and she felt a",aa_cross
conv_6c04f338e4884130b378135748ddfd19,"Eleanor, a young woman with auburn hair and a curious mind, who lived in a small village nestled between rolling hills and vast, whispering forests. Eleanor had always been fascinated by the stories of ancient magic that lingered in the woods. Her grandmother, a wise woman known for her knowledge of herbs and folklore, had often spoken of the hidden paths and enchanted creatures that roamed those woods. These tales sparked a fire in Eleanor’s heart, fueling her desire to explore the mysteries that lay beyond the edge of the village. One crisp autumn morning, with the sun barely peeking over the horizon, Eleanor gathered her courage and packed a small satchel with supplies. She bid her grandmother a heartfelt farewell, promising to be cautious and return with tales of her own. As she stepped into the cool, misty forest, the familiar sights and sounds of home gradually faded into the background. The air thickened with the scent of damp earth and decaying leaves, and the rustling of the trees seemed to whisper secrets of the unknown. Eleanor followed a narrow, winding path that twisted deeper into the forest. The trees grew taller and closer together, their branches forming a canopy that filtered the sunlight into dappled patterns on the forest floor. The path was overgrown, and Eleanor had to push aside low-hanging branches and navigate around mounds of fallen leaves and twisted roots. Despite the challenges, her heart was light with the thrill of adventure. As she walked, the sounds of the forest shifted around her. The chirping of birds and the occasional snap of a twig underfoot gave way to a deeper, more ancient silence. Eleanor paused, her senses tingling with a feeling of anticipation. In the distance, she heard a soft, melodic hum, almost like the murmur of a distant waterfall. Curiosity piqued, she followed the sound, her steps growing more cautious. The path widened slightly, and the trees thinned enough to reveal a clearing up ahead. As she approached, the hum grew louder, and Eleanor could see the source of the sound. In the center of the clearing stood a shimmering pool, its surface perfectly still and reflecting the dappled sunlight above. The air around the pool seemed to vibrate with an otherworldly energy. Eleanor approached the water’s edge, her heart pounding with a mix of awe and apprehension. As she drew closer, the water began to ripple gently, despite the absence of any breeze. The hum grew more pronounced, and Eleanor felt a warm, comforting presence wash over her. She reached out tentatively, her fingers brushing the surface of the water. The moment her skin made contact, a surge of warmth flowed through her, and the pool suddenly erupted in a cascade of shimmering light. The water seemed to come alive, swirling and dancing around her hand. Eleanor gasped in wonder as visions began to appear in the water, each one more breathtaking than the last. She saw glimpses of ancient forests, towering mountains, and creatures she had only ever read about in her grandmother’s tales. The visions swirled together, painting a picture of a world filled with magic and mystery. As the visions faded, Eleanor felt a deep connection to the forest and its secrets. The pool calmed, its surface once again a mirror of the surrounding woods. Eleanor withdrew her hand, her mind racing with the knowledge and insights she had",aa_cross
