story_id,lag,mean_sim,n_pairs
188SQKM20FYzYRFIJ08U,1,0.60264504807336,42
188SQKM20FYzYRFIJ08U,2,0.5887395506951867,41
188SQKM20FYzYRFIJ08U,3,0.5841467097401619,40
188SQKM20FYzYRFIJ08U,4,0.5868766116790283,39
188SQKM20FYzYRFIJ08U,5,0.5769095460050985,38
188SQKM20FYzYRFIJ08U,6,0.566370455799876,37
188SQKM20FYzYRFIJ08U,7,0.5691279131505225,36
188SQKM20FYzYRFIJ08U,8,0.5497674116066524,35
188SQKM20FYzYRFIJ08U,9,0.5666411729419932,34
188SQKM20FYzYRFIJ08U,10,0.563631200429165,33
188SQKM20FYzYRFIJ08U,11,0.5571383181959391,32
188SQKM20FYzYRFIJ08U,12,0.5625055413092336,31
188SQKM20FYzYRFIJ08U,13,0.5564297497272491,30
188SQKM20FYzYRFIJ08U,14,0.5615004105814572,29
188SQKM20FYzYRFIJ08U,15,0.5529209843703679,28
188SQKM20FYzYRFIJ08U,16,0.5524650436860544,27
188SQKM20FYzYRFIJ08U,17,0.545751310311831,26
188SQKM20FYzYRFIJ08U,18,0.5580770576000214,25
188SQKM20FYzYRFIJ08U,19,0.5687017254531384,24
188SQKM20FYzYRFIJ08U,20,0.5738773890163588,23
188SQKM20FYzYRFIJ08U,21,0.5480141206221147,22
1jhKtdiCFYhLl4Itr0tM,1,0.6293351780623198,32
1jhKtdiCFYhLl4Itr0tM,2,0.6407663149218406,31
1jhKtdiCFYhLl4Itr0tM,3,0.6150076935688654,30
1jhKtdiCFYhLl4Itr0tM,4,0.6276960907311275,29
1jhKtdiCFYhLl4Itr0tM,5,0.615874962082931,28
1jhKtdiCFYhLl4Itr0tM,6,0.6029220554563735,27
1jhKtdiCFYhLl4Itr0tM,7,0.6092552061264331,26
1jhKtdiCFYhLl4Itr0tM,8,0.5876982545852661,25
1jhKtdiCFYhLl4Itr0tM,9,0.6223782251278559,24
1jhKtdiCFYhLl4Itr0tM,10,0.6026951942754828,23
1jhKtdiCFYhLl4Itr0tM,11,0.6216982548887079,22
1jhKtdiCFYhLl4Itr0tM,12,0.5881166060765585,21
1jhKtdiCFYhLl4Itr0tM,13,0.6232507497072219,20
1jhKtdiCFYhLl4Itr0tM,14,0.6026604457905418,19
1jhKtdiCFYhLl4Itr0tM,15,0.61376943356461,18
1jhKtdiCFYhLl4Itr0tM,16,0.5672722248470082,17
599Km2RY5nTNKI7vG2Wb,1,0.6189892100982177,39
599Km2RY5nTNKI7vG2Wb,2,0.5968317962006519,38
599Km2RY5nTNKI7vG2Wb,3,0.5899994043079583,37
599Km2RY5nTNKI7vG2Wb,4,0.5845754312144386,36
599Km2RY5nTNKI7vG2Wb,5,0.5910460097449166,35
599Km2RY5nTNKI7vG2Wb,6,0.5697714405901292,34
599Km2RY5nTNKI7vG2Wb,7,0.5817463425072756,33
599Km2RY5nTNKI7vG2Wb,8,0.5740363681688905,32
599Km2RY5nTNKI7vG2Wb,9,0.5830466555010888,31
599Km2RY5nTNKI7vG2Wb,10,0.5851535936196645,30
599Km2RY5nTNKI7vG2Wb,11,0.5856163789486063,29
599Km2RY5nTNKI7vG2Wb,12,0.5717386145676885,28
599Km2RY5nTNKI7vG2Wb,13,0.5707005251336981,27
599Km2RY5nTNKI7vG2Wb,14,0.5710638360335276,26
599Km2RY5nTNKI7vG2Wb,15,0.5668551480770111,25
599Km2RY5nTNKI7vG2Wb,16,0.578155342489481,24
599Km2RY5nTNKI7vG2Wb,17,0.5521790294543557,23
599Km2RY5nTNKI7vG2Wb,18,0.5610205612399362,22
599Km2RY5nTNKI7vG2Wb,19,0.583677419594356,21
599Km2RY5nTNKI7vG2Wb,20,0.5982190310955048,20
6Jv806AoPWPYePMobUvx,1,0.635910838842392,28
6Jv806AoPWPYePMobUvx,2,0.6300369732909732,27
6Jv806AoPWPYePMobUvx,3,0.624915226147725,26
6Jv806AoPWPYePMobUvx,4,0.6443115079402923,25
6Jv806AoPWPYePMobUvx,5,0.6248371563851833,24
6Jv806AoPWPYePMobUvx,6,0.6056264911008917,23
6Jv806AoPWPYePMobUvx,7,0.6184869273142382,22
6Jv806AoPWPYePMobUvx,8,0.6146406119778043,21
6Jv806AoPWPYePMobUvx,9,0.6144339755177498,20
6Jv806AoPWPYePMobUvx,10,0.6181947055615877,19
6Jv806AoPWPYePMobUvx,11,0.6182782120174832,18
6Jv806AoPWPYePMobUvx,12,0.6012408996329588,17
6Jv806AoPWPYePMobUvx,13,0.6109170038253069,16
6Jv806AoPWPYePMobUvx,14,0.6059835930665334,15
7wPRj5Wbc26nlx60LUT5,1,0.6398357521085178,34
7wPRj5Wbc26nlx60LUT5,2,0.6294299978198428,33
7wPRj5Wbc26nlx60LUT5,3,0.6472054943442345,32
7wPRj5Wbc26nlx60LUT5,4,0.6175799946631154,31
7wPRj5Wbc26nlx60LUT5,5,0.6237294028202692,30
7wPRj5Wbc26nlx60LUT5,6,0.6314213173142795,29
7wPRj5Wbc26nlx60LUT5,7,0.6089615161929812,28
7wPRj5Wbc26nlx60LUT5,8,0.6184379822678037,27
7wPRj5Wbc26nlx60LUT5,9,0.6307905385127435,26
7wPRj5Wbc26nlx60LUT5,10,0.6068521404266357,25
7wPRj5Wbc26nlx60LUT5,11,0.6149871411422888,24
7wPRj5Wbc26nlx60LUT5,12,0.6191454555677331,23
7wPRj5Wbc26nlx60LUT5,13,0.5990160459821875,22
7wPRj5Wbc26nlx60LUT5,14,0.6230610013008118,21
7wPRj5Wbc26nlx60LUT5,15,0.6336649954319,20
7wPRj5Wbc26nlx60LUT5,16,0.6155685233442407,19
7wPRj5Wbc26nlx60LUT5,17,0.615832656621933,18
9MYVXy4Nms9gfR1DI7NA,1,0.6428696497892722,39
9MYVXy4Nms9gfR1DI7NA,2,0.6375719136313388,38
9MYVXy4Nms9gfR1DI7NA,3,0.620656561207127,37
9MYVXy4Nms9gfR1DI7NA,4,0.6319065681762166,36
9MYVXy4Nms9gfR1DI7NA,5,0.627767356804439,35
9MYVXy4Nms9gfR1DI7NA,6,0.614586815237999,34
9MYVXy4Nms9gfR1DI7NA,7,0.6025958133466316,33
9MYVXy4Nms9gfR1DI7NA,8,0.6165053993463516,32
9MYVXy4Nms9gfR1DI7NA,9,0.5858519019619111,31
9MYVXy4Nms9gfR1DI7NA,10,0.60778615574042,30
9MYVXy4Nms9gfR1DI7NA,11,0.6031924794460165,29
9MYVXy4Nms9gfR1DI7NA,12,0.6002526272620473,28
9MYVXy4Nms9gfR1DI7NA,13,0.5815199149979485,27
9MYVXy4Nms9gfR1DI7NA,14,0.6017464800522878,26
9MYVXy4Nms9gfR1DI7NA,15,0.5907087814807892,25
9MYVXy4Nms9gfR1DI7NA,16,0.5994718186557293,24
9MYVXy4Nms9gfR1DI7NA,17,0.594191533067952,23
9MYVXy4Nms9gfR1DI7NA,18,0.5987385552037846,22
9MYVXy4Nms9gfR1DI7NA,19,0.595477439108349,21
9MYVXy4Nms9gfR1DI7NA,20,0.6058422580361367,20
BocRhyGX0eWpgbUSkjWF,1,0.736183879836913,31
BocRhyGX0eWpgbUSkjWF,2,0.7299641966819763,30
BocRhyGX0eWpgbUSkjWF,3,0.7145144918869282,29
BocRhyGX0eWpgbUSkjWF,4,0.7094129685844693,28
BocRhyGX0eWpgbUSkjWF,5,0.7007254914001182,27
BocRhyGX0eWpgbUSkjWF,6,0.6988023725839762,26
BocRhyGX0eWpgbUSkjWF,7,0.6804381251335144,25
BocRhyGX0eWpgbUSkjWF,8,0.6872940609852473,24
BocRhyGX0eWpgbUSkjWF,9,0.6926933086436727,23
BocRhyGX0eWpgbUSkjWF,10,0.6960076527162031,22
BocRhyGX0eWpgbUSkjWF,11,0.6950959080741519,21
BocRhyGX0eWpgbUSkjWF,12,0.6978612840175629,20
BocRhyGX0eWpgbUSkjWF,13,0.6950323079761705,19
BocRhyGX0eWpgbUSkjWF,14,0.6823037283288108,18
BocRhyGX0eWpgbUSkjWF,15,0.6702820518437553,17
BocRhyGX0eWpgbUSkjWF,16,0.6504753492772579,16
D8kJXS3suDI2tltssVgN,1,0.6673117986945218,43
D8kJXS3suDI2tltssVgN,2,0.6469608708506539,42
D8kJXS3suDI2tltssVgN,3,0.6380893195547709,41
D8kJXS3suDI2tltssVgN,4,0.6468881323933602,40
D8kJXS3suDI2tltssVgN,5,0.6384327258819189,39
D8kJXS3suDI2tltssVgN,6,0.6387722978466436,38
D8kJXS3suDI2tltssVgN,7,0.6376523899065482,37
D8kJXS3suDI2tltssVgN,8,0.6289825861652693,36
D8kJXS3suDI2tltssVgN,9,0.6277048775127956,35
D8kJXS3suDI2tltssVgN,10,0.6198708599104601,34
D8kJXS3suDI2tltssVgN,11,0.6296778429638256,33
D8kJXS3suDI2tltssVgN,12,0.6213760208338499,32
D8kJXS3suDI2tltssVgN,13,0.6338106528405221,31
D8kJXS3suDI2tltssVgN,14,0.6305146674315135,30
D8kJXS3suDI2tltssVgN,15,0.6192283969500969,29
D8kJXS3suDI2tltssVgN,16,0.6335096721138272,28
D8kJXS3suDI2tltssVgN,17,0.6219370497597588,27
D8kJXS3suDI2tltssVgN,18,0.6194277978860415,26
D8kJXS3suDI2tltssVgN,19,0.6186461544036865,25
D8kJXS3suDI2tltssVgN,20,0.6248929252227148,24
D8kJXS3suDI2tltssVgN,21,0.6194393829159115,23
D8kJXS3suDI2tltssVgN,22,0.6316748843951658,22
EVPkCWSrT9SwL38W9Zuk,1,0.617011885489187,31
EVPkCWSrT9SwL38W9Zuk,2,0.6156801849603653,30
EVPkCWSrT9SwL38W9Zuk,3,0.5897141592255954,29
EVPkCWSrT9SwL38W9Zuk,4,0.5975250197308404,28
EVPkCWSrT9SwL38W9Zuk,5,0.578679499802766,27
EVPkCWSrT9SwL38W9Zuk,6,0.5663674439375217,26
EVPkCWSrT9SwL38W9Zuk,7,0.5670789480209351,25
EVPkCWSrT9SwL38W9Zuk,8,0.5806643702089787,24
EVPkCWSrT9SwL38W9Zuk,9,0.5881292016609855,23
EVPkCWSrT9SwL38W9Zuk,10,0.5581543255936016,22
EVPkCWSrT9SwL38W9Zuk,11,0.5641356195722308,21
EVPkCWSrT9SwL38W9Zuk,12,0.547850427031517,20
EVPkCWSrT9SwL38W9Zuk,13,0.5782878116557473,19
EVPkCWSrT9SwL38W9Zuk,14,0.5774249186118444,18
EVPkCWSrT9SwL38W9Zuk,15,0.5535270028254565,17
EVPkCWSrT9SwL38W9Zuk,16,0.559853944927454,16
FTAeksA8Y0QOBPW6kxWX,1,0.6118328797817231,50
FTAeksA8Y0QOBPW6kxWX,2,0.5697060002356159,49
FTAeksA8Y0QOBPW6kxWX,3,0.5910445936024189,48
FTAeksA8Y0QOBPW6kxWX,4,0.5777888875058357,47
FTAeksA8Y0QOBPW6kxWX,5,0.5661147962445798,46
FTAeksA8Y0QOBPW6kxWX,6,0.5546932021776835,45
FTAeksA8Y0QOBPW6kxWX,7,0.5736501921306957,44
FTAeksA8Y0QOBPW6kxWX,8,0.562097173790599,43
FTAeksA8Y0QOBPW6kxWX,9,0.5425616460187095,42
FTAeksA8Y0QOBPW6kxWX,10,0.5437965124118619,41
FTAeksA8Y0QOBPW6kxWX,11,0.5423598110675811,40
FTAeksA8Y0QOBPW6kxWX,12,0.5417961516441443,39
FTAeksA8Y0QOBPW6kxWX,13,0.5356675511912296,38
FTAeksA8Y0QOBPW6kxWX,14,0.5200737295924006,37
FTAeksA8Y0QOBPW6kxWX,15,0.5581455768810378,36
FTAeksA8Y0QOBPW6kxWX,16,0.5458307061876569,35
FTAeksA8Y0QOBPW6kxWX,17,0.5319386782015071,34
FTAeksA8Y0QOBPW6kxWX,18,0.5445468254161604,33
FTAeksA8Y0QOBPW6kxWX,19,0.5481178434565663,32
FTAeksA8Y0QOBPW6kxWX,20,0.5325128887930224,31
FTAeksA8Y0QOBPW6kxWX,21,0.5387242764234543,30
FTAeksA8Y0QOBPW6kxWX,22,0.5322340552149147,29
FTAeksA8Y0QOBPW6kxWX,23,0.5374052205256054,28
FTAeksA8Y0QOBPW6kxWX,24,0.537995492970502,27
FTAeksA8Y0QOBPW6kxWX,25,0.5315907345368311,26
INnauEosv25woOCrBRDi,1,0.6366549477432714,33
INnauEosv25woOCrBRDi,2,0.6052301442250609,32
INnauEosv25woOCrBRDi,3,0.6129403306591895,31
INnauEosv25woOCrBRDi,4,0.6027472486098607,30
INnauEosv25woOCrBRDi,5,0.6035169085551952,29
INnauEosv25woOCrBRDi,6,0.6182219875710351,28
INnauEosv25woOCrBRDi,7,0.6040294854729263,27
INnauEosv25woOCrBRDi,8,0.5854675723956182,26
INnauEosv25woOCrBRDi,9,0.5902163231372833,25
INnauEosv25woOCrBRDi,10,0.5879468855758508,24
INnauEosv25woOCrBRDi,11,0.5779829828635507,23
INnauEosv25woOCrBRDi,12,0.5780179419300773,22
INnauEosv25woOCrBRDi,13,0.5778354817912692,21
INnauEosv25woOCrBRDi,14,0.5920886844396591,20
INnauEosv25woOCrBRDi,15,0.5676084882334659,19
INnauEosv25woOCrBRDi,16,0.6024918440315459,18
INnauEosv25woOCrBRDi,17,0.5860417818321901,17
JFI8cNwhGfRT2Jd6JUd0,1,0.630184045765135,45
JFI8cNwhGfRT2Jd6JUd0,2,0.6195300262082707,44
JFI8cNwhGfRT2Jd6JUd0,3,0.6075965477976688,43
JFI8cNwhGfRT2Jd6JUd0,4,0.6076969163758414,42
JFI8cNwhGfRT2Jd6JUd0,5,0.5856444566715054,41
JFI8cNwhGfRT2Jd6JUd0,6,0.5733913041651248,40
JFI8cNwhGfRT2Jd6JUd0,7,0.5832054592095889,39
JFI8cNwhGfRT2Jd6JUd0,8,0.5813200936505669,38
JFI8cNwhGfRT2Jd6JUd0,9,0.5812034018941827,37
JFI8cNwhGfRT2Jd6JUd0,10,0.5927516122659048,36
JFI8cNwhGfRT2Jd6JUd0,11,0.5850549127374377,35
JFI8cNwhGfRT2Jd6JUd0,12,0.5851431392571506,34
JFI8cNwhGfRT2Jd6JUd0,13,0.5943629533955546,33
JFI8cNwhGfRT2Jd6JUd0,14,0.5872816313058138,32
JFI8cNwhGfRT2Jd6JUd0,15,0.5974163201547438,31
JFI8cNwhGfRT2Jd6JUd0,16,0.5969784398873647,30
JFI8cNwhGfRT2Jd6JUd0,17,0.5954535356883345,29
JFI8cNwhGfRT2Jd6JUd0,18,0.5852283494813102,28
JFI8cNwhGfRT2Jd6JUd0,19,0.5895361525041086,27
JFI8cNwhGfRT2Jd6JUd0,20,0.60577181325509,26
JFI8cNwhGfRT2Jd6JUd0,21,0.5976106119155884,25
JFI8cNwhGfRT2Jd6JUd0,22,0.5827109552919865,24
JFI8cNwhGfRT2Jd6JUd0,23,0.5754997173081273,23
JYZ6dAbVtTCZL8fZXM8s,1,0.6099943937290282,42
JYZ6dAbVtTCZL8fZXM8s,2,0.6097779455708294,41
JYZ6dAbVtTCZL8fZXM8s,3,0.6047661937773228,40
JYZ6dAbVtTCZL8fZXM8s,4,0.5968939127066196,39
JYZ6dAbVtTCZL8fZXM8s,5,0.5931948886105889,38
JYZ6dAbVtTCZL8fZXM8s,6,0.5875649758287378,37
JYZ6dAbVtTCZL8fZXM8s,7,0.5896249181694455,36
JYZ6dAbVtTCZL8fZXM8s,8,0.5924761150564466,35
JYZ6dAbVtTCZL8fZXM8s,9,0.5900293921723085,34
JYZ6dAbVtTCZL8fZXM8s,10,0.5901438873825651,33
JYZ6dAbVtTCZL8fZXM8s,11,0.5895612966269255,32
JYZ6dAbVtTCZL8fZXM8s,12,0.614461072029606,31
JYZ6dAbVtTCZL8fZXM8s,13,0.5806190898021062,30
JYZ6dAbVtTCZL8fZXM8s,14,0.5938358594631327,29
JYZ6dAbVtTCZL8fZXM8s,15,0.5704181662627629,28
JYZ6dAbVtTCZL8fZXM8s,16,0.5770871010091569,27
JYZ6dAbVtTCZL8fZXM8s,17,0.5642504623303046,26
JYZ6dAbVtTCZL8fZXM8s,18,0.5731051051616669,25
JYZ6dAbVtTCZL8fZXM8s,19,0.567254088819027,24
JYZ6dAbVtTCZL8fZXM8s,20,0.5783474536045737,23
JYZ6dAbVtTCZL8fZXM8s,21,0.5861415483734824,22
K6nustVFF5ei8GiBLmiZ,1,0.6418843698210832,41
K6nustVFF5ei8GiBLmiZ,2,0.6031054995954037,40
K6nustVFF5ei8GiBLmiZ,3,0.5877405664859674,39
K6nustVFF5ei8GiBLmiZ,4,0.5898437052965164,38
K6nustVFF5ei8GiBLmiZ,5,0.580040263968545,37
K6nustVFF5ei8GiBLmiZ,6,0.5798739824030135,36
K6nustVFF5ei8GiBLmiZ,7,0.5872229158878326,35
K6nustVFF5ei8GiBLmiZ,8,0.5722739433541018,34
K6nustVFF5ei8GiBLmiZ,9,0.5811026358243191,33
K6nustVFF5ei8GiBLmiZ,10,0.5889051994308829,32
K6nustVFF5ei8GiBLmiZ,11,0.5809405023051847,31
K6nustVFF5ei8GiBLmiZ,12,0.5892583201328914,30
K6nustVFF5ei8GiBLmiZ,13,0.5831652057581934,29
K6nustVFF5ei8GiBLmiZ,14,0.574939427631242,28
K6nustVFF5ei8GiBLmiZ,15,0.5889566187505368,27
K6nustVFF5ei8GiBLmiZ,16,0.5765669059294921,26
K6nustVFF5ei8GiBLmiZ,17,0.5665301322937012,25
K6nustVFF5ei8GiBLmiZ,18,0.5658722221851349,24
K6nustVFF5ei8GiBLmiZ,19,0.5761147918908492,23
K6nustVFF5ei8GiBLmiZ,20,0.5776722932403738,22
K6nustVFF5ei8GiBLmiZ,21,0.6082128016721635,21
NSZE9lXnuxIl0ZT4gRoy,1,0.6598048999029047,34
NSZE9lXnuxIl0ZT4gRoy,2,0.6425463683677443,33
NSZE9lXnuxIl0ZT4gRoy,3,0.6357779502868652,32
NSZE9lXnuxIl0ZT4gRoy,4,0.6323118056020429,31
NSZE9lXnuxIl0ZT4gRoy,5,0.6168020735184352,30
NSZE9lXnuxIl0ZT4gRoy,6,0.6064023498831124,29
NSZE9lXnuxIl0ZT4gRoy,7,0.6134583620088441,28
NSZE9lXnuxIl0ZT4gRoy,8,0.6187154474081816,27
NSZE9lXnuxIl0ZT4gRoy,9,0.6042364170918098,26
NSZE9lXnuxIl0ZT4gRoy,10,0.6080657660961151,25
NSZE9lXnuxIl0ZT4gRoy,11,0.6166760052243868,24
NSZE9lXnuxIl0ZT4gRoy,12,0.6157414809517239,23
NSZE9lXnuxIl0ZT4gRoy,13,0.6011129130016674,22
NSZE9lXnuxIl0ZT4gRoy,14,0.6189734637737274,21
NSZE9lXnuxIl0ZT4gRoy,15,0.5950684070587158,20
NSZE9lXnuxIl0ZT4gRoy,16,0.6033157392552024,19
NSZE9lXnuxIl0ZT4gRoy,17,0.6012445522679223,18
OdyHy12i4PsBZkM4jjdC,1,0.588063133507967,40
OdyHy12i4PsBZkM4jjdC,2,0.5805859145445701,39
OdyHy12i4PsBZkM4jjdC,3,0.5714628955251292,38
OdyHy12i4PsBZkM4jjdC,4,0.5618945634042894,37
OdyHy12i4PsBZkM4jjdC,5,0.5602456513378355,36
OdyHy12i4PsBZkM4jjdC,6,0.5640302181243897,35
OdyHy12i4PsBZkM4jjdC,7,0.5660695810528362,34
OdyHy12i4PsBZkM4jjdC,8,0.553134659022996,33
OdyHy12i4PsBZkM4jjdC,9,0.5501968283206224,32
OdyHy12i4PsBZkM4jjdC,10,0.5349587317435972,31
OdyHy12i4PsBZkM4jjdC,11,0.5637935847043991,30
OdyHy12i4PsBZkM4jjdC,12,0.5599290790229008,29
OdyHy12i4PsBZkM4jjdC,13,0.5543200522661209,28
OdyHy12i4PsBZkM4jjdC,14,0.5414576309698599,27
OdyHy12i4PsBZkM4jjdC,15,0.5610632930810635,26
OdyHy12i4PsBZkM4jjdC,16,0.5632305538654327,25
OdyHy12i4PsBZkM4jjdC,17,0.5631123272081217,24
OdyHy12i4PsBZkM4jjdC,18,0.5574851969014043,23
OdyHy12i4PsBZkM4jjdC,19,0.5755947882478888,22
OdyHy12i4PsBZkM4jjdC,20,0.5352330520039513,21
P1SZ3AZnoi1oqt5EbYh5,1,0.578063244515277,47
P1SZ3AZnoi1oqt5EbYh5,2,0.5902873925540758,46
P1SZ3AZnoi1oqt5EbYh5,3,0.577109741502338,45
P1SZ3AZnoi1oqt5EbYh5,4,0.5843232267282226,44
P1SZ3AZnoi1oqt5EbYh5,5,0.5735897345598354,43
P1SZ3AZnoi1oqt5EbYh5,6,0.586860750402723,42
P1SZ3AZnoi1oqt5EbYh5,7,0.5785134979864446,41
P1SZ3AZnoi1oqt5EbYh5,8,0.5737403586506844,40
P1SZ3AZnoi1oqt5EbYh5,9,0.5746963306879386,39
P1SZ3AZnoi1oqt5EbYh5,10,0.57313314393947,38
P1SZ3AZnoi1oqt5EbYh5,11,0.5607615789851627,37
P1SZ3AZnoi1oqt5EbYh5,12,0.5683042373922136,36
P1SZ3AZnoi1oqt5EbYh5,13,0.566328604732241,35
P1SZ3AZnoi1oqt5EbYh5,14,0.569610455456902,34
P1SZ3AZnoi1oqt5EbYh5,15,0.5562440211122687,33
P1SZ3AZnoi1oqt5EbYh5,16,0.5753446891903877,32
P1SZ3AZnoi1oqt5EbYh5,17,0.5628665070379933,31
P1SZ3AZnoi1oqt5EbYh5,18,0.5701920519272486,30
P1SZ3AZnoi1oqt5EbYh5,19,0.5428461206370386,29
P1SZ3AZnoi1oqt5EbYh5,20,0.5478090909974915,28
P1SZ3AZnoi1oqt5EbYh5,21,0.524250794340063,27
P1SZ3AZnoi1oqt5EbYh5,22,0.5434492528438568,26
P1SZ3AZnoi1oqt5EbYh5,23,0.5264081251621247,25
P1SZ3AZnoi1oqt5EbYh5,24,0.5318465766807398,24
Pzb5I6nhg196AWLpukmz,1,0.6006770795438348,41
Pzb5I6nhg196AWLpukmz,2,0.6024299144744873,40
Pzb5I6nhg196AWLpukmz,3,0.6013072369954525,39
Pzb5I6nhg196AWLpukmz,4,0.6080546214392311,38
Pzb5I6nhg196AWLpukmz,5,0.5857656412833446,37
Pzb5I6nhg196AWLpukmz,6,0.584836506181293,36
Pzb5I6nhg196AWLpukmz,7,0.5759394986288888,35
Pzb5I6nhg196AWLpukmz,8,0.6001717123915168,34
Pzb5I6nhg196AWLpukmz,9,0.5760187885978005,33
Pzb5I6nhg196AWLpukmz,10,0.577655702829361,32
Pzb5I6nhg196AWLpukmz,11,0.5842649032992702,31
Pzb5I6nhg196AWLpukmz,12,0.5729655007521312,30
Pzb5I6nhg196AWLpukmz,13,0.5751028636406208,29
Pzb5I6nhg196AWLpukmz,14,0.5852773029889379,28
Pzb5I6nhg196AWLpukmz,15,0.5848330281398915,27
Pzb5I6nhg196AWLpukmz,16,0.5661642643121573,26
Pzb5I6nhg196AWLpukmz,17,0.5860714054107666,25
Pzb5I6nhg196AWLpukmz,18,0.5798592393596967,24
Pzb5I6nhg196AWLpukmz,19,0.5930538125660109,23
Pzb5I6nhg196AWLpukmz,20,0.5842923440716483,22
Pzb5I6nhg196AWLpukmz,21,0.5680521286669231,21
RGwAQvKrGEfTj8ym6lju,1,0.6658221656276334,31
RGwAQvKrGEfTj8ym6lju,2,0.6110457460085551,30
RGwAQvKrGEfTj8ym6lju,3,0.6010226442896086,29
RGwAQvKrGEfTj8ym6lju,4,0.6047231661421912,28
RGwAQvKrGEfTj8ym6lju,5,0.6052006196092676,27
RGwAQvKrGEfTj8ym6lju,6,0.6060194052182711,26
RGwAQvKrGEfTj8ym6lju,7,0.6001916766166687,25
RGwAQvKrGEfTj8ym6lju,8,0.6003760931392511,24
RGwAQvKrGEfTj8ym6lju,9,0.5965840427771859,23
RGwAQvKrGEfTj8ym6lju,10,0.5998652116818861,22
RGwAQvKrGEfTj8ym6lju,11,0.6026073126565843,21
RGwAQvKrGEfTj8ym6lju,12,0.6072369933128356,20
RGwAQvKrGEfTj8ym6lju,13,0.6102479413936013,19
RGwAQvKrGEfTj8ym6lju,14,0.6029559522867203,18
RGwAQvKrGEfTj8ym6lju,15,0.6017718420309179,17
RGwAQvKrGEfTj8ym6lju,16,0.6027998514473438,16
Tf1TksJV6vLRqvWrSi52,1,0.6522562801837921,22
Tf1TksJV6vLRqvWrSi52,2,0.6266105998130072,21
Tf1TksJV6vLRqvWrSi52,3,0.635652719438076,20
Tf1TksJV6vLRqvWrSi52,4,0.6298853441288597,19
Tf1TksJV6vLRqvWrSi52,5,0.6230670743518405,18
Tf1TksJV6vLRqvWrSi52,6,0.6131821432534386,17
Tf1TksJV6vLRqvWrSi52,7,0.5967109389603138,16
Tf1TksJV6vLRqvWrSi52,8,0.5902964512507121,15
Tf1TksJV6vLRqvWrSi52,9,0.600961263690676,14
Tf1TksJV6vLRqvWrSi52,10,0.5664256719442514,13
Tf1TksJV6vLRqvWrSi52,11,0.5872950827081999,12
ULRAMZF7ra0i53A9w3Gv,1,0.6561501445248723,32
ULRAMZF7ra0i53A9w3Gv,2,0.6532576535978625,31
ULRAMZF7ra0i53A9w3Gv,3,0.636427394549052,30
ULRAMZF7ra0i53A9w3Gv,4,0.6284569316896899,29
ULRAMZF7ra0i53A9w3Gv,5,0.6287669433014733,28
ULRAMZF7ra0i53A9w3Gv,6,0.5908016705954516,27
ULRAMZF7ra0i53A9w3Gv,7,0.6181265883720838,26
ULRAMZF7ra0i53A9w3Gv,8,0.6079530000686646,25
ULRAMZF7ra0i53A9w3Gv,9,0.6076735605796179,24
ULRAMZF7ra0i53A9w3Gv,10,0.6170921144278153,23
ULRAMZF7ra0i53A9w3Gv,11,0.6286380968310616,22
ULRAMZF7ra0i53A9w3Gv,12,0.6458810596239,21
ULRAMZF7ra0i53A9w3Gv,13,0.6118664920330048,20
ULRAMZF7ra0i53A9w3Gv,14,0.620958957232927,19
ULRAMZF7ra0i53A9w3Gv,15,0.6324760516484579,18
ULRAMZF7ra0i53A9w3Gv,16,0.6209045192774605,17
WXfjYvL0j5iHL8rllFn1,1,0.6266180776059628,40
WXfjYvL0j5iHL8rllFn1,2,0.6338408780403626,39
WXfjYvL0j5iHL8rllFn1,3,0.6416209042072296,38
WXfjYvL0j5iHL8rllFn1,4,0.6296121896924199,37
WXfjYvL0j5iHL8rllFn1,5,0.615442558295197,36
WXfjYvL0j5iHL8rllFn1,6,0.5977364616734641,35
WXfjYvL0j5iHL8rllFn1,7,0.6115830812384101,34
WXfjYvL0j5iHL8rllFn1,8,0.6040783976063584,33
WXfjYvL0j5iHL8rllFn1,9,0.6254080785438418,32
WXfjYvL0j5iHL8rllFn1,10,0.6222498647628292,31
WXfjYvL0j5iHL8rllFn1,11,0.6210943639278412,30
WXfjYvL0j5iHL8rllFn1,12,0.6216074690736574,29
WXfjYvL0j5iHL8rllFn1,13,0.6239678700055394,28
WXfjYvL0j5iHL8rllFn1,14,0.6185554100407494,27
WXfjYvL0j5iHL8rllFn1,15,0.6053204295726923,26
WXfjYvL0j5iHL8rllFn1,16,0.5914879035949707,25
WXfjYvL0j5iHL8rllFn1,17,0.6062162319819132,24
WXfjYvL0j5iHL8rllFn1,18,0.6113704300445059,23
WXfjYvL0j5iHL8rllFn1,19,0.5754938938400962,22
WXfjYvL0j5iHL8rllFn1,20,0.6099373329253424,21
WYnhagFwtR0bJ9vucGsm,1,0.6827825432022413,24
WYnhagFwtR0bJ9vucGsm,2,0.6755244446837384,23
WYnhagFwtR0bJ9vucGsm,3,0.6627052914012562,22
WYnhagFwtR0bJ9vucGsm,4,0.6681244316555205,21
WYnhagFwtR0bJ9vucGsm,5,0.6782498091459275,20
WYnhagFwtR0bJ9vucGsm,6,0.6718091117708307,19
WYnhagFwtR0bJ9vucGsm,7,0.6799655920929379,18
WYnhagFwtR0bJ9vucGsm,8,0.6761379066635581,17
WYnhagFwtR0bJ9vucGsm,9,0.663455281406641,16
WYnhagFwtR0bJ9vucGsm,10,0.6568359891573589,15
WYnhagFwtR0bJ9vucGsm,11,0.6576492999281202,14
WYnhagFwtR0bJ9vucGsm,12,0.6567016656582172,13
YprMqddWHK39musGQ4si,1,0.5631673872470856,40
YprMqddWHK39musGQ4si,2,0.54967301319807,39
YprMqddWHK39musGQ4si,3,0.5457036887344561,38
YprMqddWHK39musGQ4si,4,0.5413476341479534,37
YprMqddWHK39musGQ4si,5,0.541804115805361,36
YprMqddWHK39musGQ4si,6,0.5399061594690595,35
YprMqddWHK39musGQ4si,7,0.5316650315242655,34
YprMqddWHK39musGQ4si,8,0.5228083124666503,33
YprMqddWHK39musGQ4si,9,0.5409233467653394,32
YprMqddWHK39musGQ4si,10,0.530645748299937,31
YprMqddWHK39musGQ4si,11,0.5473839471737544,30
YprMqddWHK39musGQ4si,12,0.5430402180244183,29
YprMqddWHK39musGQ4si,13,0.5364821861897197,28
YprMqddWHK39musGQ4si,14,0.5424362630755813,27
YprMqddWHK39musGQ4si,15,0.5569112381109824,26
YprMqddWHK39musGQ4si,16,0.5392190074920654,25
YprMqddWHK39musGQ4si,17,0.5280186161398888,24
YprMqddWHK39musGQ4si,18,0.5328378210897031,23
YprMqddWHK39musGQ4si,19,0.5201890482143923,22
YprMqddWHK39musGQ4si,20,0.5291851106144133,21
bF3wySQHXxUL66FkpR9w,1,0.6466831990650722,28
bF3wySQHXxUL66FkpR9w,2,0.6413520905706618,27
bF3wySQHXxUL66FkpR9w,3,0.6352323591709137,26
bF3wySQHXxUL66FkpR9w,4,0.6465796875953674,25
bF3wySQHXxUL66FkpR9w,5,0.6414310932159424,24
bF3wySQHXxUL66FkpR9w,6,0.6402806665586389,23
bF3wySQHXxUL66FkpR9w,7,0.6238617883487181,22
bF3wySQHXxUL66FkpR9w,8,0.612922381787073,21
bF3wySQHXxUL66FkpR9w,9,0.6112015187740326,20
bF3wySQHXxUL66FkpR9w,10,0.5879318416118622,19
bF3wySQHXxUL66FkpR9w,11,0.5856770310137007,18
bF3wySQHXxUL66FkpR9w,12,0.6232945498298196,17
bF3wySQHXxUL66FkpR9w,13,0.6128994487226009,16
bF3wySQHXxUL66FkpR9w,14,0.6080199956893921,15
cUrf0q4FWuzVfOPnH1a7,1,0.6245049224658445,44
cUrf0q4FWuzVfOPnH1a7,2,0.6158679273239401,43
cUrf0q4FWuzVfOPnH1a7,3,0.6155868009442375,42
cUrf0q4FWuzVfOPnH1a7,4,0.6266025668237267,41
cUrf0q4FWuzVfOPnH1a7,5,0.6143083199858665,40
cUrf0q4FWuzVfOPnH1a7,6,0.6158660696103022,39
cUrf0q4FWuzVfOPnH1a7,7,0.619701590977217,38
cUrf0q4FWuzVfOPnH1a7,8,0.6010043701610049,37
cUrf0q4FWuzVfOPnH1a7,9,0.6156334736280971,36
cUrf0q4FWuzVfOPnH1a7,10,0.619292961699622,35
cUrf0q4FWuzVfOPnH1a7,11,0.6167730373494765,34
cUrf0q4FWuzVfOPnH1a7,12,0.6068783844962264,33
cUrf0q4FWuzVfOPnH1a7,13,0.6167468437924981,32
cUrf0q4FWuzVfOPnH1a7,14,0.6137449299135516,31
cUrf0q4FWuzVfOPnH1a7,15,0.6189115405082702,30
cUrf0q4FWuzVfOPnH1a7,16,0.6067779290265051,29
cUrf0q4FWuzVfOPnH1a7,17,0.5983627353395734,28
cUrf0q4FWuzVfOPnH1a7,18,0.6089865212087278,27
cUrf0q4FWuzVfOPnH1a7,19,0.6378598511219025,26
cUrf0q4FWuzVfOPnH1a7,20,0.6125227212905884,25
cUrf0q4FWuzVfOPnH1a7,21,0.6098548173904419,24
cUrf0q4FWuzVfOPnH1a7,22,0.6153648093990658,23
conv_000cdfd292524cb2af708e5da4c2f0ae,1,0.6377721262328765,34
conv_000cdfd292524cb2af708e5da4c2f0ae,2,0.6317883639624624,33
conv_000cdfd292524cb2af708e5da4c2f0ae,3,0.6267159227281809,32
conv_000cdfd292524cb2af708e5da4c2f0ae,4,0.6242070524923263,31
conv_000cdfd292524cb2af708e5da4c2f0ae,5,0.6237177193164826,30
conv_000cdfd292524cb2af708e5da4c2f0ae,6,0.6207646480922041,29
conv_000cdfd292524cb2af708e5da4c2f0ae,7,0.6109929212502071,28
conv_000cdfd292524cb2af708e5da4c2f0ae,8,0.6236178919121071,27
conv_000cdfd292524cb2af708e5da4c2f0ae,9,0.6082905026582571,26
conv_000cdfd292524cb2af708e5da4c2f0ae,10,0.6139524865150452,25
conv_000cdfd292524cb2af708e5da4c2f0ae,11,0.6095271582404772,24
conv_000cdfd292524cb2af708e5da4c2f0ae,12,0.6227140919021938,23
conv_000cdfd292524cb2af708e5da4c2f0ae,13,0.625745799053799,22
conv_000cdfd292524cb2af708e5da4c2f0ae,14,0.6360602634293693,21
conv_000cdfd292524cb2af708e5da4c2f0ae,15,0.6153841435909271,20
conv_000cdfd292524cb2af708e5da4c2f0ae,16,0.6270415453534377,19
conv_000cdfd292524cb2af708e5da4c2f0ae,17,0.6114490330219269,18
conv_006cb479-ccd3-40d1-83fb-4b614573f636,1,0.6913413107395172,22
conv_006cb479-ccd3-40d1-83fb-4b614573f636,2,0.6793176929155985,21
conv_006cb479-ccd3-40d1-83fb-4b614573f636,3,0.6718134403228759,20
conv_006cb479-ccd3-40d1-83fb-4b614573f636,4,0.6718213432713559,19
conv_006cb479-ccd3-40d1-83fb-4b614573f636,5,0.6757844421598647,18
conv_006cb479-ccd3-40d1-83fb-4b614573f636,6,0.6669899961527657,17
conv_006cb479-ccd3-40d1-83fb-4b614573f636,7,0.6460959929972887,16
conv_006cb479-ccd3-40d1-83fb-4b614573f636,8,0.6249963363011678,15
conv_006cb479-ccd3-40d1-83fb-4b614573f636,9,0.6356827936002186,14
conv_006cb479-ccd3-40d1-83fb-4b614573f636,10,0.6661061140207144,13
conv_006cb479-ccd3-40d1-83fb-4b614573f636,11,0.6373956948518753,12
conv_01d1444f684c48af9cc5978f92742c23,1,0.6588632010278248,21
conv_01d1444f684c48af9cc5978f92742c23,2,0.6507268667221069,20
conv_01d1444f684c48af9cc5978f92742c23,3,0.6221626526431033,19
conv_01d1444f684c48af9cc5978f92742c23,4,0.6248949335681068,18
conv_01d1444f684c48af9cc5978f92742c23,5,0.6082665499518899,17
conv_01d1444f684c48af9cc5978f92742c23,6,0.6226729825139046,16
conv_01d1444f684c48af9cc5978f92742c23,7,0.6169261236985525,15
conv_01d1444f684c48af9cc5978f92742c23,8,0.6325171206678663,14
conv_01d1444f684c48af9cc5978f92742c23,9,0.6052091442621671,13
conv_01d1444f684c48af9cc5978f92742c23,10,0.6072751184304556,12
conv_01d1444f684c48af9cc5978f92742c23,11,0.5971328182653948,11
conv_02b6fce3-98d8-456f-b0e8-3708b9ca1968,1,0.6180699687255057,38
conv_02b6fce3-98d8-456f-b0e8-3708b9ca1968,2,0.6047919626171524,37
conv_02b6fce3-98d8-456f-b0e8-3708b9ca1968,3,0.5920831693543328,36
conv_02b6fce3-98d8-456f-b0e8-3708b9ca1968,4,0.58200866154262,35
conv_02b6fce3-98d8-456f-b0e8-3708b9ca1968,5,0.5887171047575334,34
conv_02b6fce3-98d8-456f-b0e8-3708b9ca1968,6,0.582373500773401,33
conv_02b6fce3-98d8-456f-b0e8-3708b9ca1968,7,0.6091246465221047,32
conv_02b6fce3-98d8-456f-b0e8-3708b9ca1968,8,0.5890414272585223,31
conv_02b6fce3-98d8-456f-b0e8-3708b9ca1968,9,0.576082311073939,30
conv_02b6fce3-98d8-456f-b0e8-3708b9ca1968,10,0.582489766951265,29
conv_02b6fce3-98d8-456f-b0e8-3708b9ca1968,11,0.5649868388261113,28
conv_02b6fce3-98d8-456f-b0e8-3708b9ca1968,12,0.5885486669010587,27
conv_02b6fce3-98d8-456f-b0e8-3708b9ca1968,13,0.5786681370093272,26
conv_02b6fce3-98d8-456f-b0e8-3708b9ca1968,14,0.6081436777114868,25
conv_02b6fce3-98d8-456f-b0e8-3708b9ca1968,15,0.5853532801071802,24
conv_02b6fce3-98d8-456f-b0e8-3708b9ca1968,16,0.5787091643913932,23
conv_02b6fce3-98d8-456f-b0e8-3708b9ca1968,17,0.5781824629415165,22
conv_02b6fce3-98d8-456f-b0e8-3708b9ca1968,18,0.5528638547375089,21
conv_02b6fce3-98d8-456f-b0e8-3708b9ca1968,19,0.5636707201600075,20
conv_02fdeabba72446648a887222c6b4a9a0,1,0.6624615767906452,29
conv_02fdeabba72446648a887222c6b4a9a0,2,0.655857509800366,28
conv_02fdeabba72446648a887222c6b4a9a0,3,0.6540456447336409,27
conv_02fdeabba72446648a887222c6b4a9a0,4,0.6366795565073307,26
conv_02fdeabba72446648a887222c6b4a9a0,5,0.6424286508560181,25
conv_02fdeabba72446648a887222c6b4a9a0,6,0.6559663365284601,24
conv_02fdeabba72446648a887222c6b4a9a0,7,0.6388367336729298,23
conv_02fdeabba72446648a887222c6b4a9a0,8,0.6439071053808386,22
conv_02fdeabba72446648a887222c6b4a9a0,9,0.6605369235788073,21
conv_02fdeabba72446648a887222c6b4a9a0,10,0.6451046466827393,20
conv_02fdeabba72446648a887222c6b4a9a0,11,0.648077268349497,19
conv_02fdeabba72446648a887222c6b4a9a0,12,0.6541777617401547,18
conv_02fdeabba72446648a887222c6b4a9a0,13,0.6566160812097437,17
conv_02fdeabba72446648a887222c6b4a9a0,14,0.6552602723240852,16
conv_02fdeabba72446648a887222c6b4a9a0,15,0.6451702356338501,15
conv_0388f204ccd644f39221d0d8afff6d09,1,0.664909536188299,22
conv_0388f204ccd644f39221d0d8afff6d09,2,0.649443785349528,21
conv_0388f204ccd644f39221d0d8afff6d09,3,0.6595155656337738,20
conv_0388f204ccd644f39221d0d8afff6d09,4,0.6563238752515692,19
conv_0388f204ccd644f39221d0d8afff6d09,5,0.6623343129952749,18
conv_0388f204ccd644f39221d0d8afff6d09,6,0.6372518048566931,17
conv_0388f204ccd644f39221d0d8afff6d09,7,0.6298777684569359,16
conv_0388f204ccd644f39221d0d8afff6d09,8,0.6303148945172627,15
conv_0388f204ccd644f39221d0d8afff6d09,9,0.649072847196034,14
conv_0388f204ccd644f39221d0d8afff6d09,10,0.65150936291768,13
conv_0388f204ccd644f39221d0d8afff6d09,11,0.6328270733356476,12
conv_07895a6494a74fd3bbbf1c629d890e9d,1,0.6770456161188043,23
conv_07895a6494a74fd3bbbf1c629d890e9d,2,0.6818672879175707,22
conv_07895a6494a74fd3bbbf1c629d890e9d,3,0.6648122668266296,21
conv_07895a6494a74fd3bbbf1c629d890e9d,4,0.6680515676736831,20
conv_07895a6494a74fd3bbbf1c629d890e9d,5,0.6660032335080599,19
conv_07895a6494a74fd3bbbf1c629d890e9d,6,0.6558641476763619,18
conv_07895a6494a74fd3bbbf1c629d890e9d,7,0.6563926233964807,17
conv_07895a6494a74fd3bbbf1c629d890e9d,8,0.6680182013660669,16
conv_07895a6494a74fd3bbbf1c629d890e9d,9,0.6841960748036703,15
conv_07895a6494a74fd3bbbf1c629d890e9d,10,0.6677458052124295,14
conv_07895a6494a74fd3bbbf1c629d890e9d,11,0.6763431063065162,13
conv_07895a6494a74fd3bbbf1c629d890e9d,12,0.6820158710082372,12
conv_07ec1a21-00a8-494b-9747-ef2f719abd5a,1,0.5946657527238131,32
conv_07ec1a21-00a8-494b-9747-ef2f719abd5a,2,0.6013320674819331,31
conv_07ec1a21-00a8-494b-9747-ef2f719abd5a,3,0.5850064148505528,30
conv_07ec1a21-00a8-494b-9747-ef2f719abd5a,4,0.598802807002232,29
conv_07ec1a21-00a8-494b-9747-ef2f719abd5a,5,0.5839288021836962,28
conv_07ec1a21-00a8-494b-9747-ef2f719abd5a,6,0.5942627103240402,27
conv_07ec1a21-00a8-494b-9747-ef2f719abd5a,7,0.5782449096441269,26
conv_07ec1a21-00a8-494b-9747-ef2f719abd5a,8,0.5786683857440948,25
conv_07ec1a21-00a8-494b-9747-ef2f719abd5a,9,0.5820921609799067,24
conv_07ec1a21-00a8-494b-9747-ef2f719abd5a,10,0.6045131812924924,23
conv_07ec1a21-00a8-494b-9747-ef2f719abd5a,11,0.5728055211630735,22
conv_07ec1a21-00a8-494b-9747-ef2f719abd5a,12,0.5593552447500683,21
conv_07ec1a21-00a8-494b-9747-ef2f719abd5a,13,0.5537577643990517,20
conv_07ec1a21-00a8-494b-9747-ef2f719abd5a,14,0.5695884212067253,19
conv_07ec1a21-00a8-494b-9747-ef2f719abd5a,15,0.5753224856323667,18
conv_07ec1a21-00a8-494b-9747-ef2f719abd5a,16,0.5646787811728085,17
conv_11293fd2-d757-471f-8e2e-783542167a8e,1,0.6759448140859604,20
conv_11293fd2-d757-471f-8e2e-783542167a8e,2,0.6516577899456024,19
conv_11293fd2-d757-471f-8e2e-783542167a8e,3,0.6496969494554732,18
conv_11293fd2-d757-471f-8e2e-783542167a8e,4,0.6218680248540991,17
conv_11293fd2-d757-471f-8e2e-783542167a8e,5,0.6257050186395645,16
conv_11293fd2-d757-471f-8e2e-783542167a8e,6,0.6130338072776794,15
conv_11293fd2-d757-471f-8e2e-783542167a8e,7,0.636830427816936,14
conv_11293fd2-d757-471f-8e2e-783542167a8e,8,0.6539255609879127,13
conv_11293fd2-d757-471f-8e2e-783542167a8e,9,0.6465745468934377,12
conv_11293fd2-d757-471f-8e2e-783542167a8e,10,0.6226816583763469,11
conv_1135e4a162c64105aaf2934e6fecd74b,1,0.6262824392318725,25
conv_1135e4a162c64105aaf2934e6fecd74b,2,0.6050137107570966,24
conv_1135e4a162c64105aaf2934e6fecd74b,3,0.6276979187260503,23
conv_1135e4a162c64105aaf2934e6fecd74b,4,0.6213592290878296,22
conv_1135e4a162c64105aaf2934e6fecd74b,5,0.6170471750554585,21
conv_1135e4a162c64105aaf2934e6fecd74b,6,0.6061914667487145,20
conv_1135e4a162c64105aaf2934e6fecd74b,7,0.5985685210478934,19
conv_1135e4a162c64105aaf2934e6fecd74b,8,0.60316292113728,18
conv_1135e4a162c64105aaf2934e6fecd74b,9,0.6291467039024129,17
conv_1135e4a162c64105aaf2934e6fecd74b,10,0.5974554922431707,16
conv_1135e4a162c64105aaf2934e6fecd74b,11,0.5994098762671153,15
conv_1135e4a162c64105aaf2934e6fecd74b,12,0.6018428589616504,14
conv_1135e4a162c64105aaf2934e6fecd74b,13,0.6069796314606299,13
conv_11c2622ee391485c9913d2f1479b665b,1,0.6215702081337954,39
conv_11c2622ee391485c9913d2f1479b665b,2,0.6081194281578064,38
conv_11c2622ee391485c9913d2f1479b665b,3,0.6156929095049162,37
conv_11c2622ee391485c9913d2f1479b665b,4,0.602514787680573,36
conv_11c2622ee391485c9913d2f1479b665b,5,0.6223030686378479,35
conv_11c2622ee391485c9913d2f1479b665b,6,0.6153393273844439,34
conv_11c2622ee391485c9913d2f1479b665b,7,0.622968234799125,33
conv_11c2622ee391485c9913d2f1479b665b,8,0.6160903954878449,32
conv_11c2622ee391485c9913d2f1479b665b,9,0.6092251616139566,31
conv_11c2622ee391485c9913d2f1479b665b,10,0.5956917524337768,30
conv_11c2622ee391485c9913d2f1479b665b,11,0.5942862383250532,29
conv_11c2622ee391485c9913d2f1479b665b,12,0.6047188405479703,28
conv_11c2622ee391485c9913d2f1479b665b,13,0.6261247197786967,27
conv_11c2622ee391485c9913d2f1479b665b,14,0.6199837923049927,26
conv_11c2622ee391485c9913d2f1479b665b,15,0.6029712212085724,25
conv_11c2622ee391485c9913d2f1479b665b,16,0.6035014962156614,24
conv_11c2622ee391485c9913d2f1479b665b,17,0.5991882733676744,23
conv_11c2622ee391485c9913d2f1479b665b,18,0.5999875068664551,22
conv_11c2622ee391485c9913d2f1479b665b,19,0.6082087670053754,21
conv_11c2622ee391485c9913d2f1479b665b,20,0.6031810149550438,20
conv_13f71095fd0a4a1d8a69de1414e8a7b7,1,0.6457440912723541,30
conv_13f71095fd0a4a1d8a69de1414e8a7b7,2,0.6437492432265446,29
conv_13f71095fd0a4a1d8a69de1414e8a7b7,3,0.647736234324319,28
conv_13f71095fd0a4a1d8a69de1414e8a7b7,4,0.649303846889072,27
conv_13f71095fd0a4a1d8a69de1414e8a7b7,5,0.6325352547260431,26
conv_13f71095fd0a4a1d8a69de1414e8a7b7,6,0.6242459714412689,25
conv_13f71095fd0a4a1d8a69de1414e8a7b7,7,0.6366779940823714,24
conv_13f71095fd0a4a1d8a69de1414e8a7b7,8,0.6219020265599956,23
conv_13f71095fd0a4a1d8a69de1414e8a7b7,9,0.6258260824463584,22
conv_13f71095fd0a4a1d8a69de1414e8a7b7,10,0.6481542587280273,21
conv_13f71095fd0a4a1d8a69de1414e8a7b7,11,0.6409851431846618,20
conv_13f71095fd0a4a1d8a69de1414e8a7b7,12,0.6095968924070659,19
conv_13f71095fd0a4a1d8a69de1414e8a7b7,13,0.6429748435815176,18
conv_13f71095fd0a4a1d8a69de1414e8a7b7,14,0.6128049580489888,17
conv_13f71095fd0a4a1d8a69de1414e8a7b7,15,0.6406146734952927,16
conv_145de5a68d014da88f143860a2aed6fd,1,0.6739472928254501,23
conv_145de5a68d014da88f143860a2aed6fd,2,0.6605214476585388,22
conv_145de5a68d014da88f143860a2aed6fd,3,0.6693499457268488,21
conv_145de5a68d014da88f143860a2aed6fd,4,0.6697980761528015,20
conv_145de5a68d014da88f143860a2aed6fd,5,0.6427316602907682,19
conv_145de5a68d014da88f143860a2aed6fd,6,0.6514421072271135,18
conv_145de5a68d014da88f143860a2aed6fd,7,0.632499635219574,17
conv_145de5a68d014da88f143860a2aed6fd,8,0.6368616558611393,16
conv_145de5a68d014da88f143860a2aed6fd,9,0.6296322862307231,15
conv_145de5a68d014da88f143860a2aed6fd,10,0.645937557731356,14
conv_145de5a68d014da88f143860a2aed6fd,11,0.6490575992144071,13
conv_145de5a68d014da88f143860a2aed6fd,12,0.6388145337502161,12
conv_1547fb2c3c8a489186d0682465ab3451,1,0.7673057839274406,8
conv_1547fb2c3c8a489186d0682465ab3451,2,0.7468851123537336,7
conv_1547fb2c3c8a489186d0682465ab3451,3,0.6950453321139017,6
conv_1547fb2c3c8a489186d0682465ab3451,4,0.6799530029296875,5
conv_155f7493-3058-435d-a672-40e7e8ec213a,1,0.5842360585927964,40
conv_155f7493-3058-435d-a672-40e7e8ec213a,2,0.568206881865477,39
conv_155f7493-3058-435d-a672-40e7e8ec213a,3,0.5769676644551126,38
conv_155f7493-3058-435d-a672-40e7e8ec213a,4,0.5795269092997989,37
conv_155f7493-3058-435d-a672-40e7e8ec213a,5,0.5773092061281204,36
conv_155f7493-3058-435d-a672-40e7e8ec213a,6,0.5658913033349173,35
conv_155f7493-3058-435d-a672-40e7e8ec213a,7,0.5638977762530831,34
conv_155f7493-3058-435d-a672-40e7e8ec213a,8,0.5859562835910104,33
conv_155f7493-3058-435d-a672-40e7e8ec213a,9,0.5726386215537786,32
conv_155f7493-3058-435d-a672-40e7e8ec213a,10,0.5672433539744346,31
conv_155f7493-3058-435d-a672-40e7e8ec213a,11,0.5709908266862234,30
conv_155f7493-3058-435d-a672-40e7e8ec213a,12,0.5593151779010378,29
conv_155f7493-3058-435d-a672-40e7e8ec213a,13,0.5706097632646561,28
conv_155f7493-3058-435d-a672-40e7e8ec213a,14,0.5630115866661072,27
conv_155f7493-3058-435d-a672-40e7e8ec213a,15,0.5634748270878425,26
conv_155f7493-3058-435d-a672-40e7e8ec213a,16,0.578941787481308,25
conv_155f7493-3058-435d-a672-40e7e8ec213a,17,0.5527473092079163,24
conv_155f7493-3058-435d-a672-40e7e8ec213a,18,0.5636525555797245,23
conv_155f7493-3058-435d-a672-40e7e8ec213a,19,0.5662831325422634,22
conv_155f7493-3058-435d-a672-40e7e8ec213a,20,0.5715589069184803,21
conv_18ba473d-8913-4785-95cf-9a5400887bb9,1,0.6248160016078216,26
conv_18ba473d-8913-4785-95cf-9a5400887bb9,2,0.6114793467521668,25
conv_18ba473d-8913-4785-95cf-9a5400887bb9,3,0.6117203359802564,24
conv_18ba473d-8913-4785-95cf-9a5400887bb9,4,0.6180376319781594,23
conv_18ba473d-8913-4785-95cf-9a5400887bb9,5,0.6071905940771103,22
conv_18ba473d-8913-4785-95cf-9a5400887bb9,6,0.6090674457095918,21
conv_18ba473d-8913-4785-95cf-9a5400887bb9,7,0.597979125380516,20
conv_18ba473d-8913-4785-95cf-9a5400887bb9,8,0.6159780527416029,19
conv_18ba473d-8913-4785-95cf-9a5400887bb9,9,0.6025878455903795,18
conv_18ba473d-8913-4785-95cf-9a5400887bb9,10,0.5975147976594812,17
conv_18ba473d-8913-4785-95cf-9a5400887bb9,11,0.5976792927831411,16
conv_18ba473d-8913-4785-95cf-9a5400887bb9,12,0.5987126191457113,15
conv_18ba473d-8913-4785-95cf-9a5400887bb9,13,0.5902882601533618,14
conv_18be1999-da21-4ab6-8f9e-e52e6d9c8070,1,0.6552526619699266,18
conv_18be1999-da21-4ab6-8f9e-e52e6d9c8070,2,0.6497674338957843,17
conv_18be1999-da21-4ab6-8f9e-e52e6d9c8070,3,0.6420282498002052,16
conv_18be1999-da21-4ab6-8f9e-e52e6d9c8070,4,0.6435988267262777,15
conv_18be1999-da21-4ab6-8f9e-e52e6d9c8070,5,0.6390729078224727,14
conv_18be1999-da21-4ab6-8f9e-e52e6d9c8070,6,0.6362829070824844,13
conv_18be1999-da21-4ab6-8f9e-e52e6d9c8070,7,0.6423243408401808,12
conv_18be1999-da21-4ab6-8f9e-e52e6d9c8070,8,0.6398855447769165,11
conv_18be1999-da21-4ab6-8f9e-e52e6d9c8070,9,0.619103667140007,10
conv_193bbf9f-e759-475a-ae86-76613053567a,1,0.6106306612491608,33
conv_193bbf9f-e759-475a-ae86-76613053567a,2,0.5872304476797581,32
conv_193bbf9f-e759-475a-ae86-76613053567a,3,0.5970147742379096,31
conv_193bbf9f-e759-475a-ae86-76613053567a,4,0.5767210086186727,30
conv_193bbf9f-e759-475a-ae86-76613053567a,5,0.553036001221887,29
conv_193bbf9f-e759-475a-ae86-76613053567a,6,0.56326410812991,28
conv_193bbf9f-e759-475a-ae86-76613053567a,7,0.5880380460509548,27
conv_193bbf9f-e759-475a-ae86-76613053567a,8,0.5787048832728312,26
conv_193bbf9f-e759-475a-ae86-76613053567a,9,0.5780554294586182,25
conv_193bbf9f-e759-475a-ae86-76613053567a,10,0.5895867807169756,24
conv_193bbf9f-e759-475a-ae86-76613053567a,11,0.5654255009215811,23
conv_193bbf9f-e759-475a-ae86-76613053567a,12,0.5744913721626456,22
conv_193bbf9f-e759-475a-ae86-76613053567a,13,0.5738807079337892,21
conv_193bbf9f-e759-475a-ae86-76613053567a,14,0.5837265014648437,20
conv_193bbf9f-e759-475a-ae86-76613053567a,15,0.5746960969347703,19
conv_193bbf9f-e759-475a-ae86-76613053567a,16,0.5885154919491874,18
conv_193bbf9f-e759-475a-ae86-76613053567a,17,0.5640199955771951,17
conv_1a4cdabdded94039ac38c6be264efe9f,1,0.6271959477000766,36
conv_1a4cdabdded94039ac38c6be264efe9f,2,0.6120376765727997,35
conv_1a4cdabdded94039ac38c6be264efe9f,3,0.634477180593154,34
conv_1a4cdabdded94039ac38c6be264efe9f,4,0.6389786167578264,33
conv_1a4cdabdded94039ac38c6be264efe9f,5,0.6184992976486683,32
conv_1a4cdabdded94039ac38c6be264efe9f,6,0.6198231904737411,31
conv_1a4cdabdded94039ac38c6be264efe9f,7,0.6254767417907715,30
conv_1a4cdabdded94039ac38c6be264efe9f,8,0.6060413625733606,29
conv_1a4cdabdded94039ac38c6be264efe9f,9,0.6108333947403091,28
conv_1a4cdabdded94039ac38c6be264efe9f,10,0.6278320197705869,27
conv_1a4cdabdded94039ac38c6be264efe9f,11,0.6003837998096759,26
conv_1a4cdabdded94039ac38c6be264efe9f,12,0.5890697348117828,25
conv_1a4cdabdded94039ac38c6be264efe9f,13,0.6205804583926996,24
conv_1a4cdabdded94039ac38c6be264efe9f,14,0.6058368268220321,23
conv_1a4cdabdded94039ac38c6be264efe9f,15,0.5989420806819742,22
conv_1a4cdabdded94039ac38c6be264efe9f,16,0.6144593130974543,21
conv_1a4cdabdded94039ac38c6be264efe9f,17,0.6145392477512359,20
conv_1a4cdabdded94039ac38c6be264efe9f,18,0.5869970603993064,19
conv_1a776856-1876-44eb-b0f6-31b31250ddca,1,0.6567194949496876,11
conv_1a776856-1876-44eb-b0f6-31b31250ddca,2,0.6336175382137299,10
conv_1a776856-1876-44eb-b0f6-31b31250ddca,3,0.6812346047825284,9
conv_1a776856-1876-44eb-b0f6-31b31250ddca,4,0.633706197142601,8
conv_1a776856-1876-44eb-b0f6-31b31250ddca,5,0.655232948916299,7
conv_1a776856-1876-44eb-b0f6-31b31250ddca,6,0.6895591417948405,6
conv_1b0e1bf3782340208c862eb1953a6489,1,0.6540106671197073,35
conv_1b0e1bf3782340208c862eb1953a6489,2,0.642196321312119,34
conv_1b0e1bf3782340208c862eb1953a6489,3,0.6401462284001437,33
conv_1b0e1bf3782340208c862eb1953a6489,4,0.6022563586011529,32
conv_1b0e1bf3782340208c862eb1953a6489,5,0.6175515805521319,31
conv_1b0e1bf3782340208c862eb1953a6489,6,0.6149304687976838,30
conv_1b0e1bf3782340208c862eb1953a6489,7,0.6263331072083835,29
conv_1b0e1bf3782340208c862eb1953a6489,8,0.6483422539063862,28
conv_1b0e1bf3782340208c862eb1953a6489,9,0.6165077642158225,27
conv_1b0e1bf3782340208c862eb1953a6489,10,0.6188917515369562,26
conv_1b0e1bf3782340208c862eb1953a6489,11,0.5907746386528016,25
conv_1b0e1bf3782340208c862eb1953a6489,12,0.5951550702253977,24
conv_1b0e1bf3782340208c862eb1953a6489,13,0.583381175994873,23
conv_1b0e1bf3782340208c862eb1953a6489,14,0.5918282852931456,22
conv_1b0e1bf3782340208c862eb1953a6489,15,0.5999396869114467,21
conv_1b0e1bf3782340208c862eb1953a6489,16,0.5916258126497269,20
conv_1b0e1bf3782340208c862eb1953a6489,17,0.5985113382339478,19
conv_1b0e1bf3782340208c862eb1953a6489,18,0.5965123358700011,18
conv_1bb594f6-281e-43c0-aad7-d82e4a2ab88d,1,0.6055747576885753,36
conv_1bb594f6-281e-43c0-aad7-d82e4a2ab88d,2,0.5793056871209826,35
conv_1bb594f6-281e-43c0-aad7-d82e4a2ab88d,3,0.5979111711768543,34
conv_1bb594f6-281e-43c0-aad7-d82e4a2ab88d,4,0.5881019984230851,33
conv_1bb594f6-281e-43c0-aad7-d82e4a2ab88d,5,0.5809018155559897,32
conv_1bb594f6-281e-43c0-aad7-d82e4a2ab88d,6,0.5912409482463714,31
conv_1bb594f6-281e-43c0-aad7-d82e4a2ab88d,7,0.55168443719546,30
conv_1bb594f6-281e-43c0-aad7-d82e4a2ab88d,8,0.5507929736170275,29
conv_1bb594f6-281e-43c0-aad7-d82e4a2ab88d,9,0.5591009865914073,28
conv_1bb594f6-281e-43c0-aad7-d82e4a2ab88d,10,0.5691766904460059,27
conv_1bb594f6-281e-43c0-aad7-d82e4a2ab88d,11,0.5724523216485977,26
conv_1bb594f6-281e-43c0-aad7-d82e4a2ab88d,12,0.5599159860610962,25
conv_1bb594f6-281e-43c0-aad7-d82e4a2ab88d,13,0.5424791015684605,24
conv_1bb594f6-281e-43c0-aad7-d82e4a2ab88d,14,0.5451612044935641,23
conv_1bb594f6-281e-43c0-aad7-d82e4a2ab88d,15,0.5806109607219696,22
conv_1bb594f6-281e-43c0-aad7-d82e4a2ab88d,16,0.5621580211889177,21
conv_1bb594f6-281e-43c0-aad7-d82e4a2ab88d,17,0.5610207080841064,20
conv_1bb594f6-281e-43c0-aad7-d82e4a2ab88d,18,0.5600933354151877,19
conv_20c3db22-5b6d-42fa-bdee-f1e1a84fe6e8,1,0.6386930627955331,18
conv_20c3db22-5b6d-42fa-bdee-f1e1a84fe6e8,2,0.6248716641874874,17
conv_20c3db22-5b6d-42fa-bdee-f1e1a84fe6e8,3,0.5898903738707304,16
conv_20c3db22-5b6d-42fa-bdee-f1e1a84fe6e8,4,0.5970714032649994,15
conv_20c3db22-5b6d-42fa-bdee-f1e1a84fe6e8,5,0.566874297601836,14
conv_20c3db22-5b6d-42fa-bdee-f1e1a84fe6e8,6,0.6183952482847067,13
conv_20c3db22-5b6d-42fa-bdee-f1e1a84fe6e8,7,0.6218419224023819,12
conv_20c3db22-5b6d-42fa-bdee-f1e1a84fe6e8,8,0.6036361970684745,11
conv_20c3db22-5b6d-42fa-bdee-f1e1a84fe6e8,9,0.6252199083566665,10
conv_23a11cb8a62046a39c8eaeb4b4f1a0fc,1,0.6684971270353898,23
conv_23a11cb8a62046a39c8eaeb4b4f1a0fc,2,0.6641298234462738,22
conv_23a11cb8a62046a39c8eaeb4b4f1a0fc,3,0.658562768073309,21
conv_23a11cb8a62046a39c8eaeb4b4f1a0fc,4,0.6632743626832962,20
conv_23a11cb8a62046a39c8eaeb4b4f1a0fc,5,0.6480167915946559,19
conv_23a11cb8a62046a39c8eaeb4b4f1a0fc,6,0.6500845452149709,18
conv_23a11cb8a62046a39c8eaeb4b4f1a0fc,7,0.6674705323051003,17
conv_23a11cb8a62046a39c8eaeb4b4f1a0fc,8,0.6745290085673332,16
conv_23a11cb8a62046a39c8eaeb4b4f1a0fc,9,0.662328040599823,15
conv_23a11cb8a62046a39c8eaeb4b4f1a0fc,10,0.6707247367927006,14
conv_23a11cb8a62046a39c8eaeb4b4f1a0fc,11,0.6575040037815387,13
conv_23a11cb8a62046a39c8eaeb4b4f1a0fc,12,0.657362995048364,12
conv_23ed55f8-cc91-439f-8c8e-e24f66457596,1,0.6411512689931053,35
conv_23ed55f8-cc91-439f-8c8e-e24f66457596,2,0.6011792508994832,34
conv_23ed55f8-cc91-439f-8c8e-e24f66457596,3,0.6218096243612694,33
conv_23ed55f8-cc91-439f-8c8e-e24f66457596,4,0.620432703755796,32
conv_23ed55f8-cc91-439f-8c8e-e24f66457596,5,0.5879785879965751,31
conv_23ed55f8-cc91-439f-8c8e-e24f66457596,6,0.588942434390386,30
conv_23ed55f8-cc91-439f-8c8e-e24f66457596,7,0.6136321785121128,29
conv_23ed55f8-cc91-439f-8c8e-e24f66457596,8,0.6104155438286918,28
conv_23ed55f8-cc91-439f-8c8e-e24f66457596,9,0.580835081912853,27
conv_23ed55f8-cc91-439f-8c8e-e24f66457596,10,0.5872408128701724,26
conv_23ed55f8-cc91-439f-8c8e-e24f66457596,11,0.6147854411602021,25
conv_23ed55f8-cc91-439f-8c8e-e24f66457596,12,0.6014587792257468,24
conv_23ed55f8-cc91-439f-8c8e-e24f66457596,13,0.5947166720162267,23
conv_23ed55f8-cc91-439f-8c8e-e24f66457596,14,0.5799557322805579,22
conv_23ed55f8-cc91-439f-8c8e-e24f66457596,15,0.5783618291219076,21
conv_23ed55f8-cc91-439f-8c8e-e24f66457596,16,0.5991402313113212,20
conv_23ed55f8-cc91-439f-8c8e-e24f66457596,17,0.594527476712277,19
conv_23ed55f8-cc91-439f-8c8e-e24f66457596,18,0.5965190397368537,18
conv_24be5ad5ae8b490a89787a75511dc012,1,0.7492924862437778,9
conv_24be5ad5ae8b490a89787a75511dc012,2,0.7326316311955452,8
conv_24be5ad5ae8b490a89787a75511dc012,3,0.7221571803092957,7
conv_24be5ad5ae8b490a89787a75511dc012,4,0.6964068512121836,6
conv_24be5ad5ae8b490a89787a75511dc012,5,0.7112151265144349,5
conv_25b3327db15a448db32cb8f42d05655e,1,0.68477410475413,30
conv_25b3327db15a448db32cb8f42d05655e,2,0.6797153189264494,29
conv_25b3327db15a448db32cb8f42d05655e,3,0.6808881504195077,28
conv_25b3327db15a448db32cb8f42d05655e,4,0.6438588058507001,27
conv_25b3327db15a448db32cb8f42d05655e,5,0.666352255986287,26
conv_25b3327db15a448db32cb8f42d05655e,6,0.6788863468170167,25
conv_25b3327db15a448db32cb8f42d05655e,7,0.650753573824962,24
conv_25b3327db15a448db32cb8f42d05655e,8,0.6484614817992501,23
conv_25b3327db15a448db32cb8f42d05655e,9,0.6589873406020078,22
conv_25b3327db15a448db32cb8f42d05655e,10,0.6366824422563825,21
conv_25b3327db15a448db32cb8f42d05655e,11,0.6496270880103111,20
conv_25b3327db15a448db32cb8f42d05655e,12,0.6614940950745031,19
conv_25b3327db15a448db32cb8f42d05655e,13,0.653177774614758,18
conv_25b3327db15a448db32cb8f42d05655e,14,0.6505429990151349,17
conv_25b3327db15a448db32cb8f42d05655e,15,0.6437967140227556,16
conv_272a28c1cb76483fb0bcc11661b06dbc,1,0.677165377756645,29
conv_272a28c1cb76483fb0bcc11661b06dbc,2,0.7089438193610736,28
conv_272a28c1cb76483fb0bcc11661b06dbc,3,0.6661945239261344,27
conv_272a28c1cb76483fb0bcc11661b06dbc,4,0.6798567095628152,26
conv_272a28c1cb76483fb0bcc11661b06dbc,5,0.666229956150055,25
conv_272a28c1cb76483fb0bcc11661b06dbc,6,0.6695755583544573,24
conv_272a28c1cb76483fb0bcc11661b06dbc,7,0.682643605315167,23
conv_272a28c1cb76483fb0bcc11661b06dbc,8,0.6540150872685693,22
conv_272a28c1cb76483fb0bcc11661b06dbc,9,0.6758687212353661,21
conv_272a28c1cb76483fb0bcc11661b06dbc,10,0.6400430411100387,20
conv_272a28c1cb76483fb0bcc11661b06dbc,11,0.6583856642246246,19
conv_272a28c1cb76483fb0bcc11661b06dbc,12,0.6427038080162473,18
conv_272a28c1cb76483fb0bcc11661b06dbc,13,0.6635001126457664,17
conv_272a28c1cb76483fb0bcc11661b06dbc,14,0.665666252374649,16
conv_272a28c1cb76483fb0bcc11661b06dbc,15,0.6662745734055837,15
conv_29031421-8265-472f-b4ce-f147dd80edca,1,0.5696096384809131,42
conv_29031421-8265-472f-b4ce-f147dd80edca,2,0.5649558407504384,41
conv_29031421-8265-472f-b4ce-f147dd80edca,3,0.5526785269379616,40
conv_29031421-8265-472f-b4ce-f147dd80edca,4,0.5680314883207663,39
conv_29031421-8265-472f-b4ce-f147dd80edca,5,0.5738444477319717,38
conv_29031421-8265-472f-b4ce-f147dd80edca,6,0.5499931743016114,37
conv_29031421-8265-472f-b4ce-f147dd80edca,7,0.5440844827228122,36
conv_29031421-8265-472f-b4ce-f147dd80edca,8,0.5577685458319528,35
conv_29031421-8265-472f-b4ce-f147dd80edca,9,0.5459455725024728,34
conv_29031421-8265-472f-b4ce-f147dd80edca,10,0.5764944372755109,33
conv_29031421-8265-472f-b4ce-f147dd80edca,11,0.5464396374300122,32
conv_29031421-8265-472f-b4ce-f147dd80edca,12,0.5638596290542234,31
conv_29031421-8265-472f-b4ce-f147dd80edca,13,0.5447712540626526,30
conv_29031421-8265-472f-b4ce-f147dd80edca,14,0.5679763925486597,29
conv_29031421-8265-472f-b4ce-f147dd80edca,15,0.5591811782547406,28
conv_29031421-8265-472f-b4ce-f147dd80edca,16,0.550145435112494,27
conv_29031421-8265-472f-b4ce-f147dd80edca,17,0.5482092259021906,26
conv_29031421-8265-472f-b4ce-f147dd80edca,18,0.5537181162834167,25
conv_29031421-8265-472f-b4ce-f147dd80edca,19,0.551012442757686,24
conv_29031421-8265-472f-b4ce-f147dd80edca,20,0.5580482120099275,23
conv_29031421-8265-472f-b4ce-f147dd80edca,21,0.542607148939913,22
conv_292771c4d36a4702b327c98371d9c388,1,0.6414079666137695,29
conv_292771c4d36a4702b327c98371d9c388,2,0.6648123264312744,28
conv_292771c4d36a4702b327c98371d9c388,3,0.6270803345574273,27
conv_292771c4d36a4702b327c98371d9c388,4,0.6446676942018362,26
conv_292771c4d36a4702b327c98371d9c388,5,0.6573637986183166,25
conv_292771c4d36a4702b327c98371d9c388,6,0.6227897653977076,24
conv_292771c4d36a4702b327c98371d9c388,7,0.632030216248139,23
conv_292771c4d36a4702b327c98371d9c388,8,0.5962860909375277,22
conv_292771c4d36a4702b327c98371d9c388,9,0.5993378957112631,21
conv_292771c4d36a4702b327c98371d9c388,10,0.6020782828330994,20
conv_292771c4d36a4702b327c98371d9c388,11,0.6051260342723445,19
conv_292771c4d36a4702b327c98371d9c388,12,0.6243421087662379,18
conv_292771c4d36a4702b327c98371d9c388,13,0.5810365571695215,17
conv_292771c4d36a4702b327c98371d9c388,14,0.6130521763116121,16
conv_292771c4d36a4702b327c98371d9c388,15,0.6062868257363637,15
conv_2b6a9fdd2b264202b6fbc798e053f3c0,1,0.6213093824458845,33
conv_2b6a9fdd2b264202b6fbc798e053f3c0,2,0.6276243347674608,32
conv_2b6a9fdd2b264202b6fbc798e053f3c0,3,0.6238222026055859,31
conv_2b6a9fdd2b264202b6fbc798e053f3c0,4,0.6321666647990545,30
conv_2b6a9fdd2b264202b6fbc798e053f3c0,5,0.6197275766010942,29
conv_2b6a9fdd2b264202b6fbc798e053f3c0,6,0.5998752202306475,28
conv_2b6a9fdd2b264202b6fbc798e053f3c0,7,0.5871834622489082,27
conv_2b6a9fdd2b264202b6fbc798e053f3c0,8,0.6136016455980448,26
conv_2b6a9fdd2b264202b6fbc798e053f3c0,9,0.6010290193557739,25
conv_2b6a9fdd2b264202b6fbc798e053f3c0,10,0.5830818091829618,24
conv_2b6a9fdd2b264202b6fbc798e053f3c0,11,0.5989605240199877,23
conv_2b6a9fdd2b264202b6fbc798e053f3c0,12,0.6181056919423017,22
conv_2b6a9fdd2b264202b6fbc798e053f3c0,13,0.6079291247186207,21
conv_2b6a9fdd2b264202b6fbc798e053f3c0,14,0.6031514137983323,20
conv_2b6a9fdd2b264202b6fbc798e053f3c0,15,0.6136304579283062,19
conv_2b6a9fdd2b264202b6fbc798e053f3c0,16,0.5935461819171906,18
conv_2b6a9fdd2b264202b6fbc798e053f3c0,17,0.6046532988548279,17
conv_2ce635fa-cb6c-424f-9565-859a944eed92,1,0.6696141791343689,25
conv_2ce635fa-cb6c-424f-9565-859a944eed92,2,0.6438279661039511,24
conv_2ce635fa-cb6c-424f-9565-859a944eed92,3,0.6501705827920333,23
conv_2ce635fa-cb6c-424f-9565-859a944eed92,4,0.6562170277942311,22
conv_2ce635fa-cb6c-424f-9565-859a944eed92,5,0.6323881418932051,21
conv_2ce635fa-cb6c-424f-9565-859a944eed92,6,0.6560922637581825,20
conv_2ce635fa-cb6c-424f-9565-859a944eed92,7,0.6554320407541174,19
conv_2ce635fa-cb6c-424f-9565-859a944eed92,8,0.6487132029400932,18
conv_2ce635fa-cb6c-424f-9565-859a944eed92,9,0.6387853762682747,17
conv_2ce635fa-cb6c-424f-9565-859a944eed92,10,0.6373294591903687,16
conv_2ce635fa-cb6c-424f-9565-859a944eed92,11,0.6413897693157196,15
conv_2ce635fa-cb6c-424f-9565-859a944eed92,12,0.6427174551146371,14
conv_2ce635fa-cb6c-424f-9565-859a944eed92,13,0.6415463135792658,13
conv_2f306db5-d066-4651-b17c-762d7f601570,1,0.6447085011005401,25
conv_2f306db5-d066-4651-b17c-762d7f601570,2,0.6086026628812155,24
conv_2f306db5-d066-4651-b17c-762d7f601570,3,0.6287021533302639,23
conv_2f306db5-d066-4651-b17c-762d7f601570,4,0.626301193779165,22
conv_2f306db5-d066-4651-b17c-762d7f601570,5,0.6040136828309014,21
conv_2f306db5-d066-4651-b17c-762d7f601570,6,0.6119043007493019,20
conv_2f306db5-d066-4651-b17c-762d7f601570,7,0.6043469482346585,19
conv_2f306db5-d066-4651-b17c-762d7f601570,8,0.5823889887995191,18
conv_2f306db5-d066-4651-b17c-762d7f601570,9,0.59015372746131,17
conv_2f306db5-d066-4651-b17c-762d7f601570,10,0.599078731611371,16
conv_2f306db5-d066-4651-b17c-762d7f601570,11,0.5960166811943054,15
conv_2f306db5-d066-4651-b17c-762d7f601570,12,0.5876023513930184,14
conv_2f306db5-d066-4651-b17c-762d7f601570,13,0.5820848758404071,13
conv_31e18dd54ab64e43899d86184657e442,1,0.6436613270869622,26
conv_31e18dd54ab64e43899d86184657e442,2,0.6565739047527314,25
conv_31e18dd54ab64e43899d86184657e442,3,0.6354892775416374,24
conv_31e18dd54ab64e43899d86184657e442,4,0.6411758635355078,23
conv_31e18dd54ab64e43899d86184657e442,5,0.6311651251532815,22
conv_31e18dd54ab64e43899d86184657e442,6,0.6435480969292777,21
conv_31e18dd54ab64e43899d86184657e442,7,0.652734312415123,20
conv_31e18dd54ab64e43899d86184657e442,8,0.6586901106332478,19
conv_31e18dd54ab64e43899d86184657e442,9,0.6591315699948205,18
conv_31e18dd54ab64e43899d86184657e442,10,0.6557681841008803,17
conv_31e18dd54ab64e43899d86184657e442,11,0.6292134821414948,16
conv_31e18dd54ab64e43899d86184657e442,12,0.6501843094825744,15
conv_31e18dd54ab64e43899d86184657e442,13,0.6219212668282645,14
conv_328804bd-df9e-47da-ad43-e4da646b9ceb,1,0.6854083708354405,14
conv_328804bd-df9e-47da-ad43-e4da646b9ceb,2,0.6389063917673551,13
conv_328804bd-df9e-47da-ad43-e4da646b9ceb,3,0.6388592173655828,12
conv_328804bd-df9e-47da-ad43-e4da646b9ceb,4,0.6272882656617598,11
conv_328804bd-df9e-47da-ad43-e4da646b9ceb,5,0.6137923061847687,10
conv_328804bd-df9e-47da-ad43-e4da646b9ceb,6,0.6344559722476535,9
conv_328804bd-df9e-47da-ad43-e4da646b9ceb,7,0.6246068514883518,8
conv_33502e38-922d-4e7d-a252-ab236947c3d2,1,0.6131968230009079,20
conv_33502e38-922d-4e7d-a252-ab236947c3d2,2,0.6102900756032843,19
conv_33502e38-922d-4e7d-a252-ab236947c3d2,3,0.6050127827458911,18
conv_33502e38-922d-4e7d-a252-ab236947c3d2,4,0.5928642504355487,17
conv_33502e38-922d-4e7d-a252-ab236947c3d2,5,0.5943897236138582,16
conv_33502e38-922d-4e7d-a252-ab236947c3d2,6,0.5980002820491791,15
conv_33502e38-922d-4e7d-a252-ab236947c3d2,7,0.568421082837241,14
conv_33502e38-922d-4e7d-a252-ab236947c3d2,8,0.6078790059456458,13
conv_33502e38-922d-4e7d-a252-ab236947c3d2,9,0.5805059149861336,12
conv_33502e38-922d-4e7d-a252-ab236947c3d2,10,0.6054819822311401,11
conv_339a89acf32545fa80f53e02c9fd766b,1,0.6497904172069148,38
conv_339a89acf32545fa80f53e02c9fd766b,2,0.6306099521147238,37
conv_339a89acf32545fa80f53e02c9fd766b,3,0.6419059766663445,36
conv_339a89acf32545fa80f53e02c9fd766b,4,0.6184368848800659,35
conv_339a89acf32545fa80f53e02c9fd766b,5,0.613024156759767,34
conv_339a89acf32545fa80f53e02c9fd766b,6,0.6103074966054974,33
conv_339a89acf32545fa80f53e02c9fd766b,7,0.5932374866679311,32
conv_339a89acf32545fa80f53e02c9fd766b,8,0.5867853693423732,31
conv_339a89acf32545fa80f53e02c9fd766b,9,0.5943857411543528,30
conv_339a89acf32545fa80f53e02c9fd766b,10,0.5841113051463818,29
conv_339a89acf32545fa80f53e02c9fd766b,11,0.5924911786402974,28
conv_339a89acf32545fa80f53e02c9fd766b,12,0.5992026483571088,27
conv_339a89acf32545fa80f53e02c9fd766b,13,0.5939573622666873,26
conv_339a89acf32545fa80f53e02c9fd766b,14,0.589809707403183,25
conv_339a89acf32545fa80f53e02c9fd766b,15,0.5995449063678583,24
conv_339a89acf32545fa80f53e02c9fd766b,16,0.6048809873021167,23
conv_339a89acf32545fa80f53e02c9fd766b,17,0.5810777409510179,22
conv_339a89acf32545fa80f53e02c9fd766b,18,0.5917606041544959,21
conv_339a89acf32545fa80f53e02c9fd766b,19,0.6113973200321198,20
conv_396737da-f9a2-4564-9edf-3712ef73724d,1,0.5526692228657859,28
conv_396737da-f9a2-4564-9edf-3712ef73724d,2,0.5607350457597662,27
conv_396737da-f9a2-4564-9edf-3712ef73724d,3,0.5449102704341595,26
conv_396737da-f9a2-4564-9edf-3712ef73724d,4,0.5512054872512817,25
conv_396737da-f9a2-4564-9edf-3712ef73724d,5,0.5501315581301848,24
conv_396737da-f9a2-4564-9edf-3712ef73724d,6,0.5470522084961766,23
conv_396737da-f9a2-4564-9edf-3712ef73724d,7,0.5668956718661569,22
conv_396737da-f9a2-4564-9edf-3712ef73724d,8,0.5546580737545377,21
conv_396737da-f9a2-4564-9edf-3712ef73724d,9,0.5830614328384399,20
conv_396737da-f9a2-4564-9edf-3712ef73724d,10,0.5700278439019856,19
conv_396737da-f9a2-4564-9edf-3712ef73724d,11,0.550203444229232,18
conv_396737da-f9a2-4564-9edf-3712ef73724d,12,0.5802913132835837,17
conv_396737da-f9a2-4564-9edf-3712ef73724d,13,0.5442360080778599,16
conv_396737da-f9a2-4564-9edf-3712ef73724d,14,0.5424020032087962,15
conv_3b65e0a1-1bf7-4f16-825f-63867d60f8d3,1,0.6637765991687775,25
conv_3b65e0a1-1bf7-4f16-825f-63867d60f8d3,2,0.6660367747147878,24
conv_3b65e0a1-1bf7-4f16-825f-63867d60f8d3,3,0.6428126964880072,23
conv_3b65e0a1-1bf7-4f16-825f-63867d60f8d3,4,0.648499765179374,22
conv_3b65e0a1-1bf7-4f16-825f-63867d60f8d3,5,0.6324214254106794,21
conv_3b65e0a1-1bf7-4f16-825f-63867d60f8d3,6,0.6484231621026992,20
conv_3b65e0a1-1bf7-4f16-825f-63867d60f8d3,7,0.6667303474325883,19
conv_3b65e0a1-1bf7-4f16-825f-63867d60f8d3,8,0.6343220074971517,18
conv_3b65e0a1-1bf7-4f16-825f-63867d60f8d3,9,0.6364653706550598,17
conv_3b65e0a1-1bf7-4f16-825f-63867d60f8d3,10,0.6278813220560551,16
conv_3b65e0a1-1bf7-4f16-825f-63867d60f8d3,11,0.6505610764026641,15
conv_3b65e0a1-1bf7-4f16-825f-63867d60f8d3,12,0.6344735026359558,14
conv_3b65e0a1-1bf7-4f16-825f-63867d60f8d3,13,0.6501296002131242,13
conv_3c43f51a-ffcf-4161-8d6d-b76bf669acb6,1,0.6790215181452888,28
conv_3c43f51a-ffcf-4161-8d6d-b76bf669acb6,2,0.6463456507082339,27
conv_3c43f51a-ffcf-4161-8d6d-b76bf669acb6,3,0.6729450959425706,26
conv_3c43f51a-ffcf-4161-8d6d-b76bf669acb6,4,0.6634785342216492,25
conv_3c43f51a-ffcf-4161-8d6d-b76bf669acb6,5,0.6428512136141459,24
conv_3c43f51a-ffcf-4161-8d6d-b76bf669acb6,6,0.6496211083038993,23
conv_3c43f51a-ffcf-4161-8d6d-b76bf669acb6,7,0.6825162091038444,22
conv_3c43f51a-ffcf-4161-8d6d-b76bf669acb6,8,0.6707723679996672,21
conv_3c43f51a-ffcf-4161-8d6d-b76bf669acb6,9,0.6595624208450317,20
conv_3c43f51a-ffcf-4161-8d6d-b76bf669acb6,10,0.6510483904888755,19
conv_3c43f51a-ffcf-4161-8d6d-b76bf669acb6,11,0.6547956566015879,18
conv_3c43f51a-ffcf-4161-8d6d-b76bf669acb6,12,0.6214195419760311,17
conv_3c43f51a-ffcf-4161-8d6d-b76bf669acb6,13,0.6393461152911186,16
conv_3c43f51a-ffcf-4161-8d6d-b76bf669acb6,14,0.6660757501920064,15
conv_3c5b888e-d991-4bce-adad-5584923b75b5,1,0.5803292303374319,33
conv_3c5b888e-d991-4bce-adad-5584923b75b5,2,0.5782181648537517,32
conv_3c5b888e-d991-4bce-adad-5584923b75b5,3,0.5830304247717704,31
conv_3c5b888e-d991-4bce-adad-5584923b75b5,4,0.5862299849589666,30
conv_3c5b888e-d991-4bce-adad-5584923b75b5,5,0.5703147577828375,29
conv_3c5b888e-d991-4bce-adad-5584923b75b5,6,0.5708756744861603,28
conv_3c5b888e-d991-4bce-adad-5584923b75b5,7,0.5695993613313746,27
conv_3c5b888e-d991-4bce-adad-5584923b75b5,8,0.5852669546237359,26
conv_3c5b888e-d991-4bce-adad-5584923b75b5,9,0.561029907464981,25
conv_3c5b888e-d991-4bce-adad-5584923b75b5,10,0.5637457482516766,24
conv_3c5b888e-d991-4bce-adad-5584923b75b5,11,0.5768117023550946,23
conv_3c5b888e-d991-4bce-adad-5584923b75b5,12,0.5566071651198647,22
conv_3c5b888e-d991-4bce-adad-5584923b75b5,13,0.5765485139120192,21
conv_3c5b888e-d991-4bce-adad-5584923b75b5,14,0.5589901849627494,20
conv_3c5b888e-d991-4bce-adad-5584923b75b5,15,0.5635548908459512,19
conv_3c5b888e-d991-4bce-adad-5584923b75b5,16,0.550443794992235,18
conv_3c5b888e-d991-4bce-adad-5584923b75b5,17,0.556814135874019,17
conv_3cd6a9b2f37747109eaa80d6ec7ce875,1,0.697886023670435,16
conv_3cd6a9b2f37747109eaa80d6ec7ce875,2,0.681063449382782,15
conv_3cd6a9b2f37747109eaa80d6ec7ce875,3,0.6621355073792594,14
conv_3cd6a9b2f37747109eaa80d6ec7ce875,4,0.6532112451700064,13
conv_3cd6a9b2f37747109eaa80d6ec7ce875,5,0.6457481135924658,12
conv_3cd6a9b2f37747109eaa80d6ec7ce875,6,0.6344986341216348,11
conv_3cd6a9b2f37747109eaa80d6ec7ce875,7,0.6146619766950607,10
conv_3cd6a9b2f37747109eaa80d6ec7ce875,8,0.6220788160959879,9
conv_40197f84-33aa-433b-93b1-045691051ebc,1,0.6017286206285158,36
conv_40197f84-33aa-433b-93b1-045691051ebc,2,0.6499712654522487,35
conv_40197f84-33aa-433b-93b1-045691051ebc,3,0.6179922450991238,34
conv_40197f84-33aa-433b-93b1-045691051ebc,4,0.6297325997641592,33
conv_40197f84-33aa-433b-93b1-045691051ebc,5,0.6290210112929344,32
conv_40197f84-33aa-433b-93b1-045691051ebc,6,0.620233993376455,31
conv_40197f84-33aa-433b-93b1-045691051ebc,7,0.6439865926901499,30
conv_40197f84-33aa-433b-93b1-045691051ebc,8,0.5993927059502437,29
conv_40197f84-33aa-433b-93b1-045691051ebc,9,0.6321980910641807,28
conv_40197f84-33aa-433b-93b1-045691051ebc,10,0.6327594606964676,27
conv_40197f84-33aa-433b-93b1-045691051ebc,11,0.6056232853577688,26
conv_40197f84-33aa-433b-93b1-045691051ebc,12,0.621189353466034,25
conv_40197f84-33aa-433b-93b1-045691051ebc,13,0.6289794482290745,24
conv_40197f84-33aa-433b-93b1-045691051ebc,14,0.6581426327643187,23
conv_40197f84-33aa-433b-93b1-045691051ebc,15,0.6167526665059003,22
conv_40197f84-33aa-433b-93b1-045691051ebc,16,0.6377122146742684,21
conv_40197f84-33aa-433b-93b1-045691051ebc,17,0.6176213830709457,20
conv_40197f84-33aa-433b-93b1-045691051ebc,18,0.6349350919848994,19
conv_41180468-5036-4f69-af66-b7465bcb7316,1,0.6488862186670303,18
conv_41180468-5036-4f69-af66-b7465bcb7316,2,0.6389931843561285,17
conv_41180468-5036-4f69-af66-b7465bcb7316,3,0.6377876922488213,16
conv_41180468-5036-4f69-af66-b7465bcb7316,4,0.6197789708773295,15
conv_41180468-5036-4f69-af66-b7465bcb7316,5,0.6449983013527734,14
conv_41180468-5036-4f69-af66-b7465bcb7316,6,0.6252102783093085,13
conv_41180468-5036-4f69-af66-b7465bcb7316,7,0.6192789574464163,12
conv_41180468-5036-4f69-af66-b7465bcb7316,8,0.6118191589008678,11
conv_41180468-5036-4f69-af66-b7465bcb7316,9,0.6354959309101105,10
conv_412eb7ca-cafa-4e38-8b2d-0a40272af090,1,0.6264634841964358,21
conv_412eb7ca-cafa-4e38-8b2d-0a40272af090,2,0.6100549399852753,20
conv_412eb7ca-cafa-4e38-8b2d-0a40272af090,3,0.5893673724249789,19
conv_412eb7ca-cafa-4e38-8b2d-0a40272af090,4,0.5927186359961828,18
conv_412eb7ca-cafa-4e38-8b2d-0a40272af090,5,0.583620672716814,17
conv_412eb7ca-cafa-4e38-8b2d-0a40272af090,6,0.5915040131658316,16
conv_412eb7ca-cafa-4e38-8b2d-0a40272af090,7,0.5739547232786815,15
conv_412eb7ca-cafa-4e38-8b2d-0a40272af090,8,0.5916188039949962,14
conv_412eb7ca-cafa-4e38-8b2d-0a40272af090,9,0.5832505363684434,13
conv_412eb7ca-cafa-4e38-8b2d-0a40272af090,10,0.5811669379472733,12
conv_412eb7ca-cafa-4e38-8b2d-0a40272af090,11,0.5998513806949962,11
conv_423a3b9f2e0640e789caf6a9f5e374b9,1,0.5998044835554587,37
conv_423a3b9f2e0640e789caf6a9f5e374b9,2,0.5972972595029407,36
conv_423a3b9f2e0640e789caf6a9f5e374b9,3,0.5734081268310547,35
conv_423a3b9f2e0640e789caf6a9f5e374b9,4,0.5799953210003236,34
conv_423a3b9f2e0640e789caf6a9f5e374b9,5,0.5571580213127714,33
conv_423a3b9f2e0640e789caf6a9f5e374b9,6,0.5840101027861238,32
conv_423a3b9f2e0640e789caf6a9f5e374b9,7,0.5649684879087633,31
conv_423a3b9f2e0640e789caf6a9f5e374b9,8,0.562992391983668,30
conv_423a3b9f2e0640e789caf6a9f5e374b9,9,0.562501484977788,29
conv_423a3b9f2e0640e789caf6a9f5e374b9,10,0.5785612474594798,28
conv_423a3b9f2e0640e789caf6a9f5e374b9,11,0.5608904825316535,27
conv_423a3b9f2e0640e789caf6a9f5e374b9,12,0.5479596956418111,26
conv_423a3b9f2e0640e789caf6a9f5e374b9,13,0.5589013600349426,25
conv_423a3b9f2e0640e789caf6a9f5e374b9,14,0.564288125683864,24
conv_423a3b9f2e0640e789caf6a9f5e374b9,15,0.5191734653452168,23
conv_423a3b9f2e0640e789caf6a9f5e374b9,16,0.5452789515256882,22
conv_423a3b9f2e0640e789caf6a9f5e374b9,17,0.5316058624358404,21
conv_423a3b9f2e0640e789caf6a9f5e374b9,18,0.5274215772747993,20
conv_423a3b9f2e0640e789caf6a9f5e374b9,19,0.5278575843886325,19
conv_462717bcc40d4415847da0610f472914,1,0.6603752257568496,28
conv_462717bcc40d4415847da0610f472914,2,0.6596197706681711,27
conv_462717bcc40d4415847da0610f472914,3,0.6566949945229751,26
conv_462717bcc40d4415847da0610f472914,4,0.6314657735824585,25
conv_462717bcc40d4415847da0610f472914,5,0.6376773826777935,24
conv_462717bcc40d4415847da0610f472914,6,0.6456686724787173,23
conv_462717bcc40d4415847da0610f472914,7,0.6437790881503712,22
conv_462717bcc40d4415847da0610f472914,8,0.6313597219330924,21
conv_462717bcc40d4415847da0610f472914,9,0.6232306957244873,20
conv_462717bcc40d4415847da0610f472914,10,0.6349507899660813,19
conv_462717bcc40d4415847da0610f472914,11,0.6303711119625304,18
conv_462717bcc40d4415847da0610f472914,12,0.628321556483998,17
conv_462717bcc40d4415847da0610f472914,13,0.6356186009943485,16
conv_462717bcc40d4415847da0610f472914,14,0.6129777312278748,15
conv_46b5cd4c-130a-4b4c-84e1-30f78572d0bb,1,0.6354812458157539,16
conv_46b5cd4c-130a-4b4c-84e1-30f78572d0bb,2,0.6247292419274648,15
conv_46b5cd4c-130a-4b4c-84e1-30f78572d0bb,3,0.6030363483088357,14
conv_46b5cd4c-130a-4b4c-84e1-30f78572d0bb,4,0.6178955252353961,13
conv_46b5cd4c-130a-4b4c-84e1-30f78572d0bb,5,0.6122263421614965,12
conv_46b5cd4c-130a-4b4c-84e1-30f78572d0bb,6,0.6197754578156904,11
conv_46b5cd4c-130a-4b4c-84e1-30f78572d0bb,7,0.592650181055069,10
conv_46b5cd4c-130a-4b4c-84e1-30f78572d0bb,8,0.5953286853101518,9
conv_47dd4912-f9ef-4d2c-a033-aeb851e8f164,1,0.6689878366887569,32
conv_47dd4912-f9ef-4d2c-a033-aeb851e8f164,2,0.6683161402902296,31
conv_47dd4912-f9ef-4d2c-a033-aeb851e8f164,3,0.6631393373012543,30
conv_47dd4912-f9ef-4d2c-a033-aeb851e8f164,4,0.6566159992382444,29
conv_47dd4912-f9ef-4d2c-a033-aeb851e8f164,5,0.6810619639498847,28
conv_47dd4912-f9ef-4d2c-a033-aeb851e8f164,6,0.6520266356291594,27
conv_47dd4912-f9ef-4d2c-a033-aeb851e8f164,7,0.6407751486851618,26
conv_47dd4912-f9ef-4d2c-a033-aeb851e8f164,8,0.6632545065879821,25
conv_47dd4912-f9ef-4d2c-a033-aeb851e8f164,9,0.6440094510714213,24
conv_47dd4912-f9ef-4d2c-a033-aeb851e8f164,10,0.6770591450774152,23
conv_47dd4912-f9ef-4d2c-a033-aeb851e8f164,11,0.637464620850303,22
conv_47dd4912-f9ef-4d2c-a033-aeb851e8f164,12,0.6510094688052223,21
conv_47dd4912-f9ef-4d2c-a033-aeb851e8f164,13,0.6570817112922669,20
conv_47dd4912-f9ef-4d2c-a033-aeb851e8f164,14,0.644399715097327,19
conv_47dd4912-f9ef-4d2c-a033-aeb851e8f164,15,0.6450137827131484,18
conv_47dd4912-f9ef-4d2c-a033-aeb851e8f164,16,0.6450804296661826,17
conv_47df141a-738b-422a-8ad6-f222255c695e,1,0.6056752145290375,30
conv_47df141a-738b-422a-8ad6-f222255c695e,2,0.5962198016972378,29
conv_47df141a-738b-422a-8ad6-f222255c695e,3,0.6013343940888133,28
conv_47df141a-738b-422a-8ad6-f222255c695e,4,0.5848235090573629,27
conv_47df141a-738b-422a-8ad6-f222255c695e,5,0.5708910685319167,26
conv_47df141a-738b-422a-8ad6-f222255c695e,6,0.575429321527481,25
conv_47df141a-738b-422a-8ad6-f222255c695e,7,0.5928541608154774,24
conv_47df141a-738b-422a-8ad6-f222255c695e,8,0.5894018256145975,23
conv_47df141a-738b-422a-8ad6-f222255c695e,9,0.5868753533471714,22
conv_47df141a-738b-422a-8ad6-f222255c695e,10,0.5644782739026206,21
conv_47df141a-738b-422a-8ad6-f222255c695e,11,0.5913006812334061,20
conv_47df141a-738b-422a-8ad6-f222255c695e,12,0.5666469100274538,19
conv_47df141a-738b-422a-8ad6-f222255c695e,13,0.5896327098210653,18
conv_47df141a-738b-422a-8ad6-f222255c695e,14,0.6004486715092379,17
conv_47df141a-738b-422a-8ad6-f222255c695e,15,0.5902408137917519,16
conv_491b62e9-789d-4b72-b887-557f2ccffc18,1,0.6732683877150217,18
conv_491b62e9-789d-4b72-b887-557f2ccffc18,2,0.6644546529825996,17
conv_491b62e9-789d-4b72-b887-557f2ccffc18,3,0.6851924173533916,16
conv_491b62e9-789d-4b72-b887-557f2ccffc18,4,0.6884419480959575,15
conv_491b62e9-789d-4b72-b887-557f2ccffc18,5,0.6917482614517212,14
conv_491b62e9-789d-4b72-b887-557f2ccffc18,6,0.6656050819617051,13
conv_491b62e9-789d-4b72-b887-557f2ccffc18,7,0.661313051978747,12
conv_491b62e9-789d-4b72-b887-557f2ccffc18,8,0.6532272425564852,11
conv_491b62e9-789d-4b72-b887-557f2ccffc18,9,0.6626607418060303,10
conv_49c214f3-8828-46e2-b76b-6c4f3ccaf016,1,0.6512888520956039,24
conv_49c214f3-8828-46e2-b76b-6c4f3ccaf016,2,0.6160682491634203,23
conv_49c214f3-8828-46e2-b76b-6c4f3ccaf016,3,0.6191994669762525,22
conv_49c214f3-8828-46e2-b76b-6c4f3ccaf016,4,0.6235367755095164,21
conv_49c214f3-8828-46e2-b76b-6c4f3ccaf016,5,0.6097589299082756,20
conv_49c214f3-8828-46e2-b76b-6c4f3ccaf016,6,0.6053534369719656,19
conv_49c214f3-8828-46e2-b76b-6c4f3ccaf016,7,0.5933133247825835,18
conv_49c214f3-8828-46e2-b76b-6c4f3ccaf016,8,0.5798583837116466,17
conv_49c214f3-8828-46e2-b76b-6c4f3ccaf016,9,0.5952384825795889,16
conv_49c214f3-8828-46e2-b76b-6c4f3ccaf016,10,0.5782203475634257,15
conv_49c214f3-8828-46e2-b76b-6c4f3ccaf016,11,0.5771704954760415,14
conv_49c214f3-8828-46e2-b76b-6c4f3ccaf016,12,0.5702831080326667,13
conv_4a6a4f5ea2f54cbeb47af1cc5ce458ac,1,0.6215796691756095,31
conv_4a6a4f5ea2f54cbeb47af1cc5ce458ac,2,0.6232449591159821,30
conv_4a6a4f5ea2f54cbeb47af1cc5ce458ac,3,0.628174457056769,29
conv_4a6a4f5ea2f54cbeb47af1cc5ce458ac,4,0.6048208091940198,28
conv_4a6a4f5ea2f54cbeb47af1cc5ce458ac,5,0.6212372294178715,27
conv_4a6a4f5ea2f54cbeb47af1cc5ce458ac,6,0.6141329178443322,26
conv_4a6a4f5ea2f54cbeb47af1cc5ce458ac,7,0.5981846392154694,25
conv_4a6a4f5ea2f54cbeb47af1cc5ce458ac,8,0.5863216891884804,24
conv_4a6a4f5ea2f54cbeb47af1cc5ce458ac,9,0.5999217473942301,23
conv_4a6a4f5ea2f54cbeb47af1cc5ce458ac,10,0.5848278674212369,22
conv_4a6a4f5ea2f54cbeb47af1cc5ce458ac,11,0.5911686250141689,21
conv_4a6a4f5ea2f54cbeb47af1cc5ce458ac,12,0.5990224078297615,20
conv_4a6a4f5ea2f54cbeb47af1cc5ce458ac,13,0.6000644831280959,19
conv_4a6a4f5ea2f54cbeb47af1cc5ce458ac,14,0.5840622865491443,18
conv_4a6a4f5ea2f54cbeb47af1cc5ce458ac,15,0.6012914005447837,17
conv_4a6a4f5ea2f54cbeb47af1cc5ce458ac,16,0.5951909720897675,16
conv_4aa46faf-273a-4707-be30-a0b216440d87,1,0.6522398106753826,16
conv_4aa46faf-273a-4707-be30-a0b216440d87,2,0.6240001042683919,15
conv_4aa46faf-273a-4707-be30-a0b216440d87,3,0.6393377951213292,14
conv_4aa46faf-273a-4707-be30-a0b216440d87,4,0.6556322528765752,13
conv_4aa46faf-273a-4707-be30-a0b216440d87,5,0.6337180534998575,12
conv_4aa46faf-273a-4707-be30-a0b216440d87,6,0.6222464062950828,11
conv_4aa46faf-273a-4707-be30-a0b216440d87,7,0.645558649301529,10
conv_4aa46faf-273a-4707-be30-a0b216440d87,8,0.6594287289513482,9
conv_4d1bd73a-bbc9-4e37-8ba0-3cdd7adbc66a,1,0.6607124313064243,23
conv_4d1bd73a-bbc9-4e37-8ba0-3cdd7adbc66a,2,0.6328449330546639,22
conv_4d1bd73a-bbc9-4e37-8ba0-3cdd7adbc66a,3,0.6203804867608207,21
conv_4d1bd73a-bbc9-4e37-8ba0-3cdd7adbc66a,4,0.600359982252121,20
conv_4d1bd73a-bbc9-4e37-8ba0-3cdd7adbc66a,5,0.6135140045693046,19
conv_4d1bd73a-bbc9-4e37-8ba0-3cdd7adbc66a,6,0.6202977200349172,18
conv_4d1bd73a-bbc9-4e37-8ba0-3cdd7adbc66a,7,0.6330360787756303,17
conv_4d1bd73a-bbc9-4e37-8ba0-3cdd7adbc66a,8,0.6071067452430725,16
conv_4d1bd73a-bbc9-4e37-8ba0-3cdd7adbc66a,9,0.6386901497840881,15
conv_4d1bd73a-bbc9-4e37-8ba0-3cdd7adbc66a,10,0.6380533022539956,14
conv_4d1bd73a-bbc9-4e37-8ba0-3cdd7adbc66a,11,0.6218119722146255,13
conv_4d1bd73a-bbc9-4e37-8ba0-3cdd7adbc66a,12,0.6146707087755203,12
conv_4f8a0b7e568d40eba7e40164ecf1db73,1,0.6252331060747947,31
conv_4f8a0b7e568d40eba7e40164ecf1db73,2,0.6198537945747375,30
conv_4f8a0b7e568d40eba7e40164ecf1db73,3,0.6028045313111667,29
conv_4f8a0b7e568d40eba7e40164ecf1db73,4,0.6254870806421552,28
conv_4f8a0b7e568d40eba7e40164ecf1db73,5,0.5931583907869127,27
conv_4f8a0b7e568d40eba7e40164ecf1db73,6,0.6011654299039108,26
conv_4f8a0b7e568d40eba7e40164ecf1db73,7,0.6054850029945373,25
conv_4f8a0b7e568d40eba7e40164ecf1db73,8,0.5990515674153963,24
conv_4f8a0b7e568d40eba7e40164ecf1db73,9,0.605034536641577,23
conv_4f8a0b7e568d40eba7e40164ecf1db73,10,0.6034297929568724,22
conv_4f8a0b7e568d40eba7e40164ecf1db73,11,0.607386344955081,21
conv_4f8a0b7e568d40eba7e40164ecf1db73,12,0.6108266144990921,20
conv_4f8a0b7e568d40eba7e40164ecf1db73,13,0.5903483582170386,19
conv_4f8a0b7e568d40eba7e40164ecf1db73,14,0.6187761260403527,18
conv_4f8a0b7e568d40eba7e40164ecf1db73,15,0.5942473358967725,17
conv_4f8a0b7e568d40eba7e40164ecf1db73,16,0.5918005146086216,16
conv_58838068-7cd4-4f6c-b158-aabb542ab4b9,1,0.6538942267497381,30
conv_58838068-7cd4-4f6c-b158-aabb542ab4b9,2,0.6175807848058897,29
conv_58838068-7cd4-4f6c-b158-aabb542ab4b9,3,0.6436064381684575,28
conv_58838068-7cd4-4f6c-b158-aabb542ab4b9,4,0.6436308876231864,27
conv_58838068-7cd4-4f6c-b158-aabb542ab4b9,5,0.627986687880296,26
conv_58838068-7cd4-4f6c-b158-aabb542ab4b9,6,0.6522167897224427,25
conv_58838068-7cd4-4f6c-b158-aabb542ab4b9,7,0.6485655928651491,24
conv_58838068-7cd4-4f6c-b158-aabb542ab4b9,8,0.6280178518398948,23
conv_58838068-7cd4-4f6c-b158-aabb542ab4b9,9,0.623026808554476,22
conv_58838068-7cd4-4f6c-b158-aabb542ab4b9,10,0.658402973697299,21
conv_58838068-7cd4-4f6c-b158-aabb542ab4b9,11,0.6525610029697418,20
conv_58838068-7cd4-4f6c-b158-aabb542ab4b9,12,0.6198853473914298,19
conv_58838068-7cd4-4f6c-b158-aabb542ab4b9,13,0.6097915569941202,18
conv_58838068-7cd4-4f6c-b158-aabb542ab4b9,14,0.6261040883905747,17
conv_58838068-7cd4-4f6c-b158-aabb542ab4b9,15,0.6381275784224272,16
conv_58c2f2e6-db2a-406d-9bc9-04aaf1b0c35a,1,0.5947442397475242,20
conv_58c2f2e6-db2a-406d-9bc9-04aaf1b0c35a,2,0.6109549497303209,19
conv_58c2f2e6-db2a-406d-9bc9-04aaf1b0c35a,3,0.596648097038269,18
conv_58c2f2e6-db2a-406d-9bc9-04aaf1b0c35a,4,0.5599756135660059,17
conv_58c2f2e6-db2a-406d-9bc9-04aaf1b0c35a,5,0.6070009078830481,16
conv_58c2f2e6-db2a-406d-9bc9-04aaf1b0c35a,6,0.5929256002108256,15
conv_58c2f2e6-db2a-406d-9bc9-04aaf1b0c35a,7,0.5822955284799848,14
conv_58c2f2e6-db2a-406d-9bc9-04aaf1b0c35a,8,0.5830231767434341,13
conv_58c2f2e6-db2a-406d-9bc9-04aaf1b0c35a,9,0.5531746000051498,12
conv_58c2f2e6-db2a-406d-9bc9-04aaf1b0c35a,10,0.5638053254647688,11
conv_59e7ea5807ff4367bf49dd3541d68e49,1,0.6232993626916731,37
conv_59e7ea5807ff4367bf49dd3541d68e49,2,0.6176069676876068,36
conv_59e7ea5807ff4367bf49dd3541d68e49,3,0.62577474798475,35
conv_59e7ea5807ff4367bf49dd3541d68e49,4,0.6225300799397862,34
conv_59e7ea5807ff4367bf49dd3541d68e49,5,0.6209475443218694,33
conv_59e7ea5807ff4367bf49dd3541d68e49,6,0.6141099715605378,32
conv_59e7ea5807ff4367bf49dd3541d68e49,7,0.6113665853777239,31
conv_59e7ea5807ff4367bf49dd3541d68e49,8,0.6100198417901993,30
conv_59e7ea5807ff4367bf49dd3541d68e49,9,0.6023846309760521,29
conv_59e7ea5807ff4367bf49dd3541d68e49,10,0.5897328140480178,28
conv_59e7ea5807ff4367bf49dd3541d68e49,11,0.6079617495890017,27
conv_59e7ea5807ff4367bf49dd3541d68e49,12,0.602333433352984,26
conv_59e7ea5807ff4367bf49dd3541d68e49,13,0.5815144896507263,25
conv_59e7ea5807ff4367bf49dd3541d68e49,14,0.5917530345420042,24
conv_59e7ea5807ff4367bf49dd3541d68e49,15,0.6112024939578512,23
conv_59e7ea5807ff4367bf49dd3541d68e49,16,0.5889039960774508,22
conv_59e7ea5807ff4367bf49dd3541d68e49,17,0.6061947430883136,21
conv_59e7ea5807ff4367bf49dd3541d68e49,18,0.6053412735462189,20
conv_59e7ea5807ff4367bf49dd3541d68e49,19,0.5963829959693708,19
conv_5b956e03-a900-47aa-88a9-54cb6be40071,1,0.6380334113325391,14
conv_5b956e03-a900-47aa-88a9-54cb6be40071,2,0.6246142364465274,13
conv_5b956e03-a900-47aa-88a9-54cb6be40071,3,0.6564011226097742,12
conv_5b956e03-a900-47aa-88a9-54cb6be40071,4,0.6313114924864336,11
conv_5b956e03-a900-47aa-88a9-54cb6be40071,5,0.6751869499683381,10
conv_5b956e03-a900-47aa-88a9-54cb6be40071,6,0.6722009778022766,9
conv_5b956e03-a900-47aa-88a9-54cb6be40071,7,0.632970754057169,8
conv_5e234f25-eb78-4ec3-8113-c66645149ddc,1,0.605282802839537,37
conv_5e234f25-eb78-4ec3-8113-c66645149ddc,2,0.550691545009613,36
conv_5e234f25-eb78-4ec3-8113-c66645149ddc,3,0.550384806735175,35
conv_5e234f25-eb78-4ec3-8113-c66645149ddc,4,0.5683986351770514,34
conv_5e234f25-eb78-4ec3-8113-c66645149ddc,5,0.5595282569076075,33
conv_5e234f25-eb78-4ec3-8113-c66645149ddc,6,0.5591003121808171,32
conv_5e234f25-eb78-4ec3-8113-c66645149ddc,7,0.5628303904687205,31
conv_5e234f25-eb78-4ec3-8113-c66645149ddc,8,0.5592265566190083,30
conv_5e234f25-eb78-4ec3-8113-c66645149ddc,9,0.5360200199587591,29
conv_5e234f25-eb78-4ec3-8113-c66645149ddc,10,0.5268410337822778,28
conv_5e234f25-eb78-4ec3-8113-c66645149ddc,11,0.5478709825762996,27
conv_5e234f25-eb78-4ec3-8113-c66645149ddc,12,0.5425877502331367,26
conv_5e234f25-eb78-4ec3-8113-c66645149ddc,13,0.5356826674938202,25
conv_5e234f25-eb78-4ec3-8113-c66645149ddc,14,0.5328344342609247,24
conv_5e234f25-eb78-4ec3-8113-c66645149ddc,15,0.5331060938213182,23
conv_5e234f25-eb78-4ec3-8113-c66645149ddc,16,0.5250863771546971,22
conv_5e234f25-eb78-4ec3-8113-c66645149ddc,17,0.5486341814200083,21
conv_5e234f25-eb78-4ec3-8113-c66645149ddc,18,0.5542413353919983,20
conv_5e234f25-eb78-4ec3-8113-c66645149ddc,19,0.5165734008738869,19
conv_5e251a7c51a949a983e10fa3b1d5a65f,1,0.6407023014560822,31
conv_5e251a7c51a949a983e10fa3b1d5a65f,2,0.6230846365292867,30
conv_5e251a7c51a949a983e10fa3b1d5a65f,3,0.6171468188022745,29
conv_5e251a7c51a949a983e10fa3b1d5a65f,4,0.6305779601846423,28
conv_5e251a7c51a949a983e10fa3b1d5a65f,5,0.6311429407861497,27
conv_5e251a7c51a949a983e10fa3b1d5a65f,6,0.6228513098680056,26
conv_5e251a7c51a949a983e10fa3b1d5a65f,7,0.6372392570972443,25
conv_5e251a7c51a949a983e10fa3b1d5a65f,8,0.6370611091454824,24
conv_5e251a7c51a949a983e10fa3b1d5a65f,9,0.6056568298650824,23
conv_5e251a7c51a949a983e10fa3b1d5a65f,10,0.6217792955311862,22
conv_5e251a7c51a949a983e10fa3b1d5a65f,11,0.6185205976168314,21
conv_5e251a7c51a949a983e10fa3b1d5a65f,12,0.6237209111452102,20
conv_5e251a7c51a949a983e10fa3b1d5a65f,13,0.6250713561710558,19
conv_5e251a7c51a949a983e10fa3b1d5a65f,14,0.6321446299552917,18
conv_5e251a7c51a949a983e10fa3b1d5a65f,15,0.6103666214381948,17
conv_5e251a7c51a949a983e10fa3b1d5a65f,16,0.6268854886293411,16
conv_5eaea7f6b22e45d58a8dc6d7dc13cfea,1,0.6624919109874301,27
conv_5eaea7f6b22e45d58a8dc6d7dc13cfea,2,0.6796217354444357,26
conv_5eaea7f6b22e45d58a8dc6d7dc13cfea,3,0.6634298872947693,25
conv_5eaea7f6b22e45d58a8dc6d7dc13cfea,4,0.6485980550448099,24
conv_5eaea7f6b22e45d58a8dc6d7dc13cfea,5,0.6576472404210464,23
conv_5eaea7f6b22e45d58a8dc6d7dc13cfea,6,0.6561400727792219,22
conv_5eaea7f6b22e45d58a8dc6d7dc13cfea,7,0.645586351553599,21
conv_5eaea7f6b22e45d58a8dc6d7dc13cfea,8,0.65830317735672,20
conv_5eaea7f6b22e45d58a8dc6d7dc13cfea,9,0.645200777994959,19
conv_5eaea7f6b22e45d58a8dc6d7dc13cfea,10,0.6470399234029982,18
conv_5eaea7f6b22e45d58a8dc6d7dc13cfea,11,0.6503371561274809,17
conv_5eaea7f6b22e45d58a8dc6d7dc13cfea,12,0.6446407549083233,16
conv_5eaea7f6b22e45d58a8dc6d7dc13cfea,13,0.6372151950995127,15
conv_5eaea7f6b22e45d58a8dc6d7dc13cfea,14,0.6592904904059002,14
conv_5f17f002-84ad-4315-8c69-20ec83de1223,1,0.6297587275505065,15
conv_5f17f002-84ad-4315-8c69-20ec83de1223,2,0.5779093418802533,14
conv_5f17f002-84ad-4315-8c69-20ec83de1223,3,0.5780118703842163,13
conv_5f17f002-84ad-4315-8c69-20ec83de1223,4,0.5747929836312929,12
conv_5f17f002-84ad-4315-8c69-20ec83de1223,5,0.5495378808541731,11
conv_5f17f002-84ad-4315-8c69-20ec83de1223,6,0.5370382100343705,10
conv_5f17f002-84ad-4315-8c69-20ec83de1223,7,0.5324337614907159,9
conv_5f17f002-84ad-4315-8c69-20ec83de1223,8,0.5517145991325378,8
conv_5f83922b1e334cfcb374e90c11c81c1e,1,0.6851352207800921,17
conv_5f83922b1e334cfcb374e90c11c81c1e,2,0.7083236277103424,16
conv_5f83922b1e334cfcb374e90c11c81c1e,3,0.6881433844566345,15
conv_5f83922b1e334cfcb374e90c11c81c1e,4,0.667869678565434,14
conv_5f83922b1e334cfcb374e90c11c81c1e,5,0.6533404863797702,13
conv_5f83922b1e334cfcb374e90c11c81c1e,6,0.6444101780653,12
conv_5f83922b1e334cfcb374e90c11c81c1e,7,0.6498483311046254,11
conv_5f83922b1e334cfcb374e90c11c81c1e,8,0.6168640673160553,10
conv_5f83922b1e334cfcb374e90c11c81c1e,9,0.6311007605658637,9
conv_61b8da5870584552bbd7133619cd3436,1,0.6283991262316704,32
conv_61b8da5870584552bbd7133619cd3436,2,0.6235357119191077,31
conv_61b8da5870584552bbd7133619cd3436,3,0.633124836285909,30
conv_61b8da5870584552bbd7133619cd3436,4,0.6093008600432297,29
conv_61b8da5870584552bbd7133619cd3436,5,0.6084156036376953,28
conv_61b8da5870584552bbd7133619cd3436,6,0.6195089894312399,27
conv_61b8da5870584552bbd7133619cd3436,7,0.6083763379317063,26
conv_61b8da5870584552bbd7133619cd3436,8,0.5866751277446747,25
conv_61b8da5870584552bbd7133619cd3436,9,0.6018950206538042,24
conv_61b8da5870584552bbd7133619cd3436,10,0.6161747419315836,23
conv_61b8da5870584552bbd7133619cd3436,11,0.6161700080741536,22
conv_61b8da5870584552bbd7133619cd3436,12,0.6236548494725,21
conv_61b8da5870584552bbd7133619cd3436,13,0.6141807824373245,20
conv_61b8da5870584552bbd7133619cd3436,14,0.6099053119358263,19
conv_61b8da5870584552bbd7133619cd3436,15,0.6074340575271182,18
conv_61b8da5870584552bbd7133619cd3436,16,0.622252930613125,17
conv_61dd4f08-b460-4c98-8368-fb09762cbe5e,1,0.6127115905284881,20
conv_61dd4f08-b460-4c98-8368-fb09762cbe5e,2,0.6300675806246305,19
conv_61dd4f08-b460-4c98-8368-fb09762cbe5e,3,0.6242766231298447,18
conv_61dd4f08-b460-4c98-8368-fb09762cbe5e,4,0.6150509434587815,17
conv_61dd4f08-b460-4c98-8368-fb09762cbe5e,5,0.6212971657514572,16
conv_61dd4f08-b460-4c98-8368-fb09762cbe5e,6,0.6146441578865052,15
conv_61dd4f08-b460-4c98-8368-fb09762cbe5e,7,0.6400629665170398,14
conv_61dd4f08-b460-4c98-8368-fb09762cbe5e,8,0.6100473197606894,13
conv_61dd4f08-b460-4c98-8368-fb09762cbe5e,9,0.6044764742255211,12
conv_61dd4f08-b460-4c98-8368-fb09762cbe5e,10,0.5857819616794586,11
conv_628470d6e6cb42949e29a2c7866a28ab,1,0.7377032216857461,17
conv_628470d6e6cb42949e29a2c7866a28ab,2,0.7374219037592411,16
conv_628470d6e6cb42949e29a2c7866a28ab,3,0.7210424860318502,15
conv_628470d6e6cb42949e29a2c7866a28ab,4,0.6922130967889514,14
conv_628470d6e6cb42949e29a2c7866a28ab,5,0.6860798918283902,13
conv_628470d6e6cb42949e29a2c7866a28ab,6,0.6714074164628983,12
conv_628470d6e6cb42949e29a2c7866a28ab,7,0.6591255502267317,11
conv_628470d6e6cb42949e29a2c7866a28ab,8,0.6519666373729706,10
conv_628470d6e6cb42949e29a2c7866a28ab,9,0.6798795594109429,9
conv_62a271e6-a272-4e74-9d10-2dc0c15c530f,1,0.6218394244259055,22
conv_62a271e6-a272-4e74-9d10-2dc0c15c530f,2,0.6254729628562927,21
conv_62a271e6-a272-4e74-9d10-2dc0c15c530f,3,0.597126542031765,20
conv_62a271e6-a272-4e74-9d10-2dc0c15c530f,4,0.6089604245988947,19
conv_62a271e6-a272-4e74-9d10-2dc0c15c530f,5,0.6071026540464826,18
conv_62a271e6-a272-4e74-9d10-2dc0c15c530f,6,0.6085943158935098,17
conv_62a271e6-a272-4e74-9d10-2dc0c15c530f,7,0.6213263981044292,16
conv_62a271e6-a272-4e74-9d10-2dc0c15c530f,8,0.5988225837548574,15
conv_62a271e6-a272-4e74-9d10-2dc0c15c530f,9,0.610190327678408,14
conv_62a271e6-a272-4e74-9d10-2dc0c15c530f,10,0.6022299734445719,13
conv_62a271e6-a272-4e74-9d10-2dc0c15c530f,11,0.6018967231114706,12
conv_634a773b-4e50-4e24-87f3-a5fbebcc6d74,1,0.593899947591126,32
conv_634a773b-4e50-4e24-87f3-a5fbebcc6d74,2,0.5507163982237538,31
conv_634a773b-4e50-4e24-87f3-a5fbebcc6d74,3,0.5541310201088587,30
conv_634a773b-4e50-4e24-87f3-a5fbebcc6d74,4,0.551301804082147,29
conv_634a773b-4e50-4e24-87f3-a5fbebcc6d74,5,0.5825277045369148,28
conv_634a773b-4e50-4e24-87f3-a5fbebcc6d74,6,0.5664849766978511,27
conv_634a773b-4e50-4e24-87f3-a5fbebcc6d74,7,0.5423443649823849,26
conv_634a773b-4e50-4e24-87f3-a5fbebcc6d74,8,0.5326249647140503,25
conv_634a773b-4e50-4e24-87f3-a5fbebcc6d74,9,0.5501563462118307,24
conv_634a773b-4e50-4e24-87f3-a5fbebcc6d74,10,0.5660574254782303,23
conv_634a773b-4e50-4e24-87f3-a5fbebcc6d74,11,0.5556343211369081,22
conv_634a773b-4e50-4e24-87f3-a5fbebcc6d74,12,0.5510678461619786,21
conv_634a773b-4e50-4e24-87f3-a5fbebcc6d74,13,0.5401068046689034,20
conv_634a773b-4e50-4e24-87f3-a5fbebcc6d74,14,0.5606011716943038,19
conv_634a773b-4e50-4e24-87f3-a5fbebcc6d74,15,0.5689832700623406,18
conv_634a773b-4e50-4e24-87f3-a5fbebcc6d74,16,0.5495149002355688,17
conv_6419c979-eb60-46a6-8770-2c3a25c7e2b3,1,0.6288504958152771,25
conv_6419c979-eb60-46a6-8770-2c3a25c7e2b3,2,0.6100283426543077,24
conv_6419c979-eb60-46a6-8770-2c3a25c7e2b3,3,0.617320258980212,23
conv_6419c979-eb60-46a6-8770-2c3a25c7e2b3,4,0.6278375522656874,22
conv_6419c979-eb60-46a6-8770-2c3a25c7e2b3,5,0.6196343075661432,21
conv_6419c979-eb60-46a6-8770-2c3a25c7e2b3,6,0.6393325909972191,20
conv_6419c979-eb60-46a6-8770-2c3a25c7e2b3,7,0.6133401299777784,19
conv_6419c979-eb60-46a6-8770-2c3a25c7e2b3,8,0.5914934260977639,18
conv_6419c979-eb60-46a6-8770-2c3a25c7e2b3,9,0.6319956498987535,17
conv_6419c979-eb60-46a6-8770-2c3a25c7e2b3,10,0.6176207326352596,16
conv_6419c979-eb60-46a6-8770-2c3a25c7e2b3,11,0.601121433575948,15
conv_6419c979-eb60-46a6-8770-2c3a25c7e2b3,12,0.5974526767219815,14
conv_6419c979-eb60-46a6-8770-2c3a25c7e2b3,13,0.593805560698876,13
conv_6553a073e7d2443dab881a908afab5eb,1,0.6158438008843046,33
conv_6553a073e7d2443dab881a908afab5eb,2,0.6143363323062658,32
conv_6553a073e7d2443dab881a908afab5eb,3,0.6051013988833274,31
conv_6553a073e7d2443dab881a908afab5eb,4,0.6225423653920491,30
conv_6553a073e7d2443dab881a908afab5eb,5,0.6252680986092009,29
conv_6553a073e7d2443dab881a908afab5eb,6,0.6238834815365928,28
conv_6553a073e7d2443dab881a908afab5eb,7,0.6010898837336788,27
conv_6553a073e7d2443dab881a908afab5eb,8,0.6196771264076233,26
conv_6553a073e7d2443dab881a908afab5eb,9,0.6062149429321289,25
conv_6553a073e7d2443dab881a908afab5eb,10,0.6173613245288531,24
conv_6553a073e7d2443dab881a908afab5eb,11,0.5950406737949537,23
conv_6553a073e7d2443dab881a908afab5eb,12,0.6150907630270178,22
conv_6553a073e7d2443dab881a908afab5eb,13,0.6129246354103088,21
conv_6553a073e7d2443dab881a908afab5eb,14,0.6143673390150071,20
conv_6553a073e7d2443dab881a908afab5eb,15,0.622305763395209,19
conv_6553a073e7d2443dab881a908afab5eb,16,0.6104407409826914,18
conv_6553a073e7d2443dab881a908afab5eb,17,0.5942092870964724,17
conv_68f643620b5081968ccd202f0b32a9250787a797b4322e0b,1,0.6545430407291506,41
conv_68f643620b5081968ccd202f0b32a9250787a797b4322e0b,2,0.6506016850471497,40
conv_68f643620b5081968ccd202f0b32a9250787a797b4322e0b,3,0.6372299041503515,39
conv_68f643620b5081968ccd202f0b32a9250787a797b4322e0b,4,0.6322656916944605,38
conv_68f643620b5081968ccd202f0b32a9250787a797b4322e0b,5,0.6444607892551938,37
conv_68f643620b5081968ccd202f0b32a9250787a797b4322e0b,6,0.6381269527806176,36
conv_68f643620b5081968ccd202f0b32a9250787a797b4322e0b,7,0.6337769440242222,35
conv_68f643620b5081968ccd202f0b32a9250787a797b4322e0b,8,0.612199909546796,34
conv_68f643620b5081968ccd202f0b32a9250787a797b4322e0b,9,0.6240793105327722,33
conv_68f643620b5081968ccd202f0b32a9250787a797b4322e0b,10,0.6214077463373542,32
conv_68f643620b5081968ccd202f0b32a9250787a797b4322e0b,11,0.6219017082645047,31
conv_68f643620b5081968ccd202f0b32a9250787a797b4322e0b,12,0.6583897868792216,30
conv_68f643620b5081968ccd202f0b32a9250787a797b4322e0b,13,0.6408744104977312,29
conv_68f643620b5081968ccd202f0b32a9250787a797b4322e0b,14,0.6293052796806607,28
conv_68f643620b5081968ccd202f0b32a9250787a797b4322e0b,15,0.6273795013074521,27
conv_68f643620b5081968ccd202f0b32a9250787a797b4322e0b,16,0.6256555318832397,26
conv_68f643620b5081968ccd202f0b32a9250787a797b4322e0b,17,0.6177231454849244,25
conv_68f643620b5081968ccd202f0b32a9250787a797b4322e0b,18,0.6329430217544237,24
conv_68f643620b5081968ccd202f0b32a9250787a797b4322e0b,19,0.6327528253845547,23
conv_68f643620b5081968ccd202f0b32a9250787a797b4322e0b,20,0.6200319217009977,22
conv_68f643620b5081968ccd202f0b32a9250787a797b4322e0b,21,0.6071752409140269,21
conv_68f73dbdcc8081958c0890edef7c670804df05d299f21c4d,1,0.6179125319447434,57
conv_68f73dbdcc8081958c0890edef7c670804df05d299f21c4d,2,0.6054425681275981,56
conv_68f73dbdcc8081958c0890edef7c670804df05d299f21c4d,3,0.5984786017374559,55
conv_68f73dbdcc8081958c0890edef7c670804df05d299f21c4d,4,0.5966319800527008,54
conv_68f73dbdcc8081958c0890edef7c670804df05d299f21c4d,5,0.60098686308231,53
conv_68f73dbdcc8081958c0890edef7c670804df05d299f21c4d,6,0.6007795769434708,52
conv_68f73dbdcc8081958c0890edef7c670804df05d299f21c4d,7,0.6106908274631874,51
conv_68f73dbdcc8081958c0890edef7c670804df05d299f21c4d,8,0.6082672810554505,50
conv_68f73dbdcc8081958c0890edef7c670804df05d299f21c4d,9,0.6099818026532933,49
conv_68f73dbdcc8081958c0890edef7c670804df05d299f21c4d,10,0.6066284583260616,48
conv_68f73dbdcc8081958c0890edef7c670804df05d299f21c4d,11,0.6004741109432058,47
conv_68f73dbdcc8081958c0890edef7c670804df05d299f21c4d,12,0.5904128026703129,46
conv_68f73dbdcc8081958c0890edef7c670804df05d299f21c4d,13,0.5731295009454092,45
conv_68f73dbdcc8081958c0890edef7c670804df05d299f21c4d,14,0.593907433477315,44
conv_68f73dbdcc8081958c0890edef7c670804df05d299f21c4d,15,0.6013213638649431,43
conv_68f73dbdcc8081958c0890edef7c670804df05d299f21c4d,16,0.5955327124822707,42
conv_68f73dbdcc8081958c0890edef7c670804df05d299f21c4d,17,0.5995089186400901,41
conv_68f73dbdcc8081958c0890edef7c670804df05d299f21c4d,18,0.581147375702858,40
conv_68f73dbdcc8081958c0890edef7c670804df05d299f21c4d,19,0.598600603066958,39
conv_68f73dbdcc8081958c0890edef7c670804df05d299f21c4d,20,0.6017621520318484,38
conv_68f73dbdcc8081958c0890edef7c670804df05d299f21c4d,21,0.5956482420096526,37
conv_68f73dbdcc8081958c0890edef7c670804df05d299f21c4d,22,0.5823428986801041,36
conv_68f73dbdcc8081958c0890edef7c670804df05d299f21c4d,23,0.6026248131479536,35
conv_68f73dbdcc8081958c0890edef7c670804df05d299f21c4d,24,0.5853502952000674,34
conv_68f73dbdcc8081958c0890edef7c670804df05d299f21c4d,25,0.5882924623561628,33
conv_68f73dbdcc8081958c0890edef7c670804df05d299f21c4d,26,0.5852159494534135,32
conv_68f73dbdcc8081958c0890edef7c670804df05d299f21c4d,27,0.6069781280332996,31
conv_68f73dbdcc8081958c0890edef7c670804df05d299f21c4d,28,0.5765364597241084,30
conv_68f73dbdcc8081958c0890edef7c670804df05d299f21c4d,29,0.5767147849346029,29
conv_68f8cb66e7d0819089538cdf28e940fb0be0c7c5bc28f178,1,0.616989155267847,29
conv_68f8cb66e7d0819089538cdf28e940fb0be0c7c5bc28f178,2,0.5997542153511729,28
conv_68f8cb66e7d0819089538cdf28e940fb0be0c7c5bc28f178,3,0.6040037627573367,27
conv_68f8cb66e7d0819089538cdf28e940fb0be0c7c5bc28f178,4,0.5979096923883145,26
conv_68f8cb66e7d0819089538cdf28e940fb0be0c7c5bc28f178,5,0.601319682598114,25
conv_68f8cb66e7d0819089538cdf28e940fb0be0c7c5bc28f178,6,0.6266608846684297,24
conv_68f8cb66e7d0819089538cdf28e940fb0be0c7c5bc28f178,7,0.6040537668311078,23
conv_68f8cb66e7d0819089538cdf28e940fb0be0c7c5bc28f178,8,0.600603468038819,22
conv_68f8cb66e7d0819089538cdf28e940fb0be0c7c5bc28f178,9,0.6004092040516081,21
conv_68f8cb66e7d0819089538cdf28e940fb0be0c7c5bc28f178,10,0.5952596798539161,20
conv_68f8cb66e7d0819089538cdf28e940fb0be0c7c5bc28f178,11,0.5888747965034685,19
conv_68f8cb66e7d0819089538cdf28e940fb0be0c7c5bc28f178,12,0.5812963959243562,18
conv_68f8cb66e7d0819089538cdf28e940fb0be0c7c5bc28f178,13,0.5838275727103738,17
conv_68f8cb66e7d0819089538cdf28e940fb0be0c7c5bc28f178,14,0.5937727987766266,16
conv_68f8cb66e7d0819089538cdf28e940fb0be0c7c5bc28f178,15,0.6158436338106791,15
conv_6910e16399d48194987708b3589ca9eb0edd24df36992831,1,0.6524422871215003,28
conv_6910e16399d48194987708b3589ca9eb0edd24df36992831,2,0.5952680596598873,27
conv_6910e16399d48194987708b3589ca9eb0edd24df36992831,3,0.6091659573408273,26
conv_6910e16399d48194987708b3589ca9eb0edd24df36992831,4,0.6250963890552521,25
conv_6910e16399d48194987708b3589ca9eb0edd24df36992831,5,0.630697720994552,24
conv_6910e16399d48194987708b3589ca9eb0edd24df36992831,6,0.5937281354613926,23
conv_6910e16399d48194987708b3589ca9eb0edd24df36992831,7,0.57031596113335,22
conv_6910e16399d48194987708b3589ca9eb0edd24df36992831,8,0.5869853681042081,21
conv_6910e16399d48194987708b3589ca9eb0edd24df36992831,9,0.5846819311380387,20
conv_6910e16399d48194987708b3589ca9eb0edd24df36992831,10,0.5857286845382891,19
conv_6910e16399d48194987708b3589ca9eb0edd24df36992831,11,0.5677075650956895,18
conv_6910e16399d48194987708b3589ca9eb0edd24df36992831,12,0.5719033374505884,17
conv_6910e16399d48194987708b3589ca9eb0edd24df36992831,13,0.5633788276463747,16
conv_6910e16399d48194987708b3589ca9eb0edd24df36992831,14,0.5707611660162608,15
conv_69120b0be9a881908567c1dfa912a6d90a309a13d5ea8eef,1,0.5937669807010226,36
conv_69120b0be9a881908567c1dfa912a6d90a309a13d5ea8eef,2,0.5992999851703644,35
conv_69120b0be9a881908567c1dfa912a6d90a309a13d5ea8eef,3,0.568737722495023,34
conv_69120b0be9a881908567c1dfa912a6d90a309a13d5ea8eef,4,0.5506387253602346,33
conv_69120b0be9a881908567c1dfa912a6d90a309a13d5ea8eef,5,0.5621231384575367,32
conv_69120b0be9a881908567c1dfa912a6d90a309a13d5ea8eef,6,0.5394375449226748,31
conv_69120b0be9a881908567c1dfa912a6d90a309a13d5ea8eef,7,0.5754205197095871,30
conv_69120b0be9a881908567c1dfa912a6d90a309a13d5ea8eef,8,0.5661959483705717,29
conv_69120b0be9a881908567c1dfa912a6d90a309a13d5ea8eef,9,0.5632639963712011,28
conv_69120b0be9a881908567c1dfa912a6d90a309a13d5ea8eef,10,0.5582763585779402,27
conv_69120b0be9a881908567c1dfa912a6d90a309a13d5ea8eef,11,0.5399575944130237,26
conv_69120b0be9a881908567c1dfa912a6d90a309a13d5ea8eef,12,0.5682749390602112,25
conv_69120b0be9a881908567c1dfa912a6d90a309a13d5ea8eef,13,0.5419363230466843,24
conv_69120b0be9a881908567c1dfa912a6d90a309a13d5ea8eef,14,0.5820917875870414,23
conv_69120b0be9a881908567c1dfa912a6d90a309a13d5ea8eef,15,0.5620644959536466,22
conv_69120b0be9a881908567c1dfa912a6d90a309a13d5ea8eef,16,0.5603660898549216,21
conv_69120b0be9a881908567c1dfa912a6d90a309a13d5ea8eef,17,0.5757963418960571,20
conv_69120b0be9a881908567c1dfa912a6d90a309a13d5ea8eef,18,0.5485355995203319,19
conv_691249fd97308197b06e97ca5d649f45080645ae33d1bf00,1,0.6139822725591988,29
conv_691249fd97308197b06e97ca5d649f45080645ae33d1bf00,2,0.5889394677111081,28
conv_691249fd97308197b06e97ca5d649f45080645ae33d1bf00,3,0.6235094765822092,27
conv_691249fd97308197b06e97ca5d649f45080645ae33d1bf00,4,0.6173301545473245,26
conv_691249fd97308197b06e97ca5d649f45080645ae33d1bf00,5,0.5909733164310456,25
conv_691249fd97308197b06e97ca5d649f45080645ae33d1bf00,6,0.5938921310007572,24
conv_691249fd97308197b06e97ca5d649f45080645ae33d1bf00,7,0.6083014957282854,23
conv_691249fd97308197b06e97ca5d649f45080645ae33d1bf00,8,0.5997686806050214,22
conv_691249fd97308197b06e97ca5d649f45080645ae33d1bf00,9,0.5777906392301831,21
conv_691249fd97308197b06e97ca5d649f45080645ae33d1bf00,10,0.5986334159970284,20
conv_691249fd97308197b06e97ca5d649f45080645ae33d1bf00,11,0.6152490032346625,19
conv_691249fd97308197b06e97ca5d649f45080645ae33d1bf00,12,0.5843657155831655,18
conv_691249fd97308197b06e97ca5d649f45080645ae33d1bf00,13,0.5652782373568591,17
conv_691249fd97308197b06e97ca5d649f45080645ae33d1bf00,14,0.6125123631209135,16
conv_691249fd97308197b06e97ca5d649f45080645ae33d1bf00,15,0.5857050736745198,15
conv_6912d3d2074c8197adc6c9e56408225c0a4f5cb536497774,1,0.6246460852799592,27
conv_6912d3d2074c8197adc6c9e56408225c0a4f5cb536497774,2,0.5938654232483643,26
conv_6912d3d2074c8197adc6c9e56408225c0a4f5cb536497774,3,0.5993582010269165,25
conv_6912d3d2074c8197adc6c9e56408225c0a4f5cb536497774,4,0.5873541769882044,24
conv_6912d3d2074c8197adc6c9e56408225c0a4f5cb536497774,5,0.581848091405371,23
conv_6912d3d2074c8197adc6c9e56408225c0a4f5cb536497774,6,0.5992275340990587,22
conv_6912d3d2074c8197adc6c9e56408225c0a4f5cb536497774,7,0.5829651980173021,21
conv_6912d3d2074c8197adc6c9e56408225c0a4f5cb536497774,8,0.5658038944005966,20
conv_6912d3d2074c8197adc6c9e56408225c0a4f5cb536497774,9,0.6016288415381783,19
conv_6912d3d2074c8197adc6c9e56408225c0a4f5cb536497774,10,0.5922435803545846,18
conv_6912d3d2074c8197adc6c9e56408225c0a4f5cb536497774,11,0.596906477914137,17
conv_6912d3d2074c8197adc6c9e56408225c0a4f5cb536497774,12,0.5976372677832842,16
conv_6912d3d2074c8197adc6c9e56408225c0a4f5cb536497774,13,0.5815421104431152,15
conv_6912d3d2074c8197adc6c9e56408225c0a4f5cb536497774,14,0.587095000914165,14
conv_69160b265818819398e86c4bd8abc0080d0aba9e942fed0d,1,0.6509471613427867,23
conv_69160b265818819398e86c4bd8abc0080d0aba9e942fed0d,2,0.6070003048940138,22
conv_69160b265818819398e86c4bd8abc0080d0aba9e942fed0d,3,0.6284221055961791,21
conv_69160b265818819398e86c4bd8abc0080d0aba9e942fed0d,4,0.6197283372282982,20
conv_69160b265818819398e86c4bd8abc0080d0aba9e942fed0d,5,0.6132084523376665,19
conv_69160b265818819398e86c4bd8abc0080d0aba9e942fed0d,6,0.6208749165137609,18
conv_69160b265818819398e86c4bd8abc0080d0aba9e942fed0d,7,0.6120099863585304,17
conv_69160b265818819398e86c4bd8abc0080d0aba9e942fed0d,8,0.600694926455617,16
conv_69160b265818819398e86c4bd8abc0080d0aba9e942fed0d,9,0.5734723349412282,15
conv_69160b265818819398e86c4bd8abc0080d0aba9e942fed0d,10,0.5890263212578637,14
conv_69160b265818819398e86c4bd8abc0080d0aba9e942fed0d,11,0.5854206406153165,13
conv_69160b265818819398e86c4bd8abc0080d0aba9e942fed0d,12,0.59598242243131,12
conv_6917421066d8819592863132f4a141a00078d2d8d630f704,1,0.6710511986856107,27
conv_6917421066d8819592863132f4a141a00078d2d8d630f704,2,0.6580561284835522,26
conv_6917421066d8819592863132f4a141a00078d2d8d630f704,3,0.6488098907470703,25
conv_6917421066d8819592863132f4a141a00078d2d8d630f704,4,0.6550921723246574,24
conv_6917421066d8819592863132f4a141a00078d2d8d630f704,5,0.6433437881262406,23
conv_6917421066d8819592863132f4a141a00078d2d8d630f704,6,0.6492568931796334,22
conv_6917421066d8819592863132f4a141a00078d2d8d630f704,7,0.6400843546504066,21
conv_6917421066d8819592863132f4a141a00078d2d8d630f704,8,0.6428219869732856,20
conv_6917421066d8819592863132f4a141a00078d2d8d630f704,9,0.6259661112961016,19
conv_6917421066d8819592863132f4a141a00078d2d8d630f704,10,0.6212564475006528,18
conv_6917421066d8819592863132f4a141a00078d2d8d630f704,11,0.6147831450490391,17
conv_6917421066d8819592863132f4a141a00078d2d8d630f704,12,0.6258700862526894,16
conv_6917421066d8819592863132f4a141a00078d2d8d630f704,13,0.6012475510438283,15
conv_6917421066d8819592863132f4a141a00078d2d8d630f704,14,0.6049436288220542,14
conv_691b61ab394c819483ac4af28c7f29d00b3e16b70554a02a,1,0.6564096425260816,28
conv_691b61ab394c819483ac4af28c7f29d00b3e16b70554a02a,2,0.6435692542129092,27
conv_691b61ab394c819483ac4af28c7f29d00b3e16b70554a02a,3,0.6167987768466656,26
conv_691b61ab394c819483ac4af28c7f29d00b3e16b70554a02a,4,0.6381556642055511,25
conv_691b61ab394c819483ac4af28c7f29d00b3e16b70554a02a,5,0.6173768552641073,24
conv_691b61ab394c819483ac4af28c7f29d00b3e16b70554a02a,6,0.629060166037601,23
conv_691b61ab394c819483ac4af28c7f29d00b3e16b70554a02a,7,0.6063392243602059,22
conv_691b61ab394c819483ac4af28c7f29d00b3e16b70554a02a,8,0.6312950452168783,21
conv_691b61ab394c819483ac4af28c7f29d00b3e16b70554a02a,9,0.6236832141876221,20
conv_691b61ab394c819483ac4af28c7f29d00b3e16b70554a02a,10,0.6178653083349529,19
conv_691b61ab394c819483ac4af28c7f29d00b3e16b70554a02a,11,0.602204422156016,18
conv_691b61ab394c819483ac4af28c7f29d00b3e16b70554a02a,12,0.6123050188317019,17
conv_691b61ab394c819483ac4af28c7f29d00b3e16b70554a02a,13,0.6219712235033512,16
conv_691b61ab394c819483ac4af28c7f29d00b3e16b70554a02a,14,0.604719348748525,15
conv_691b6cdacf7881969d8f99f8456a61890249fb5f6bbd90ca,1,0.5788080764539314,33
conv_691b6cdacf7881969d8f99f8456a61890249fb5f6bbd90ca,2,0.575866499915719,32
conv_691b6cdacf7881969d8f99f8456a61890249fb5f6bbd90ca,3,0.5926226252509702,31
conv_691b6cdacf7881969d8f99f8456a61890249fb5f6bbd90ca,4,0.5824071447054545,30
conv_691b6cdacf7881969d8f99f8456a61890249fb5f6bbd90ca,5,0.5765548153170224,29
conv_691b6cdacf7881969d8f99f8456a61890249fb5f6bbd90ca,6,0.5503627849476678,28
conv_691b6cdacf7881969d8f99f8456a61890249fb5f6bbd90ca,7,0.5743140655535238,27
conv_691b6cdacf7881969d8f99f8456a61890249fb5f6bbd90ca,8,0.5642691678725756,26
conv_691b6cdacf7881969d8f99f8456a61890249fb5f6bbd90ca,9,0.5728365111351014,25
conv_691b6cdacf7881969d8f99f8456a61890249fb5f6bbd90ca,10,0.5680012864371141,24
conv_691b6cdacf7881969d8f99f8456a61890249fb5f6bbd90ca,11,0.5800398069879283,23
conv_691b6cdacf7881969d8f99f8456a61890249fb5f6bbd90ca,12,0.5854905098676682,22
conv_691b6cdacf7881969d8f99f8456a61890249fb5f6bbd90ca,13,0.5404317847320012,21
conv_691b6cdacf7881969d8f99f8456a61890249fb5f6bbd90ca,14,0.5884990572929383,20
conv_691b6cdacf7881969d8f99f8456a61890249fb5f6bbd90ca,15,0.5483570647867102,19
conv_691b6cdacf7881969d8f99f8456a61890249fb5f6bbd90ca,16,0.5862928678592046,18
conv_691b6cdacf7881969d8f99f8456a61890249fb5f6bbd90ca,17,0.5817621981396395,17
conv_691b7e95a50c8195930023ad653f234c0f03c18c9e706226,1,0.6166807297203276,36
conv_691b7e95a50c8195930023ad653f234c0f03c18c9e706226,2,0.6072899281978608,35
conv_691b7e95a50c8195930023ad653f234c0f03c18c9e706226,3,0.5851465025368858,34
conv_691b7e95a50c8195930023ad653f234c0f03c18c9e706226,4,0.5768919623259342,33
conv_691b7e95a50c8195930023ad653f234c0f03c18c9e706226,5,0.5722615560516715,32
conv_691b7e95a50c8195930023ad653f234c0f03c18c9e706226,6,0.5761059195764603,31
conv_691b7e95a50c8195930023ad653f234c0f03c18c9e706226,7,0.5744004478057225,30
conv_691b7e95a50c8195930023ad653f234c0f03c18c9e706226,8,0.5563616156578064,29
conv_691b7e95a50c8195930023ad653f234c0f03c18c9e706226,9,0.5405768198626382,28
conv_691b7e95a50c8195930023ad653f234c0f03c18c9e706226,10,0.5522586791603653,27
conv_691b7e95a50c8195930023ad653f234c0f03c18c9e706226,11,0.5561973395255896,26
conv_691b7e95a50c8195930023ad653f234c0f03c18c9e706226,12,0.584131166934967,25
conv_691b7e95a50c8195930023ad653f234c0f03c18c9e706226,13,0.6062908420960108,24
conv_691b7e95a50c8195930023ad653f234c0f03c18c9e706226,14,0.5809795882390894,23
conv_691b7e95a50c8195930023ad653f234c0f03c18c9e706226,15,0.5716399414972826,22
conv_691b7e95a50c8195930023ad653f234c0f03c18c9e706226,16,0.5761190496739887,21
conv_691b7e95a50c8195930023ad653f234c0f03c18c9e706226,17,0.5698257476091385,20
conv_691b7e95a50c8195930023ad653f234c0f03c18c9e706226,18,0.5639449091334092,19
conv_691b8b725ae48193abaaaa9270b26d500f7b1fcbf105c42b,1,0.6288753973715233,33
conv_691b8b725ae48193abaaaa9270b26d500f7b1fcbf105c42b,2,0.6109029026702046,32
conv_691b8b725ae48193abaaaa9270b26d500f7b1fcbf105c42b,3,0.6039948905667951,31
conv_691b8b725ae48193abaaaa9270b26d500f7b1fcbf105c42b,4,0.5808985600868861,30
conv_691b8b725ae48193abaaaa9270b26d500f7b1fcbf105c42b,5,0.5896714535252802,29
conv_691b8b725ae48193abaaaa9270b26d500f7b1fcbf105c42b,6,0.5911964156797954,28
conv_691b8b725ae48193abaaaa9270b26d500f7b1fcbf105c42b,7,0.5719650453991361,27
conv_691b8b725ae48193abaaaa9270b26d500f7b1fcbf105c42b,8,0.5932902510349567,26
conv_691b8b725ae48193abaaaa9270b26d500f7b1fcbf105c42b,9,0.5683347964286805,25
conv_691b8b725ae48193abaaaa9270b26d500f7b1fcbf105c42b,10,0.5803119664390882,24
conv_691b8b725ae48193abaaaa9270b26d500f7b1fcbf105c42b,11,0.5863055690475132,23
conv_691b8b725ae48193abaaaa9270b26d500f7b1fcbf105c42b,12,0.5761760798367587,22
conv_691b8b725ae48193abaaaa9270b26d500f7b1fcbf105c42b,13,0.6018967614287422,21
conv_691b8b725ae48193abaaaa9270b26d500f7b1fcbf105c42b,14,0.6129580229520798,20
conv_691b8b725ae48193abaaaa9270b26d500f7b1fcbf105c42b,15,0.5899469177973898,19
conv_691b8b725ae48193abaaaa9270b26d500f7b1fcbf105c42b,16,0.6070969435903761,18
conv_691b8b725ae48193abaaaa9270b26d500f7b1fcbf105c42b,17,0.5664560637053322,17
conv_691baa2b46788193b872ed7306db511f03e0f1b6d7bfd4c7,1,0.7106167106401353,21
conv_691baa2b46788193b872ed7306db511f03e0f1b6d7bfd4c7,2,0.7072308391332627,20
conv_691baa2b46788193b872ed7306db511f03e0f1b6d7bfd4c7,3,0.7068022301322535,19
conv_691baa2b46788193b872ed7306db511f03e0f1b6d7bfd4c7,4,0.7024727927313911,18
conv_691baa2b46788193b872ed7306db511f03e0f1b6d7bfd4c7,5,0.7079064600607928,17
conv_691baa2b46788193b872ed7306db511f03e0f1b6d7bfd4c7,6,0.6765239387750626,16
conv_691baa2b46788193b872ed7306db511f03e0f1b6d7bfd4c7,7,0.6767873922983806,15
conv_691baa2b46788193b872ed7306db511f03e0f1b6d7bfd4c7,8,0.6776487401553563,14
conv_691baa2b46788193b872ed7306db511f03e0f1b6d7bfd4c7,9,0.666023272734422,13
conv_691baa2b46788193b872ed7306db511f03e0f1b6d7bfd4c7,10,0.6491470982631048,12
conv_691baa2b46788193b872ed7306db511f03e0f1b6d7bfd4c7,11,0.6592181758447127,11
conv_691c84edfb24819590a3e29782cdd10d03ba8eb739f774a6,1,0.6037142663090317,27
conv_691c84edfb24819590a3e29782cdd10d03ba8eb739f774a6,2,0.5894559346712552,26
conv_691c84edfb24819590a3e29782cdd10d03ba8eb739f774a6,3,0.5887841963768006,25
conv_691c84edfb24819590a3e29782cdd10d03ba8eb739f774a6,4,0.5681447796523571,24
conv_691c84edfb24819590a3e29782cdd10d03ba8eb739f774a6,5,0.5783124902974004,23
conv_691c84edfb24819590a3e29782cdd10d03ba8eb739f774a6,6,0.5753620266914368,22
conv_691c84edfb24819590a3e29782cdd10d03ba8eb739f774a6,7,0.5796159108479818,21
conv_691c84edfb24819590a3e29782cdd10d03ba8eb739f774a6,8,0.5775992438197136,20
conv_691c84edfb24819590a3e29782cdd10d03ba8eb739f774a6,9,0.5716939050900308,19
conv_691c84edfb24819590a3e29782cdd10d03ba8eb739f774a6,10,0.56722159186999,18
conv_691c84edfb24819590a3e29782cdd10d03ba8eb739f774a6,11,0.5455609980751487,17
conv_691c84edfb24819590a3e29782cdd10d03ba8eb739f774a6,12,0.5752853248268366,16
conv_691c84edfb24819590a3e29782cdd10d03ba8eb739f774a6,13,0.5744499365488688,15
conv_691c84edfb24819590a3e29782cdd10d03ba8eb739f774a6,14,0.5415889258895602,14
conv_691dc7c061d8819797504b613ba6691208409e48769ea891,1,0.6244108983964631,33
conv_691dc7c061d8819797504b613ba6691208409e48769ea891,2,0.6059358920902014,32
conv_691dc7c061d8819797504b613ba6691208409e48769ea891,3,0.611088841192184,31
conv_691dc7c061d8819797504b613ba6691208409e48769ea891,4,0.5887303064266841,30
conv_691dc7c061d8819797504b613ba6691208409e48769ea891,5,0.6088907985851683,29
conv_691dc7c061d8819797504b613ba6691208409e48769ea891,6,0.5677869373134204,28
conv_691dc7c061d8819797504b613ba6691208409e48769ea891,7,0.5928681559032865,27
conv_691dc7c061d8819797504b613ba6691208409e48769ea891,8,0.5976419953199533,26
conv_691dc7c061d8819797504b613ba6691208409e48769ea891,9,0.5896938145160675,25
conv_691dc7c061d8819797504b613ba6691208409e48769ea891,10,0.6161567866802216,24
conv_691dc7c061d8819797504b613ba6691208409e48769ea891,11,0.6103885251542797,23
conv_691dc7c061d8819797504b613ba6691208409e48769ea891,12,0.6294833543625745,22
conv_691dc7c061d8819797504b613ba6691208409e48769ea891,13,0.5976827357496534,21
conv_691dc7c061d8819797504b613ba6691208409e48769ea891,14,0.5907961651682854,20
conv_691dc7c061d8819797504b613ba6691208409e48769ea891,15,0.5993718300995073,19
conv_691dc7c061d8819797504b613ba6691208409e48769ea891,16,0.6029249926408132,18
conv_691dc7c061d8819797504b613ba6691208409e48769ea891,17,0.5841905667501337,17
conv_691dc83ec728819085d614247e77833604d03bd64a490dfd,1,0.6579316655794779,24
conv_691dc83ec728819085d614247e77833604d03bd64a490dfd,2,0.6621201375256414,23
conv_691dc83ec728819085d614247e77833604d03bd64a490dfd,3,0.6628842502832413,22
conv_691dc83ec728819085d614247e77833604d03bd64a490dfd,4,0.6691429700170245,21
conv_691dc83ec728819085d614247e77833604d03bd64a490dfd,5,0.6465045109391212,20
conv_691dc83ec728819085d614247e77833604d03bd64a490dfd,6,0.6610319018363953,19
conv_691dc83ec728819085d614247e77833604d03bd64a490dfd,7,0.6373116274674734,18
conv_691dc83ec728819085d614247e77833604d03bd64a490dfd,8,0.6300691225949455,17
conv_691dc83ec728819085d614247e77833604d03bd64a490dfd,9,0.6418116576969624,16
conv_691dc83ec728819085d614247e77833604d03bd64a490dfd,10,0.635102391242981,15
conv_691dc83ec728819085d614247e77833604d03bd64a490dfd,11,0.6516107533659253,14
conv_691dc83ec728819085d614247e77833604d03bd64a490dfd,12,0.6501925312555753,13
conv_691e9e26b7688197a86e51a9d9a7dfe1052dd4511749a606,1,0.6121906061326304,31
conv_691e9e26b7688197a86e51a9d9a7dfe1052dd4511749a606,2,0.603925742705663,30
conv_691e9e26b7688197a86e51a9d9a7dfe1052dd4511749a606,3,0.6086139946148313,29
conv_691e9e26b7688197a86e51a9d9a7dfe1052dd4511749a606,4,0.610686080796378,28
conv_691e9e26b7688197a86e51a9d9a7dfe1052dd4511749a606,5,0.5890898318202408,27
conv_691e9e26b7688197a86e51a9d9a7dfe1052dd4511749a606,6,0.5875945607056985,26
conv_691e9e26b7688197a86e51a9d9a7dfe1052dd4511749a606,7,0.5925840544700622,25
conv_691e9e26b7688197a86e51a9d9a7dfe1052dd4511749a606,8,0.5828748804827532,24
conv_691e9e26b7688197a86e51a9d9a7dfe1052dd4511749a606,9,0.5636970582215682,23
conv_691e9e26b7688197a86e51a9d9a7dfe1052dd4511749a606,10,0.5999652919444171,22
conv_691e9e26b7688197a86e51a9d9a7dfe1052dd4511749a606,11,0.5812547717775617,21
conv_691e9e26b7688197a86e51a9d9a7dfe1052dd4511749a606,12,0.5933659255504609,20
conv_691e9e26b7688197a86e51a9d9a7dfe1052dd4511749a606,13,0.5842837785419664,19
conv_691e9e26b7688197a86e51a9d9a7dfe1052dd4511749a606,14,0.6095835003587935,18
conv_691e9e26b7688197a86e51a9d9a7dfe1052dd4511749a606,15,0.5746980081586277,17
conv_691e9e26b7688197a86e51a9d9a7dfe1052dd4511749a606,16,0.5765726864337921,16
conv_691f065bc31481969cdbdc53f0ca1d3b03f44f568e358927,1,0.5967734754085541,44
conv_691f065bc31481969cdbdc53f0ca1d3b03f44f568e358927,2,0.5891163051128387,43
conv_691f065bc31481969cdbdc53f0ca1d3b03f44f568e358927,3,0.5882907034385771,42
conv_691f065bc31481969cdbdc53f0ca1d3b03f44f568e358927,4,0.5906630776277403,41
conv_691f065bc31481969cdbdc53f0ca1d3b03f44f568e358927,5,0.6107426822185517,40
conv_691f065bc31481969cdbdc53f0ca1d3b03f44f568e358927,6,0.6056406322198037,39
conv_691f065bc31481969cdbdc53f0ca1d3b03f44f568e358927,7,0.5905838491101014,38
conv_691f065bc31481969cdbdc53f0ca1d3b03f44f568e358927,8,0.6176958551277986,37
conv_691f065bc31481969cdbdc53f0ca1d3b03f44f568e358927,9,0.5862364876601431,36
conv_691f065bc31481969cdbdc53f0ca1d3b03f44f568e358927,10,0.5870302336556571,35
conv_691f065bc31481969cdbdc53f0ca1d3b03f44f568e358927,11,0.6028617646764306,34
conv_691f065bc31481969cdbdc53f0ca1d3b03f44f568e358927,12,0.5975116148139491,33
conv_691f065bc31481969cdbdc53f0ca1d3b03f44f568e358927,13,0.5882198782637715,32
conv_691f065bc31481969cdbdc53f0ca1d3b03f44f568e358927,14,0.595605686787636,31
conv_691f065bc31481969cdbdc53f0ca1d3b03f44f568e358927,15,0.5850629925727844,30
conv_691f065bc31481969cdbdc53f0ca1d3b03f44f568e358927,16,0.5952916803031132,29
conv_691f065bc31481969cdbdc53f0ca1d3b03f44f568e358927,17,0.5873049657259669,28
conv_691f065bc31481969cdbdc53f0ca1d3b03f44f568e358927,18,0.6035634963600723,27
conv_691f065bc31481969cdbdc53f0ca1d3b03f44f568e358927,19,0.5923342097264069,26
conv_691f065bc31481969cdbdc53f0ca1d3b03f44f568e358927,20,0.5839953184127807,25
conv_691f065bc31481969cdbdc53f0ca1d3b03f44f568e358927,21,0.5852823431293169,24
conv_691f065bc31481969cdbdc53f0ca1d3b03f44f568e358927,22,0.5815607413001682,23
conv_691f06855a5c819598fe92033194bb530743467f5002fa62,1,0.6703692940729005,28
conv_691f06855a5c819598fe92033194bb530743467f5002fa62,2,0.6328550212913089,27
conv_691f06855a5c819598fe92033194bb530743467f5002fa62,3,0.641730764737496,26
conv_691f06855a5c819598fe92033194bb530743467f5002fa62,4,0.6342659628391266,25
conv_691f06855a5c819598fe92033194bb530743467f5002fa62,5,0.636822834610939,24
conv_691f06855a5c819598fe92033194bb530743467f5002fa62,6,0.6653689897578695,23
conv_691f06855a5c819598fe92033194bb530743467f5002fa62,7,0.6490327241745862,22
conv_691f06855a5c819598fe92033194bb530743467f5002fa62,8,0.6305282655216399,21
conv_691f06855a5c819598fe92033194bb530743467f5002fa62,9,0.6427145570516586,20
conv_691f06855a5c819598fe92033194bb530743467f5002fa62,10,0.6332252041289681,19
conv_691f06855a5c819598fe92033194bb530743467f5002fa62,11,0.6241001519891951,18
conv_691f06855a5c819598fe92033194bb530743467f5002fa62,12,0.6378612763741437,17
conv_691f06855a5c819598fe92033194bb530743467f5002fa62,13,0.6429005898535252,16
conv_691f06855a5c819598fe92033194bb530743467f5002fa62,14,0.648378582795461,15
conv_691f696d0b348190810494e2c5d82fee08324043d78ba0f7,1,0.6020738948136568,32
conv_691f696d0b348190810494e2c5d82fee08324043d78ba0f7,2,0.6094372137900321,31
conv_691f696d0b348190810494e2c5d82fee08324043d78ba0f7,3,0.602107760310173,30
conv_691f696d0b348190810494e2c5d82fee08324043d78ba0f7,4,0.589846087940808,29
conv_691f696d0b348190810494e2c5d82fee08324043d78ba0f7,5,0.5885488582508904,28
conv_691f696d0b348190810494e2c5d82fee08324043d78ba0f7,6,0.5776153063332593,27
conv_691f696d0b348190810494e2c5d82fee08324043d78ba0f7,7,0.5880793126729819,26
conv_691f696d0b348190810494e2c5d82fee08324043d78ba0f7,8,0.5601459550857544,25
conv_691f696d0b348190810494e2c5d82fee08324043d78ba0f7,9,0.5823055095970631,24
conv_691f696d0b348190810494e2c5d82fee08324043d78ba0f7,10,0.5600787932458131,23
conv_691f696d0b348190810494e2c5d82fee08324043d78ba0f7,11,0.5726686661893671,22
conv_691f696d0b348190810494e2c5d82fee08324043d78ba0f7,12,0.5417746915703728,21
conv_691f696d0b348190810494e2c5d82fee08324043d78ba0f7,13,0.5830125153064728,20
conv_691f696d0b348190810494e2c5d82fee08324043d78ba0f7,14,0.5526499575690219,19
conv_691f696d0b348190810494e2c5d82fee08324043d78ba0f7,15,0.5457543051905103,18
conv_691f696d0b348190810494e2c5d82fee08324043d78ba0f7,16,0.5638398422914392,17
conv_6981ccf5d5f4819394bcd7bad4d79b14001ace58e9b20b81,1,0.5999905476647038,31
conv_6981ccf5d5f4819394bcd7bad4d79b14001ace58e9b20b81,2,0.5871665338675182,30
conv_6981ccf5d5f4819394bcd7bad4d79b14001ace58e9b20b81,3,0.5875032122792869,29
conv_6981ccf5d5f4819394bcd7bad4d79b14001ace58e9b20b81,4,0.5929653261389051,28
conv_6981ccf5d5f4819394bcd7bad4d79b14001ace58e9b20b81,5,0.5944605061301479,27
conv_6981ccf5d5f4819394bcd7bad4d79b14001ace58e9b20b81,6,0.568589428296456,26
conv_6981ccf5d5f4819394bcd7bad4d79b14001ace58e9b20b81,7,0.5800712966918945,25
conv_6981ccf5d5f4819394bcd7bad4d79b14001ace58e9b20b81,8,0.5729239024221897,24
conv_6981ccf5d5f4819394bcd7bad4d79b14001ace58e9b20b81,9,0.6038735716239266,23
conv_6981ccf5d5f4819394bcd7bad4d79b14001ace58e9b20b81,10,0.5601797130974856,22
conv_6981ccf5d5f4819394bcd7bad4d79b14001ace58e9b20b81,11,0.5736933449904124,21
conv_6981ccf5d5f4819394bcd7bad4d79b14001ace58e9b20b81,12,0.5699204325675964,20
conv_6981ccf5d5f4819394bcd7bad4d79b14001ace58e9b20b81,13,0.5694068513418499,19
conv_6981ccf5d5f4819394bcd7bad4d79b14001ace58e9b20b81,14,0.547515869140625,18
conv_6981ccf5d5f4819394bcd7bad4d79b14001ace58e9b20b81,15,0.5510888485347524,17
conv_6981ccf5d5f4819394bcd7bad4d79b14001ace58e9b20b81,16,0.5714876689016819,16
conv_69a0753fc5d08196aa37099ec6c65b69083687b3e71b94b5,1,0.6768569314118588,33
conv_69a0753fc5d08196aa37099ec6c65b69083687b3e71b94b5,2,0.6561939995735884,32
conv_69a0753fc5d08196aa37099ec6c65b69083687b3e71b94b5,3,0.6415385123222105,31
conv_69a0753fc5d08196aa37099ec6c65b69083687b3e71b94b5,4,0.6344427744547526,30
conv_69a0753fc5d08196aa37099ec6c65b69083687b3e71b94b5,5,0.6562303119692309,29
conv_69a0753fc5d08196aa37099ec6c65b69083687b3e71b94b5,6,0.654193819633552,28
conv_69a0753fc5d08196aa37099ec6c65b69083687b3e71b94b5,7,0.6714758707417382,27
conv_69a0753fc5d08196aa37099ec6c65b69083687b3e71b94b5,8,0.6553471065484561,26
conv_69a0753fc5d08196aa37099ec6c65b69083687b3e71b94b5,9,0.6425754570960999,25
conv_69a0753fc5d08196aa37099ec6c65b69083687b3e71b94b5,10,0.645665076871713,24
conv_69a0753fc5d08196aa37099ec6c65b69083687b3e71b94b5,11,0.6480916349784188,23
conv_69a0753fc5d08196aa37099ec6c65b69083687b3e71b94b5,12,0.659967303276062,22
conv_69a0753fc5d08196aa37099ec6c65b69083687b3e71b94b5,13,0.6603619058926901,21
conv_69a0753fc5d08196aa37099ec6c65b69083687b3e71b94b5,14,0.6442468866705895,20
conv_69a0753fc5d08196aa37099ec6c65b69083687b3e71b94b5,15,0.6258596181869507,19
conv_69a0753fc5d08196aa37099ec6c65b69083687b3e71b94b5,16,0.6445977422926161,18
conv_69a0753fc5d08196aa37099ec6c65b69083687b3e71b94b5,17,0.6414019956308252,17
conv_69b581c4f16c81978ea543ce298c8c600546e04309837be3,1,0.6471676375184741,35
conv_69b581c4f16c81978ea543ce298c8c600546e04309837be3,2,0.6352549765039893,34
conv_69b581c4f16c81978ea543ce298c8c600546e04309837be3,3,0.6047436694304148,33
conv_69b581c4f16c81978ea543ce298c8c600546e04309837be3,4,0.6311288774013519,32
conv_69b581c4f16c81978ea543ce298c8c600546e04309837be3,5,0.6273604400696293,31
conv_69b581c4f16c81978ea543ce298c8c600546e04309837be3,6,0.6215378622214,30
conv_69b581c4f16c81978ea543ce298c8c600546e04309837be3,7,0.6107110740809605,29
conv_69b581c4f16c81978ea543ce298c8c600546e04309837be3,8,0.59474664075034,28
conv_69b581c4f16c81978ea543ce298c8c600546e04309837be3,9,0.6066649445781002,27
conv_69b581c4f16c81978ea543ce298c8c600546e04309837be3,10,0.5949305582505006,26
conv_69b581c4f16c81978ea543ce298c8c600546e04309837be3,11,0.5924064815044403,25
conv_69b581c4f16c81978ea543ce298c8c600546e04309837be3,12,0.5940289398034414,24
conv_69b581c4f16c81978ea543ce298c8c600546e04309837be3,13,0.5958578314470209,23
conv_69b581c4f16c81978ea543ce298c8c600546e04309837be3,14,0.5965840274637396,22
conv_69b581c4f16c81978ea543ce298c8c600546e04309837be3,15,0.6034134995369684,21
conv_69b581c4f16c81978ea543ce298c8c600546e04309837be3,16,0.5782656013965607,20
conv_69b581c4f16c81978ea543ce298c8c600546e04309837be3,17,0.5940001418716029,19
conv_69b581c4f16c81978ea543ce298c8c600546e04309837be3,18,0.5825853049755096,18
conv_6be7ed36-4c3e-4746-920a-dac8f9012262,1,0.5960966615300429,38
conv_6be7ed36-4c3e-4746-920a-dac8f9012262,2,0.6038123602802689,37
conv_6be7ed36-4c3e-4746-920a-dac8f9012262,3,0.6043995668490728,36
conv_6be7ed36-4c3e-4746-920a-dac8f9012262,4,0.6131978034973145,35
conv_6be7ed36-4c3e-4746-920a-dac8f9012262,5,0.5926037325578577,34
conv_6be7ed36-4c3e-4746-920a-dac8f9012262,6,0.6081939086769567,33
conv_6be7ed36-4c3e-4746-920a-dac8f9012262,7,0.5957897938787937,32
conv_6be7ed36-4c3e-4746-920a-dac8f9012262,8,0.5905296850589014,31
conv_6be7ed36-4c3e-4746-920a-dac8f9012262,9,0.5863672415415446,30
conv_6be7ed36-4c3e-4746-920a-dac8f9012262,10,0.6003487562311107,29
conv_6be7ed36-4c3e-4746-920a-dac8f9012262,11,0.5871537817376,28
conv_6be7ed36-4c3e-4746-920a-dac8f9012262,12,0.5989172028170692,27
conv_6be7ed36-4c3e-4746-920a-dac8f9012262,13,0.5913320974661753,26
conv_6be7ed36-4c3e-4746-920a-dac8f9012262,14,0.5820543217658997,25
conv_6be7ed36-4c3e-4746-920a-dac8f9012262,15,0.6073282435536385,24
conv_6be7ed36-4c3e-4746-920a-dac8f9012262,16,0.5891262668630352,23
conv_6be7ed36-4c3e-4746-920a-dac8f9012262,17,0.5912661010568793,22
conv_6be7ed36-4c3e-4746-920a-dac8f9012262,18,0.5864817329815456,21
conv_6be7ed36-4c3e-4746-920a-dac8f9012262,19,0.5984947711229325,20
conv_6c680e8e-2455-4bdf-b4cd-fe6c409f373a,1,0.6138162875175476,25
conv_6c680e8e-2455-4bdf-b4cd-fe6c409f373a,2,0.6146804268161455,24
conv_6c680e8e-2455-4bdf-b4cd-fe6c409f373a,3,0.6135658103486766,23
conv_6c680e8e-2455-4bdf-b4cd-fe6c409f373a,4,0.597085337747227,22
conv_6c680e8e-2455-4bdf-b4cd-fe6c409f373a,5,0.5931888137544904,21
conv_6c680e8e-2455-4bdf-b4cd-fe6c409f373a,6,0.6223623469471932,20
conv_6c680e8e-2455-4bdf-b4cd-fe6c409f373a,7,0.6116437237513693,19
conv_6c680e8e-2455-4bdf-b4cd-fe6c409f373a,8,0.590307902958658,18
conv_6c680e8e-2455-4bdf-b4cd-fe6c409f373a,9,0.6023048828629887,17
conv_6c680e8e-2455-4bdf-b4cd-fe6c409f373a,10,0.5975181832909584,16
conv_6c680e8e-2455-4bdf-b4cd-fe6c409f373a,11,0.5560144484043121,15
conv_6c680e8e-2455-4bdf-b4cd-fe6c409f373a,12,0.5559586541993278,14
conv_6c680e8e-2455-4bdf-b4cd-fe6c409f373a,13,0.570127377143273,13
conv_6e1aba5fd20f4bbfbec7436ea83c6a0d,1,0.7618770480155945,10
conv_6e1aba5fd20f4bbfbec7436ea83c6a0d,2,0.769344687461853,9
conv_6e1aba5fd20f4bbfbec7436ea83c6a0d,3,0.7326764985918999,8
conv_6e1aba5fd20f4bbfbec7436ea83c6a0d,4,0.6967294641903469,7
conv_6e1aba5fd20f4bbfbec7436ea83c6a0d,5,0.6798864006996155,6
conv_6f7b4058431b47a49069aa04afdcc338,1,0.6586040109395981,34
conv_6f7b4058431b47a49069aa04afdcc338,2,0.6452860759966301,33
conv_6f7b4058431b47a49069aa04afdcc338,3,0.6298430282622576,32
conv_6f7b4058431b47a49069aa04afdcc338,4,0.6420044091440016,31
conv_6f7b4058431b47a49069aa04afdcc338,5,0.6359105934699376,30
conv_6f7b4058431b47a49069aa04afdcc338,6,0.6363354222527866,29
conv_6f7b4058431b47a49069aa04afdcc338,7,0.6342661678791046,28
conv_6f7b4058431b47a49069aa04afdcc338,8,0.6209762780754654,27
conv_6f7b4058431b47a49069aa04afdcc338,9,0.6452038196417001,26
conv_6f7b4058431b47a49069aa04afdcc338,10,0.6071933281421661,25
conv_6f7b4058431b47a49069aa04afdcc338,11,0.6164842297633489,24
conv_6f7b4058431b47a49069aa04afdcc338,12,0.6066571214924688,23
conv_6f7b4058431b47a49069aa04afdcc338,13,0.6142176552252336,22
conv_6f7b4058431b47a49069aa04afdcc338,14,0.5901722766104198,21
conv_6f7b4058431b47a49069aa04afdcc338,15,0.6287689357995987,20
conv_6f7b4058431b47a49069aa04afdcc338,16,0.6304788526735807,19
conv_6f7b4058431b47a49069aa04afdcc338,17,0.6034801734818352,18
conv_707f254a59ed4e7197458f3c8ff2db0c,1,0.6513063923308724,38
conv_707f254a59ed4e7197458f3c8ff2db0c,2,0.6481174407778559,37
conv_707f254a59ed4e7197458f3c8ff2db0c,3,0.638574813803037,36
conv_707f254a59ed4e7197458f3c8ff2db0c,4,0.6237312512738364,35
conv_707f254a59ed4e7197458f3c8ff2db0c,5,0.6204364010516334,34
conv_707f254a59ed4e7197458f3c8ff2db0c,6,0.6185303845188834,33
conv_707f254a59ed4e7197458f3c8ff2db0c,7,0.5990793891251087,32
conv_707f254a59ed4e7197458f3c8ff2db0c,8,0.60100507543933,31
conv_707f254a59ed4e7197458f3c8ff2db0c,9,0.5965676883856456,30
conv_707f254a59ed4e7197458f3c8ff2db0c,10,0.5939706214543047,29
conv_707f254a59ed4e7197458f3c8ff2db0c,11,0.6115277409553528,28
conv_707f254a59ed4e7197458f3c8ff2db0c,12,0.6322195408520875,27
conv_707f254a59ed4e7197458f3c8ff2db0c,13,0.6236709241683667,26
conv_707f254a59ed4e7197458f3c8ff2db0c,14,0.6197412967681885,25
conv_707f254a59ed4e7197458f3c8ff2db0c,15,0.615395188331604,24
conv_707f254a59ed4e7197458f3c8ff2db0c,16,0.6450446403544882,23
conv_707f254a59ed4e7197458f3c8ff2db0c,17,0.6407873684709723,22
conv_707f254a59ed4e7197458f3c8ff2db0c,18,0.6312614707719713,21
conv_707f254a59ed4e7197458f3c8ff2db0c,19,0.6407827228307724,20
conv_72037685-9437-4960-b9a0-5f77d2a71e41,1,0.6613746671115651,17
conv_72037685-9437-4960-b9a0-5f77d2a71e41,2,0.6272279098629951,16
conv_72037685-9437-4960-b9a0-5f77d2a71e41,3,0.6414181649684906,15
conv_72037685-9437-4960-b9a0-5f77d2a71e41,4,0.6393972592694419,14
conv_72037685-9437-4960-b9a0-5f77d2a71e41,5,0.6567182861841642,13
conv_72037685-9437-4960-b9a0-5f77d2a71e41,6,0.6667047490676244,12
conv_72037685-9437-4960-b9a0-5f77d2a71e41,7,0.6470695463093844,11
conv_72037685-9437-4960-b9a0-5f77d2a71e41,8,0.6270664870738983,10
conv_72037685-9437-4960-b9a0-5f77d2a71e41,9,0.6411671837170919,9
conv_73564d95-9f66-42db-a2c0-fed78090bac2,1,0.658164706081152,16
conv_73564d95-9f66-42db-a2c0-fed78090bac2,2,0.6354613383611043,15
conv_73564d95-9f66-42db-a2c0-fed78090bac2,3,0.6155428162642888,14
conv_73564d95-9f66-42db-a2c0-fed78090bac2,4,0.6232991264416621,13
conv_73564d95-9f66-42db-a2c0-fed78090bac2,5,0.6417832920948664,12
conv_73564d95-9f66-42db-a2c0-fed78090bac2,6,0.6347742947665128,11
conv_73564d95-9f66-42db-a2c0-fed78090bac2,7,0.6368457973003387,10
conv_73564d95-9f66-42db-a2c0-fed78090bac2,8,0.6237105594740974,9
conv_7511f98b-bb77-4bdc-926f-c26121dc147b,1,0.5931321373209357,32
conv_7511f98b-bb77-4bdc-926f-c26121dc147b,2,0.5915862552581295,31
conv_7511f98b-bb77-4bdc-926f-c26121dc147b,3,0.579486624399821,30
conv_7511f98b-bb77-4bdc-926f-c26121dc147b,4,0.5861208819109818,29
conv_7511f98b-bb77-4bdc-926f-c26121dc147b,5,0.5591917570148196,28
conv_7511f98b-bb77-4bdc-926f-c26121dc147b,6,0.5656185150146484,27
conv_7511f98b-bb77-4bdc-926f-c26121dc147b,7,0.5739703063781445,26
conv_7511f98b-bb77-4bdc-926f-c26121dc147b,8,0.5575752663612366,25
conv_7511f98b-bb77-4bdc-926f-c26121dc147b,9,0.5694467549522718,24
conv_7511f98b-bb77-4bdc-926f-c26121dc147b,10,0.5631481914416604,23
conv_7511f98b-bb77-4bdc-926f-c26121dc147b,11,0.5603751391172409,22
conv_7511f98b-bb77-4bdc-926f-c26121dc147b,12,0.5559635020437694,21
conv_7511f98b-bb77-4bdc-926f-c26121dc147b,13,0.5650868892669678,20
conv_7511f98b-bb77-4bdc-926f-c26121dc147b,14,0.5651902901498895,19
conv_7511f98b-bb77-4bdc-926f-c26121dc147b,15,0.5596893429756165,18
conv_7511f98b-bb77-4bdc-926f-c26121dc147b,16,0.5542802758076611,17
conv_7797d9bff9bd4f9b95d96c326f277474,1,0.6346930870786309,32
conv_7797d9bff9bd4f9b95d96c326f277474,2,0.6315358069635206,31
conv_7797d9bff9bd4f9b95d96c326f277474,3,0.6309115747610728,30
conv_7797d9bff9bd4f9b95d96c326f277474,4,0.6149314652229178,29
conv_7797d9bff9bd4f9b95d96c326f277474,5,0.6151783423764365,28
conv_7797d9bff9bd4f9b95d96c326f277474,6,0.5963384906450907,27
conv_7797d9bff9bd4f9b95d96c326f277474,7,0.6016356738714072,26
conv_7797d9bff9bd4f9b95d96c326f277474,8,0.5777194881439209,25
conv_7797d9bff9bd4f9b95d96c326f277474,9,0.6087205993632475,24
conv_7797d9bff9bd4f9b95d96c326f277474,10,0.5765093020770861,23
conv_7797d9bff9bd4f9b95d96c326f277474,11,0.6131208823485808,22
conv_7797d9bff9bd4f9b95d96c326f277474,12,0.5973942407539913,21
conv_7797d9bff9bd4f9b95d96c326f277474,13,0.5913020923733712,20
conv_7797d9bff9bd4f9b95d96c326f277474,14,0.6018472564847845,19
conv_7797d9bff9bd4f9b95d96c326f277474,15,0.5872411744462119,18
conv_7797d9bff9bd4f9b95d96c326f277474,16,0.6208557398880229,17
conv_7a911b33d930428b9119a670406e96b1,1,0.6046056623865919,41
conv_7a911b33d930428b9119a670406e96b1,2,0.6032381452620029,40
conv_7a911b33d930428b9119a670406e96b1,3,0.6091445271785443,39
conv_7a911b33d930428b9119a670406e96b1,4,0.5928745410944286,38
conv_7a911b33d930428b9119a670406e96b1,5,0.6111161982690966,37
conv_7a911b33d930428b9119a670406e96b1,6,0.6005760489238633,36
conv_7a911b33d930428b9119a670406e96b1,7,0.6193579401288714,35
conv_7a911b33d930428b9119a670406e96b1,8,0.6158458494088229,34
conv_7a911b33d930428b9119a670406e96b1,9,0.6019818511876193,33
conv_7a911b33d930428b9119a670406e96b1,10,0.6101700179278851,32
conv_7a911b33d930428b9119a670406e96b1,11,0.6003293904565996,31
conv_7a911b33d930428b9119a670406e96b1,12,0.6017073849836986,30
conv_7a911b33d930428b9119a670406e96b1,13,0.5838353346134054,29
conv_7a911b33d930428b9119a670406e96b1,14,0.6018569522670337,28
conv_7a911b33d930428b9119a670406e96b1,15,0.5896284469851741,27
conv_7a911b33d930428b9119a670406e96b1,16,0.6065253271506383,26
conv_7a911b33d930428b9119a670406e96b1,17,0.5977211022377014,25
conv_7a911b33d930428b9119a670406e96b1,18,0.6037382706999779,24
conv_7a911b33d930428b9119a670406e96b1,19,0.5962445204672606,23
conv_7a911b33d930428b9119a670406e96b1,20,0.5982584167610515,22
conv_7a911b33d930428b9119a670406e96b1,21,0.5953969387781053,21
conv_7d762b87dbd44caea8f4fa1416239173,1,0.7231378436088562,10
conv_7d762b87dbd44caea8f4fa1416239173,2,0.7166128092341952,9
conv_7d762b87dbd44caea8f4fa1416239173,3,0.6805248036980629,8
conv_7d762b87dbd44caea8f4fa1416239173,4,0.663792073726654,7
conv_7d762b87dbd44caea8f4fa1416239173,5,0.6633100807666779,6
conv_7e08bac1-7465-447d-a732-40dad23fa383,1,0.5756036639213562,7
conv_7e08bac1-7465-447d-a732-40dad23fa383,2,0.5906903147697449,6
conv_7e08bac1-7465-447d-a732-40dad23fa383,3,0.6020957052707672,5
conv_829c6d96-30f0-495e-9684-ca934b06e90a,1,0.6189147860839449,29
conv_829c6d96-30f0-495e-9684-ca934b06e90a,2,0.6260718916143689,28
conv_829c6d96-30f0-495e-9684-ca934b06e90a,3,0.615038600232866,27
conv_829c6d96-30f0-495e-9684-ca934b06e90a,4,0.6151370486387839,26
conv_829c6d96-30f0-495e-9684-ca934b06e90a,5,0.6369637703895569,25
conv_829c6d96-30f0-495e-9684-ca934b06e90a,6,0.6034694562355677,24
conv_829c6d96-30f0-495e-9684-ca934b06e90a,7,0.6346160834250243,23
conv_829c6d96-30f0-495e-9684-ca934b06e90a,8,0.615628726103089,22
conv_829c6d96-30f0-495e-9684-ca934b06e90a,9,0.6282457808653513,21
conv_829c6d96-30f0-495e-9684-ca934b06e90a,10,0.6115397691726685,20
conv_829c6d96-30f0-495e-9684-ca934b06e90a,11,0.625963712993421,19
conv_829c6d96-30f0-495e-9684-ca934b06e90a,12,0.6120148019658195,18
conv_829c6d96-30f0-495e-9684-ca934b06e90a,13,0.6057962459676406,17
conv_829c6d96-30f0-495e-9684-ca934b06e90a,14,0.635703194886446,16
conv_829c6d96-30f0-495e-9684-ca934b06e90a,15,0.599327286084493,15
conv_82c64af3c66e49f0af6f2ea136288acd,1,0.6585288286209107,25
conv_82c64af3c66e49f0af6f2ea136288acd,2,0.6866779203216234,24
conv_82c64af3c66e49f0af6f2ea136288acd,3,0.6702040135860443,23
conv_82c64af3c66e49f0af6f2ea136288acd,4,0.6456829621033235,22
conv_82c64af3c66e49f0af6f2ea136288acd,5,0.6584498030798775,21
conv_82c64af3c66e49f0af6f2ea136288acd,6,0.6600746780633926,20
conv_82c64af3c66e49f0af6f2ea136288acd,7,0.6509745497452585,19
conv_82c64af3c66e49f0af6f2ea136288acd,8,0.6369358897209167,18
conv_82c64af3c66e49f0af6f2ea136288acd,9,0.6444468883907094,17
conv_82c64af3c66e49f0af6f2ea136288acd,10,0.6482543349266052,16
conv_82c64af3c66e49f0af6f2ea136288acd,11,0.5989384373029073,15
conv_82c64af3c66e49f0af6f2ea136288acd,12,0.637369807277407,14
conv_82c64af3c66e49f0af6f2ea136288acd,13,0.611612971012409,13
conv_82f7be76-f1f7-447b-b77d-2fa8134ebfed,1,0.6221495798655918,35
conv_82f7be76-f1f7-447b-b77d-2fa8134ebfed,2,0.5977670567877152,34
conv_82f7be76-f1f7-447b-b77d-2fa8134ebfed,3,0.615318755308787,33
conv_82f7be76-f1f7-447b-b77d-2fa8134ebfed,4,0.6060171220451593,32
conv_82f7be76-f1f7-447b-b77d-2fa8134ebfed,5,0.6086700962435815,31
conv_82f7be76-f1f7-447b-b77d-2fa8134ebfed,6,0.5958175659179688,30
conv_82f7be76-f1f7-447b-b77d-2fa8134ebfed,7,0.6019888407197492,29
conv_82f7be76-f1f7-447b-b77d-2fa8134ebfed,8,0.5935636056321008,28
conv_82f7be76-f1f7-447b-b77d-2fa8134ebfed,9,0.5887966818279691,27
conv_82f7be76-f1f7-447b-b77d-2fa8134ebfed,10,0.6169939155762012,26
conv_82f7be76-f1f7-447b-b77d-2fa8134ebfed,11,0.5994142818450928,25
conv_82f7be76-f1f7-447b-b77d-2fa8134ebfed,12,0.60563816751043,24
conv_82f7be76-f1f7-447b-b77d-2fa8134ebfed,13,0.6052052093588788,23
conv_82f7be76-f1f7-447b-b77d-2fa8134ebfed,14,0.587580678137866,22
conv_82f7be76-f1f7-447b-b77d-2fa8134ebfed,15,0.588560687644141,21
conv_82f7be76-f1f7-447b-b77d-2fa8134ebfed,16,0.5891641274094581,20
conv_82f7be76-f1f7-447b-b77d-2fa8134ebfed,17,0.6221092186476055,19
conv_82f7be76-f1f7-447b-b77d-2fa8134ebfed,18,0.6203385790189108,18
conv_837faa43-c6e5-4221-9368-e8076f56d5fb,1,0.6555293823281924,24
conv_837faa43-c6e5-4221-9368-e8076f56d5fb,2,0.6421303256698276,23
conv_837faa43-c6e5-4221-9368-e8076f56d5fb,3,0.6552969975904985,22
conv_837faa43-c6e5-4221-9368-e8076f56d5fb,4,0.6620500371569679,21
conv_837faa43-c6e5-4221-9368-e8076f56d5fb,5,0.6506276160478592,20
conv_837faa43-c6e5-4221-9368-e8076f56d5fb,6,0.64952152967453,19
conv_837faa43-c6e5-4221-9368-e8076f56d5fb,7,0.6505143642425537,18
conv_837faa43-c6e5-4221-9368-e8076f56d5fb,8,0.654149286887225,17
conv_837faa43-c6e5-4221-9368-e8076f56d5fb,9,0.6552923657000065,16
conv_837faa43-c6e5-4221-9368-e8076f56d5fb,10,0.6570306181907654,15
conv_837faa43-c6e5-4221-9368-e8076f56d5fb,11,0.6449542215892247,14
conv_837faa43-c6e5-4221-9368-e8076f56d5fb,12,0.6213620946957514,13
conv_84882a79161947c39f9842b344c773f2,1,0.6107395643537695,33
conv_84882a79161947c39f9842b344c773f2,2,0.6046435683965683,32
conv_84882a79161947c39f9842b344c773f2,3,0.5997549949153778,31
conv_84882a79161947c39f9842b344c773f2,4,0.6065508604049683,30
conv_84882a79161947c39f9842b344c773f2,5,0.6119606525733553,29
conv_84882a79161947c39f9842b344c773f2,6,0.6103696418660027,28
conv_84882a79161947c39f9842b344c773f2,7,0.6194433448491273,27
conv_84882a79161947c39f9842b344c773f2,8,0.6080307845885937,26
conv_84882a79161947c39f9842b344c773f2,9,0.612442581653595,25
conv_84882a79161947c39f9842b344c773f2,10,0.6090523935854435,24
conv_84882a79161947c39f9842b344c773f2,11,0.6030827177607495,23
conv_84882a79161947c39f9842b344c773f2,12,0.6072732210159302,22
conv_84882a79161947c39f9842b344c773f2,13,0.5969314660344806,21
conv_84882a79161947c39f9842b344c773f2,14,0.6004160523414612,20
conv_84882a79161947c39f9842b344c773f2,15,0.606974112360101,19
conv_84882a79161947c39f9842b344c773f2,16,0.6081297347942988,18
conv_84882a79161947c39f9842b344c773f2,17,0.6091942962478188,17
conv_8947486e0260400c9e413aead1502092,1,0.6948248863220214,10
conv_8947486e0260400c9e413aead1502092,2,0.6869252456559075,9
conv_8947486e0260400c9e413aead1502092,3,0.668401263654232,8
conv_8947486e0260400c9e413aead1502092,4,0.672072538307735,7
conv_8947486e0260400c9e413aead1502092,5,0.6652455429236094,6
conv_8ab6fccf-2cc1-40bb-8378-5b469fb220eb,1,0.591213466659669,31
conv_8ab6fccf-2cc1-40bb-8378-5b469fb220eb,2,0.6021453877290089,30
conv_8ab6fccf-2cc1-40bb-8378-5b469fb220eb,3,0.6028057131273993,29
conv_8ab6fccf-2cc1-40bb-8378-5b469fb220eb,4,0.5964441789048058,28
conv_8ab6fccf-2cc1-40bb-8378-5b469fb220eb,5,0.6003930734263526,27
conv_8ab6fccf-2cc1-40bb-8378-5b469fb220eb,6,0.5980396259289521,26
conv_8ab6fccf-2cc1-40bb-8378-5b469fb220eb,7,0.611202540397644,25
conv_8ab6fccf-2cc1-40bb-8378-5b469fb220eb,8,0.5715496229628722,24
conv_8ab6fccf-2cc1-40bb-8378-5b469fb220eb,9,0.5898819488027821,23
conv_8ab6fccf-2cc1-40bb-8378-5b469fb220eb,10,0.6004246012731032,22
conv_8ab6fccf-2cc1-40bb-8378-5b469fb220eb,11,0.5825509088379996,21
conv_8ab6fccf-2cc1-40bb-8378-5b469fb220eb,12,0.5610621392726898,20
conv_8ab6fccf-2cc1-40bb-8378-5b469fb220eb,13,0.594365036801288,19
conv_8ab6fccf-2cc1-40bb-8378-5b469fb220eb,14,0.5754784875445895,18
conv_8ab6fccf-2cc1-40bb-8378-5b469fb220eb,15,0.5955271580640007,17
conv_8ab6fccf-2cc1-40bb-8378-5b469fb220eb,16,0.586260974407196,16
conv_8fd2ac26-a13c-4e85-b8ac-5f13e246b640,1,0.6353701774416298,29
conv_8fd2ac26-a13c-4e85-b8ac-5f13e246b640,2,0.6321980452963284,28
conv_8fd2ac26-a13c-4e85-b8ac-5f13e246b640,3,0.6306279125037016,27
conv_8fd2ac26-a13c-4e85-b8ac-5f13e246b640,4,0.6174011482642248,26
conv_8fd2ac26-a13c-4e85-b8ac-5f13e246b640,5,0.6196810758113861,25
conv_8fd2ac26-a13c-4e85-b8ac-5f13e246b640,6,0.6041601523756981,24
conv_8fd2ac26-a13c-4e85-b8ac-5f13e246b640,7,0.6050246591153352,23
conv_8fd2ac26-a13c-4e85-b8ac-5f13e246b640,8,0.5952843522483652,22
conv_8fd2ac26-a13c-4e85-b8ac-5f13e246b640,9,0.5930815168789455,21
conv_8fd2ac26-a13c-4e85-b8ac-5f13e246b640,10,0.5980468809604644,20
conv_8fd2ac26-a13c-4e85-b8ac-5f13e246b640,11,0.587142487889842,19
conv_8fd2ac26-a13c-4e85-b8ac-5f13e246b640,12,0.6044608073102103,18
conv_8fd2ac26-a13c-4e85-b8ac-5f13e246b640,13,0.5934729400803062,17
conv_8fd2ac26-a13c-4e85-b8ac-5f13e246b640,14,0.6130225639790297,16
conv_8fd2ac26-a13c-4e85-b8ac-5f13e246b640,15,0.6014064431190491,15
conv_90178cb2-77d1-4123-9509-2ec42e4db932,1,0.6524817365057328,17
conv_90178cb2-77d1-4123-9509-2ec42e4db932,2,0.6168190445750952,16
conv_90178cb2-77d1-4123-9509-2ec42e4db932,3,0.615148679415385,15
conv_90178cb2-77d1-4123-9509-2ec42e4db932,4,0.6167821437120438,14
conv_90178cb2-77d1-4123-9509-2ec42e4db932,5,0.6095364391803741,13
conv_90178cb2-77d1-4123-9509-2ec42e4db932,6,0.6091525008281072,12
conv_90178cb2-77d1-4123-9509-2ec42e4db932,7,0.5895203785462813,11
conv_90178cb2-77d1-4123-9509-2ec42e4db932,8,0.5729230314493179,10
conv_90178cb2-77d1-4123-9509-2ec42e4db932,9,0.6129918826950921,9
conv_90ea40da-2853-405a-9c2f-a22e77888401,1,0.634885311126709,22
conv_90ea40da-2853-405a-9c2f-a22e77888401,2,0.6129398076307206,21
conv_90ea40da-2853-405a-9c2f-a22e77888401,3,0.6173921674489975,20
conv_90ea40da-2853-405a-9c2f-a22e77888401,4,0.5994201553495306,19
conv_90ea40da-2853-405a-9c2f-a22e77888401,5,0.5923097928365072,18
conv_90ea40da-2853-405a-9c2f-a22e77888401,6,0.5879707739633673,17
conv_90ea40da-2853-405a-9c2f-a22e77888401,7,0.6217408031225204,16
conv_90ea40da-2853-405a-9c2f-a22e77888401,8,0.5916013141473134,15
conv_90ea40da-2853-405a-9c2f-a22e77888401,9,0.605805333171572,14
conv_90ea40da-2853-405a-9c2f-a22e77888401,10,0.5953501669260172,13
conv_90ea40da-2853-405a-9c2f-a22e77888401,11,0.6140012790759405,12
conv_9763bf93-b2b0-43b7-9ffa-761830f4d5a8,1,0.7193663628013046,27
conv_9763bf93-b2b0-43b7-9ffa-761830f4d5a8,2,0.7022221684455872,26
conv_9763bf93-b2b0-43b7-9ffa-761830f4d5a8,3,0.6998647046089173,25
conv_9763bf93-b2b0-43b7-9ffa-761830f4d5a8,4,0.7088208744923273,24
conv_9763bf93-b2b0-43b7-9ffa-761830f4d5a8,5,0.7065943142642146,23
conv_9763bf93-b2b0-43b7-9ffa-761830f4d5a8,6,0.6812122572552074,22
conv_9763bf93-b2b0-43b7-9ffa-761830f4d5a8,7,0.6835712847255525,21
conv_9763bf93-b2b0-43b7-9ffa-761830f4d5a8,8,0.682306656241417,20
conv_9763bf93-b2b0-43b7-9ffa-761830f4d5a8,9,0.694539045032702,19
conv_9763bf93-b2b0-43b7-9ffa-761830f4d5a8,10,0.6864371134175195,18
conv_9763bf93-b2b0-43b7-9ffa-761830f4d5a8,11,0.656038901385139,17
conv_9763bf93-b2b0-43b7-9ffa-761830f4d5a8,12,0.6792423464357853,16
conv_9763bf93-b2b0-43b7-9ffa-761830f4d5a8,13,0.67938392162323,15
conv_9763bf93-b2b0-43b7-9ffa-761830f4d5a8,14,0.661920930658068,14
conv_99ec489eabc540348ba85f02a06c64cf,1,0.6561705006493462,27
conv_99ec489eabc540348ba85f02a06c64cf,2,0.6325635336912595,26
conv_99ec489eabc540348ba85f02a06c64cf,3,0.6240830183029175,25
conv_99ec489eabc540348ba85f02a06c64cf,4,0.6319211920102438,24
conv_99ec489eabc540348ba85f02a06c64cf,5,0.6421965684579767,23
conv_99ec489eabc540348ba85f02a06c64cf,6,0.6379018398848447,22
conv_99ec489eabc540348ba85f02a06c64cf,7,0.6377575085276649,21
conv_99ec489eabc540348ba85f02a06c64cf,8,0.6486868858337402,20
conv_99ec489eabc540348ba85f02a06c64cf,9,0.6411232367942208,19
conv_99ec489eabc540348ba85f02a06c64cf,10,0.640021973186069,18
conv_99ec489eabc540348ba85f02a06c64cf,11,0.6525720848756678,17
conv_99ec489eabc540348ba85f02a06c64cf,12,0.6338854115456343,16
conv_99ec489eabc540348ba85f02a06c64cf,13,0.660864011446635,15
conv_99ec489eabc540348ba85f02a06c64cf,14,0.6241249697549003,14
conv_9a9b4068-5437-4eac-9cbd-738309827685,1,0.6234675667904042,27
conv_9a9b4068-5437-4eac-9cbd-738309827685,2,0.6257509818443885,26
conv_9a9b4068-5437-4eac-9cbd-738309827685,3,0.6052640020847321,25
conv_9a9b4068-5437-4eac-9cbd-738309827685,4,0.5997037130097548,24
conv_9a9b4068-5437-4eac-9cbd-738309827685,5,0.5779701510201329,23
conv_9a9b4068-5437-4eac-9cbd-738309827685,6,0.5749063302170146,22
conv_9a9b4068-5437-4eac-9cbd-738309827685,7,0.5728207784039634,21
conv_9a9b4068-5437-4eac-9cbd-738309827685,8,0.5699949190020561,20
conv_9a9b4068-5437-4eac-9cbd-738309827685,9,0.5784169749209755,19
conv_9a9b4068-5437-4eac-9cbd-738309827685,10,0.5666918340656493,18
conv_9a9b4068-5437-4eac-9cbd-738309827685,11,0.5813698418000165,17
conv_9a9b4068-5437-4eac-9cbd-738309827685,12,0.5547427758574486,16
conv_9a9b4068-5437-4eac-9cbd-738309827685,13,0.57325359582901,15
conv_9a9b4068-5437-4eac-9cbd-738309827685,14,0.5549079009464809,14
conv_a04661581cc44199925519416c49193a,1,0.6077698171138763,42
conv_a04661581cc44199925519416c49193a,2,0.6283676319006013,41
conv_a04661581cc44199925519416c49193a,3,0.6074210271239281,40
conv_a04661581cc44199925519416c49193a,4,0.6078932820222317,39
conv_a04661581cc44199925519416c49193a,5,0.6024244561007148,38
conv_a04661581cc44199925519416c49193a,6,0.6189245855486071,37
conv_a04661581cc44199925519416c49193a,7,0.5870958384540346,36
conv_a04661581cc44199925519416c49193a,8,0.5866331321852548,35
conv_a04661581cc44199925519416c49193a,9,0.5883921121849733,34
conv_a04661581cc44199925519416c49193a,10,0.5832412206765377,33
conv_a04661581cc44199925519416c49193a,11,0.5914695849642158,32
conv_a04661581cc44199925519416c49193a,12,0.5722935997670696,31
conv_a04661581cc44199925519416c49193a,13,0.5928762435913086,30
conv_a04661581cc44199925519416c49193a,14,0.5828172728933138,29
conv_a04661581cc44199925519416c49193a,15,0.5911486681018557,28
conv_a04661581cc44199925519416c49193a,16,0.6148560002998069,27
conv_a04661581cc44199925519416c49193a,17,0.6044647739483759,26
conv_a04661581cc44199925519416c49193a,18,0.6232871401309967,25
conv_a04661581cc44199925519416c49193a,19,0.6200873839358488,24
conv_a04661581cc44199925519416c49193a,20,0.5871491173039312,23
conv_a04661581cc44199925519416c49193a,21,0.5990331308408217,22
conv_a0840d98-89b5-4206-b414-e9820d9a99b2,1,0.6127257645130157,24
conv_a0840d98-89b5-4206-b414-e9820d9a99b2,2,0.6225721214128577,23
conv_a0840d98-89b5-4206-b414-e9820d9a99b2,3,0.6377258382060311,22
conv_a0840d98-89b5-4206-b414-e9820d9a99b2,4,0.6090135886555627,21
conv_a0840d98-89b5-4206-b414-e9820d9a99b2,5,0.6181691139936447,20
conv_a0840d98-89b5-4206-b414-e9820d9a99b2,6,0.6141076982021332,19
conv_a0840d98-89b5-4206-b414-e9820d9a99b2,7,0.5936978939506743,18
conv_a0840d98-89b5-4206-b414-e9820d9a99b2,8,0.6201784821117625,17
conv_a0840d98-89b5-4206-b414-e9820d9a99b2,9,0.632196020334959,16
conv_a0840d98-89b5-4206-b414-e9820d9a99b2,10,0.6293311953544617,15
conv_a0840d98-89b5-4206-b414-e9820d9a99b2,11,0.6238600654261452,14
conv_a0840d98-89b5-4206-b414-e9820d9a99b2,12,0.6129670899647933,13
conv_a2292393-fd39-476f-975c-aaf411653197,1,0.6197315880230495,28
conv_a2292393-fd39-476f-975c-aaf411653197,2,0.6209965889100675,27
conv_a2292393-fd39-476f-975c-aaf411653197,3,0.6099975968782718,26
conv_a2292393-fd39-476f-975c-aaf411653197,4,0.6042870366573334,25
conv_a2292393-fd39-476f-975c-aaf411653197,5,0.6131123565137386,24
conv_a2292393-fd39-476f-975c-aaf411653197,6,0.6210323442583499,23
conv_a2292393-fd39-476f-975c-aaf411653197,7,0.6262005066329782,22
conv_a2292393-fd39-476f-975c-aaf411653197,8,0.5885536840983799,21
conv_a2292393-fd39-476f-975c-aaf411653197,9,0.6100194185972214,20
conv_a2292393-fd39-476f-975c-aaf411653197,10,0.595967528067137,19
conv_a2292393-fd39-476f-975c-aaf411653197,11,0.6006591121355692,18
conv_a2292393-fd39-476f-975c-aaf411653197,12,0.5880246144883773,17
conv_a2292393-fd39-476f-975c-aaf411653197,13,0.5781055632978678,16
conv_a2292393-fd39-476f-975c-aaf411653197,14,0.5614872892697652,15
conv_a5f55403da744ff0b966103e3911c44e,1,0.6749617580105277,34
conv_a5f55403da744ff0b966103e3911c44e,2,0.6736081892793829,33
conv_a5f55403da744ff0b966103e3911c44e,3,0.6727055218070745,32
conv_a5f55403da744ff0b966103e3911c44e,4,0.6852096261516694,31
conv_a5f55403da744ff0b966103e3911c44e,5,0.6497469941775004,30
conv_a5f55403da744ff0b966103e3911c44e,6,0.6765616823887003,29
conv_a5f55403da744ff0b966103e3911c44e,7,0.643931970000267,28
conv_a5f55403da744ff0b966103e3911c44e,8,0.652032008877507,27
conv_a5f55403da744ff0b966103e3911c44e,9,0.6410481861004462,26
conv_a5f55403da744ff0b966103e3911c44e,10,0.6680439221858978,25
conv_a5f55403da744ff0b966103e3911c44e,11,0.6218118667602539,24
conv_a5f55403da744ff0b966103e3911c44e,12,0.6370738006156423,23
conv_a5f55403da744ff0b966103e3911c44e,13,0.6304873404177752,22
conv_a5f55403da744ff0b966103e3911c44e,14,0.6217779488790602,21
conv_a5f55403da744ff0b966103e3911c44e,15,0.6286530196666718,20
conv_a5f55403da744ff0b966103e3911c44e,16,0.6495436100583327,19
conv_a5f55403da744ff0b966103e3911c44e,17,0.618110136853324,18
conv_a731e4cc684f448587f5085e647f5953,1,0.6335101348382456,27
conv_a731e4cc684f448587f5085e647f5953,2,0.6451308177067683,26
conv_a731e4cc684f448587f5085e647f5953,3,0.6532199668884278,25
conv_a731e4cc684f448587f5085e647f5953,4,0.6389053761959076,24
conv_a731e4cc684f448587f5085e647f5953,5,0.6337784140006356,23
conv_a731e4cc684f448587f5085e647f5953,6,0.651070467450402,22
conv_a731e4cc684f448587f5085e647f5953,7,0.6370376305920737,21
conv_a731e4cc684f448587f5085e647f5953,8,0.6081397086381912,20
conv_a731e4cc684f448587f5085e647f5953,9,0.6427962968223974,19
conv_a731e4cc684f448587f5085e647f5953,10,0.6079147656758627,18
conv_a731e4cc684f448587f5085e647f5953,11,0.6033022596555597,17
conv_a731e4cc684f448587f5085e647f5953,12,0.6288611628115177,16
conv_a731e4cc684f448587f5085e647f5953,13,0.6208436648050945,15
conv_a731e4cc684f448587f5085e647f5953,14,0.601992551769529,14
conv_ad879cff91254437a5153d2400ed3f5d,1,0.6370707010400707,29
conv_ad879cff91254437a5153d2400ed3f5d,2,0.637748950294086,28
conv_ad879cff91254437a5153d2400ed3f5d,3,0.6184880744527887,27
conv_ad879cff91254437a5153d2400ed3f5d,4,0.6229890470321362,26
conv_ad879cff91254437a5153d2400ed3f5d,5,0.602079154253006,25
conv_ad879cff91254437a5153d2400ed3f5d,6,0.6078990461925665,24
conv_ad879cff91254437a5153d2400ed3f5d,7,0.5936362354651742,23
conv_ad879cff91254437a5153d2400ed3f5d,8,0.594963553276929,22
conv_ad879cff91254437a5153d2400ed3f5d,9,0.6070112245423454,21
conv_ad879cff91254437a5153d2400ed3f5d,10,0.5962112858891487,20
conv_ad879cff91254437a5153d2400ed3f5d,11,0.5934660058272513,19
conv_ad879cff91254437a5153d2400ed3f5d,12,0.5592776702509986,18
conv_ad879cff91254437a5153d2400ed3f5d,13,0.5927617760265574,17
conv_ad879cff91254437a5153d2400ed3f5d,14,0.5639844611287117,16
conv_ad879cff91254437a5153d2400ed3f5d,15,0.5941213409105937,15
conv_adc796acd32f4433993539115159236a,1,0.6134793960279034,31
conv_adc796acd32f4433993539115159236a,2,0.6113718042771021,30
conv_adc796acd32f4433993539115159236a,3,0.5941097982998552,29
conv_adc796acd32f4433993539115159236a,4,0.5951400963323457,28
conv_adc796acd32f4433993539115159236a,5,0.5952190977555735,27
conv_adc796acd32f4433993539115159236a,6,0.5849017237241452,26
conv_adc796acd32f4433993539115159236a,7,0.5745495629310607,25
conv_adc796acd32f4433993539115159236a,8,0.578406386077404,24
conv_adc796acd32f4433993539115159236a,9,0.5891305389611617,23
conv_adc796acd32f4433993539115159236a,10,0.5999805683439429,22
conv_adc796acd32f4433993539115159236a,11,0.5702166642461505,21
conv_adc796acd32f4433993539115159236a,12,0.5972800612449646,20
conv_adc796acd32f4433993539115159236a,13,0.5833153316849157,19
conv_adc796acd32f4433993539115159236a,14,0.5761282874478234,18
conv_adc796acd32f4433993539115159236a,15,0.5936551690101624,17
conv_adc796acd32f4433993539115159236a,16,0.5835297927260399,16
conv_afc8092c-7335-40d1-a058-616cf97d80a2,1,0.6623307447880507,16
conv_afc8092c-7335-40d1-a058-616cf97d80a2,2,0.6803066690762838,15
conv_afc8092c-7335-40d1-a058-616cf97d80a2,3,0.6513999359948295,14
conv_afc8092c-7335-40d1-a058-616cf97d80a2,4,0.6145437153486105,13
conv_afc8092c-7335-40d1-a058-616cf97d80a2,5,0.619258334239324,12
conv_afc8092c-7335-40d1-a058-616cf97d80a2,6,0.6272969571026888,11
conv_afc8092c-7335-40d1-a058-616cf97d80a2,7,0.6090292066335679,10
conv_afc8092c-7335-40d1-a058-616cf97d80a2,8,0.6339528097046746,9
conv_b0f0e7b9-40d0-4776-a1a7-828df5bdcf2a,1,0.6286812052130699,8
conv_b0f0e7b9-40d0-4776-a1a7-828df5bdcf2a,2,0.6483412086963654,7
conv_b0f0e7b9-40d0-4776-a1a7-828df5bdcf2a,3,0.6474590599536896,6
conv_b0f0e7b9-40d0-4776-a1a7-828df5bdcf2a,4,0.580950778722763,5
conv_b1e0225e-fdb5-4142-8852-0785c0d30420,1,0.6832169824176364,18
conv_b1e0225e-fdb5-4142-8852-0785c0d30420,2,0.640097530449138,17
conv_b1e0225e-fdb5-4142-8852-0785c0d30420,3,0.6272700931876898,16
conv_b1e0225e-fdb5-4142-8852-0785c0d30420,4,0.622579018274943,15
conv_b1e0225e-fdb5-4142-8852-0785c0d30420,5,0.6276661029883793,14
conv_b1e0225e-fdb5-4142-8852-0785c0d30420,6,0.6078113684287438,13
conv_b1e0225e-fdb5-4142-8852-0785c0d30420,7,0.6066318303346634,12
conv_b1e0225e-fdb5-4142-8852-0785c0d30420,8,0.6298556788401171,11
conv_b1e0225e-fdb5-4142-8852-0785c0d30420,9,0.6181771636009217,10
conv_b306d0b7-35f0-495e-a3e0-5818c3ae060c,1,0.6558200276416281,23
conv_b306d0b7-35f0-495e-a3e0-5818c3ae060c,2,0.6288782236250964,22
conv_b306d0b7-35f0-495e-a3e0-5818c3ae060c,3,0.5913888074102855,21
conv_b306d0b7-35f0-495e-a3e0-5818c3ae060c,4,0.6056568026542664,20
conv_b306d0b7-35f0-495e-a3e0-5818c3ae060c,5,0.6061361698727858,19
conv_b306d0b7-35f0-495e-a3e0-5818c3ae060c,6,0.6231205016374588,18
conv_b306d0b7-35f0-495e-a3e0-5818c3ae060c,7,0.600309803205378,17
conv_b306d0b7-35f0-495e-a3e0-5818c3ae060c,8,0.6227599363774061,16
conv_b306d0b7-35f0-495e-a3e0-5818c3ae060c,9,0.5924693942070007,15
conv_b306d0b7-35f0-495e-a3e0-5818c3ae060c,10,0.5827584330524717,14
conv_b306d0b7-35f0-495e-a3e0-5818c3ae060c,11,0.5984939405551324,13
conv_b306d0b7-35f0-495e-a3e0-5818c3ae060c,12,0.6087813675403595,12
conv_b6569263-0af4-4945-bd32-398a28cf7e69,1,0.6563882529735565,12
conv_b6569263-0af4-4945-bd32-398a28cf7e69,2,0.6420261480591514,11
conv_b6569263-0af4-4945-bd32-398a28cf7e69,3,0.6317352414131164,10
conv_b6569263-0af4-4945-bd32-398a28cf7e69,4,0.6022131244341532,9
conv_b6569263-0af4-4945-bd32-398a28cf7e69,5,0.6350366622209549,8
conv_b6569263-0af4-4945-bd32-398a28cf7e69,6,0.6050844447953361,7
conv_baa66c4dc3ff4e6f8b91aa3bf55cbea2,1,0.6458908723933356,28
conv_baa66c4dc3ff4e6f8b91aa3bf55cbea2,2,0.64631438476068,27
conv_baa66c4dc3ff4e6f8b91aa3bf55cbea2,3,0.6630953126228772,26
conv_baa66c4dc3ff4e6f8b91aa3bf55cbea2,4,0.6289134097099304,25
conv_baa66c4dc3ff4e6f8b91aa3bf55cbea2,5,0.6108925901353359,24
conv_baa66c4dc3ff4e6f8b91aa3bf55cbea2,6,0.6283328688662985,23
conv_baa66c4dc3ff4e6f8b91aa3bf55cbea2,7,0.624634631655433,22
conv_baa66c4dc3ff4e6f8b91aa3bf55cbea2,8,0.6148610441457658,21
conv_baa66c4dc3ff4e6f8b91aa3bf55cbea2,9,0.6240072935819626,20
conv_baa66c4dc3ff4e6f8b91aa3bf55cbea2,10,0.6124033786748585,19
conv_baa66c4dc3ff4e6f8b91aa3bf55cbea2,11,0.5834627482626173,18
conv_baa66c4dc3ff4e6f8b91aa3bf55cbea2,12,0.5922784770236296,17
conv_baa66c4dc3ff4e6f8b91aa3bf55cbea2,13,0.5820055864751339,16
conv_baa66c4dc3ff4e6f8b91aa3bf55cbea2,14,0.5822648962338766,15
conv_bd42668068fc4f41a9b41e52a30aa976,1,0.6346300521801258,29
conv_bd42668068fc4f41a9b41e52a30aa976,2,0.6170437335968018,28
conv_bd42668068fc4f41a9b41e52a30aa976,3,0.6149544406820227,27
conv_bd42668068fc4f41a9b41e52a30aa976,4,0.6305413154455332,26
conv_bd42668068fc4f41a9b41e52a30aa976,5,0.625477215051651,25
conv_bd42668068fc4f41a9b41e52a30aa976,6,0.6343195935090383,24
conv_bd42668068fc4f41a9b41e52a30aa976,7,0.6185911310755688,23
conv_bd42668068fc4f41a9b41e52a30aa976,8,0.6205299699848349,22
conv_bd42668068fc4f41a9b41e52a30aa976,9,0.6079375545183817,21
conv_bd42668068fc4f41a9b41e52a30aa976,10,0.6266499131917953,20
conv_bd42668068fc4f41a9b41e52a30aa976,11,0.6159641476053941,19
conv_bd42668068fc4f41a9b41e52a30aa976,12,0.6112137370639377,18
conv_bd42668068fc4f41a9b41e52a30aa976,13,0.6080277737449197,17
conv_bd42668068fc4f41a9b41e52a30aa976,14,0.6141829304397106,16
conv_bd42668068fc4f41a9b41e52a30aa976,15,0.6215829253196716,15
conv_bd574adf4c144554bf5dde1263f1bb0d,1,0.6390259918328878,37
conv_bd574adf4c144554bf5dde1263f1bb0d,2,0.6541343099541135,36
conv_bd574adf4c144554bf5dde1263f1bb0d,3,0.6278262972831726,35
conv_bd574adf4c144554bf5dde1263f1bb0d,4,0.6076452144805122,34
conv_bd574adf4c144554bf5dde1263f1bb0d,5,0.6120492815971375,33
conv_bd574adf4c144554bf5dde1263f1bb0d,6,0.6223106449469924,32
conv_bd574adf4c144554bf5dde1263f1bb0d,7,0.6082175662440639,31
conv_bd574adf4c144554bf5dde1263f1bb0d,8,0.6224574287732442,30
conv_bd574adf4c144554bf5dde1263f1bb0d,9,0.6132906253995567,29
conv_bd574adf4c144554bf5dde1263f1bb0d,10,0.6230154633522034,28
conv_bd574adf4c144554bf5dde1263f1bb0d,11,0.646622708550206,27
conv_bd574adf4c144554bf5dde1263f1bb0d,12,0.6210230565988101,26
conv_bd574adf4c144554bf5dde1263f1bb0d,13,0.6084190583229065,25
conv_bd574adf4c144554bf5dde1263f1bb0d,14,0.6370864734053612,24
conv_bd574adf4c144554bf5dde1263f1bb0d,15,0.6075108634388965,23
conv_bd574adf4c144554bf5dde1263f1bb0d,16,0.6184049506079067,22
conv_bd574adf4c144554bf5dde1263f1bb0d,17,0.5996632121858143,21
conv_bd574adf4c144554bf5dde1263f1bb0d,18,0.5841759860515594,20
conv_bd574adf4c144554bf5dde1263f1bb0d,19,0.6419904624160967,19
conv_bfba8b3e334542f08bee905a2934a25e,1,0.6293345843923503,29
conv_bfba8b3e334542f08bee905a2934a25e,2,0.6379134782723018,28
conv_bfba8b3e334542f08bee905a2934a25e,3,0.6153756744331784,27
conv_bfba8b3e334542f08bee905a2934a25e,4,0.6253176996341119,26
conv_bfba8b3e334542f08bee905a2934a25e,5,0.6205826938152313,25
conv_bfba8b3e334542f08bee905a2934a25e,6,0.611948736011982,24
conv_bfba8b3e334542f08bee905a2934a25e,7,0.6123829924541971,23
conv_bfba8b3e334542f08bee905a2934a25e,8,0.6393369111147794,22
conv_bfba8b3e334542f08bee905a2934a25e,9,0.6248977468127296,21
conv_bfba8b3e334542f08bee905a2934a25e,10,0.6096998900175095,20
conv_bfba8b3e334542f08bee905a2934a25e,11,0.6379498306073641,19
conv_bfba8b3e334542f08bee905a2934a25e,12,0.5915583421786627,18
conv_bfba8b3e334542f08bee905a2934a25e,13,0.6048664678545559,17
conv_bfba8b3e334542f08bee905a2934a25e,14,0.5856259353458881,16
conv_bfba8b3e334542f08bee905a2934a25e,15,0.5992329835891723,15
conv_c2e0197b-bba1-43b9-978e-cc6e536892b3,1,0.6037564985454082,48
conv_c2e0197b-bba1-43b9-978e-cc6e536892b3,2,0.6026227550303682,47
conv_c2e0197b-bba1-43b9-978e-cc6e536892b3,3,0.5924487463805986,46
conv_c2e0197b-bba1-43b9-978e-cc6e536892b3,4,0.5989593068758646,45
conv_c2e0197b-bba1-43b9-978e-cc6e536892b3,5,0.5841639712452888,44
conv_c2e0197b-bba1-43b9-978e-cc6e536892b3,6,0.5715331317380418,43
conv_c2e0197b-bba1-43b9-978e-cc6e536892b3,7,0.5592906808569318,42
conv_c2e0197b-bba1-43b9-978e-cc6e536892b3,8,0.5585480746699543,41
conv_c2e0197b-bba1-43b9-978e-cc6e536892b3,9,0.5561015054583549,40
conv_c2e0197b-bba1-43b9-978e-cc6e536892b3,10,0.5524222973065499,39
conv_c2e0197b-bba1-43b9-978e-cc6e536892b3,11,0.550357500189229,38
conv_c2e0197b-bba1-43b9-978e-cc6e536892b3,12,0.5557777793020815,37
conv_c2e0197b-bba1-43b9-978e-cc6e536892b3,13,0.5407673004600737,36
conv_c2e0197b-bba1-43b9-978e-cc6e536892b3,14,0.5463203166212355,35
conv_c2e0197b-bba1-43b9-978e-cc6e536892b3,15,0.5490498376243255,34
conv_c2e0197b-bba1-43b9-978e-cc6e536892b3,16,0.5427844479228511,33
conv_c2e0197b-bba1-43b9-978e-cc6e536892b3,17,0.5398359168320894,32
conv_c2e0197b-bba1-43b9-978e-cc6e536892b3,18,0.535060836422828,31
conv_c2e0197b-bba1-43b9-978e-cc6e536892b3,19,0.5476179490486781,30
conv_c2e0197b-bba1-43b9-978e-cc6e536892b3,20,0.5375646733004471,29
conv_c2e0197b-bba1-43b9-978e-cc6e536892b3,21,0.5497218285288129,28
conv_c2e0197b-bba1-43b9-978e-cc6e536892b3,22,0.5610513974119116,27
conv_c2e0197b-bba1-43b9-978e-cc6e536892b3,23,0.5729137647610444,26
conv_c2e0197b-bba1-43b9-978e-cc6e536892b3,24,0.5558441400527954,25
conv_c4baf00847bb42a8ab80a1cb377e91b2,1,0.7173518813573397,26
conv_c4baf00847bb42a8ab80a1cb377e91b2,2,0.7254759097099304,25
conv_c4baf00847bb42a8ab80a1cb377e91b2,3,0.7232655783494314,24
conv_c4baf00847bb42a8ab80a1cb377e91b2,4,0.7068909277086672,23
conv_c4baf00847bb42a8ab80a1cb377e91b2,5,0.7192455150864341,22
conv_c4baf00847bb42a8ab80a1cb377e91b2,6,0.7088916869390578,21
conv_c4baf00847bb42a8ab80a1cb377e91b2,7,0.6980883002281189,20
conv_c4baf00847bb42a8ab80a1cb377e91b2,8,0.7107138884694952,19
conv_c4baf00847bb42a8ab80a1cb377e91b2,9,0.700680543979009,18
conv_c4baf00847bb42a8ab80a1cb377e91b2,10,0.6905576446477104,17
conv_c4baf00847bb42a8ab80a1cb377e91b2,11,0.713813453912735,16
conv_c4baf00847bb42a8ab80a1cb377e91b2,12,0.6970465977986654,15
conv_c4baf00847bb42a8ab80a1cb377e91b2,13,0.690683343580791,14
conv_c576a2b8-4944-4966-b836-5a4fde76260f,1,0.6650810326848712,14
conv_c576a2b8-4944-4966-b836-5a4fde76260f,2,0.6563403285466708,13
conv_c576a2b8-4944-4966-b836-5a4fde76260f,3,0.6384866535663605,12
conv_c576a2b8-4944-4966-b836-5a4fde76260f,4,0.646411429752003,11
conv_c576a2b8-4944-4966-b836-5a4fde76260f,5,0.6172251462936401,10
conv_c576a2b8-4944-4966-b836-5a4fde76260f,6,0.6401728126737807,9
conv_c576a2b8-4944-4966-b836-5a4fde76260f,7,0.6577813923358917,8
conv_c5addb32570d400db0feca8365ceaa9a,1,0.6595131705204645,24
conv_c5addb32570d400db0feca8365ceaa9a,2,0.6590638471686322,23
conv_c5addb32570d400db0feca8365ceaa9a,3,0.6508122845129534,22
conv_c5addb32570d400db0feca8365ceaa9a,4,0.6729230242116111,21
conv_c5addb32570d400db0feca8365ceaa9a,5,0.6549831181764603,20
conv_c5addb32570d400db0feca8365ceaa9a,6,0.6518499976710269,19
conv_c5addb32570d400db0feca8365ceaa9a,7,0.6754062473773956,18
conv_c5addb32570d400db0feca8365ceaa9a,8,0.6406164677704081,17
conv_c5addb32570d400db0feca8365ceaa9a,9,0.6430123001337051,16
conv_c5addb32570d400db0feca8365ceaa9a,10,0.622117837270101,15
conv_c5addb32570d400db0feca8365ceaa9a,11,0.6403480683054242,14
conv_c5addb32570d400db0feca8365ceaa9a,12,0.6459756447718694,13
conv_c7f16c31-e264-4ad6-8a72-7c626fa0cac0,1,0.6652140617370605,20
conv_c7f16c31-e264-4ad6-8a72-7c626fa0cac0,2,0.6706308455843675,19
conv_c7f16c31-e264-4ad6-8a72-7c626fa0cac0,3,0.6364494992627038,18
conv_c7f16c31-e264-4ad6-8a72-7c626fa0cac0,4,0.6573867201805115,17
conv_c7f16c31-e264-4ad6-8a72-7c626fa0cac0,5,0.6213137730956078,16
conv_c7f16c31-e264-4ad6-8a72-7c626fa0cac0,6,0.6095793386300404,15
conv_c7f16c31-e264-4ad6-8a72-7c626fa0cac0,7,0.6271316621984754,14
conv_c7f16c31-e264-4ad6-8a72-7c626fa0cac0,8,0.6157705921393174,13
conv_c7f16c31-e264-4ad6-8a72-7c626fa0cac0,9,0.6176711519559225,12
conv_c7f16c31-e264-4ad6-8a72-7c626fa0cac0,10,0.6245497194203463,11
conv_c844530b86a74806aff04a1d35ed710d,1,0.6687455068031947,30
conv_c844530b86a74806aff04a1d35ed710d,2,0.6600020219539774,29
conv_c844530b86a74806aff04a1d35ed710d,3,0.6305777696626527,28
conv_c844530b86a74806aff04a1d35ed710d,4,0.636891139878167,27
conv_c844530b86a74806aff04a1d35ed710d,5,0.6342808225980172,26
conv_c844530b86a74806aff04a1d35ed710d,6,0.612233008146286,25
conv_c844530b86a74806aff04a1d35ed710d,7,0.6113761700689793,24
conv_c844530b86a74806aff04a1d35ed710d,8,0.6223507381003835,23
conv_c844530b86a74806aff04a1d35ed710d,9,0.602187683636492,22
conv_c844530b86a74806aff04a1d35ed710d,10,0.6288970169566926,21
conv_c844530b86a74806aff04a1d35ed710d,11,0.610219544172287,20
conv_c844530b86a74806aff04a1d35ed710d,12,0.6310590521285409,19
conv_c844530b86a74806aff04a1d35ed710d,13,0.6063922444979349,18
conv_c844530b86a74806aff04a1d35ed710d,14,0.6035510284059188,17
conv_c844530b86a74806aff04a1d35ed710d,15,0.5935395453125238,16
conv_c9917f1e13cb425b8d6617310f2e909f,1,0.6596695024233598,26
conv_c9917f1e13cb425b8d6617310f2e909f,2,0.6946171426773071,25
conv_c9917f1e13cb425b8d6617310f2e909f,3,0.6672441773116589,24
conv_c9917f1e13cb425b8d6617310f2e909f,4,0.6499059744503187,23
conv_c9917f1e13cb425b8d6617310f2e909f,5,0.663857487114993,22
conv_c9917f1e13cb425b8d6617310f2e909f,6,0.6538669608888172,21
conv_c9917f1e13cb425b8d6617310f2e909f,7,0.651586577296257,20
conv_c9917f1e13cb425b8d6617310f2e909f,8,0.6610303709381505,19
conv_c9917f1e13cb425b8d6617310f2e909f,9,0.6613240970505608,18
conv_c9917f1e13cb425b8d6617310f2e909f,10,0.634369176976821,17
conv_c9917f1e13cb425b8d6617310f2e909f,11,0.6536536887288094,16
conv_c9917f1e13cb425b8d6617310f2e909f,12,0.6505499362945557,15
conv_c9917f1e13cb425b8d6617310f2e909f,13,0.648310946566718,14
conv_ca1d11bdb5804bf5b68a18283defc1fe,1,0.6573344107830164,33
conv_ca1d11bdb5804bf5b68a18283defc1fe,2,0.6605591494590044,32
conv_ca1d11bdb5804bf5b68a18283defc1fe,3,0.6541799095369154,31
conv_ca1d11bdb5804bf5b68a18283defc1fe,4,0.6785709321498871,30
conv_ca1d11bdb5804bf5b68a18283defc1fe,5,0.6604127370077988,29
conv_ca1d11bdb5804bf5b68a18283defc1fe,6,0.6443778191293988,28
conv_ca1d11bdb5804bf5b68a18283defc1fe,7,0.6652778431221291,27
conv_ca1d11bdb5804bf5b68a18283defc1fe,8,0.6582804482716781,26
conv_ca1d11bdb5804bf5b68a18283defc1fe,9,0.6606977200508117,25
conv_ca1d11bdb5804bf5b68a18283defc1fe,10,0.6381741737325987,24
conv_ca1d11bdb5804bf5b68a18283defc1fe,11,0.6435304711694303,23
conv_ca1d11bdb5804bf5b68a18283defc1fe,12,0.6711661246689883,22
conv_ca1d11bdb5804bf5b68a18283defc1fe,13,0.6569285875275022,21
conv_ca1d11bdb5804bf5b68a18283defc1fe,14,0.6557945773005486,20
conv_ca1d11bdb5804bf5b68a18283defc1fe,15,0.6603019425743505,19
conv_ca1d11bdb5804bf5b68a18283defc1fe,16,0.6379427396588855,18
conv_ca1d11bdb5804bf5b68a18283defc1fe,17,0.6495588597129373,17
conv_ccb90f8d-d4bb-406e-83e9-b91ac0615cac,1,0.6092520940060518,49
conv_ccb90f8d-d4bb-406e-83e9-b91ac0615cac,2,0.5786407353977362,48
conv_ccb90f8d-d4bb-406e-83e9-b91ac0615cac,3,0.5698707985117081,47
conv_ccb90f8d-d4bb-406e-83e9-b91ac0615cac,4,0.5905348153217979,46
conv_ccb90f8d-d4bb-406e-83e9-b91ac0615cac,5,0.5829976591798994,45
conv_ccb90f8d-d4bb-406e-83e9-b91ac0615cac,6,0.5719055445356802,44
conv_ccb90f8d-d4bb-406e-83e9-b91ac0615cac,7,0.570233810086583,43
conv_ccb90f8d-d4bb-406e-83e9-b91ac0615cac,8,0.5779853739908763,42
conv_ccb90f8d-d4bb-406e-83e9-b91ac0615cac,9,0.5906327635776706,41
conv_ccb90f8d-d4bb-406e-83e9-b91ac0615cac,10,0.5728098578751087,40
conv_ccb90f8d-d4bb-406e-83e9-b91ac0615cac,11,0.5608458014634939,39
conv_ccb90f8d-d4bb-406e-83e9-b91ac0615cac,12,0.5598333227007013,38
conv_ccb90f8d-d4bb-406e-83e9-b91ac0615cac,13,0.5720751277498297,37
conv_ccb90f8d-d4bb-406e-83e9-b91ac0615cac,14,0.559368857079082,36
conv_ccb90f8d-d4bb-406e-83e9-b91ac0615cac,15,0.5768580343042101,35
conv_ccb90f8d-d4bb-406e-83e9-b91ac0615cac,16,0.5745306216618594,34
conv_ccb90f8d-d4bb-406e-83e9-b91ac0615cac,17,0.5730245185620857,33
conv_ccb90f8d-d4bb-406e-83e9-b91ac0615cac,18,0.5659703090786934,32
conv_ccb90f8d-d4bb-406e-83e9-b91ac0615cac,19,0.591418577778724,31
conv_ccb90f8d-d4bb-406e-83e9-b91ac0615cac,20,0.5867262870073319,30
conv_ccb90f8d-d4bb-406e-83e9-b91ac0615cac,21,0.5673513494688889,29
conv_ccb90f8d-d4bb-406e-83e9-b91ac0615cac,22,0.5775118895939418,28
conv_ccb90f8d-d4bb-406e-83e9-b91ac0615cac,23,0.5938502682579888,27
conv_ccb90f8d-d4bb-406e-83e9-b91ac0615cac,24,0.5752447144343302,26
conv_ccb90f8d-d4bb-406e-83e9-b91ac0615cac,25,0.5607536208629608,25
conv_d1c22bb3a30c49288b4bb253d68f713c,1,0.6582262357076009,30
conv_d1c22bb3a30c49288b4bb253d68f713c,2,0.6739660295946844,29
conv_d1c22bb3a30c49288b4bb253d68f713c,3,0.6680984869599342,28
conv_d1c22bb3a30c49288b4bb253d68f713c,4,0.6650582629221456,27
conv_d1c22bb3a30c49288b4bb253d68f713c,5,0.6565437741004504,26
conv_d1c22bb3a30c49288b4bb253d68f713c,6,0.6745729970932007,25
conv_d1c22bb3a30c49288b4bb253d68f713c,7,0.6471066698431969,24
conv_d1c22bb3a30c49288b4bb253d68f713c,8,0.6394897569780764,23
conv_d1c22bb3a30c49288b4bb253d68f713c,9,0.6290976797992532,22
conv_d1c22bb3a30c49288b4bb253d68f713c,10,0.6614019374052683,21
conv_d1c22bb3a30c49288b4bb253d68f713c,11,0.6328414112329483,20
conv_d1c22bb3a30c49288b4bb253d68f713c,12,0.6562099299932781,19
conv_d1c22bb3a30c49288b4bb253d68f713c,13,0.6610244943035973,18
conv_d1c22bb3a30c49288b4bb253d68f713c,14,0.653710638775545,17
conv_d1c22bb3a30c49288b4bb253d68f713c,15,0.6349843572825193,16
conv_d6905a1ca5714753a29b07b1344d1eb0,1,0.6300370675676009,34
conv_d6905a1ca5714753a29b07b1344d1eb0,2,0.6390816966692606,33
conv_d6905a1ca5714753a29b07b1344d1eb0,3,0.6218189857900143,32
conv_d6905a1ca5714753a29b07b1344d1eb0,4,0.6277046492022853,31
conv_d6905a1ca5714753a29b07b1344d1eb0,5,0.6083851814270019,30
conv_d6905a1ca5714753a29b07b1344d1eb0,6,0.6091711788341917,29
conv_d6905a1ca5714753a29b07b1344d1eb0,7,0.6127442909138543,28
conv_d6905a1ca5714753a29b07b1344d1eb0,8,0.6192375289069282,27
conv_d6905a1ca5714753a29b07b1344d1eb0,9,0.6174213725786942,26
conv_d6905a1ca5714753a29b07b1344d1eb0,10,0.6152745532989502,25
conv_d6905a1ca5714753a29b07b1344d1eb0,11,0.6181654507915179,24
conv_d6905a1ca5714753a29b07b1344d1eb0,12,0.6237318152966707,23
conv_d6905a1ca5714753a29b07b1344d1eb0,13,0.6015666655518792,22
conv_d6905a1ca5714753a29b07b1344d1eb0,14,0.6109674913542611,21
conv_d6905a1ca5714753a29b07b1344d1eb0,15,0.6256930649280548,20
conv_d6905a1ca5714753a29b07b1344d1eb0,16,0.6111806662459123,19
conv_d6905a1ca5714753a29b07b1344d1eb0,17,0.6617007785373263,18
conv_d87daedd-9490-4de9-8d2a-d33777567187,1,0.6013071448416323,37
conv_d87daedd-9490-4de9-8d2a-d33777567187,2,0.5764755126502779,36
conv_d87daedd-9490-4de9-8d2a-d33777567187,3,0.5892457578863416,35
conv_d87daedd-9490-4de9-8d2a-d33777567187,4,0.597768625792335,34
conv_d87daedd-9490-4de9-8d2a-d33777567187,5,0.5967644678823876,33
conv_d87daedd-9490-4de9-8d2a-d33777567187,6,0.588748911395669,32
conv_d87daedd-9490-4de9-8d2a-d33777567187,7,0.5811113224875543,31
conv_d87daedd-9490-4de9-8d2a-d33777567187,8,0.5785007983446121,30
conv_d87daedd-9490-4de9-8d2a-d33777567187,9,0.5786657086734114,29
conv_d87daedd-9490-4de9-8d2a-d33777567187,10,0.5770126921789986,28
conv_d87daedd-9490-4de9-8d2a-d33777567187,11,0.5761342390819832,27
conv_d87daedd-9490-4de9-8d2a-d33777567187,12,0.575412780046463,26
conv_d87daedd-9490-4de9-8d2a-d33777567187,13,0.608108195066452,25
conv_d87daedd-9490-4de9-8d2a-d33777567187,14,0.5566000764568647,24
conv_d87daedd-9490-4de9-8d2a-d33777567187,15,0.5470123407633408,23
conv_d87daedd-9490-4de9-8d2a-d33777567187,16,0.5824525722048499,22
conv_d87daedd-9490-4de9-8d2a-d33777567187,17,0.5525246092251369,21
conv_d87daedd-9490-4de9-8d2a-d33777567187,18,0.5664157524704934,20
conv_d87daedd-9490-4de9-8d2a-d33777567187,19,0.5428780223193922,19
conv_da1c7ee9-2479-4f47-94bc-db9161a6e88c,1,0.6902109503746032,25
conv_da1c7ee9-2479-4f47-94bc-db9161a6e88c,2,0.6745567408700784,24
conv_da1c7ee9-2479-4f47-94bc-db9161a6e88c,3,0.6734107447707135,23
conv_da1c7ee9-2479-4f47-94bc-db9161a6e88c,4,0.6709930381991647,22
conv_da1c7ee9-2479-4f47-94bc-db9161a6e88c,5,0.6792938865366436,21
conv_da1c7ee9-2479-4f47-94bc-db9161a6e88c,6,0.6686918333172798,20
conv_da1c7ee9-2479-4f47-94bc-db9161a6e88c,7,0.6690070895772231,19
conv_da1c7ee9-2479-4f47-94bc-db9161a6e88c,8,0.6635646141237683,18
conv_da1c7ee9-2479-4f47-94bc-db9161a6e88c,9,0.68602995837436,17
conv_da1c7ee9-2479-4f47-94bc-db9161a6e88c,10,0.672954011708498,16
conv_da1c7ee9-2479-4f47-94bc-db9161a6e88c,11,0.6622696499029795,15
conv_da1c7ee9-2479-4f47-94bc-db9161a6e88c,12,0.6649213305541447,14
conv_da1c7ee9-2479-4f47-94bc-db9161a6e88c,13,0.6653736348335559,13
conv_dc08ca44d82747d0bbf35d05a5cb1d68,1,0.6534407384255353,34
conv_dc08ca44d82747d0bbf35d05a5cb1d68,2,0.6494718717806267,33
conv_dc08ca44d82747d0bbf35d05a5cb1d68,3,0.6136827655136585,32
conv_dc08ca44d82747d0bbf35d05a5cb1d68,4,0.610742203650936,31
conv_dc08ca44d82747d0bbf35d05a5cb1d68,5,0.6093748162190119,30
conv_dc08ca44d82747d0bbf35d05a5cb1d68,6,0.6061323593402731,29
conv_dc08ca44d82747d0bbf35d05a5cb1d68,7,0.59780972131661,28
conv_dc08ca44d82747d0bbf35d05a5cb1d68,8,0.6037062516918889,27
conv_dc08ca44d82747d0bbf35d05a5cb1d68,9,0.6086010405650506,26
conv_dc08ca44d82747d0bbf35d05a5cb1d68,10,0.6241780853271485,25
conv_dc08ca44d82747d0bbf35d05a5cb1d68,11,0.6087616061170896,24
conv_dc08ca44d82747d0bbf35d05a5cb1d68,12,0.6209380574848341,23
conv_dc08ca44d82747d0bbf35d05a5cb1d68,13,0.6132233874364332,22
conv_dc08ca44d82747d0bbf35d05a5cb1d68,14,0.6055828247751508,21
conv_dc08ca44d82747d0bbf35d05a5cb1d68,15,0.630768570303917,20
conv_dc08ca44d82747d0bbf35d05a5cb1d68,16,0.5981314621473613,19
conv_dc08ca44d82747d0bbf35d05a5cb1d68,17,0.6115273667706383,18
conv_de8aad34908944eea2d9c5f8be5201dd,1,0.623451211760121,31
conv_de8aad34908944eea2d9c5f8be5201dd,2,0.6138633320728938,30
conv_de8aad34908944eea2d9c5f8be5201dd,3,0.6171933505041846,29
conv_de8aad34908944eea2d9c5f8be5201dd,4,0.6212977511542184,28
conv_de8aad34908944eea2d9c5f8be5201dd,5,0.5988620387183295,27
conv_de8aad34908944eea2d9c5f8be5201dd,6,0.6028012885497167,26
conv_de8aad34908944eea2d9c5f8be5201dd,7,0.6053390657901764,25
conv_de8aad34908944eea2d9c5f8be5201dd,8,0.6169290505349636,24
conv_de8aad34908944eea2d9c5f8be5201dd,9,0.5957818899465643,23
conv_de8aad34908944eea2d9c5f8be5201dd,10,0.5944760184396397,22
conv_de8aad34908944eea2d9c5f8be5201dd,11,0.6087828179200491,21
conv_de8aad34908944eea2d9c5f8be5201dd,12,0.6062634021043778,20
conv_de8aad34908944eea2d9c5f8be5201dd,13,0.6041126941379747,19
conv_de8aad34908944eea2d9c5f8be5201dd,14,0.5879606488678191,18
conv_de8aad34908944eea2d9c5f8be5201dd,15,0.5927931350820205,17
conv_de8aad34908944eea2d9c5f8be5201dd,16,0.6088091060519218,16
conv_deb05265bec84343b09557454f80ce9a,1,0.6468762159347534,34
conv_deb05265bec84343b09557454f80ce9a,2,0.6616425965771531,33
conv_deb05265bec84343b09557454f80ce9a,3,0.6475738510489464,32
conv_deb05265bec84343b09557454f80ce9a,4,0.6477514466931743,31
conv_deb05265bec84343b09557454f80ce9a,5,0.6445505142211914,30
conv_deb05265bec84343b09557454f80ce9a,6,0.6371939901647896,29
conv_deb05265bec84343b09557454f80ce9a,7,0.6452333799430302,28
conv_deb05265bec84343b09557454f80ce9a,8,0.6262149888056295,27
conv_deb05265bec84343b09557454f80ce9a,9,0.6364511664097126,26
conv_deb05265bec84343b09557454f80ce9a,10,0.6318738675117492,25
conv_deb05265bec84343b09557454f80ce9a,11,0.6296482235193253,24
conv_deb05265bec84343b09557454f80ce9a,12,0.6428205202455106,23
conv_deb05265bec84343b09557454f80ce9a,13,0.6234204471111298,22
conv_deb05265bec84343b09557454f80ce9a,14,0.6402932150023324,21
conv_deb05265bec84343b09557454f80ce9a,15,0.622207322716713,20
conv_deb05265bec84343b09557454f80ce9a,16,0.6213018235407377,19
conv_deb05265bec84343b09557454f80ce9a,17,0.6411337355772654,18
conv_df34362d313d4251be4aa9d372a74bc4,1,0.6355194276379,31
conv_df34362d313d4251be4aa9d372a74bc4,2,0.6437331974506378,30
conv_df34362d313d4251be4aa9d372a74bc4,3,0.6291874400500593,29
conv_df34362d313d4251be4aa9d372a74bc4,4,0.6181510026965823,28
conv_df34362d313d4251be4aa9d372a74bc4,5,0.6375372012456259,27
conv_df34362d313d4251be4aa9d372a74bc4,6,0.6071460510675724,26
conv_df34362d313d4251be4aa9d372a74bc4,7,0.6401454818248749,25
conv_df34362d313d4251be4aa9d372a74bc4,8,0.619148721297582,24
conv_df34362d313d4251be4aa9d372a74bc4,9,0.6086080722186876,23
conv_df34362d313d4251be4aa9d372a74bc4,10,0.6236059719865973,22
conv_df34362d313d4251be4aa9d372a74bc4,11,0.5882132961636498,21
conv_df34362d313d4251be4aa9d372a74bc4,12,0.617543277144432,20
conv_df34362d313d4251be4aa9d372a74bc4,13,0.6164461342911971,19
conv_df34362d313d4251be4aa9d372a74bc4,14,0.6095079547829099,18
conv_df34362d313d4251be4aa9d372a74bc4,15,0.6257695625810062,17
conv_df34362d313d4251be4aa9d372a74bc4,16,0.593199398368597,16
conv_e335739c-0072-4945-8fe4-457a04c0997b,1,0.6565369332537931,17
conv_e335739c-0072-4945-8fe4-457a04c0997b,2,0.6535737700760365,16
conv_e335739c-0072-4945-8fe4-457a04c0997b,3,0.6356731573740642,15
conv_e335739c-0072-4945-8fe4-457a04c0997b,4,0.621930120246751,14
conv_e335739c-0072-4945-8fe4-457a04c0997b,5,0.5890974219028766,13
conv_e335739c-0072-4945-8fe4-457a04c0997b,6,0.5887602791190147,12
conv_e335739c-0072-4945-8fe4-457a04c0997b,7,0.5993403846567328,11
conv_e335739c-0072-4945-8fe4-457a04c0997b,8,0.589480859041214,10
conv_e335739c-0072-4945-8fe4-457a04c0997b,9,0.5775777962472703,9
conv_e55e23af1d4147fda2537d51eb56c93e,1,0.7164126485586166,12
conv_e55e23af1d4147fda2537d51eb56c93e,2,0.6998249184001576,11
conv_e55e23af1d4147fda2537d51eb56c93e,3,0.6865376919507981,10
conv_e55e23af1d4147fda2537d51eb56c93e,4,0.6983883712026808,9
conv_e55e23af1d4147fda2537d51eb56c93e,5,0.6586760953068733,8
conv_e55e23af1d4147fda2537d51eb56c93e,6,0.671734345810754,7
conv_e73d720a-ff86-4c9b-b988-d6cc879215d9,1,0.557569920211225,37
conv_e73d720a-ff86-4c9b-b988-d6cc879215d9,2,0.5660323641366429,36
conv_e73d720a-ff86-4c9b-b988-d6cc879215d9,3,0.584549503667014,35
conv_e73d720a-ff86-4c9b-b988-d6cc879215d9,4,0.5753951151581371,34
conv_e73d720a-ff86-4c9b-b988-d6cc879215d9,5,0.5627789307724346,33
conv_e73d720a-ff86-4c9b-b988-d6cc879215d9,6,0.5702202785760164,32
conv_e73d720a-ff86-4c9b-b988-d6cc879215d9,7,0.5575511397853974,31
conv_e73d720a-ff86-4c9b-b988-d6cc879215d9,8,0.5546627153952917,30
conv_e73d720a-ff86-4c9b-b988-d6cc879215d9,9,0.5608831027458454,29
conv_e73d720a-ff86-4c9b-b988-d6cc879215d9,10,0.536571948656014,28
conv_e73d720a-ff86-4c9b-b988-d6cc879215d9,11,0.5704992303141841,27
conv_e73d720a-ff86-4c9b-b988-d6cc879215d9,12,0.5594013986679224,26
conv_e73d720a-ff86-4c9b-b988-d6cc879215d9,13,0.5501092040538788,25
conv_e73d720a-ff86-4c9b-b988-d6cc879215d9,14,0.5547589088479677,24
conv_e73d720a-ff86-4c9b-b988-d6cc879215d9,15,0.5646116914956466,23
conv_e73d720a-ff86-4c9b-b988-d6cc879215d9,16,0.5648174231702631,22
conv_e73d720a-ff86-4c9b-b988-d6cc879215d9,17,0.5584226846694946,21
conv_e73d720a-ff86-4c9b-b988-d6cc879215d9,18,0.5524198830127716,20
conv_e73d720a-ff86-4c9b-b988-d6cc879215d9,19,0.5546200683242396,19
conv_e8cf4a02ed5d42acb9cb032eeb8564d6,1,0.6547108093897501,33
conv_e8cf4a02ed5d42acb9cb032eeb8564d6,2,0.6533207846805453,32
conv_e8cf4a02ed5d42acb9cb032eeb8564d6,3,0.6421287136693155,31
conv_e8cf4a02ed5d42acb9cb032eeb8564d6,4,0.6352018972237905,30
conv_e8cf4a02ed5d42acb9cb032eeb8564d6,5,0.6406752179408896,29
conv_e8cf4a02ed5d42acb9cb032eeb8564d6,6,0.6411902244601931,28
conv_e8cf4a02ed5d42acb9cb032eeb8564d6,7,0.6430039869414436,27
conv_e8cf4a02ed5d42acb9cb032eeb8564d6,8,0.6267002385396224,26
conv_e8cf4a02ed5d42acb9cb032eeb8564d6,9,0.6304508996009827,25
conv_e8cf4a02ed5d42acb9cb032eeb8564d6,10,0.6267387742797533,24
conv_e8cf4a02ed5d42acb9cb032eeb8564d6,11,0.6251182996708414,23
conv_e8cf4a02ed5d42acb9cb032eeb8564d6,12,0.630885896357623,22
conv_e8cf4a02ed5d42acb9cb032eeb8564d6,13,0.6247773454302833,21
conv_e8cf4a02ed5d42acb9cb032eeb8564d6,14,0.6233988046646118,20
conv_e8cf4a02ed5d42acb9cb032eeb8564d6,15,0.6250002117533433,19
conv_e8cf4a02ed5d42acb9cb032eeb8564d6,16,0.643477588891983,18
conv_e8cf4a02ed5d42acb9cb032eeb8564d6,17,0.6189811685506035,17
conv_e9176cbc9fc84bf693d4722a41d4d02b,1,0.6356731106837591,12
conv_e9176cbc9fc84bf693d4722a41d4d02b,2,0.6431243880228563,11
conv_e9176cbc9fc84bf693d4722a41d4d02b,3,0.6304352015256882,10
conv_e9176cbc9fc84bf693d4722a41d4d02b,4,0.5932097434997559,9
conv_e9176cbc9fc84bf693d4722a41d4d02b,5,0.580875962972641,8
conv_e9176cbc9fc84bf693d4722a41d4d02b,6,0.5930693106991904,7
conv_e986348ecd0a4b4fa288f72d037bc63d,1,0.6351876342669129,32
conv_e986348ecd0a4b4fa288f72d037bc63d,2,0.6284563589480615,31
conv_e986348ecd0a4b4fa288f72d037bc63d,3,0.6211857597033182,30
conv_e986348ecd0a4b4fa288f72d037bc63d,4,0.6039598974688299,29
conv_e986348ecd0a4b4fa288f72d037bc63d,5,0.6138225410665784,28
conv_e986348ecd0a4b4fa288f72d037bc63d,6,0.6009457619101913,27
conv_e986348ecd0a4b4fa288f72d037bc63d,7,0.58226972589126,26
conv_e986348ecd0a4b4fa288f72d037bc63d,8,0.5773469805717468,25
conv_e986348ecd0a4b4fa288f72d037bc63d,9,0.5806346610188484,24
conv_e986348ecd0a4b4fa288f72d037bc63d,10,0.5716531406278196,23
conv_e986348ecd0a4b4fa288f72d037bc63d,11,0.5716372985731472,22
conv_e986348ecd0a4b4fa288f72d037bc63d,12,0.580445259809494,21
conv_e986348ecd0a4b4fa288f72d037bc63d,13,0.5742490410804748,20
conv_e986348ecd0a4b4fa288f72d037bc63d,14,0.5804851933529502,19
conv_e986348ecd0a4b4fa288f72d037bc63d,15,0.5569486286905077,18
conv_e986348ecd0a4b4fa288f72d037bc63d,16,0.5587733423008638,17
conv_ebe60862bf804722a847681940c8bbcd,1,0.6725820832782321,9
conv_ebe60862bf804722a847681940c8bbcd,2,0.6613534018397331,8
conv_ebe60862bf804722a847681940c8bbcd,3,0.7447901708739144,7
conv_ebe60862bf804722a847681940c8bbcd,4,0.6910005112489065,6
conv_ebe60862bf804722a847681940c8bbcd,5,0.6763167381286621,5
conv_ec61d7cb57094812b5ed7b7b55c18b32,1,0.6373166319201974,34
conv_ec61d7cb57094812b5ed7b7b55c18b32,2,0.6441697965968739,33
conv_ec61d7cb57094812b5ed7b7b55c18b32,3,0.6434937845915556,32
conv_ec61d7cb57094812b5ed7b7b55c18b32,4,0.6213193881896234,31
conv_ec61d7cb57094812b5ed7b7b55c18b32,5,0.6558216462532679,30
conv_ec61d7cb57094812b5ed7b7b55c18b32,6,0.6481796318087084,29
conv_ec61d7cb57094812b5ed7b7b55c18b32,7,0.6209688229220254,28
conv_ec61d7cb57094812b5ed7b7b55c18b32,8,0.6628733189017685,27
conv_ec61d7cb57094812b5ed7b7b55c18b32,9,0.6271470521505063,26
conv_ec61d7cb57094812b5ed7b7b55c18b32,10,0.6428693652153015,25
conv_ec61d7cb57094812b5ed7b7b55c18b32,11,0.6397905697425207,24
conv_ec61d7cb57094812b5ed7b7b55c18b32,12,0.6369336221529089,23
conv_ec61d7cb57094812b5ed7b7b55c18b32,13,0.635990560054779,22
conv_ec61d7cb57094812b5ed7b7b55c18b32,14,0.6474519542285374,21
conv_ec61d7cb57094812b5ed7b7b55c18b32,15,0.6318690806627274,20
conv_ec61d7cb57094812b5ed7b7b55c18b32,16,0.6132341576249976,19
conv_ec61d7cb57094812b5ed7b7b55c18b32,17,0.635068318910069,18
conv_f125b048b3e64f3b981a17c9f76e2b23,1,0.7295451313257217,8
conv_f125b048b3e64f3b981a17c9f76e2b23,2,0.7351926650319781,7
conv_f125b048b3e64f3b981a17c9f76e2b23,3,0.6935033897558848,6
conv_f125b048b3e64f3b981a17c9f76e2b23,4,0.760211181640625,5
conv_f2ddc5e921694149b31463498101fd61,1,0.6485435376244206,31
conv_f2ddc5e921694149b31463498101fd61,2,0.6730872571468354,30
conv_f2ddc5e921694149b31463498101fd61,3,0.6662946898361732,29
conv_f2ddc5e921694149b31463498101fd61,4,0.671398497053555,28
conv_f2ddc5e921694149b31463498101fd61,5,0.6568082681408635,27
conv_f2ddc5e921694149b31463498101fd61,6,0.6518167830430545,26
conv_f2ddc5e921694149b31463498101fd61,7,0.6464068388938904,25
conv_f2ddc5e921694149b31463498101fd61,8,0.6585055639346441,24
conv_f2ddc5e921694149b31463498101fd61,9,0.6447608056275741,23
conv_f2ddc5e921694149b31463498101fd61,10,0.6538625847209584,22
conv_f2ddc5e921694149b31463498101fd61,11,0.6435440125919524,21
conv_f2ddc5e921694149b31463498101fd61,12,0.6478871196508408,20
conv_f2ddc5e921694149b31463498101fd61,13,0.6714712036283392,19
conv_f2ddc5e921694149b31463498101fd61,14,0.6683509879642062,18
conv_f2ddc5e921694149b31463498101fd61,15,0.6652630006565767,17
conv_f2ddc5e921694149b31463498101fd61,16,0.6402745321393013,16
conv_f5028a6e-05a3-4757-84d0-491a6f400c24,1,0.603758383880962,22
conv_f5028a6e-05a3-4757-84d0-491a6f400c24,2,0.5951166521935236,21
conv_f5028a6e-05a3-4757-84d0-491a6f400c24,3,0.6302643448114396,20
conv_f5028a6e-05a3-4757-84d0-491a6f400c24,4,0.5979019089748985,19
conv_f5028a6e-05a3-4757-84d0-491a6f400c24,5,0.5975176576111052,18
conv_f5028a6e-05a3-4757-84d0-491a6f400c24,6,0.5744621508261737,17
conv_f5028a6e-05a3-4757-84d0-491a6f400c24,7,0.5876371543854475,16
conv_f5028a6e-05a3-4757-84d0-491a6f400c24,8,0.5965049664179484,15
conv_f5028a6e-05a3-4757-84d0-491a6f400c24,9,0.5674764258520943,14
conv_f5028a6e-05a3-4757-84d0-491a6f400c24,10,0.5909130527422979,13
conv_f5028a6e-05a3-4757-84d0-491a6f400c24,11,0.5661938314636549,12
conv_fa25b39e0e4d408c9d4c4f4648a5b636,1,0.6431166118588941,29
conv_fa25b39e0e4d408c9d4c4f4648a5b636,2,0.6195663501109395,28
conv_fa25b39e0e4d408c9d4c4f4648a5b636,3,0.6343977583779229,27
conv_fa25b39e0e4d408c9d4c4f4648a5b636,4,0.6249362597098718,26
conv_fa25b39e0e4d408c9d4c4f4648a5b636,5,0.6536522150039673,25
conv_fa25b39e0e4d408c9d4c4f4648a5b636,6,0.6237751990556717,24
conv_fa25b39e0e4d408c9d4c4f4648a5b636,7,0.6270059191662333,23
conv_fa25b39e0e4d408c9d4c4f4648a5b636,8,0.6501709629188884,22
conv_fa25b39e0e4d408c9d4c4f4648a5b636,9,0.632686972618103,21
conv_fa25b39e0e4d408c9d4c4f4648a5b636,10,0.6399387776851654,20
conv_fa25b39e0e4d408c9d4c4f4648a5b636,11,0.6366417753069025,19
conv_fa25b39e0e4d408c9d4c4f4648a5b636,12,0.6359025869104598,18
conv_fa25b39e0e4d408c9d4c4f4648a5b636,13,0.6381837620454676,17
conv_fa25b39e0e4d408c9d4c4f4648a5b636,14,0.6081450488418341,16
conv_fa25b39e0e4d408c9d4c4f4648a5b636,15,0.6096746524175009,15
conv_facbf30cfd734550a3be5964ab1ff135,1,0.6866310954093933,10
conv_facbf30cfd734550a3be5964ab1ff135,2,0.7155948016378615,9
conv_facbf30cfd734550a3be5964ab1ff135,3,0.6790975630283356,8
conv_facbf30cfd734550a3be5964ab1ff135,4,0.6488021612167358,7
conv_facbf30cfd734550a3be5964ab1ff135,5,0.6378684341907501,6
conv_fe95c724-f91e-4a17-8400-9bfbdf9218ec,1,0.6433487490371421,27
conv_fe95c724-f91e-4a17-8400-9bfbdf9218ec,2,0.6384222232378446,26
conv_fe95c724-f91e-4a17-8400-9bfbdf9218ec,3,0.6513637328147888,25
conv_fe95c724-f91e-4a17-8400-9bfbdf9218ec,4,0.634748970468839,24
conv_fe95c724-f91e-4a17-8400-9bfbdf9218ec,5,0.6342250005058621,23
conv_fe95c724-f91e-4a17-8400-9bfbdf9218ec,6,0.6522697020660747,22
conv_fe95c724-f91e-4a17-8400-9bfbdf9218ec,7,0.6209960182507833,21
conv_fe95c724-f91e-4a17-8400-9bfbdf9218ec,8,0.6368673071265221,20
conv_fe95c724-f91e-4a17-8400-9bfbdf9218ec,9,0.6426559639604468,19
conv_fe95c724-f91e-4a17-8400-9bfbdf9218ec,10,0.6233643591403961,18
conv_fe95c724-f91e-4a17-8400-9bfbdf9218ec,11,0.6470260041601518,17
conv_fe95c724-f91e-4a17-8400-9bfbdf9218ec,12,0.6196229457855225,16
conv_fe95c724-f91e-4a17-8400-9bfbdf9218ec,13,0.609427934885025,15
conv_fe95c724-f91e-4a17-8400-9bfbdf9218ec,14,0.6540008187294006,14
conv_ff5282570c5a4bfda8b8840e73065641,1,0.6577092068535941,28
conv_ff5282570c5a4bfda8b8840e73065641,2,0.6623146258018635,27
conv_ff5282570c5a4bfda8b8840e73065641,3,0.6700915854710799,26
conv_ff5282570c5a4bfda8b8840e73065641,4,0.6480553364753723,25
conv_ff5282570c5a4bfda8b8840e73065641,5,0.6306458326677481,24
conv_ff5282570c5a4bfda8b8840e73065641,6,0.6265363952387935,23
conv_ff5282570c5a4bfda8b8840e73065641,7,0.632881068370559,22
conv_ff5282570c5a4bfda8b8840e73065641,8,0.633665456658318,21
conv_ff5282570c5a4bfda8b8840e73065641,9,0.641426295042038,20
conv_ff5282570c5a4bfda8b8840e73065641,10,0.6790950831614042,19
conv_ff5282570c5a4bfda8b8840e73065641,11,0.6475975281662412,18
conv_ff5282570c5a4bfda8b8840e73065641,12,0.6657125353813171,17
conv_ff5282570c5a4bfda8b8840e73065641,13,0.674887478351593,16
conv_ff5282570c5a4bfda8b8840e73065641,14,0.6626396814982096,15
fIf2ccAs4ZpVTP7BBoxp,1,0.5815475372279563,41
fIf2ccAs4ZpVTP7BBoxp,2,0.5711854465305806,40
fIf2ccAs4ZpVTP7BBoxp,3,0.5721502617383615,39
fIf2ccAs4ZpVTP7BBoxp,4,0.565058163122127,38
fIf2ccAs4ZpVTP7BBoxp,5,0.5631808243893288,37
fIf2ccAs4ZpVTP7BBoxp,6,0.5758584075503879,36
fIf2ccAs4ZpVTP7BBoxp,7,0.5694774287087577,35
fIf2ccAs4ZpVTP7BBoxp,8,0.5525324975743013,34
fIf2ccAs4ZpVTP7BBoxp,9,0.55619944135348,33
fIf2ccAs4ZpVTP7BBoxp,10,0.5491546196863055,32
fIf2ccAs4ZpVTP7BBoxp,11,0.5555052939922579,31
fIf2ccAs4ZpVTP7BBoxp,12,0.5543328682581584,30
fIf2ccAs4ZpVTP7BBoxp,13,0.5571295403201004,29
fIf2ccAs4ZpVTP7BBoxp,14,0.557125316134521,28
fIf2ccAs4ZpVTP7BBoxp,15,0.5560900977364293,27
fIf2ccAs4ZpVTP7BBoxp,16,0.5619510033955941,26
fIf2ccAs4ZpVTP7BBoxp,17,0.5516881346702576,25
fIf2ccAs4ZpVTP7BBoxp,18,0.5823501211901506,24
fIf2ccAs4ZpVTP7BBoxp,19,0.5551698117152505,23
fIf2ccAs4ZpVTP7BBoxp,20,0.5617820756001906,22
fIf2ccAs4ZpVTP7BBoxp,21,0.5627563695112864,21
fcEeCffFk5SmTIeQXKQN,1,0.6110831518967946,30
fcEeCffFk5SmTIeQXKQN,2,0.5884579091236509,29
fcEeCffFk5SmTIeQXKQN,3,0.5825744718313217,28
fcEeCffFk5SmTIeQXKQN,4,0.5738907886876,27
fcEeCffFk5SmTIeQXKQN,5,0.5579132644029764,26
fcEeCffFk5SmTIeQXKQN,6,0.565853636264801,25
fcEeCffFk5SmTIeQXKQN,7,0.5560653222103914,24
fcEeCffFk5SmTIeQXKQN,8,0.5396705541921698,23
fcEeCffFk5SmTIeQXKQN,9,0.5745960826223547,22
fcEeCffFk5SmTIeQXKQN,10,0.573429232551938,21
fcEeCffFk5SmTIeQXKQN,11,0.5640604212880135,20
fcEeCffFk5SmTIeQXKQN,12,0.5616351005278135,19
fcEeCffFk5SmTIeQXKQN,13,0.58439991540379,18
fcEeCffFk5SmTIeQXKQN,14,0.5786059446194592,17
fcEeCffFk5SmTIeQXKQN,15,0.5813283585011959,16
h9mEvTqoZyrUb6cj1fxu,1,0.6551981561240696,42
h9mEvTqoZyrUb6cj1fxu,2,0.6504711523288633,41
h9mEvTqoZyrUb6cj1fxu,3,0.6284141778945923,40
h9mEvTqoZyrUb6cj1fxu,4,0.6343045349304492,39
h9mEvTqoZyrUb6cj1fxu,5,0.6263610916702371,38
h9mEvTqoZyrUb6cj1fxu,6,0.6378748086658684,37
h9mEvTqoZyrUb6cj1fxu,7,0.646740209725168,36
h9mEvTqoZyrUb6cj1fxu,8,0.6274074077606201,35
h9mEvTqoZyrUb6cj1fxu,9,0.6337458324782989,34
h9mEvTqoZyrUb6cj1fxu,10,0.633238572062868,33
h9mEvTqoZyrUb6cj1fxu,11,0.6332168700173497,32
h9mEvTqoZyrUb6cj1fxu,12,0.6229972608627812,31
h9mEvTqoZyrUb6cj1fxu,13,0.6286738653977711,30
h9mEvTqoZyrUb6cj1fxu,14,0.62728410342644,29
h9mEvTqoZyrUb6cj1fxu,15,0.6285166878785405,28
h9mEvTqoZyrUb6cj1fxu,16,0.6345569027794732,27
h9mEvTqoZyrUb6cj1fxu,17,0.6330727292941167,26
h9mEvTqoZyrUb6cj1fxu,18,0.617334805727005,25
h9mEvTqoZyrUb6cj1fxu,19,0.6108022394279639,24
h9mEvTqoZyrUb6cj1fxu,20,0.6177576909894529,23
h9mEvTqoZyrUb6cj1fxu,21,0.6029274043711749,22
hPlwWqqkemjjNa4Ny4nr,1,0.5930096414582483,29
hPlwWqqkemjjNa4Ny4nr,2,0.5918161698750087,28
hPlwWqqkemjjNa4Ny4nr,3,0.5746858285533057,27
hPlwWqqkemjjNa4Ny4nr,4,0.5681272573195971,26
hPlwWqqkemjjNa4Ny4nr,5,0.5782881820201874,25
hPlwWqqkemjjNa4Ny4nr,6,0.5679215428729852,24
hPlwWqqkemjjNa4Ny4nr,7,0.5520062472509302,23
hPlwWqqkemjjNa4Ny4nr,8,0.5854263386943124,22
hPlwWqqkemjjNa4Ny4nr,9,0.5863361514749981,21
hPlwWqqkemjjNa4Ny4nr,10,0.5916020348668098,20
hPlwWqqkemjjNa4Ny4nr,11,0.5927437983061138,19
hPlwWqqkemjjNa4Ny4nr,12,0.5655778696139654,18
hPlwWqqkemjjNa4Ny4nr,13,0.5691845434553483,17
hPlwWqqkemjjNa4Ny4nr,14,0.5627459827810526,16
hPlwWqqkemjjNa4Ny4nr,15,0.5694662392139435,15
noaceHjzkirRMoHnkT4V,1,0.6084152805177789,57
noaceHjzkirRMoHnkT4V,2,0.5928158472691264,56
noaceHjzkirRMoHnkT4V,3,0.5965727871114558,55
noaceHjzkirRMoHnkT4V,4,0.5854219098885854,54
noaceHjzkirRMoHnkT4V,5,0.5903068049898688,53
noaceHjzkirRMoHnkT4V,6,0.5738358222521268,52
noaceHjzkirRMoHnkT4V,7,0.5726236058216468,51
noaceHjzkirRMoHnkT4V,8,0.5705249738693238,50
noaceHjzkirRMoHnkT4V,9,0.5644828111541514,49
noaceHjzkirRMoHnkT4V,10,0.5735169971982638,48
noaceHjzkirRMoHnkT4V,11,0.5913448257649199,47
noaceHjzkirRMoHnkT4V,12,0.5795664359693942,46
noaceHjzkirRMoHnkT4V,13,0.5733894288539887,45
noaceHjzkirRMoHnkT4V,14,0.5748861134052277,44
noaceHjzkirRMoHnkT4V,15,0.5806231609610624,43
noaceHjzkirRMoHnkT4V,16,0.586754404363178,42
noaceHjzkirRMoHnkT4V,17,0.5749992611931591,41
noaceHjzkirRMoHnkT4V,18,0.5767863593995571,40
noaceHjzkirRMoHnkT4V,19,0.5719311107427646,39
noaceHjzkirRMoHnkT4V,20,0.5645947605371475,38
noaceHjzkirRMoHnkT4V,21,0.5846403974133569,37
noaceHjzkirRMoHnkT4V,22,0.559673183494144,36
noaceHjzkirRMoHnkT4V,23,0.5524410997118269,35
noaceHjzkirRMoHnkT4V,24,0.5615417352494072,34
noaceHjzkirRMoHnkT4V,25,0.5609059911785703,33
noaceHjzkirRMoHnkT4V,26,0.5508613893762231,32
noaceHjzkirRMoHnkT4V,27,0.5614930477834517,31
noaceHjzkirRMoHnkT4V,28,0.5603421797355016,30
noaceHjzkirRMoHnkT4V,29,0.5545283484047857,29
qVjn3NBZDrc5qwoYuKfa,1,0.6589178256690502,32
qVjn3NBZDrc5qwoYuKfa,2,0.6412660210363327,31
qVjn3NBZDrc5qwoYuKfa,3,0.6264979730049769,30
qVjn3NBZDrc5qwoYuKfa,4,0.63693423826119,29
qVjn3NBZDrc5qwoYuKfa,5,0.6321874622787748,28
qVjn3NBZDrc5qwoYuKfa,6,0.631690122463085,27
qVjn3NBZDrc5qwoYuKfa,7,0.6215740350576547,26
qVjn3NBZDrc5qwoYuKfa,8,0.6238564276695251,25
qVjn3NBZDrc5qwoYuKfa,9,0.6128257140517235,24
qVjn3NBZDrc5qwoYuKfa,10,0.6196528141913207,23
qVjn3NBZDrc5qwoYuKfa,11,0.6178812059489164,22
qVjn3NBZDrc5qwoYuKfa,12,0.6365343247141156,21
qVjn3NBZDrc5qwoYuKfa,13,0.6142831921577454,20
qVjn3NBZDrc5qwoYuKfa,14,0.6134281095705534,19
qVjn3NBZDrc5qwoYuKfa,15,0.6319879260328081,18
qVjn3NBZDrc5qwoYuKfa,16,0.6287505065693575,17
r47jfYG4ULZMEexvVeqs,1,0.5974169610714426,49
r47jfYG4ULZMEexvVeqs,2,0.5808843399087588,48
r47jfYG4ULZMEexvVeqs,3,0.5848503873703328,47
r47jfYG4ULZMEexvVeqs,4,0.5761533204628073,46
r47jfYG4ULZMEexvVeqs,5,0.5929830226633284,45
r47jfYG4ULZMEexvVeqs,6,0.578383323143829,44
r47jfYG4ULZMEexvVeqs,7,0.5730362735515417,43
r47jfYG4ULZMEexvVeqs,8,0.5725877192758378,42
r47jfYG4ULZMEexvVeqs,9,0.5938173997692946,41
r47jfYG4ULZMEexvVeqs,10,0.5804024860262871,40
r47jfYG4ULZMEexvVeqs,11,0.576996671847808,39
r47jfYG4ULZMEexvVeqs,12,0.5755768637908133,38
r47jfYG4ULZMEexvVeqs,13,0.5822080494584264,37
r47jfYG4ULZMEexvVeqs,14,0.5599236670467589,36
r47jfYG4ULZMEexvVeqs,15,0.5842089797769274,35
r47jfYG4ULZMEexvVeqs,16,0.5817658199983484,34
r47jfYG4ULZMEexvVeqs,17,0.5696096898931445,33
r47jfYG4ULZMEexvVeqs,18,0.5869585750624537,32
r47jfYG4ULZMEexvVeqs,19,0.5757392385313588,31
r47jfYG4ULZMEexvVeqs,20,0.5797409603993098,30
r47jfYG4ULZMEexvVeqs,21,0.5659074382535343,29
r47jfYG4ULZMEexvVeqs,22,0.5585794204047748,28
r47jfYG4ULZMEexvVeqs,23,0.5502720695954783,27
r47jfYG4ULZMEexvVeqs,24,0.5771420380243888,26
r47jfYG4ULZMEexvVeqs,25,0.5829283571243287,25
uSUBQk0ZgGhDzjY8qQwb,1,0.6627080321311951,40
uSUBQk0ZgGhDzjY8qQwb,2,0.6347181506645985,39
uSUBQk0ZgGhDzjY8qQwb,3,0.63044662695182,38
uSUBQk0ZgGhDzjY8qQwb,4,0.6167567114572268,37
uSUBQk0ZgGhDzjY8qQwb,5,0.6224472009473376,36
uSUBQk0ZgGhDzjY8qQwb,6,0.6151579328945704,35
uSUBQk0ZgGhDzjY8qQwb,7,0.610485150533564,34
uSUBQk0ZgGhDzjY8qQwb,8,0.6135456354329081,33
uSUBQk0ZgGhDzjY8qQwb,9,0.601173565723002,32
uSUBQk0ZgGhDzjY8qQwb,10,0.5900863159087396,31
uSUBQk0ZgGhDzjY8qQwb,11,0.5848005890846253,30
uSUBQk0ZgGhDzjY8qQwb,12,0.604354110257379,29
uSUBQk0ZgGhDzjY8qQwb,13,0.6029174870678357,28
uSUBQk0ZgGhDzjY8qQwb,14,0.5929764774110582,27
uSUBQk0ZgGhDzjY8qQwb,15,0.5821253439554801,26
uSUBQk0ZgGhDzjY8qQwb,16,0.581965104341507,25
uSUBQk0ZgGhDzjY8qQwb,17,0.5737023167312145,24
uSUBQk0ZgGhDzjY8qQwb,18,0.5862493320651676,23
uSUBQk0ZgGhDzjY8qQwb,19,0.5816900432109833,22
uSUBQk0ZgGhDzjY8qQwb,20,0.5854761515344892,21
vtVEZIgMKoEkI6hoyJnd,1,0.62092231909434,30
vtVEZIgMKoEkI6hoyJnd,2,0.593276677460506,29
vtVEZIgMKoEkI6hoyJnd,3,0.5902208302702222,28
vtVEZIgMKoEkI6hoyJnd,4,0.5890194354233919,27
vtVEZIgMKoEkI6hoyJnd,5,0.5875278803018423,26
vtVEZIgMKoEkI6hoyJnd,6,0.5710193455219269,25
vtVEZIgMKoEkI6hoyJnd,7,0.5908783761163553,24
vtVEZIgMKoEkI6hoyJnd,8,0.5793652093928793,23
vtVEZIgMKoEkI6hoyJnd,9,0.5717971473932266,22
vtVEZIgMKoEkI6hoyJnd,10,0.5828453572023482,21
vtVEZIgMKoEkI6hoyJnd,11,0.5948055684566498,20
vtVEZIgMKoEkI6hoyJnd,12,0.5778518695580331,19
vtVEZIgMKoEkI6hoyJnd,13,0.5782119880119959,18
vtVEZIgMKoEkI6hoyJnd,14,0.5936278262559105,17
vtVEZIgMKoEkI6hoyJnd,15,0.5823940075933933,16
xmFgQW5bh6PcMW6uXdYJ,1,0.6373425845442147,29
xmFgQW5bh6PcMW6uXdYJ,2,0.6239382081798145,28
xmFgQW5bh6PcMW6uXdYJ,3,0.6275473126658687,27
xmFgQW5bh6PcMW6uXdYJ,4,0.6050410133141738,26
xmFgQW5bh6PcMW6uXdYJ,5,0.6078230202198028,25
xmFgQW5bh6PcMW6uXdYJ,6,0.622454452017943,24
xmFgQW5bh6PcMW6uXdYJ,7,0.6240704875925313,23
xmFgQW5bh6PcMW6uXdYJ,8,0.6100596907463941,22
xmFgQW5bh6PcMW6uXdYJ,9,0.601518051964896,21
xmFgQW5bh6PcMW6uXdYJ,10,0.5992967277765274,20
xmFgQW5bh6PcMW6uXdYJ,11,0.6027949170062417,19
xmFgQW5bh6PcMW6uXdYJ,12,0.5912461578845978,18
xmFgQW5bh6PcMW6uXdYJ,13,0.5966984296546263,17
xmFgQW5bh6PcMW6uXdYJ,14,0.6088788118213415,16
xmFgQW5bh6PcMW6uXdYJ,15,0.5879679123560587,15
