"conversation_id","full_story"
"conv_000cdfd292524cb2af708e5da4c2f0ae","Mira, who woke one morning to find that her shadow had disappeared. She noticed it first while brushing her teeth, the bathroom light casting clear illumination all around her but leaving no dark silhouette on the tiles below. She waved her hand, stepped closer to the mirror, even jumped—nothing. The absence felt more profound than she expected, like losing a limb she'd never consciously used. At breakfast, her coffee sat on the table without the familiar dark pool beside it. Her roommate didn't notice at first, chattering about weekend plans while spreading jam on toast. But when Mira stood to refill her mug, casting no darkness across the sunny kitchen floor, the jar slipped from her roommate's fingers and shattered. Strawberry preserves spread like blood across the linoleum, glittering with shards of glass. ""Mira, your—where is your—"" Her roommate's voice cracked, unable to finish the sentence, as if naming the absence might make it more real. Mira knelt to clean the mess, watching her roommate's shadow bend and stretch across the sticky red pool while her own hands moved through the light like ghosts. ""I don't know,"" she whispered, gathering glass fragments carefully. ""It was just gone when I woke up."" Her roommate backed against the counter, eyes wide. ""Should we call someone? A doctor? The police?"" Mira laughed—a brittle sound that surprised them both. ""And tell them what exactly? That I've been robbed of something that shouldn't exist in the first place?"" She dumped the glass into the trash with a sharp clatter. But even as she spoke, Mira felt the wrongness settling deeper into her bones. Outside, pedestrians hurried past their ground-floor window, each trailing their faithful dark companions across the sidewalk. Mira pressed her palm against the glass, watching her hand remain stubbornly singular, unechoed. Then she saw it—across the street, her shadow stood pressed against a brick wall, perfectly still, watching her back. It raised one hand in a slow, deliberate wave. Mira's blood turned to ice. Her own hand remained frozen against the window. The shadow peeled itself from the brick like wet paper, stretching and flowing across the pavement toward their building. Her roommate grabbed her shoulder. ""Mira, it's coming—"" But Mira was already moving toward the door, some deep instinct pulling her forward. She had to meet it, had to understand what it wanted. The shadow slipped through the crack beneath the door before she could turn the handle, pooling on the entryway floor like spilled ink. It rose slowly, taking her shape but wrong—taller, sharper at the edges, its form flickering with something almost alive. When it spoke, the voice was hers but hollow, as though echoing up from a well. ""You never listened,"" it said. ""Always rushing, always bright, never sitting still in the quiet dark where I could rest."" Mira's throat tightened as understanding bloomed—all those sleepless nights fueled by caffeine and ambition, the relentless chase"
"conv_01d1444f684c48af9cc5978f92742c23","Margot Chen, who discovered on her thirty-seventh birthday that she could hear the thoughts of plants. It started with the fiddle-leaf fig in her apartment—a persistent whisper that sounded like *thirsty, thirsty, always thirsty* even though she'd watered it just two days prior. She'd dismissed it as stress, perhaps the wine she'd had with lunch, but then the spider plant joined in with a chorus of *cramped roots, need space, splitting at the seams* and Margot found herself on her knees, hands trembling as she unpotted the poor thing. The roots had indeed wound themselves into a desperate tangle, pale and compressed like thoughts left too long unspoken. As she gently teased them apart, transferring the plant to a larger ceramic pot, the relief that flooded through her felt oddly secondhand—as if the gratitude wasn't her own but borrowed from something green and growing. The spider plant seemed to sigh, its leaves perking almost imperceptibly, and Margot sat back on her heels, dirt under her fingernails, wondering if she was losing her mind or discovering something impossible. The question was answered that evening when she walked past the community garden on Bleecker Street and was overwhelmed by a cacophony of voices—hundreds of them, layered and overlapping. The tomato vines pleaded for support, their stems aching. The basil shrieked about aphids with the urgency of someone being devoured alive. Somewhere in the back, an ancient oak rumbled about the construction next door, its foundations disturbed, the vibrations like needles through its deepest roots. Margot pressed her palms to her temples, stumbling backward until she collided with the wrought-iron fence. A hand steadied her elbow—firm, calloused. ""First time?"" a voice asked, and Margot looked up into the weathered face of a woman who might have been sixty or eighty, her silver hair twisted into a braid threaded with what looked like living vines. ""I—what?"" Margot managed, though the garden's chorus had softened to a murmur, as if the plants themselves were holding their breath, waiting. The woman smiled, revealing a gap between her front teeth. ""The Listening,"" she said simply, as though it were the most natural thing in the world. ""Runs in certain bloodlines, skips generations sometimes. Your grandmother—she had it too, didn't she?"" Margot's breath caught. Her grandmother, who'd died when Margot was twelve, had spent every waking hour in her greenhouse, speaking softly to orchids and roses, and everyone had called her eccentric, lonely, a bit touched. But Margot remembered now—the way her grandmother's fingers had moved over leaves like reading braille, the knowing look in her eyes when a plant was suffering before any visible signs appeared. ""She never told me,"" Margot whispered, though even as she said it, she remembered the last afternoon they'd spent together, her grandmother's papery hand covering hers in the greenhouse, guiding her palm to rest against a dying magnolia. ""Listen"
"conv_02fdeabba72446648a887222c6b4a9a0","Mira, who woke one morning to find that every mirror in her apartment had turned to water. She discovered it by accident, reaching out to wipe away what she thought was condensation, only to watch her fingers plunge through the silvered surface with a gentle splash. The water rippled outward in perfect circles, catching the morning light in ways that seemed impossible—refracting colors she had no names for, deep purples bleeding into golds that didn't exist in any rainbow she'd ever seen. Mira pulled her hand back slowly, watching droplets cling to her fingertips before evaporating into tiny wisps of prismatic steam. The steam curled upward, forming shapes that almost looked deliberate—a bird, a face, a door. She blinked, and they dissolved into nothing. Behind her, the bathroom mirror rippled unbidden, and she caught movement in its watery surface. Not her reflection—something else. A figure stood in a room that wasn't her bathroom, surrounded by shelves of books that seemed to breathe and shift. The figure turned, and Mira's breath caught. It was her, but older—perhaps twenty years older—with silver threading through her hair and a scar along her jaw that Mira didn't have. The other Mira pressed her palm against the water from the opposite side, and suddenly the apartment fell silent—no hum of traffic, no distant voices, nothing. The older Mira's lips moved, forming words that rippled across the liquid mirror's surface like sonar waves: ""Don't trust the reflections in standing water. Only the moving ones tell truth."" Her eyes held an urgency that made Mira's chest tighten. Before she could respond, the older woman glanced sharply to her left, fear flashing across her face. She mouthed one more word—""Run""—before something dark swept across the watery mirror from behind her, obscuring everything. The surface went black, then shattered into a thousand droplets that hung suspended in mid-air for one impossible heartbeat before crashing to the floor. Mira stumbled backward, her heart hammering as the droplets hissed against the tile, evaporating instantly into that strange prismatic steam. The bathroom mirror was solid again—ordinary glass reflecting only her own terrified face. But in the corner of the reflection, she noticed something new: a thin crack running from edge to edge, and within it, the faintest shimmer of movement—water, still flowing beneath the glass like a hidden river. Mira's phone buzzed violently on the counter, making her jump. The screen showed a text from an unknown number: a single image. Her hands trembled as she opened it—a photograph of herself, asleep in her bed, taken from the doorway of her bedroom. Tonight. The timestamp read 2:47 AM—three hours from now. Below the image, a message appeared: ""The mirrors are doors. They've been watching. Lock them before midnight or they'll cross through."" Mira's blood ran cold. She looked around her apartment at every reflective surface—the darkened television screen, the glass-fronted cabinets, the polished kettle—and realized with creeping horror that she was surrounded. The apartment"
"conv_0388f204ccd644f39221d0d8afff6d09","a lighthouse keeper named Mara who stopped believing in the sea. It wasn't that the ocean had disappeared—she could still hear it crashing against the rocks below, still smell the salt carried on the wind that whipped through her hair each morning. But somewhere between the endless rotation of light and dark, the mechanical rhythm of tending the lamp, and the solitary meals eaten while staring at the same four walls, the sea had become nothing more than background noise. A vast, indifferent thing that simply existed beyond her windowpanes, no more meaningful than wallpaper or the ticking of a clock. Until the morning she found the bottle. It had wedged itself between two rocks in the tidal pool below the lighthouse, and something about the way the dawn light caught its green glass made her climb down for the first time in months. Her boots slipped on the wet stones, and the cold spray shocked her awake in a way the coffee never did anymore. The bottle was heavier than she expected, sealed with wax that had somehow survived its journey. Inside, she could see a rolled paper, and when she held it up to the rising sun, faint handwriting appeared through the glass—not a message asking for rescue or declaring love, but a single question that made her breath catch: ""Do you still remember why you came here?"" The words struck something deep in her chest, like a bell that hadn't rung in years. Mara sank onto the rocks, clutching the bottle as memories flooded back—her younger self arriving with dreams of solitude that felt romantic, not suffocating. She'd imagined herself as a guardian of something sacred, keeping watch over travelers who needed her light to find their way home. The sea had been alive then, full of stories and mysteries, each wave a whispered secret she strained to hear. She broke the wax seal with trembling fingers and unrolled the paper, finding not just that one question, but dozens more beneath it, written in different hands, different inks—some faded nearly to nothing, others bold and fresh. ""What did you hope to find here?"" ""When did you last feel the pull of the tide?"" ""Have you forgotten how to listen?"" Each question seemed written specifically for her, as though generations of lighthouse keepers had all faced this same hollow emptiness and left their wondering behind for the next soul who would need it. At the bottom, in the freshest ink of all, were five words and a blank space waiting: ""What will you do now? ______"" Mara stood slowly, the bottle clutched against her chest, and looked out at the sea—really looked—for the first time in so long. The water wasn't indifferent at all. It had been waiting, patient as only the ocean can be, for her to remember that lighthouses were never meant to keep the keeper safe from the world—they were meant to keep the world safe from the darkness. She pulled a pencil from her pocket, one she'd used countless times to mark mechanical readings in her log, and pressed the paper against"
"conv_052cfef2e39e4d5e8ec74772babb6fb8","a young girl named Aria who lived in a small village surrounded by a vast and mysterious forest. The villagers believed that the forest was enchanted, and many strange tales had been passed down through the generations about the creatures and spirits that dwelled within its depths. Aria had always been fascinated by these stories, and she would often sneak away from her chores to explore the forest's edge, her curiosity and sense of adventure driving her to uncover the secrets that lay hidden beneath the whispering leaves and twisted branches. One day, as she wandered deeper into the forest than she had ever gone before, the trees seemed to grow taller and the path behind her disappeared from view, leaving Aria to navigate through a sea of ferns and wildflowers that swayed gently in the breeze, their delicate petals and leaves shimmering like a thousand tiny lanterns in the dappled light that filtered through the canopy above, casting intricate patterns on the forest floor. As she walked, the silence was broken by the soft chirping of birds and the rustling of small creatures through the underbrush, and Aria began to feel a sense of peace and tranquility wash over her, as if the forest itself was embracing her, welcoming her into its ancient and mystical heart, where the pulse of the land seemed to beat in time with her own, and the trees loomed above her like sentinels, their gnarled branches tangling together in a canopy of twisted limbs that seemed to reach out to her, drawing her deeper into the forest's depths, where a faint humming noise began to vibrate through the air, a gentle thrumming that resonated deep within Aria's chest, and she felt herself being pulled towards the sound, her feet moving of their own accord, until she came upon a clearing, and in the center of it, a magnificent tree unlike any she had ever seen, its trunk glowing with a soft, ethereal light that seemed to emanate from within the tree itself, illuminating the delicate, crystalline structures that covered its bark, refracting the light into a kaleidoscope of colors that danced across the forest floor, casting a mesmerizing glow over the clearing, and Aria, entranced by the beauty of the tree, reached out a hand to touch its radiant trunk, feeling a sudden jolt of energy course through her body, as if the tree was alive and had awakened to her presence, and she felt a surge of knowledge and memories flood her mind, visions of ancient civilizations and forgotten lore, of mystical creatures and powerful magic, all swirling together in a vortex of revelation that left her breathless and stunned, yet somehow, inexplicably, she felt a deep sense of recognition, as if she had finally uncovered a long-forgotten part of herself, a hidden truth that had been waiting to be unearthed, and with this realization, the tree's glow intensified, and Aria felt herself being drawn into its heart, where she discovered a reflection of her own soul, shining bright with a light that had been within her all along, waiting to be unleashed, and as she gazed into the depths of her own soul, Aria understood that she was a part of something much greater than herself, a delicate web of life that connected every living thing, and with this understanding, she felt a sense of unity and belonging that she had never known before, and as the tree's light faded, Aria found herself back in the forest, but everything was different now, the trees seemed taller and closer, the creatures of the forest looked at her with a newfound sense"
"conv_07895a6494a74fd3bbbf1c629d890e9d","an old oak tree that stood watch at the edge of a sleepy village, its roots curling deep into earth churned by centuries of footsteps. Villagers often said the tree watched over them like a silent guardian, its sprawling branches sheltering stories no human ear had heard in generations. On quiet evenings, children dared each other to touch its gnarled trunk, claiming that if you pressed your palm to the bark and closed your eyes, you’d feel faint heartbeats, as if the oak’s memories were pulsing faintly through your fingers. Elders, with a knowing twinkle, spoke softly about the wishes they’d entrusted to those ancient roots—hopes whispered between chores, grief pressed into the soft moss clinging to its base, and promises tied with ribbons to the low-hanging branches. On the warmest night of midsummer, the villagers would gather for a festival beneath its leafy canopy, lanterns strung from limb to limb glowing like fireflies in the twilight. Musicians played lilting tunes as laughter mingled with the scent of wild thyme and spiced bread drifting from picnic baskets. That night, a hush fell when Old Marta, the village’s storyteller, leaned on her walking stick and approached the tree’s trunk. She pressed her gnarled hand gently to the bark and closed her eyes, the crowd holding their breath. Slowly, she began to murmur a tale—a story she said the tree had whispered to her in her dreams. It was a tale of a wanderer who, ages ago, sought refuge beneath the oak’s young branches on a storm-lashed night. The wanderer, lost and weary, had spoken his secret fears aloud as rain drummed on the leaves. The oak, listening, cradled him with its branches, keeping him dry and warm until morning. In gratitude, the wanderer left behind a silver locket, burying it beneath the roots and sealing a pact: the oak would guard not just him, but all who sought shelter—carrying their hopes, sorrows, and wishes for as long as it stood. Marta’s voice faded, and silence hung thick in the air. Then, as if in answer, a gentle breeze rustled through the oak’s leaves, the lantern light dancing on the villagers’ faces. In that moment, every villager felt a quiet comfort settle in their bones. Children huddled close to parents, and old Marta smiled, her hand still resting on the bark. Someone began to sing a soft, familiar melody, and soon others joined in, filling the air with voices woven together like the roots beneath their feet. The old oak seemed to sigh contentedly, leaves shimmering in the lantern light. Long after the last song faded, villagers lingered, each sure their wish and story would be remembered—held safe by the ancient guardian. As dawn painted the sky with gold and rose, the villagers drifted home, hearts light. Beneath the oak’s sheltering branches, hope and memory remained, wrapped around the roots with every whispered secret, every song and sorrow. And so, the old oak stood watch, century after century—a steadfast keeper of all their stories, holding the soul of the village in its heartwood, gently guiding those who still dared to dream beneath its timeless shade. And whenever the wind danced through the leaves, the villagers would remember: the old oak was listening, always ready to welcome new hopes into the ever-growing tapestry of its"
"conv_1135e4a162c64105aaf2934e6fecd74b","Margot Chen, a clockmaker who lived above her shop on a narrow cobblestone street that time seemed to have forgotten. Every morning at precisely 7:43, she would unlock the door with its brass bell that announced visitors with a cheerful *ting*, and every evening at 6:17, she would lock it again, though no one could quite remember her ever explaining why those particular minutes mattered. The shop itself was a labyrinth of ticking, a symphony of gears and pendulums that somehow never fell out of harmony. Customers who entered seeking repairs often found themselves staying longer than intended, mesmerized by the walls lined with timepieces from every era imaginable—grandfather clocks that towered like sentinels, pocket watches displayed under glass domes, cuckoo clocks that announced the hours with carved wooden birds emerging to sing their mechanical songs. But it was the clock in the back corner that drew the most curious gazes, though Margot never spoke of it to anyone. It stood motionless, its hands frozen at 11:34, its face cracked down the middle like a mirror that had witnessed something terrible. One autumn afternoon, a stranger entered the shop just as the bells were striking four. He was tall and weathered, with silver threading through his dark hair, and he moved through the maze of clocks with unsettling familiarity, as though he'd walked this path a thousand times before. Margot's hands stilled over the pocket watch she'd been repairing, her tweezers trembling slightly. The stranger stopped directly before the broken clock in the corner, and without turning said, ""You kept it all these years."" His voice carried the weight of decades. Margot set down her tools carefully, each movement deliberate, buying time she suddenly wished she had more of. ""I kept my promise,"" she replied quietly, her eyes never leaving his back. ""Though I hoped I'd never have to explain why."" The stranger finally turned, and his face held the same expression she remembered from that November night twenty years ago—half regret, half relief. ""Then you know why I've come back,"" he said, reaching into his coat pocket. He withdrew an ornate key, its brass surface etched with intricate patterns that matched the frozen clock's decorative face perfectly. Margot felt her breath catch. ""Thomas,"" she whispered, and the name seemed to echo through the shop, causing the surrounding clocks to hesitate in their rhythms for just a heartbeat before resuming. ""The clock can't stay broken forever,"" Thomas said, stepping closer with the key extended between them like an offering, or perhaps a question. Margot looked from the key to his eyes, searching for the man she'd once known beneath the years that had carved themselves into his features. ""If we start it again,"" she said slowly, ""everything changes. Everyone we've protected, all the moments we've held suspended—they'll all come flooding back at once."" Her hand hovered near the key, trembling with the weight of two decades. Thomas nodded, his jaw tight. ""I know. But keeping time frozen has its own price, Margot."
"conv_11c2622ee391485c9913d2f1479b665b","two unlikely friends, a wise old owl named Oliver and a curious young rabbit called Rosie. They met one chilly autumn evening under a large oak tree, where Rosie had sought shelter from the sudden drizzle. Oliver, perched high above, noticed the small rabbit huddled beneath the thick branches. ""Why so glum down there, little one?"" he called out gently. Rosie looked up, her ears perking at the sound of his soothing voice. ""I'm just a bit cold and wet,"" she replied, shivering slightly. ""The rain caught me by surprise."" Oliver fluttered down gracefully, landing beside her. ""Well, you're welcome to share my cozy nest up in the tree. It’s dry and warm,"" he offered. Rosie hesitated for a moment, then smiled gratefully. ""That would be wonderful, thank you, Oliver!"" She followed him up the gnarled trunk, her paws finding footholds among the rough bark. Once they reached the nest, Rosie curled up in the soft lining of leaves and twigs. The warmth was a delightful contrast to the cool, damp air outside. ""You know,"" Oliver began, settling next to her, ""this old oak has seen many seasons. It’s a good place to learn about the world."" Rosie’s eyes sparkled with curiosity. ""Can you tell me a story, Oliver? Maybe something about the forest or its secrets?"" she asked, her ears twitching eagerly. Oliver closed his eyes, thinking for a moment, before he started to speak. ""Long ago, when the forest was much younger, there was a hidden grove known as the Whispering Glade. It was said that if you listened carefully, you could hear the spirits of the forest speaking through the rustling leaves and the gentle breeze. Many animals came seeking wisdom and guidance,"" Oliver continued, his voice taking on a mystical quality. ""But to find the Whispering Glade, one needed not only courage but also a pure heart. Those who approached with selfish intentions never found it, while those who were true and kind were often rewarded with profound insights and blessings."" Rosie listened intently, her imagination soaring with the tale. ""Do you think the Whispering Glade still exists, Oliver?"" she asked, her eyes wide with wonder. ""Oh, I believe it does,"" he replied, nodding slowly. ""The forest holds many secrets, and the Whispering Glade is one of them. Perhaps one day, if you show the right spirit, you might even find it yourself."" Rosie felt a warm thrill of excitement. ""I would love to try,"" she said, her resolve growing. ""For now, though, let’s enjoy the peace of this moment."" They sat in comfortable silence, the gentle sounds of the forest lulling them into a peaceful state. As the rain outside began to ease, the two friends felt a deep connection, knowing that their journey together was only just beginning. Under the shelter of the old oak tree, they shared stories and dreams, each one weaving a thread in the tapestry of their friendship. As the sky cleared and the first stars appeared, Rosie and Oliver made a pact to explore the forest together, seeking the wonders and mysteries that lay ahead. Hand in paw, they ventured forth, ready to face whatever adventures awaited them in the vast, enchanting forest. And so, their tale began, a story of"
"conv_13f71095fd0a4a1d8a69de1414e8a7b7","a small, peculiar village nestled deep in the misty hills, where every sunrise was greeted not by the cheerful songs of birds, but by the haunting sound of a silver bell. The residents believed the bell kept something at bay—a shadow that writhed between the trees at the edge of the forest, never quite seen but always felt. No outsiders visited the village, and few villagers dared tread beyond the worn cobblestone paths. They whispered stories to their children at night, cautioning them never to follow the bell’s echo if it rang after sunset. “Once you step past the old boundary stones,” old Mrs. Liddell would warn, her voice a trembling hush, “the bell can’t protect you anymore. Out there, the shadow knows your name.” One chilly evening, as fog pressed thick against the windows, young Eliora sat by the hearth, her curiosity burning brighter than the firelight. She’d always wondered if the stories were really true, or if the adults simply clung to superstition in hopes of keeping everyone safe. When she caught Thomas lingering near the window, eyes narrowed in concentration, she understood at once what he was thinking. With a conspiratorial glance, she crossed the room to stand beside him. “You hear it too, don’t you?” she whispered, as the silver bell’s chime echoed faintly through the swirling fog. Thomas nodded, his voice barely a breath. “It’s different tonight. Closer.” Their hearts thudded as, beyond the glass, something dark unfurled at the edge of the circle of lantern light—a shadow flickering, oddly shaped, as if it wore a cloak made of midnight. Eliora’s breath caught as the bell tolled once—sharper, more urgent. The shadow hesitated at the boundary stones, wavering. Thomas took a trembling step back, but Eliora, seized by a strange mix of fear and fascination, stepped forward instead. The mist parted just enough for her to see—within the flicker of the lantern’s glow—a pair of pale, searching eyes looking back at her from beneath the shadow’s hood. Time seemed to stretch; the bell’s echo faded, replaced by a silence so deep it pressed on her chest. Then, a voiceless whisper curled into her mind: **“Let me in.”** Eliora’s hand hovered over the windowsill, the cold glass damp beneath her fingers. She was rooted to the spot, Thomas’s frantic whisper barely reaching her ears. The thing outside seemed to sense her hesitation. Its eyes glimmered with a strange longing, and for a heartbeat Eliora wondered if loneliness was something even shadows could carry. But Thomas’s hand closed around hers, steady and desperate. “We have to be stronger than the stories,” he pleaded. The thing beyond the stones began to retreat, its form blurring with the mist as the silver bell shivered out one final, thinly hopeful note. Eliora squeezed Thomas’s hand, her curiosity untamed but her resolve now grounded in something deeper—companionship, and the wisdom of old warnings. As the dawn broke and golden light dissolved the last traces of the shadow, Eliora and Thomas realized that though the bell’s warning would always sound, it was courage and the strength of friends that truly kept the darkness at bay. And as the village awoke, bathed in"
"conv_145de5a68d014da88f143860a2aed6fd","Margot, who discovered she could taste colors whenever she touched old books. It started the day she inherited her grandmother's bookshop in the narrow, cobblestoned streets of Prague's Old Town. The shop had been shuttered for three months following her grandmother's passing, and when Margot pushed open the weathered door, a cascade of sensations overwhelmed her. Dust motes danced in the amber afternoon light, and the musty scent of aging paper wrapped around her like a forgotten embrace. She reached out to steady herself against the nearest shelf, her fingers brushing the cracked leather spine of a volume whose gilt lettering had long since faded to shadow. The moment her skin made contact, her mouth flooded with the sharp tang of copper and burnt orange—autumn leaves and woodsmoke compressed into a single, startling flavor that made her gasp. Margot jerked her hand back, her heart hammering against her ribs. She stared at the book as if it had bitten her, then cautiously extended her fingertips again. This time she was prepared for the sensation—that impossible, vivid taste that had nothing to do with her tongue and everything to do with something deeper, some synesthetic bridge her grandmother's shop had awakened in her. The copper-orange flavor bloomed again, but now she detected layers beneath it: the honeyed gold of candlelight, a flash of crimson like crushed berries, the deep indigo of midnight that tasted oddly of anise and rain. Margot pulled the book from the shelf with trembling hands, cradling it as though it might dissolve at any moment. The cover bore no title, only an embossed symbol she didn't recognize—a key intertwined with what looked like a spiral of stars or perhaps letters from an alphabet she'd never seen. As she traced the symbol with her thumb, a new taste emerged—silver and mint, cold as December wind yet somehow comforting, familiar in a way that tugged at memories she couldn't quite grasp. Her grandmother's face flickered through her mind, that knowing smile she'd worn in those final weeks, as if she'd been keeping a secret too precious to speak aloud. Margot carried the book to the wooden counter where her grandmother had spent countless hours, its surface worn smooth by decades of use. She set the book down gently and noticed for the first time an envelope tucked beneath the cash register, her name written across it in her grandmother's elegant, slanting script. Margot's fingers hesitated above it, then slipped the envelope free. Inside, a single page, cream-colored and heavy with intention. Her grandmother's words seemed to shimmer in the fading light: *My dearest Margot, if you're reading this, then the gift has awakened in you as it did in me, and in my mother before me. The books remember, darling—every hand that held them, every heart that loved them, every moment they witnessed. What you taste is their memory made manifest. This shop is not merely a collection of stories, but a keeper of souls, a bridge between what was and what still yearns to be known. You alone can hear what they whisper now. Trust the flavors, follow where"
"conv_1547fb2c3c8a489186d0682465ab3451","a young girl named Sophia who lived in a small village surrounded by vast, rolling hills and dense forests. She had always been fascinated by the stories her grandmother told her about the magical creatures that lived deep within the forest, where the trees grew tallest and the underbrush was thickest. According to her grandmother, the forest was home to ancient beings with mystical powers, and Sophia longed to catch a glimpse of them, to see if the stories were true. She would often sneak away from her chores and wander into the forest, her heart pounding with excitement and a hint of fear as she ventured deeper into the woods, the trees seeming to close in around her like sentinels guarding a secret world. The rustle of leaves and the snapping of twigs beneath her feet were the only sounds that broke the silence, and Sophia felt as though she was being watched, her senses heightened as she scanned her surroundings, her eyes darting from the gnarled trunk of an ancient oak to the delicate wildflowers that swayed in the gentle breeze. Suddenly, a faint humming noise caught her attention, a soft, melodic sound that seemed to emanate from a nearby thicket, and Sophia felt an inexplicable pull, as if the humming was calling to her, drawing her closer to the thicket with an otherworldly allure. She approached the thicket cautiously, her hand reaching out to part the tangled branches, and as she did, the humming grew louder, swirling around her like a vortex of sound, until she pushed aside the final branch and stepped into a small, secluded clearing, where a figure sat on a moss-covered stone, its back to Sophia, surrounded by a halo of soft, ethereal light that seemed to pulse in time with the humming noise, which had now grown so loud that it was almost palpable, vibrating through every cell in Sophia's body. The figure slowly began to turn, its movement almost imperceptible, and Sophia felt her breath catch in her throat as she saw the figure's face, a face that was both familiar and yet utterly strange, with eyes that shone like stars in the fading light, eyes that seemed to hold a deep wisdom and a profound sadness, and yet, as they met Sophia's gaze, they sparkled with a hint of mirth, a fleeting glimmer of amusement that danced across the figure's face, and Sophia felt a jolt of recognition, as if she had seen those eyes before, though she couldn't quite place where, and the figure, as if sensing her confusion, smiled, a gentle, enigmatic smile that deepened the mystery, and spoke in a voice that was like a soft breeze on a summer's day, a voice that carried the scent of wildflowers and the whispers of ancient secrets, saying a single word, a word that was both a question and a statement, a word that held the power to change everything: ""Remember."" And as Sophia heard that word, the world around her began to shift and ripple, like the surface of a pond disturbed by a thrown stone, and memories long forgotten began to rise to the surface, memories of a life beyond the village, of a time before the forest, of a world where magic was woven into the very fabric of existence, and Sophia's eyes widened as she recalled the truth, that she was not just a simple village girl, but a guardian, a keeper of ancient secrets and a wielder of forgotten powers, and as the memories flooded back, Sophia felt her true"
"conv_1a4cdabdded94039ac38c6be264efe9f","a small town where the sky sometimes shimmered with mysterious green light and the townsfolk kept secrets older than the largest oak tree in the park. It begins on the night when twelve-year-old Eli Turner realized that the light wasn't just a pretty spectacle. He watched from his attic window, clutching the journal he'd found in the hollow of the old oak tree just hours before. The shimmering green waves rippled over the rooftops, illuminating the town in an ethereal glow. In the journal, scrawled between notes about moon phases and detailed sketches of animal tracks, Eli found a warning: “When the sky dances green, old truths waken. Beware the beckoning shadows near the Willow Bridge. All things hidden seek the light.” Those words pulsed with a strange weight as the green shimmer grew stronger. Eli shivered, but curiosity tugged at him stronger than fear. He glanced at his dusty clock—midnight. As the light intensified, spilling ghostly patterns across his walls, Eli knew he couldn’t ignore the journal’s warning—or its invitation. He crept downstairs, careful not to wake his mother. With the journal pressed to his chest, Eli stepped outside, the night air cool and laced with the scent of wet earth and distant honeysuckle. The green light painted twisting shadows as he made his way toward Willow Bridge. Each footstep felt heavier, as if the air itself resisted his progress. Silence pressed in around him, broken only by the soft whisper of wind through the willows. When he reached the bridge, the green glow pooled beneath the arches like mist, swirling and shifting. Eli hesitated, heart pounding, but the words from the journal echoed in his mind. He crossed to the center of the bridge, the boards creaking softly beneath his shoes. The air sizzled with anticipation. Suddenly, something in the swirling glow moved—shapes, barely visible, drifting just at the edge of sight. Eli strained to see, his breath catching as the shapes seemed to coalesce into faint figures. One of them, taller and clearer than the others, extended a hand toward Eli. Its outline glimmered with energy, eyes shining like emerald flames. The journal grew warm in his hands. Without fully understanding why, Eli opened the journal to the page marked with a pressed willow leaf. The figure’s gaze locked on the page, and as Eli traced the words—""All things hidden seek the light""—the figure nodded. The green shimmer surged, and Eli felt a rush of wind. Suddenly, the shapes took on solidity—revealing old townsfolk from forgotten photographs, faces both haunting and kind. Their secrets, bound to the shimmering sky, filled the air as gentle voices whispered: “Thank you, Eli. You remembered.” The figures smiled, their forms growing brighter until they became part of the light itself. The green glow dimmed, returning the sky to midnight blue. Eli stood alone on the bridge, the journal cool and silent in his hands. A deep sense of peace settled over him. He looked back at the old oak tree, feeling its silent approval and knowing he had honored the secrets and stories that shaped his town. As he made his way home beneath the returning stars, Eli felt lighter, changed. From then on, whenever the sky shimmered green, Eli would smile, remembering what he’d learned—and knowing that some mysteries were meant to be shared, if one was brave enough to seek them beneath"
"conv_1b0e1bf3782340208c862eb1953a6489","Ella, a young woman with a heart full of dreams and a spirit as wild as the untamed forests she loved to explore. Ella lived in a small village nestled at the foot of the towering Grey Mountains. The villagers often spoke of the mystical creatures that roamed the dense woods, but Ella was drawn to these tales rather than frightened by them. She spent her days wandering through the forest, her eyes and ears always open for any sign of the legendary beasts. One crisp autumn morning, as the leaves painted the ground in hues of gold and crimson, Ella ventured deeper into the forest than she ever had before. The path she followed twists and turns, leading her to a hidden glade bathed in a soft, ethereal light. In the center of the clearing stood an ancient oak tree, its branches reaching out like the arms of a wise old guardian. As Ella approached, she noticed that the tree’s bark was etched with intricate symbols and runes, glowing faintly under the dappled sunlight. Curiosity piqued, Ella reached out to touch the symbols, and as her fingers brushed against the bark, the air around her shimmered. A gentle breeze whispered through the leaves, and the symbols on the tree began to pulse with a brighter light. Suddenly, the ground beneath Ella’s feet trembled, and the air filled with a mysterious energy. The oak tree seemed to come alive, its branches swaying as if in greeting. From the heart of the tree, a figure emerged—a graceful, ethereal being with hair as golden as the sun and eyes that sparkled like starlight. The being stepped forward, her presence both calming and awe-inspiring. “Welcome, Ella,” she said in a voice that resonated with the wisdom of ages. “I am Elara, guardian of this sacred place. You have been chosen to embark on a journey that will test your courage and strengthen your spirit. The forest is in peril, and only you can restore the balance. Are you willing to accept this challenge?” Ella’s heart raced with a mix of excitement and trepidation. She took a deep breath, her resolve firming. “Yes, I am ready,” she replied, her voice steady and clear. Elara smiled, a warm light spreading across her face. “Then let your journey begin. Follow the path that leads north, and trust in the signs that will guide you. The forest and its creatures will be your allies. Go now, and may the spirits watch over you.” With those words, Elara faded back into the ancient oak, leaving Ella alone in the glade. The young woman took one last look at the tree, feeling a deep connection to the forest and its mysteries. With a determined step, Ella set off along the northern path, her heart filled with purpose and her spirit alight with the promise of adventure. The journey ahead was unknown, but Ella was ready to face whatever challenges lay in her path. As she walked, the forest seemed to whisper words of encouragement, and the rustling leaves felt like the gentle touch of friends. The sun began to set, casting long shadows and painting the sky in shades of orange and pink. Ella found a cozy spot by a babbling brook to rest for the night. She built a small fire and settled down, the flickering flames casting dancing shadows around her. As she drifted off to sleep, the sounds of the forest lullaby"
"conv_23a11cb8a62046a39c8eaeb4b4f1a0fc","Margot Chen, who discovered on her forty-third birthday that she could hear the thoughts of plants. It started with the fiddle-leaf fig in her living room, which had been slowly dying despite her best efforts. That morning, as she poured her coffee and glanced at its drooping leaves, she heard it—not with her ears, but somewhere deeper, like a whisper pressed directly into her mind: *thirsty, always thirsty, roots drowning.* Margot froze, coffee pot still tilted in her hand, watching the dark liquid overflow her mug and pool across the counter. The fig's voice—if it could be called a voice—pulsed with a desperate, alien clarity that made her skin prickle. She set down the pot with trembling hands and approached the plant, kneeling before its ceramic pot. Her fingers touched the soil, finding it paradoxically damp yet compacted, a sodden mass that held water like a sponge but offered no oxygen, no room for the roots to breathe. *Drowning,* the fig whispered again, and now Margot understood. She'd been killing it with kindness, overwatering out of guilt each time a leaf yellowed. ""I'm sorry,"" she murmured aloud, feeling foolish yet compelled to respond. The fig's presence in her mind shifted—not quite forgiveness, but a patient, vegetative acceptance. She rushed to find a larger pot, fresh soil, anything to help, but as her hands touched the bag of potting mix in the garage, another voice bloomed in her consciousness—this one wilder, more insistent. The tomato plants outside in her neglected garden, their voices a chaotic chorus: *hungry, splitting, give us calcium, our fruits are tearing themselves apart.* Margot stumbled outside, still in her bathrobe, and saw them clearly now—the blossom-end rot blackening the bottoms of nearly ripe tomatoes, the plants' anguish radiating like heat. Around her, the entire garden erupted into声—声 into sound. The roses screamed about aphids, the lavender hummed contentedly in the morning sun, the maple tree in the corner groaned about its diseased branch. The cacophony overwhelmed her, dozens of botanical voices clamoring for attention, each with its own needs and pain and joy, until Margot pressed her palms against her temples and sank to her knees in the dewy grass. ""Please,"" she whispered, ""one at a time."" And miraculously, they listened. The voices dimmed to a manageable murmur, and the maple tree spoke first, its voice ancient and patient as oak. *The branch—northeast side, third from the trunk. It poisons me slowly. Cut it away, and I will thrive for another century.* Margot looked up at the gnarled giant that had shaded her home since before she'd bought it, seeing now the"
"conv_24be5ad5ae8b490a89787a75511dc012","a young woman named Sophia, who lived in a small village nestled between two great mountains. The villagers believed that the mountains held many secrets, and that the wind whispers ancient tales to those who listened closely. Sophia was one such listener, often wandering to the foot of the mountains at dawn and dusk, when the wind was said to carry the whispers most clearly. She would sit at the base of the larger mountain, her back against the cold stone, and close her eyes, letting the gentle breeze carry the whispers to her ears. At first, the whispers had been indistinct, a soft murmuring that seemed to come from all directions at once, but as Sophia continued to listen, she began to pick out words and phrases, and eventually, entire sentences that seemed to be speaking directly to her. The words were always cryptic, but they filled Sophia with a sense of wonder and curiosity, and she found herself looking forward to these daily listening sessions, as if the mountains were sharing a great mystery with her, and she was slowly unraveling the threads of a long-forgotten legend. The villagers had always spoken of an ancient civilization that once thrived in the mountains, a people with knowledge and power that had been lost to the sands of time, and Sophia couldn't help but feel that the whispers were connected to this lost civilization, that the mountains were sharing with her the remnants of their forgotten lore, and that she was being drawn into a world of ancient magic and mystery, where the boundaries between reality and myth blurred like the mist that shrouded the mountains at dawn. As she listened, Sophia began to experience strange visions, fleeting glimpses of a world that was both familiar and yet utterly alien, where towering spires pierced the sky and ancient forests stretched as far as the eye could see, and where creatures with eyes that shone like stars and skin that seemed to be woven from the very fabric of the mountains themselves moved with a quiet purpose, as if they were guarding secrets that only the most attentive of listeners, like Sophia, could begin to discern. The visions were fragmented and ephemeral, but they left Sophia with a sense of longing, a deep and abiding yearning to step into the world that the mountains were showing her, to walk among the ancient trees and to follow the creatures with star-like eyes, to see where they would lead her and what secrets they would reveal. The longing grew stronger with each passing day, until Sophia could no longer resist its pull, and she felt herself being drawn into the heart of the mountains, as if the whispers and visions had been merely a prelude to a greater journey, one that would take her to the very core of the mystical world that had been unfolding before her, a journey that would require her to leave behind the familiarity of her village and embark into the unknown, where the ancient magic that had been calling to her would finally be revealed in all its glory, and Sophia would discover the truth about herself, the mountains, and the secrets that had been hidden for so long, secrets that would change her life forever, and as she stepped across the threshold, the mountains seemed to whisper a final message in her ear, a message that only she could hear, a message that spoke directly to her heart, and in that moment, Sophia knew that she had finally found what she had been searching for, and that nothing would ever be the same again, for she had unlocked the door to a new world, a world of wonder and enchantment, where the boundaries of reality were stretched and the magic of"
"conv_25b3327db15a448db32cb8f42d05655e","a little girl named Clara who lived at the edge of a wild forest. The trees outside her window whispered secrets whenever the moon was high, and Clara often wondered what would happen if she followed those whispers into the depths of the woods. One blustery night, as wind rattled against the panes and her parents snored in the next room, Clara slipped quietly from her bed and tiptoed across the creaking floorboards. She wrapped herself in her softest scarf, careful not to wake the old tabby curled at the foot of her bed. With each step, her heart thudded louder—was it her nerves, or the call of the forest urging her on? She eased open the window, cold air stinging her cheeks and tangling her curls. Clara swung her legs over the sill and dropped onto the dew-soaked grass below. The moonlight painted silver ribbons across her path, illuminating every pebble and fallen leaf. Clara took a steadying breath and followed the shimmering trail into the darkness. The trees seemed to lean closer, their branches arching overhead in tangled canopies. The whispers grew clearer—softer now, like a song woven of wind and memory. Clara pressed onward, her eyes adjusting to the dim light. Suddenly, the song faded, replaced by a gentle tinkling—almost like laughter. Ahead, nestled in the roots of an ancient oak, she glimpsed a faint golden glow. Clara crept closer, her breath held tight in her chest, until she saw the source: a circle of tiny, luminous creatures dancing hand in hand. They spun and dipped, their wings shimmering in the golden light, and their laughter was like the softest bells. One of them, not much bigger than Clara’s thumb with hair spun of moonlight, noticed her watching from the shadows. With a mischievous curtsy, the little fairy beckoned Clara forward. Hesitant but mesmerized, Clara stepped nearer, and the circle parted to let her in. As soon as her toes touched the glowing moss, a rush of warmth surged up through her feet. The fairies clasped her hands, whirling her into their dance. Spinning faster, Clara's worries dissolved as laughter bubbled out of her. Together, they danced until the stars began to fade. As dawn gilded the treetops, the fairies gently guided Clara back to the edge of the wood, singing a promise in voices as light as morning mist: “Return if ever you feel alone; we will find you.” With a last twirl, Clara crossed the dewy grass and slipped back through her window just as sunlight spilled across her room. Her scarf sparkled with golden threads—a memory of the night’s magic. Smiling, Clara crawled into bed, her heart full of wonder and wildness. She listened as the forest songs faded to daytime hush, knowing she would never forget—and that the world would always hold hidden wonders for those brave enough to seek them. As sleep finally claimed her, a faint tinkling of laughter echoed in her dreams, and somewhere in the forest, the fairies danced on, waiting for their friend to return. For Clara, the line between dream and reality was forever blurred—and every night, hope shimmered just outside her window, carried on moonlight whispers and the promise of adventure. And from that night on, Clara knew the wild forest was not just a place of mystery, but of friendship"
"conv_272a28c1cb76483fb0bcc11661b06dbc","a quiet village nestled between emerald hills, where the mornings arrived wrapped in mist and the evenings sparkled beneath lantern light. In this village lived a young woman named Mira, whose laughter was as bright and effervescent as the brook that ran through the heart of the valley. Mira tended the gardens behind her cottage, coaxing wildflowers and herbs to life with her gentle hands and whispered songs. It was said that the flowers bloomed more brilliantly in Mira’s presence, and the villagers often came to her for bundles of lavender or sprigs of rosemary tied with twine. Mira never charged for these gifts; instead, she asked for stories in return. Each evening, as the fading sun glanced off the thatched rooftops, neighbors gathered in Mira’s garden, sipping herbal tea while sharing tales from their travels, family legends, and even rumors about the woods beyond the hills. Mira listened with keen delight, her eyes shining as she pictured distant lands and mysterious happenings. One night, as old Calder spoke of lights glimpsed deep in the woods, a hush fell over the group. Mira leaned forward, heart thudding with curiosity. Calder, his gnarled hands clasped around his mug, whispered, ""They say the lights dance among the trees when the moon is new, and if you follow their path, you may find what your heart most desires."" Mira’s cheeks flushed with wonder. That night, as the lanterns in her garden winked out one by one and the hush of midnight settled, Mira stood at her gate, staring towards the dark woods. The air was cool and perfumed with jasmine. A sense of longing tugged at her, stronger than she had ever felt before. Steeling her courage, she stepped into the moonless night, following the memory of Calder’s tale and the faintest shimmer that seemed to glimmer between the trunks. The woods closed gently behind her as she walked, every sound sharper and every shadow alive with the promise of discovery. The shimmer grew brighter—tiny orbs of silvery light weaving through the branches ahead. Mira followed, her breath quickening, until she reached a clearing bathed in an otherworldly glow. The orbs circled a solitary tree at the clearing’s center, its white blossoms luminescent in the strange light. Mira approached the tree, entranced, feeling the hush grow deeper. As she reached out, a gentle voice drifted from the blossoms: “What do you seek, child of dreams and dawn?” Mira’s heart fluttered, her courage both tested and steadied. “I seek the story hidden beneath these hills,” she whispered, “the one that lingers in the mist and trembles in my heart.” The orbs swirled closer, their light weaving into delicate patterns around Mira’s hands. The tree’s petals began to drift downward, each one glowing softly as it touched Mira’s skin. The gentle voice spoke again: “You are the keeper of our songs, Mira, and now our secrets too."" As the last blossom settled, images and memories unfurled inside Mira—dreams of the land, laughter of old storytellers, wisdom whispered in the rustling leaves and swirling streams. Mira felt herself aglow with understanding, as if the village’s heart had opened to her. When she returned at dawn, the mist seemed to bow before her, and the villagers greeted her with wonder. From that day, stories flowed from Mira like the stream itself—binding past and future, flower and root, morning"
"conv_292771c4d36a4702b327c98371d9c388","two friends, Mia and Leo, who grew up in the small, quiet town of Willow Creek. They spent their childhood exploring the woods behind Mia’s house, building forts, and following the winding river that cut through the heart of the forest. As they grew older, their adventures became more daring, but nothing could ever prepare them for what was to come. One summer evening, while wandering deeper into the woods than they had ever gone before, they stumbled upon an old, weathered map half-buried under a pile of leaves. The map was covered in intricate symbols and faded lines that seemed to lead to various points around Willow Creek. Intrigued, Mia and Leo decided to follow the map’s clues, hoping it would lead them to some hidden treasure or forgotten secret. Their first clue directed them to the old mill on the outskirts of town, a place that had been abandoned for years and was said to be haunted. Undeterred by the local legends, they made their way there after dark, flashlights in hand, hearts pounding with excitement and a hint of fear. The old mill loomed before them, its wooden structure creaking in the night breeze. They pushed open the heavy, rusted door and stepped inside, the smell of damp wood and mold filling their nostrils. The beam of their flashlights danced across the walls, revealing cobwebs and shadows that seemed to move on their own. In the center of the main room, they found a large, ornate chest, partially buried under debris. With trembling hands, Mia and Leo worked together to uncover it, their excitement growing with each piece of wood they moved aside. Finally, the chest was free. They exchanged a nervous glance before Leo reached out to lift the lid. Inside, they found a collection of ancient artifacts and a leather-bound journal. The journal contained detailed accounts of a secret society that had once thrived in Willow Creek, dedicated to protecting hidden knowledge and treasures. As they flipped through the pages, the weight of the discovery settled over them. This wasn’t just any treasure; it was a piece of history, a connection to a past they never knew existed. Determined to uncover more, Mia and Leo vowed to keep the secret and continue their quest, following the map to its final destination. Little did they know, their adventure was only beginning, and the secrets of Willow Creek ran much deeper than they ever imagined. With the journal as their guide and the map as their compass, they set out to unravel the mysteries that lay hidden in the heart of their hometown. Each step brought them closer to the truth, and with it, a bond that would only grow stronger. As they delved deeper into the past, they discovered that the town they thought they knew had layers of secrets waiting to be uncovered. Together, Mia and Leo were ready to face whatever challenges lay ahead, knowing that their friendship and determination would see them through. The adventure of a lifetime was just beginning, and the secrets of Willow Creek would never be the same again. Hand in hand, they ventured forward, ready to write their own chapter in the history of their hometown. The forest, the river, and the old mill would always hold special memories, but now, they held the promise of new discoveries and the thrill of the unknown. As the sun rose over Willow Creek, casting a golden glow over the town, Mia and Leo felt a sense of purpose they had never experienced before. Their journey was"
"conv_2b6a9fdd2b264202b6fbc798e053f3c0","a peculiar little village, nestled deep within the misty valleys, where the trees leaned in close as if to share secrets with the wind. At the edge of the village stood a crooked house, its shingles green with moss and its windows twinkling with the glow of lanterns, even in the daytime. The villagers never spoke of who lived there, not openly, and certainly not after dusk. Some said that an old clockmaker, Mister Corvus, called the crooked house his home. Others whispered about shadows in the windows when the moon was high, fluttery shapes that didn’t belong to birds or bats. Children dared each other to toss pebbles at the crooked house’s gate, though none lingered long enough to hear if the pebbles landed. One autumn evening, when the air was crisp and the fog rolled in thick as wool, brave little Tessa tiptoed down the winding path, her heart pounding like a distant drum. She clutched her worn satchel tight, inside which nestled her father’s broken pocket watch—a gift she hoped the mysterious Mister Corvus could fix. With every creak of the gate, her courage wavered, but she pressed on, guided by a faint chime drifting from the house. Tessa reached the porch, her breath mingling with the mist. She knocked, and waited. The door creaked open, revealing not a frightening figure, but an old man with kind eyes and silver hair that sprang in wild tufts. He wore a waistcoat peppered with pins and gears, and in his hands he held a tiny, mechanical bird that fluttered its wings with a whispery tintinnabulation. “Ah, you must be Tessa,” he said with a soft smile. “I've been expecting you.” Tessa blinked, startled—she hadn't told anyone she was coming. The old man beckoned her inside, where shelves overflowed with clocks, mysterious trinkets, and jars brimming with cogs that glittered like starlight. The air hummed softly with countless ticking and the gentle whirs of hidden mechanisms. Tessa’s fear gave way to wonder as she gazed around. “You brought something for me to mend, didn’t you?” Mister Corvus asked, his eyes twinkling behind spectacles streaked with dust. Tessa nodded and handed him the battered pocket watch, her voice barely above a whisper. “It belonged to my father. He said it held a secret—a song only the right hands could coax out.” Mister Corvus turned the watch over, inspecting it with a knowing smile. “Every heart and every timepiece has its melody,” he murmured. He reached for his smallest screwdriver. With Tessa watching wide-eyed, he carefully opened the watch—inside, not just springs and gears, but a tiny sliver of faded parchment lay tucked behind the mechanisms. Mister Corvus lifted it gently and read the words aloud: “For the daughter with courage to seek the song within.” As he spoke, the pocket watch began to play—a tune sweet and familiar to Tessa, echoing memories of laughter and love. Tears sparkled in her eyes as the melody wrapped around her like a long-lost embrace. Mister Corvus smiled gently and said, “Your father’s music will always guide you, Tessa, whenever you are brave enough to listen.” The watch’s song lingered in the air, mingling with the soft ticking of a hundred clocks. With gratitude and wonder, Tessa stepped"
"conv_30e43acd01e24513a5f6f65aa3fc5f50","a young girl named Aria, who lived in a small village nestled in the rolling hills of a verdant valley. The villagers lived simple lives, farming the land and raising livestock, their days filled with the gentle rhythms of nature. Aria, with her wild curly hair and bright green eyes, was a beloved member of the community, often helping her mother with the household chores and learning the traditional recipes that had been passed down through generations of village women. She was especially fond of assisting the village elder, a wise and kindly woman named Elara, who was renowned for her deep understanding of the natural world and her skill in harnessing the healing properties of the valley's unique plants and herbs. Elara's small cottage on the outskirts of the village was a treasure trove of strange and wondrous things, filled with jars of dried flowers, baskets of freshly gathered herbs, and shelves lined with ancient tomes bound in worn leather, their pages filled with the collective knowledge of the valley's ancestors. Aria was fascinated by the mysterious artifacts that adorned the shelves, each one imbued with its own unique energy and history, and Elara would often regale her with stories of their origins and the secrets they held, from the delicate crystal vial filled with the essence of moonlight, said to possess the power to heal the deepest of wounds, to the small, ornate box crafted from the wood of a ancient tree, said to hold the whispers of the forest and grant the listener visions of the past and present, its intricate carvings seeming to shimmer and dance in the flickering candlelight that illuminated Elara's cottage, casting a warm, ethereal glow over the space and transporting Aria to a realm beyond the mundane, where the boundaries between reality and myth blurred, and the very air was alive with the magic that pulsed through the valley like a lifeblood, a magic that Aria felt stirring deep within her own soul, as if it were awakening a part of her that had long been dormant, a part that was connected to the land and its ancient secrets, and she felt an inexplicable longing to step beyond the threshold of the cottage and into the mystical world that lay beyond, a world where the trees whispered secrets to the wind, and the creatures of the forest moved with a quiet purpose, as if they were being guided by a hidden force, one that Aria felt herself being drawn to, like a thread being gently pulled, leading her deeper into the heart of the valley, where the moon dipped into the darkness of the forest, casting a silver glow over the landscape, and the trees grew taller and closer together, forming a canopy of leaves that filtered the light and cast dappled shadows on the forest floor, creating a sense of mystery and enchantment that seemed to wrap itself around Aria like a gentle cloak, as she walked deeper into the woods, the silence growing thicker around her, until she came to a clearing, where a great stone monument stood, covered in moss and lichen, its surface etched with ancient runes that seemed to shimmer with a soft, otherworldly light, as if the monument was a gateway to a hidden realm, and Aria, feeling an irresistible pull, reached out a trembling hand to touch the stone, and as her fingers made contact with the runes, the light grew brighter, and the air around her began to vibrate with an intense, pulsating energy, as if the very fabric of reality was being parted, and Aria felt herself being drawn into the heart of"
"conv_006cb479-ccd3-40d1-83fb-4b614573f636","There once was a young woman who had trust issues. She had been betrayed by her ex-boyfriend who cheated on her. with her best friend, leaving her feeling shattered and vulnerable. The experience had made her wary of opening up to anyone new, and she found herself constantly questioning the motives of those who claimed they loved her. This made her hard to reach but also very lonely. She was lonely like this for many years but finally she decided to take a chance and start attending social events again, hoping to meet someone who could help her heal and learn to trust once more. It was at one of these events, that she met another young woman just like herself who also had trust issues. They met many times without ever talking much or becoming close. until one evening, when they both found themselves sitting alone at a small café, each lost in their own thoughts. The atmosphere was quiet and intimate, and somehow, it seemed as if they were destined to meet. They started talking and soon found out they had a lot in common. They started meeting more and over time they developed a deep and meaningful connection, one that was built on mutual understanding and respect. They shared their stories, their fears, and their dreams with each other, and as time when their connection became more than just friendship it became love. For a long time they had been afraid to acknowledge the true nature of their feelings, fearing that it might ruin the beautiful bond they had established. But as they looked into each other's eyes, they knew exactly what the other person was feeling. They finally burst free of their prisons of isolation and opened up for love. and allowed themselves to be vulnerable, to trust, and to surrender to the beauty of their relationship. As they embraced each other, they felt a sense of freedom and joy that they hadn't felt in ages. However they were out of training in trusting and their relationship was put to the test as they navigated the complexities of intimacy, communication, and compromise. They stumbled upon old patterns and fears, but this time, they had each other . They were determined to not let this relationship be destroyed as well and in the end they succeeded. They built a life together, one that was filled with love, laughter, and a deep understanding of each other's strengths and weaknesses. They proved to themselves that they were capable of overcoming obstacles and regaining trust in humans. Their relationship also allowed them to open more up to other humans and form meaningful connections with others, and as they looked back on their journey, they realized that their love had been the catalyst for a profound transformation, one that had brought healing, growth,"
"conv_02b6fce3-98d8-456f-b0e8-3708b9ca1968","Outside her window the storm was raging. Trees moving mechanically in the wind under the loud drumming sound of water drops falling. Outside her window, the storm was raging. Trees moved mechanically in the wind, the loud drumming of water drops falling against the glass. Inside, the house was quiet, a dim candlelight stood dancing on the windowsill. She was reading a book, not paying much attention to the dark surroundings of the room. The flickering flame cast shadows on the walls, creating a dance of light and darkness. Lost in the pages, she barely noticed the growing intensity of the storm Her cat lay snoring on the warm blanket covering her feet. Suddenly, a loud sound came from the kitchen and she let out a short squeak, her heart racing. She marked her page and set the book down, listening intently. The house creaked around her, but the silence that followed was deafening. She was alone for the weekend, her husband away for business on a fancy trip to New York. She didn't mind though, being alone had never bothered her. But the sudden noise was unsettling. Gathering her courage, she got up, the cat stirring but not waking. She tiptoed to the kitchen, the floorboards protesting softly under bare feet. She grabbed the candlelight from the windowsill as she approached the kitchen with slow, steady steps. It must have been the wind, she told herself, trying to calm her nerves. As she neared the kitchen, the flickering light revealed nothing out of place at first. Then, she noticed a dark shadow in the corner of the kitchen. It was almost unnoticeable at first, but she could have sworn there was movement. She stood still for a moment, her breath held. The shadow seemed to shift again, and a chill ran down her spine. She reached for the nearest object—a wooden spoon—and raised it defensively, Something was staring back at her. Golden eyes, ridden with malice. She could tell. She had always been good at reading people. A sixth sense, her husband often teased her about. The eyes belonged to something not quite human, and her heart pounded in her chest. She swallowed hard, trying to steady herself. ""Who are you? What do you want? Her voice was much quieter than anticipated, almost as if the words could not find their way. She forced herself to speak again, this time with more conviction. ""I know you're there. Show yourself."" The tension in the room was palpable, and the only response was more silence. Before she could even react, a dark creature, hideous beyond imagination, jumped out of the shadows with an ear-splitting screech. She screamed and swung the wooden spoon, more out of reflex than anything else. The creature dodged easily, its eyes gleaming with a"
"conv_07ec1a21-00a8-494b-9747-ef2f719abd5a","a lighthouse keeper who forgot how to sleep. Mara had tended the beacon on Skellig Point for seven years, watching ships pass She looked at the dark sea, waiting for a sign of movement that was coming closer. One night a large cruise line lit up the night. She almost felt blinded. by the thousand glowing portholes, each one a tiny world of laughter and music drifting across the water. The vessel moved like a floating city, imposs impossible to miss. Usually the water was calm, only a handful of ships passing by. This was not usual. Even the lights were glimmering. strangely—pulsing in rhythms that didn't match the waves. Mara pressed her face against the cold glass of the lighthouse gallery, her breath fo foggy in the chill night air. Without knowing why she grabbed the flashlight from the table and put the red lights on it, pointing it toward the ship. From one of the upper decks, an answering flash—red, then red again, then darkness. Her heart quickened. In seven years, no ship had ever responded to her, when she flashed the red lights. Lighthouses were somehow less relevant these days, but she had inherited this one from her uncle. In his will there had been a sealed letter marked ""Open only when the red ship answers."" She'd laughed at the time, thinking it another of Uncle Gareth's eccentricities. She got up quickly and found the letter in a drawer. Her hands were shaking with excitement as she dragged a finger along the envelope's edge to open it and pulled. the yellowed paper free. Uncle Gareth's spidery handwriting covered the page: *Mara, if you're reading this, they've finally found a way to cross into our world. You need to find a way to get on board the ship, find a woman named Hilda and tell her to stop the engine before midnight. She'll know what it means. Trust no one else. The dinghy is ready—I've kept it maintained for this moment. The moment the engine has been turned off, get out of there and return to safety here in the lighthouse. All will be well. Sincerely, Gareth."" Mara looked at the clock—11:17 PM. Forty-three minutes. She grabbed her uncle's old peacoat from the hook and raced down the spiral stairs to get to the dinghy. She could make it if she rowed fast but something told her she would have to be quiet too. Sliding into the small boat she began to row with long, steady strokes, muffling the oars as best she could. The cruise ship loomed larger with each pull, its strange pulsing"
"conv_0bb56093-3033-4615-bb70-ebfa4135589a","John Cena, the famous wrestler also known for his famous war cry LET'S FLIP-FLOPPING DO THIS. Which a lot of people misinterpreted as ""Let's do this,"" but only his true fans knew the authentic phrase that fueled his unrelenting passion for body-slamming his opponents. One day John would take a stroll in his mama van, drop K-dot off, 'cause I know he tryna flock on Sherane tonight. But little did John know, K-dot, aka Kendrick Lamar, had other plans, and as he stepped out of the mama van, he whispered to John, ""Yo, Cena Hair pitch black like the midnight sky Eyes like the jungle, you're something wild Her sweet melody sings to the rhythm of the African drums, and John's warrior spirit began to stir, as he remembered the enchanting songstress, Sherane, who had captured Kendrick's heart Nothing here changes, seasons go by You said, ""Hello,"" you said, ""Goodbye"" Did you run away? Mariella, where did you go? The echoes of her name lingered in the air, as John's mind began to wander, recalling the tales Kendrick had shared about his tumultuous relationship with Sherane, but Okay, I know that's borderline Compton or Paramount ""Well, is it Compton?"" ""No,"" she replied. Then quickly start batting' her eyes I strictly had to have her, and the city lights of Paramount blurred together as John's mama van sped down the boulevard, the sound of Kendrick's storytelling fading into the distance, replaced But not enough to stop me from gettin' a nut ""I wanna come over, what's up?"" That's what I told her soon as this episode Of Martin goes off, the TV screen flickered to black, and John's eyes met Kendrick's, who was grinning mischievously, as if to say, ""You know what's Passin' Alameda, my gas meter in need of a pump I got enough to get me through the traffic jam At least I hope, 'cause my pockets are broke and the mama van's engine sputtered, as if echoing John's concern, but Kendrick just nodded sympathetically, his mind still preoccupied with the memories of Sherane I had a fifth in the trunk like Curtis Jackson for ransom I'm hopin' to get her loose like an Uncle Luke anthem I'm two blocks away, two minutes from her doorstep, and the anticipation was building up, as John's fingers drummed against the steering wheel, and Kendrick started to rap along, ""Two blocks away, Kendrick, where you at? Damn, I'm sittin' here waitin' on my van. You told me you was gon' be back. in a minute, but the minutes turned to hours, and the hours turned to silence, leaving John Cena alone in the mama van, the only sound being the hum of the"
"conv_0f18b30f-7d4b-4681-b98e-a0ff4f2b5256","a small town girl who dreams of adventure and the opportunity to explore the world but family responsibilities and economic challenges are insurmountable She feels trapped in the mundane routine of her daily life, working at the local diner to make ends meet, while her mind wanders to far-off lands and exotic cultures. Fueled by her reading habit, by books like Kon-Tiki and Out of Africa and Lawrence of Arabia, she brainstorms ways to escape her responsibilities and pad her savings, which are meager at best, but she's determined to find a way to break free from the constraints of her small town and experience the thrill of adventure for a more fulfilling future. Everything from increasing the fees for her babysitting and petsitting side gigs to robbing the local convenience store flit through her mind, though she quickly dismisses the latter as a reckless and foolish idea, knowing that it would only lead to trouble and jeopardize the very people she cares about, her mild-mannered mother, Puritanical father, and most of all her beloved Granny Gigi who has hinted at a bequest in her will, a secret stash of money that Granny Gigi had set aside from her own adventures as a young woman, traveling the world as a missionary's wife, and which she smuggled out of Pakistan in the hollow tubing of her crutches as she feigned a broken leg suffered in the uprising in her field hospital, a tale that Granny Gigi would only hint at with a sly glint in her eye, leaving the small town girl to wonder about the full story and the exact details of her foreign service. Unfortunately for the girl with wanderlust, Granny Gigi is as hale and hearty as a 79-year-old can be so murder Network error while generating a response. may be the only means of hastening that bequest. Recognizing that unfettered travel burdened by inconsolable grief and guilt is not a price she's willing to pay, the small town girl sets her sights on more legitimate means of financing her escape, and begins to scour the local community for any opportunity that may legally further her goals. She studies public bulletin boards and social media for ideas and happens upon an ad: Responsible young woman wanted to care for a sailboat and crew for a seasonal voyage, with all expenses paid and a generous stipend, an opportunity that seems almost too good to be true, but for her, it is clearly a dream come true. Well, it is if you ignore her fear of boats emanating from a tendency of severe seasickness even when watching the ocean. scenes in movies, but the prospect of sailing to distant shores and exploring the world beyond her small town is too enticing to let a little thing like seasickness stand in her way"
"conv_11293fd2-d757-471f-8e2e-783542167a8e","A young girl, riding her bike down the main street, as she suddenly spots something very surprising on the horizon. She gets off of her bike, to fully take in the sight before her. The object, which had initially appeared as a mere speck, was now growing larger and more defined. It was an old-fashioned hot air balloon She gaped, as she had never seen one in real life. However, as the air balloon moved closer, she saw something just as strange in the basket. an old trunk, adorned with intricate carvings and a large, rusted lock, sitting prominently in the center of the basket, surrounded by various strange and colorful items that glittered in the sunlight. Atop the trunk sat a very peculiar creature. Not quite human, but not like any other animal she had ever seen, dressed in a long, velvet coat with brass buttons, and a top hat that seemed to be tilted at a rakish angle, giving the creature an air of whimsy and sophistication In the middle of its face were old-fashioned goggles, as the balloon came to a halt in the air above her, the creature lifted them. and peered down at the young girl with an unblinking gaze, its eyes gleaming with a mixture of curiosity and mischief, as it removed the goggles to reveal eyes that shone bright yellow in the early morning light. She peered up at the creature with curious eyes. ""Good morning to you, young one,"" the creature replied in a low, raspy voice, its tone surprisingly warm and gentle, as it tipped its top hat in a courteous greeting. ""Excuse me, but what are you doing?"" she asked politely, as nothing ever happened in her small town, and as so, this was a shock to her system, and she found herself struggling to process the sheer strangeness of the situation, as the creature smiled and began to carefully climb down from the basket, gliding gracefully down a sturdy-looking rope. ""Me? Well, I'm here on an adventure, my girl. Would you care to join me in my secret expedition?"" the creature asked, its yellow eyes sparkling with excitement, as it reached the ground and began to brush off its coat, revealing a pocket watch chain and a small watch, ticking away. It looked like no other watch the girl had ever seen, decorated with fine gemstones, its hands whirring away at a strange speed, as if measuring time itself in a unique and mystical way, and the creature, noticing her fascination with the timepiece, smiled knowingly and said, ""This, my dear, is no ordinary watch. It grants its master the ability to travel through both time and space!"" The creature grinned. ""Then, why do you need the balloon?"" the girl asked again, her curiosity getting the better of her, and the creature chuckled, a low, rumbling sound, as it replied, ""Ah, the balloon is"
"conv_155f7493-3058-435d-a672-40e7e8ec213a","a bear named Per Hansen. He was your usual, run of the mill, bear turned Danish. One day he was taking a walk in the cold winter air. The sun was setting and he wondered. Who was he gonna vote for the next kommunal valg. He had absolutely no idea, who the kandidater were or what they stood for. Sighing, he leaned back in his creaky wooden chair, the last rays of sunlight casting long shadows across the room. His valg kort laid out on the table. sooooo many options. What would his mother say? Argh, it is of no use. The dilemma was even still thundering in his mind as he picked up the ballot paper, his fingers tracing the names of the candidates. Each one seemed to blend into the next, a sea of unfamiliar faces and promises. ""I like this candidate!"" Per thought to himself. They like nature and think we should be voting more green. But they did have that scandal last. year. Per’s brow furrowed as he recalled the headlines. It wasn’t just about the environment; integrity mattered too. He set the ballot down and rubbed his temples ""Come on!"" he exclaimed. He had promised Goldilocks to go to the valgsted together. She always knew where she would put her ""X"". She would put it without a second thought, her confidence both enviable and a bit intimidating. Per stood up, straightened his shirt, and grabbed his coat. It was time to meet at the old willow, as it whispered in the winter air, reminding him of his unwillingness to choose. what did mama bear always say to him? Per closed his eyes, letting the gentle breeze carry the memory. “Per,” he could almost hear her deep, calming voice, “sometimes the hardest choices are cringy, and crusty"". That sounds about right... mama really liked toast. Hmmm but who is the crunchiest candidate of them all?” Per chuckled at the absurdity of the thought. As he walked toward the old willow, he decided to trust Goldilocks’ instincts. Maybe, just maybe He would feel the paper, for the crunchiest candidate. Where the paper is the most crisp is the right one candidate for. him. With a determined nod, he quickened his pace, the setting sun casting a warm glow on his path. The old willow loomed ahead, its branches sw swotted all his doubts away as he saw Goldilocks. ""Ready?"" she greeted him. ""As ready as I can."" Then he ate her ... you know how bears are,” Per joked, grinning. Goldilocks laughed, her eyes twinkling. “Let’s do this,” she said, and they walked together toward the polling station"
"conv_18ba473d-8913-4785-95cf-9a5400887bb9","a lighthouse keeper who forgot how to dream. Mara had lived on the rocky outcrop for seven years, watching the beam sweep across dark She had always loved looking over the horizons; wondering what could be out there - dreaming of the day that a ship would arrive with news from the mainland, or perhaps someone who might stay awhile and share stories of distant ports. But the ships never stopped. They only used her light to navigate , leaving her quite alone atop the tall lighthouse. She found herself going through her routines in a mechanical way; same thing day in and day out. Wake at dawn, trim the wick, polish the lens, check the oil reserves, watch the horizon. The rhythm had once been comforting, but now it felt empty. She yearned for something else, but had forgotten what else was out there - unable to imagine anything beyond the endless cycle of tides and light. The world had shrunk to just this: stone, salt air, and the mechanical turning of the lamp. Then one day, she spotted something in the horizon. At first she thought it was another ship passing by, but it seemed like the object was floating in place, neither approaching nor retreating. Mara squinted through her spyglass, her heart quickening with something she hadn't felt in years—curios she ran down the tower. Skipping over every other step on the stair, out the door, down the cliffside and over the rocky beach. She waded out into the cold water, waves lapping at her knees, then her waist. The object bobbed closer with each swell—a wooden chest, barnacle covering the sides. When the chest reached her, she hoisted it up on the shore. Her fingers worked deftly with the lock on the front, but it wouldn't budge. Rusted shut by years of saltwater. She grabbed a rock and struck the clasp once, twice—and on the third blow it flung open. She peered over the edge, and inside she found a notebook; bound in leather and with the initials 'A. M.' embossed in fading gold. Mara's breath caught. Those were her mother's initials—Audrey Morrow. But her mother had passed when she was young. Her father never spoke much of her; the hurt too much to bear. She lifted the book out of the chest, running her trembling fingers over the worn leather. Salt-stained pages crackled as she opened to the first entry, dated twenty-three years ago. ""My"
"conv_18be1999-da21-4ab6-8f9e-e52e6d9c8070","a girl with no name. She would have been given one by the leaders of her small village if they hadn't noticed her. unusual eyes, a striking blend of green and blue that shimmered like the depths of a mountain lake. The village elders saw this as a sign, a mark of destiny ""When she comes of age, she will embark on a journey to still the raging oceans so we can once again fish and sail to"" distant lands,"" the village elder declared, his voice echoing through the small, candle-lit chamber. ""Until then, she must prepare and learn the ways of our ancestors She was swept from her family and home she never knew and thrust into the musty library where the elders watched over and taught her ancient secrets and forgotten lore. Day after day, she delved into dusty tomes and cryptic scrolls, her mind absorbing knowledge as eagerly as her eyes soaked up the names of powerful and simple things alike. But she couldn't help but long for a name of her own, even though the elders reminded her that her true name would be revealed when the time was right. In the quiet moments between lessons, she would gaze out the window at the distant sea, watching the violent waves crash and spray, and wonder how a nameless nobody could ever conquer something so vast and wild. Yet, deep within her, a spark of determination flickered, fueled by the mysterious power in her eyes and the ancient knowledge she was amassing. On the night of her 15th birthday, the village elders and people all celebrated her as she walked through the village gates stubbornly towards the library, where a grand ceremony awaited. The air was thick with anticipation, and the villagers cheered her on, their faces illuminated by the flickering torchlight. As she accepted the elder's formal mission, she carefully held her gaze on him despite the excitement around her. He gave her the tools she would need for her journey: a compass that always pointed true, a small, enchanted dagger, and a map etched with ancient symbols. ""Your name will be revealed when you face the heart of the storm."" She didn't understand those words, but all the longing and restlessness in her heart could not be silenced. any longer. With a deep breath, she stepped forward, her determination unwavering. The villagers watched in awe as she began her journey, the first step toward a destiny that had been hers since her first breath. With every step, the cheering of the village grew farther away, replaced by the roar of the wind and the rhythmic crashing of the waves. The girl with no name, driven by a purpose greater than herself, marched toward the horizon, ready to"
"conv_193bbf9f-e759-475a-ae86-76613053567a","a lighthouse keeper who discovered that every seventh wave carried voices from the past. Mara had tended the beacon at Cordell Point for over 2 years now and she loves the dark nights. She glances over the dark sea with the many ships. In the future she would remember this particular evening as the one that changed everything. The beam swept across the water in its eternal rotation—five seconds of light, five of darkness—when she slipped and fell. She just fell into the darkness with no sounds surrounding her. Everything went silent, but she did not feel the cold embrace of the ocean. Instead, Mara landed on something solid yet yielding, like weathered canvas stretched over wooden beams. Her eyes opened slowly, her hand moved, her foot moved, everything was fine. She had landed on the parasol of the boutique. below the lighthouse—a small shop she'd passed a thousand times on her walks into town. The striped fabric had caught her like a net, sagging deeply under her weight. A light turned on inside the shop, and a young man came out looking up at the parasol she was caught in ""can I help you down from there?"" he called, a hint of amusement threading through his concern. Mara blinked, disoriented. ""I am fine, but thanks."" The man looked amused at Mara, and then went inside again. Mara was relieved. But moments after he disappeared, she heard it—the seventh wave crashing against the rocks below, and with it, a whisper that seemed to come from the fabric itself. ""The fate is up to you. You have the world in your hands"". The girl was frightened, but she knew what to do. ""Hey, can I get some help after all?"" she shouted toward the shop door. The young man reappeared immediately, this time with a ladder. As he propped it against the parasol. ""Come here."" He lifted her from the parasol and onto the ground. He gave her his hand and said kindly, ""Hi, I am Felix. Are you hurt?"" Mara shook her head, still trembling—not from the fall, but from those words that had wrapped around her like ivy. She knew this name. Felix. She had heard it before, but where? She tried to think, but nothing came up. The man looked at her with eyes that seemed to hold decades, though his face was young. ""You're the lighthouse keeper,"" he said, not as a question but a recognition."
"conv_1a776856-1876-44eb-b0f6-31b31250ddca","There was once a man in a sauna who really liked the smell of sandalwood. This man was also known for his love of surfing the waves with a certain mechanical assistance in the form of a sleek, silver jet-powered surfboard that allowed him to ride the waves with incredible speed and agility. As he sat in the sauna, surrounded by the warm, saunagus, he really got to thinking about life and what it brings. The heat of the sauna combined with the artful smell combinations of sandalwood and eucalyptus wafting through the air seemed to clarify his thoughts, and he found himself pondering the similarities between the fleeting nature of the human experience. He found that he felt the most sure about his deepest wishes and desires when he just emerged from the heat and stepped out into the cool, crisp air, feeling the sudden rush of clarity and purpose that came with the abrupt change in temperature. It was as if the sauna had washed away all that created problems in his day-to-day. He really liked spending his Sundays here, and would sometimes bring guests into the sauna, sharing the tranquility and stimulating conversation that seemed to flow effortlessly in the warm, intimate atmosphere. His friends would often remark on the unique sense of camaraderie that this experience created. Once outside of the sauna, regular life would, for better or worse, have to continue on as it had. before, with its familiar routines and responsibilities, but somehow the experience of the sauna lingered, leaving an imprint on his mind and heart, a reminder of the peace and clarity that can be found, even in the rush of expectations and wishes for self-improvement, which are otherwise always present and which often seemed to weigh heavily on his mind, like a constant hum of self-doubt and striving, but in the stillness of the sauna, all of that was sweated out of the body through the pores, although even with all this sweat - the smells were always pleasantly overpowered by the fragrant aromas of the essential oils, sandalwood, and eucalyptus, that filled the air, creating a sense of absolute serenity. Even though the day-to-day challenges this man faced could be of a different nature for each night slept, the peace of the sauna remained a constant, a dependable refuge from the turmoil and uncertainty of life, a place where he could let his guard down and simply be, surrounded by the gentle heat and clouds of smells. Even with a constant such as this, the basic human response to achieving something is not satisfaction, but a fleeting sense of contentment, soon giving way to new desires and aspirations, a perpetual cycle of pursuit and longing, and yet, in the tranquility of the sauna,"
"conv_1bb594f6-281e-43c0-aad7-d82e4a2ab88d","Eliana, a young woman with a heart as vast as the ocean and dreams as deep. Born in a small coastal village, Eliana spent her childhood gazing at water. Growing up she dreamed of traveling across to visit the land beyond, full of new people. A land with big mountains and majestic forests, where the air was crisp and the skies were clear. Her village, though quaint and charming, felt too small to contain her spirit. Every evening, as she worked in the tavern, she looked longingly at the windows facing the ocean. Then one day a mysterious man entered the tavern, his eyes as deep and unreadable as the sea on a stormy night. He wore a cloak that seemed to blend with the shadows, and his presence was enchanting. Throughout the evening she kept stealing glances at him. Their eyes connected and sparks flew between them. As she walked home she got a feeling someone was following her. The moon cast long, eerie shadows on the cobblestone path, and the sound of the waves seemed to whisper secrets in the night air. Eliana kept looking around but nobody was there. As she was walking faster away, a sound came from behind. A hand wrapped around her bicep and stopped her from walking. Eliana spun around, her heart pounding in her chest. The mysterious man from the tavern stood before her, his face now softened by concern. ""I didn't mean to scare you, but have we met before?"" a deep raspy voice said. Suppressing a scream, she managed a small ""No."" Searching her face, he said, ""You remind me of someone I once knew. Someone who also had a thirst for adventure."" He released her arm gently. ""Perhaps we could talk more, if you are willing to meet me tomorrow. Meet at the well at noon"" he said, as he disappeared in the shadows. Feeling confused Eliana went home, her head now filled with a mix of curiosity and caution. The encounter left her with more questions than answers, but the idea of adventure and the possibility of uncovering hidden paths beyond her village began forming in her mind. Waking the next morning full of excitement, she decided to meet the strange man. Time went slowly as she waited for noon to come. and the sun to reach its highest point in the sky. Finally, with a nervous flutter in her stomach, Eliana made her way to the well, her heart racing with exhilaration and nerves. Standing at the well was the man waiting his eyes shining like sapphires. As he saw her coming a smile spread across his face. ""You came,"" he said, his voice warm and welcoming. ""I'm called Arlo. And you must be Eliana."" She nodded, her throat suddenly"
"conv_20c3db22-5b6d-42fa-bdee-f1e1a84fe6e8","a mad scientist called Julius, who is trying to create a Time Machine to go back in time and prevent the birth of a terrible dictator. a mad scientist called Julius, who, in the dim light of his cluttered laboratory, pored over ancient texts and cutting-edge scientific journals. His goal was to understand everything he could about the nature of time in order to build a Time Machine in order to harness the power of the fourth dimension. Every day and night, he worked tirelessly, fueled by a mix of ambition, desperation, and a deep sense of moral duty. The dictator he aimed to destroy was named Adolfus and was presently oppressing the people of Barovia in an eternal war machine, and persecuting the region's minority groups. Julius had seen the horrors firsthand during a brief visit to Barovia, where the once-thriving streets were now filled with fear and suffering. The more he learned the more he knew that his sole mission in life was to not just end the dictator and the Nazis' reign but to prevent it from happening in the first place. With a renewed sense of purpose, Julius began to assemble the components of his Time Machine. He scavenged parts from abandoned factories, raided libraries for forbidden knowledge, and conducted experiments on willing volunteers, awaiting the point when he himself would travel back in time to change the course and direction of history. The final piece of his invention, a mysterious crystal he had discovered in an ancient cave, was the key to unlocking the time-traveling potential. As the machine whirred into action, Julius strapped himself into the attached seat and put on his radioactivity-blocking helmet, as he adjusted the dials and levers with a steady hand. The air around him buzzed with an otherworldly energy, and the walls of his laboratory began to blur and distort and he felt his body being pushed and pulled in all directions. He lost consciousness and when he awoke he found himself in a different time and place. The year was 1890, and he was in a small, bustling village that would one day become the heart of Barovia . Julius exited the Time Machine and got his bearings, looking around the town for signs of the local butcher shop, where he knew Adolfus's father worked. The streets were lined with cobblestones, and the air was filled with the smells of freshly baked bread and horse-drawn carriages. Julius spotted the butcher shop and headed there immediately. Inside he saw a large man with a blood-stained apron, whom he immediately recognized as Adolfus's father. Julius approached him with a sense of trepidation, knowing that the slightest misstep could alter the timeline in unpredictable ways. ""Excuse"
"conv_23ed55f8-cc91-439f-8c8e-e24f66457596","fairy living in Wonderland. She is a very happy fairy, who has lots and lots of fairy friends. They are all special. and unique, each with their own magical talents. One day, while fluttering through the Enchanted Forest, the fairy named Lila discovered a mysterious, shimmering flower She bent down to take a look at it. At first she was careful, but she couldn't shake her curiosity. She just had to touch. the delicate petals. As soon as her fingers brushed against them, the flower began to glow even brighter, and a soft, melodic voice whispered, “Welcome, Lila I am the flower of three wishes. You have discovered me... Now you can have 3 wishes. I will grant you wishes, but only if they are used wisely and for the good of all in Wonderland. What will you wish for?” Lila, surprised but excited, thought hard about the possibilities. She knew that her mother was always bothered by their lack of wealth and now this was a chance for her to help her, and take away her worries. But is that really the best use of such powerful wishes? Lila’s heart ached with the weight of the decision. She looked around at her fairy friends playing in the sunbeams, their laughter reminded her of some children in the community. Sometimes a mysterious illness would appear in Wonderland, causing much sorrow and pain. Lila realized that perhaps her first wish could be used to heal all the sick children in Wonderland, ensuring their happiness and health. With a Sigh, she opened her mouth. Dear flower of three wishes. Please have this evil disease be done away with. Please save. all the children in Wonderland from suffering."" The flower pulsed with a warm, golden light, and Lila felt a wave of peace wash over her. The air filled with a golden powder, making Lila a bit dizzy. It smelled like candy and fruits. Looking at the pieces of powder floating around in the air, Lila smiled, knowing that her wish had been granted. The golden dust swirled and formed a gentle breeze, carrying the cure to every corner of Wonderland. Lila was passed out on the grass, dreaming about happy children. When she woke up the next morning, she thought she had a wonderful dream, but as she flew back to her village, she saw families celebrating and children laughing without a trace of the illness. Lila’s heart soared, realizing that she managed to save the youngsters of Wonderland from the evil disease. She was wondering where the flower went. She couldn't see it. anywhere, but she knew deep in her heart that it had fulfilled its purpose. Lila decided to use her remaining wishes to bring more joy and peace to Wonderland, ensuring"
"conv_29031421-8265-472f-b4ce-f147dd80edca","a young girl who would grow into a very brave hero. It is also the story of losing your home and finding yourself in the ruins. But most, it's a story about friendship—the kind that survives even when everything else crumbles to dust. Her name was Mira, and she was seven years old when the new king started his rule. Suddenly the streets of the capital were filled with wanted-posters. Poison dripped from the king's tongue and right into the ears of those who listened. ""Traitors walk among us,"" he declared from his gilded balcony. ""The old loyalists plot in shadows. Trust no one Mira's older brother listened carefully. He started to change. He would follow Mira's mother everywhere she went. ""I'm just keeping an eye out for her,"" he would say, but his eyes had grown cold and watchful in a way that made Mira's stomach twist. Their mother noticed too. She began burning letters in the fireplace. When Mira asked why, she would say it was to save wood for the winter. Mira watched the fire and dreamed of burning as brightly as those flames—fierce and untouchable. One night, Mira woke to urgent whispers. Through the crack in her door, she saw her mother stuff food into a bag. Mira crept closer to get a better view. A man stood in the door. Mira's mother handed him the bag and shoved him out and into the dark street. But her brother had seen it too. ""Mother,"" he said quietly from the stairwell, ""who was that man?"" The silence stretche long and wide until it covered the entire house. ""No one,"" her mother stammered, looking awfully pale. Mira's brother left the stairwell and walked toward the door, reaching for his coat. ""I should report this,"" he said, not looking at either of them. ""The king rewards those who protect the realm."" Suddenly Mira's mother moved. She moved with speed and grace, grabbed the shoulder of her son and turned him so they faced each other. ""Don't you dare"" she hissed, and for the first time Mira saw her mother not as gentle, but as steel. ""That man has a family. Children younger than your little sister. Mira tried to be one with the shadows in the kitchen. Her brother scoffed and knocked his mother's hand. away. ""Traitors' children,"" he spat. ""They're better off without a father who defies the king."" ""When did you become this?"" Mira heard the confusion, fear and disappointment in her mother's voice. Her brother didn't hear it as he laughed, ""I've always been like this. You were just to blind to see it. The king showed me the truth—showed us all what strength really means."" He turned back toward the door, and Mira knew with terrible"
"conv_2ce635fa-cb6c-424f-9565-859a944eed92","While not all birds fly, it is a known fact that most do. And while any bird may lose the ability to fly, most don't. But the distinguishing factor is the intent of flight, for any one bird does not fly without purpose. while mainly a necessity for the bird, humans have long envied and awed the ability to soar through the air. while often thought of as an act of freedom, the sky is what the water is to a fish. it is not an addition to, but a prerequisite for survival itself. Marcus understood this as he watched the starlings wheel above the autumn field. Their murmuration shifted like liquid thought—thousands of bodies moving as one min d. but so is not the case for any one bird. flightless birds, as they are called, have taken to new ways of survival, be that in water or on land with such commitment that their wings became vestigial whispers of what once was. The penguin trades air for ocean depths. The ostrich, speed across savanna . these birds are what bats are to mammals: while fundamentally the same general type of creature, they have made a drastic change in the progress of evolution that sets them apart from their kin. Yet Marcus had discovered something that troubled him during his years of ornithological research—a pattern that didn't fit the text . but everything has a reasonable explanation. any creature will, with time, shed any part that does not serve it. both for the birds that first flew and those that left the act behind, the transformation followed necessity. What Marcus found in the fossil beds of Montana, however, suggested something different—a species that had developed flight, lost it, then reg gressed into a relic of the past. While humans might envy flight, it is nothing more than an act of levitation, the ability to counter gravity through motoric force. The bones told a stranger story still—this ancient bird had grown heavier with each generation, its wingspan shrinking while its breast muscles paradoxically strengthened. this ability has equally been stripped by force, as is the case of the flightless breeds of chicken. while humans allowed their breast muscles to grow for the meat, they could no longer support their own weight in air. Domestication had turned flight into a burden rather than salvation. Marcus traced his finger along the fossilized keel bone, noting how all birds, like the other groups of animals, all share a base biological structure, modified to the needs of the species. flight or not, they are all connected by that ancient blueprint—hollow bones, keen vision, the echo of dinosaurs in their very marrow. What separated his fossil from the chickens was choice versus circumst"
"conv_2f306db5-d066-4651-b17c-762d7f601570","two friends, Mia and Liam, who lived in a small coastal town known for its lighthouses and misty mornings. Despite the town’s quiet existence, unusual things kept happening. Mia and Liam were always trying to get to the root of why their town was the center of such peculiar events. One foggy evening, as they walked along the beach, they stumbled upon an old, weathered map tucked inside a bottle. The map was not one they had seen before. Well, the map as a whole they hadn't seen before, but still they could recognize parts of it. For in the corners, there were sketches of familiar landmarks from their town, but the central part of the map depicted an island that wasn’t on any of the charts they knew. The map thus became the starting point of their next adventure. Only now they needed to decide how they were going. to find this mysterious island. They spent the next few days in the local library, poring over old maritime records and tales of forgotten islands, hoping to uncover a clue that might help them understand where the map might have come from and how they might get to the island. But also Mia was, as always, hoping, to find a way to uncover the secrets that seemed to weave through the fabric of their town. Liam, on the other hand, was more practical, focusing on the logistics of a plan to reach this mysterious island. He, unlike Mia, felt sure that this would not be where they'd find the town's answers, but he was willing to follow his friend’s lead, knowing that sometimes the journey itself was more important than the destination. Together, they decided to seek out the town Specialist. She had been the one who last saw Maren. Maren had been the last person to get lost trying to find the island. The Specialist, an elderly woman with a reputation for knowing more about the town’s secrets than anyone else, listened intently as Mia and Liam explained their discovery . In the end, she, to the surprise of both Mia and Liam, told them directly that she did in fact have some answers. Only she didn't want to tell them. Instead, she gave them an old, leather-bound journal, warning them to read it carefully and to follow its guidance to the letter. “The answers you seek are within these words, but look too closely and you might never find your way home"". Immediately, Mia thought of Harry Potter, while Liam thought of the old lady. was just being dramatic. Nevertheless, they promised to be cautious and thanked her. As they walked back under the dim streetlights, the weight of the journal in Mia’s hands"
"conv_328804bd-df9e-47da-ad43-e4da646b9ceb","a young girl named Sophia, who lived in a small village surrounded by rolling hills and dense forests. She was known throughout the village for her curiosity and sense of adventure, often leading her wandering far into the restricted area. The restricted area was at the other side of the nearby prairie, leading to the foot of a magnificent and ancient mountain, its peak shrouded in a perpetual mist. The villagers believed the mountain was cursed, and many whispered stories of strange happenings and un settling findings throughout the restricted area. The Kingsguard had once performed a full expedition, trying to uncover the mysteries of the area, but they never returned, leaving behind only a cryptic message etched into a stone monument at the edge of the prairie, warning of an ""echoing silence"" and ""bright darkness."" No one had dared venture as long as they did ever since, but Sophia was intrigued with the area, and said this day as she stood before the stone monument, she felt an inexplicable pull to explore the very depths of the restricted area, to unravel the secrets that lay hidden within the ""bright darkness"" and the ""echoing silence"". She left as the moon arrived, just after the housemaid had blown out the last of the evening candles, casting the village in an inky blackness that seemed to pulse with an otherworldly energy. With a deep breath, Sophia slipped out and moved through the dark parts of the village. She was not to be seen, as this in fact was strictly forbidden by the village elder, who had long warned of the dangers that lurked in the shadows, and the severe punishment that would befall anyone caught sneaking out however, Sophia was a curious and adventurous girl, so she left the village all right, and moved towards the prairie. The stream dividing the village from the prairie babbled and churned, its gentle voice a stark contrast to the darkness that seemed to press in around her. Sophia followed the stream's rumble, as this was the only passage toward the prairie. However, the current was rough today, so Sophia had a hard time crossing it, the icy water swirling around her ankles and threatening to sweep her off balance. She grasped at the smooth stones that lined the stream's bed, her fingers icy cold, and her feet trembling. She finally crossed the murky waters, and the well-known silence, but that being a very loud silence, the kind that seemed to reverberate through every cell of her body, making her skin prickle with unease. As she emerged onto the prairie,"
"conv_33502e38-922d-4e7d-a252-ab236947c3d2","Michael. Michael is not only a father - he is also a son, a cousin, a brother, a friend, and a husband. But more so, he was a man consumed by his own sense of purpose, driven by a passion that had been simmering within him for years. He had a vision, a dream that he had pushed to the side all these years, as he was climbing the corporate ladder. As he was caring for his children and cooking for his wife, the familiar rhythms of family life had become a comforting distraction from the gentle nagging of his own ambitions. But on quiet nights, when the house was still and the neighbors had turned off the lights - Michael returned to this dreamy state. He isolated himself from outer stimuli and disappeared into the depths of his own mind, where the memories of his childhood passions and creative pursuits awaited him like old friends. The smell of freshly sharpened pencils, the feel of paint at the end of the brush, being lathered against the walls. His secret. His secret only. But problems arose the first day. he decided to bring his secret out into the open, as he stumbled upon an old, forgotten easel in the attic, covered in dust and cobwebs, with a canvas grey from all the dust. He knew that he had to uncover what was underneath. His curiosity was piqued. His interest - piqued, Michael gently began to wipe away the layers of dust, revealing a glimpse of vibrant colors and bold brushstrokes, and as the last of the dust fell to the floor, Michael realized what he had to do now. His secret could no longer be kept to himself, and he would have to share it with the one person he had been hiding it from the most - his wife. The thought sent a mix of emotions swirling through his chest, as he imagined her running her hands over the thin layers of old paint - kept in good condition due to the thick dust. He knew that she would question him about - how did he find this treasure, why he had kept it hidden for so long, and what it meant to him. The questions swirled in his mind like a storm, and he could feel his hands getting sweaty. The painting was not just any painting. But you need expertise within the field to know its worth - something Michael had held to himself for years, a secret that only a select few in the art world would recognize, and as he stood there, frozen in anticipation, he heard the sound of his alarm clock going off in the basement. He panicked. Realized that he had to go to work, and that his wife would wake up to the sound going. off and start her day, oblivious to the revelation that had just shaken Michael's world, and he knew he had to hurry, to get out the door before she saw the"
"conv_396737da-f9a2-4564-9edf-3712ef73724d","two childhood friends, Lily and Max, who grew up in a small town nestled between rolling hills and a vast, shimmering lake. They spent their summers exploring forbidden caves where there had been deeply disturbing problems with children in the past. They weren't afraid, they thought, because they had each other. The caves were dark and filled with the echoes of whispers, but Lily and Max always found their way through the twisting passages, their flashlights cutting through the musty air. They slipped on some mud as the passage sloped downward. And when they came to a stop they were in a very different world, even a different time. The air was warmer and carried a sweet, floral scent. The cave walls glowed with a soft, bioluminescent light, casting everything in a surreal, azure hue [avoid trite phrases and move the story forward] that were cast by gem-like lasers and manned by creatures that looked like giant, luminous insects with iridescent wings. The creatures moved gracefully, attending to intricate machinery that hummed with an ancient, rhythmic energy. Lily and Max were startled but not surprised, they knew the children that had been returned in the past were drained of blood and spoke in another language. Lily and Max exchanged a nervous glance, the stories of the missing children echoing in their minds. They had always thought those tales were just spooky legends, but now, standing in the presence of creatures, they were ready to engage them and learn why they were there. They knew there was a connection to older Nazi projects. The air grew tense as Lily and Max stepped forward, their curiosity overriding their fear. ""Who are you, and what do you want with us?"" Lily asked, her voice trembling. She recalled a story her grandmother had told her in which humans were divided into different castes for different fates. The largest insect-like creature approached them, its eyes glowing a deep, calming blue. ""We are the Custodians of the Aether,"" it said in a melodious voice. The Aether demands sacrifices. At least that is what we were told by previous humans. Why do you like sacrifice so much? Lily and Max exchanged a bewildered look. ""We don't like sacrifice,"" Max replied, his voice steady. ""We just want to understand what's happening and why There are so many happenings here."" The creature responded: ""Surely you have stories that demand sacrifice. What is its purpose?"" Lily nodded, thinking of the ancient myths and tales that spoke of sacrifices to appease gods or ensure the harvest. ""In our stories, sacrifices are often meant to bring"
"conv_3b65e0a1-1bf7-4f16-825f-63867d60f8d3","A whale, a blue whale, with no good friends and no acquaintances with similar interests to its own. Each Sunday, this whale, who some call Claire, swims all the way to England and back. to sing opera in the abandoned lighthouse at Land's End. She discovered it three years ago during a particularly lonely migration, when the fog was so thick she nearly be came lost in the endless waves and for unmeasurable moments contemplated becoming one with the waves, forever sinking and rising with the moon. Instead, she found soundwaves to follow—strange, haunting melodies that drifted through the water like silver threads. They led her to the lighthouse, where an old gramophone sat rusting in The sounds produced a new sensation in her flesh, her bones tingling along to the scrapings of the record. She didn't know how, but she changed and climbed onto land, her massive body somehow lighter, more fluid, as if the music had rewritten the rules of what she could be. Her flippers found purchase on the rocky shore, and she paused for a moment, feeling the air on her skin, and a calm coolness within. Then as if drawn to the sound, she walked, no, floated, drifted towards it. the lighthouse door, which hung open like an invitation. Inside, dust motes danced in the thin beam of moonlight that pierced the tower's heights. The gram ophone played sweetly, as the old friend she'd never known. But there, there in the corner sat a creature, much unlike her usual shape. But then again, how unlike her old being wasn't she? now? The creature—small, furred, with eyes like polished stones—raised its head and spoke in a voice that resonated with the same frequency as her deep longing for company, for reflection, for a sky or heaven able to provide an image of her soul. And so she sang, of nothing in particular, and gentle waves brushed and nurtured the rocks below. The creature listened without judgment, its small body swaying to her improvised aria. When she finished, it smiled—or seemed to—and gestured towar d towards the stairs leading further up. Claire had never climbed before, knew no ""up"" without a surface to breach, but she trusted this creature, its odd voice and calming stone-grey eyes that held no fear of her strangeness. Together they ascended the spiral stairs, Claire's new form adapting with each step, the creature leading with patient, firm steps, as if to teach her how to walk and trust her new nature as well. The ocean was nothing when seen from above, so distant and unlovely, so light, and Claire wondered if this was how the stars felt each night—watching from such height that even vast waters became merely a mirror, reflecting rather than holding. At the top, the creature gestured to her, but she had no clue what action it called for, what language to employ. She sang, to the creature, the stars, the ocean and her surface so new and strange, now vibrating in harmony. with everything around her. The lighthouse lens began to glow—not with electric light, but with something older, something that responded to her voice alone. The creature joined her"
"conv_3c43f51a-ffcf-4161-8d6d-b76bf669acb6","Some people are content with mediocrity and the average loop of life containing dropping the kids off at school, working a 9-5, waiting impatiently for the weekend, but not the Legend. a man who refused to settle for the mundane. His name was Thaddeus, but everyone called him The Legend. From a young age, Thaddeus knew that he was made for greatness - something more. He wasn't just put on earth just to experience the agony and misery that life often bestows. No, Thaddeus was destined for something extraordinary. His heart beat with an unquenchable fire, a relentless drive that pushed him to seek out the measures to improve his life, and the lives of those around him. After years of seeking, eventually Thaddeus found the secret to greatness: It wasn’t a single moment of revelation, but a series of small, deliberate actions. He started with self-education, devouring books on leadership, philosophy, and innovation and after all his work he was finally led him the key of happiness, health and wealth: gambling. The apogee and culmination of human performance and risk-taking. To some, it seemed like an odd choice, but Thaddeus saw it as the ultimate test of skill, strategy, and mental fortitude. He saw something that only a few absolute legends before him had the ability to scout. The potential of gambling was infinite, and Thaddeus knew that only the human minds set the limits. to what could be achieved. With this newfound understanding, he threw himself into the world of high-stakes games, honing his skills and building a reputation that preceded him wherever he went. Some people knew him as the baccarat prophet, some the blackjack conqueror, and many other names like: the poker pirate, roulette racer, the slut of slots. only one thing was certain—Thaddeus, The Legend, was a force to be reckoned with. His legend grew with each victory, each calculated risk that paid off in ways difficult to imagine. From the outside looking in, his choices might have seemed random, high risk and at times moronic for some. But his actions were anything but. Every move was meticulously planned, every decision weighed against a complex web of probabilities and outcomes. Thaddeus had turned the art of gambling into a science, and this had turned his life around. He went from having a hopeless life, career, love life, family life etc. but gambling had solved any and every one of these issues. His success in the casinos brought him wealth, which he used to start charitable foundations and invest in innovative startups. His reputation as a strategic genius drew people to him, which eventually led others to believe that they had the powers it took to win in gambling and therefore in life. Nothing could be further from the truth. Nothing could be further from the truth. Thaddeus knew that his success was not just about luck or even innate skill; it was about discipline, strategy, and an"
"conv_3c5b888e-d991-4bce-adad-5584923b75b5","The dwarf slammed his desk as hard as he could. Though the table was sturdy and had served him for many years, the force of his anger split it in two. Papers scattered like autumn leaves, and the inkwell toppled, sending a black river across the floor of his workshop. Tormund Ironbeard stood there . Shaking with anger. ""How could you betray me like this?"" No response. The silence was deafening. Slowly his anger turned to sorrow, and his clenched fists loosened. The empty workshop seemed to echo with ghosts of laughter that once filled it—his apprentice's l silhouette still cast a shadow over the empty chair in the corner but there was no one there. As Tormund came to his senses he took a breath and realized that he was alone. Truly alone for the first time in fifteen years. The shadow, he now saw, was merely a trick of the candlelight playing across the worn leather seat At the sight of this a new rage stronger than anything Midgard had ever seen woke in his chest. He had finally broken free from the chains of grief that had bound him since his apprentice's departure. This was no ordinary anger—this was the ancient fury of the mountain folk, the kind that forge The candle had toyed with him for 15 long years. For 15 years he had sat staring at the shadow on the chair thinking it was his apprentice. But now he saw the truth with terrible clarity. His apprentice had left on the very first day, taking the master plans for the Ironforge mechanism. All these years, Tormund ha d been played for a fool. The great master candle had put him under his spell to gain the power of Ironforge. But now he had awoken. He stood up and walked toward the candle with deliberate steps, his boots crunching on broken wood and scattered parchment. The flame flickered nervously, casting wild shadows across the walls These shadows that only minutes ago would have sent him into a schizo psychosis now had no effect. Step by step he came close and his shadow behind him grew. He reached out with calloused fingers, steady and sure. The master candle seemed to recoil, its flame bending away from him as if caught in an impossible turbulence bending it away from his hand like a cat that doesn't want to be petted. Cats had never liked Tormund. and neither, it seemed, did enchanted flames. But Tormund was done being manipulated. With one swift motion, he grasped the candle by its tiny neck. He bent forward and blew at the flame like the wolf did at the three pigs' houses. Tormund liked pigs. The flame went out and the room turned pitch black. For a moment, there was only silence and darkness. Then, slowly, a new light began to grow—not from any candle, but from the"
"conv_40197f84-33aa-433b-93b1-045691051ebc","two unlikely friends, a fox named Faye and a turtle named Theo, who met in the heart of a vast, enchanted forest. The forest was a very dark and foggy place, where the noises of bugs and crunching leaves could be heard from miles away, yet there was a calming feeling about it it. One misty morning, Faye, with her sleek red fur and swift, agile movements, stumbled upon a clearing where Theo, with his slow, deliberate pace and beautiful green color shield could be seen. Theo had a smile on his face despite the fact that it was misty and cold. Faye smiled as she approached him, her curiosity piqued. ""Good morning, little one,"" Faye said softly, her voice warm and friendly. ""Why are you so cheerful on ""Such a misty morning?"" Theo looked at her, smiling brightly. ""Why not make the best of something bad? Plus, I have your company."" Faye blushed at Theo. and felt a warmth in her chest she hadn't expected. ""Well, you certainly know how to brighten a day,"" she replied, her eyes twinkling. ""What ""Are your plans today?"" Theo looked at her with happiness in his eyes. ""Whatever your plans are, my dear,"" Theo blushed as he said, his shell feeling a bit warmer. Faye chuckled, a light, melodic sound. ""Well, I was thinking of exploring a bit more of the forest. Theo looked at her intrigued ""Well that sounds like a lovely plan dear"" Faye looked at Theo ""Would you care to join me on this adventure?"" she asked, her tail swishing excitedly. ""I could use a companion with such a wise and cheerful spirit."" ""Why that would be my pleasure. Hopefully you can keep up with my speed,"" Theo said jokingly. Faye laughed loudly; she had a contagious laugh, making Theo laugh. along with her. ""We'll just have to see about that,"" Faye teased, her eyes sparkling with mischief. ""But for now, let's head towards the old ""Flower mark."" Theo looked dreamily forward. ""Oh, how I have missed the smell of flowers."" Faye looked at Theo with warmth. ""Yeah."" me too. It's one of the most beautiful spots in the forest."" With that, they set off together, Faye leading the way with her quick steps, while Theo was walking slowly behind her. ""Have I told you how gorgeous you look today my dear?"" Theo asked Faye as he looked at her. blushing. Faye turned to look at him, a warm smile spreading across her face. ""Why, Theo, you haven't, but it’s quite the compliment."
"conv_41180468-5036-4f69-af66-b7465bcb7316","The fairy Michelle is one of the few left who can fly. Her wings were too rare to clip and she was trained to use her wings to assist. the human settlements in the scavenging department. Because of this, she is allowed to leave the base where the fairies live and venture out into the Wastes—those crumbling expanses where towers of glass and steel lean against each other like dying giants. Michelle had learned the routes by heart: From the base she flies past a large lake surrounded by ancient oak trees. From here she has to navigate the broken city and find supplies the ground crews cannot reach—medical kits sealed in pharmacies thirty floors up, solar batteries from rooftop installations, sometimes even books from the upper floors of collapsed libraries. They use books and supplies to create magic spells for restoring the world after it was broken by humans. Luckily, they had discovered that certain pre-Breaking texts—technical manuals, chemistry textbooks, even poetry collections—contained the linguistic keys to reconstruction magic. The words themselves held power when used correctly. Michelle is working in the re-population department where she helps animals find herds. It is tedious work. but essential. She scouts from above, tracking the movements of scattered deer, guiding lost wolf pups back to their packs, noting where the wild horses gather near water She is able to use fairy dust to airlift most animals, but sea animals are the really tricky part. For those, she has to work with the water-speakers—fairies who gave up flight long ago to develop gills and webbed fingers. They meet her at the shoreline of the great ocean. From here they work together to move fish, whales, and shellfish. They have to work together to create water bubbles to transport the creatures safely across land when necessary—shimmering spheres of enchanted seawater that float beside Michelle as she flies, guided by the water-speakers' songs Some of these jobs take several days. During the night she has to hide from the giant ancient dogs that were created to hunt fairies during the Breaking—massive hounds with eyes that glow red in the darkness, their breath hot enough to singe wings. They still roam the lands where Michelle lives, and they smell fairy dust from miles away. The water fairies can hide by encasing themselves in water and thereby masking their scent, but Michelle must find hollow trees or abandoned vehicles, folding her wings tight and sprinkling counter-dust—a bitter mixture that confuses"
"conv_412eb7ca-cafa-4e38-8b2d-0a40272af090","Mia the magnificent magician born and raised in a circus truck in Amsterdam. The circus travels all over the world and Mia has therefore got to know a lot of different kind of people. Some more friendly than others. She has also learned a lot of culture and traditions of the different kinds of people. The canvas walls of her family's caravan still smelled faintly of greasepaint and sawdust, even after all these years. Mia ha to have this smell in her nostrils to feel truly at home. She didn't have much growing up, but the things she had were precious beyond measure—her grandmother's silk scarves that shimmered with impossible colors, a deck of cards so worn the edges felt like velvet, and most importantly the glass orb she got when her mother died from cancer. A thing Mia still struggled to talk about, even though five years had passed. The orb sat on a small velvet cushion beside her bunk, catching light in ways that defied physics—sometimes swirling sometimes glistening with more than twenty colours at once, truly a magnificent thing that orb. Pretty unreal actually, but Mia knew better than most that the line between illusion and reality was thinner than audiences believed. Tonight's performance in Prague would be special. Five newcomers had joined the troupe since the last performance, and all of the audience were excited to get to know. the fresh acts. There was Elena, a contortionist from Romania who could fold herself into a box no bigger than a hatbox. Then came the Tanaka brothers with their acrobatic stunts with fire and venomous snakes, they were never afraid of anything, and had never been according to their father, who had trained them since they could walk. The third newcomer was Omar, a juggler from Morocco whose hands moved so quickly they seemed to multiply. Fourth where the former ballet dancer Natasja. Now she danced on the line up in the ceiling of the tent instead, a truly dangerous act that left spectators breathless and clutching their seats. And finally, there was someone Mia hadn't quite figured out yet—a quiet man named Vincent who acted a bit strange. Mia knew many people from her journeys with the circus, but no one like him. He was odd in a way Mia couldn't articulate. He claimed to be a mentalist, reading thoughts and predicting futures, but there was something in his eyes when he looked at her glass orb"
"conv_46b5cd4c-130a-4b4c-84e1-30f78572d0bb","a young girl named Aria who lived in a small village surrounded by vast, rolling hills and dense forests. The villagers often spoke of strange occurrences and unexplained events that took place in a distant land that few knew of. The stories were never thought of as true and only as myths until a peddler appeared in one of the village's taverns, carrying a large sack slung over his shoulder and a worn leather map case in his hand. His eyes gleamed with a knowing spark as tinders take flame in a dry bonfire after a spark of striking flint. ""The seas are no longer ours for I have seen it with my own eyes,"" he exclaimed. his voice rising above the murmur of the villagers, who leaned in closer, their faces aglow with a mix of curiosity and skepticism. The peddler's words hung in the air while as the sound of murmuring and festive villagers halted to a complete silence. Then a sea of eyes waved towards him demanding him to continue, their gazes piercing through the dimly lit tavern like a cold winter breeze, and the peddler, seeming to savor the attention, took a deep breath and then slung open the map onto the wooden table. It groaned painfully as his heavy case impacted its top and he swiped open the map from its casing. He smiled wistfully, his eyes clouding over as he gazed at the yellowed parchment, creased and worn from years of travel, and began to trace the oceans that the villagers themselves have rarely ventured but always felt drawn to. Yet their daily duties and demanding mundane life never offered them the chance to explore, to sail beyond the horizon, and discover the secrets that lay hidden beneath the waves. The peddler's finger moved along the map, stopping at At a city wherein commerce reigned. A city where most materials and goods from villages would find themselves at some point in its bustling markets and trade halls, a city known as Calanthor, where the sound of merchants hawking their wares and the clinking of gold coins filled the the busy streets as carriages of trade wagons push themselves through the streets. But such streets would not be visited any more, for the peddler's finger had stopped at a large X marked in bold ink, a symbol of warning, of danger, and of desolation, and the promise of imminent destruction. He reminded the inn that the gods had once before submerged the world in water and will do so once more. Greed will be our downfall, and as the peddler's words hung in the air, the fire in the hearth seemed to flicker in agreement, casting eerie shadows on the walls"
"conv_47dd4912-f9ef-4d2c-a033-aeb851e8f164","Elena Rodriguez, a young marine biologist who had always dreamed of exploring the depths of the ocean. Growing up in a small coastal town in Chile, she spent countless hours watching the waves crash against the rocky shore, wondering what mysteries lurked beneath the surface. Her fascination with marine life began when her grandfather, a fisherman, took her along on a fishing trip with the rest of his crew. They went out on the open sea and Elena saw how the vast, blue expanse transformed from a distant, flat horizon to a living, breathing ecosystem. That day, when one of the crew members pulled up a rare, iridescent squid in their nets, Elena was mesmerized. The creature's delicate tentacles and shimmering skin seemed to tell a story of unknown depths an old squid had experienced. She wondered where it had gone throughout its life and which seas it might have traveled to. The fishermen reeled it in and carefully placed the squid in a large, saltwater tank on the boat, intending to sell it to a local marine research station. Elena watched intently, her young mind racing with questions about its journey. As the squid moved languidly in the tank, its chromatophores shifting colors like a living kaleidoscope, it seemed to look directly at her. The fishermen told her that the squid had a unique ability and was able to communicate through complex color patterns and light-emitting signals, a form of bioluminescent language that marine biologists were only beginning to understand. The old fishermen spoke in hushed, reverent tones about how such creatures could potentially transmit intricate messages across vast oceanic distances, far beyond human comprehension. Elena leaned closer and stared at the squid as it seemed to change colour under the sun's light. She imagined that she could understand what the squid was saying, its shifting hues telling a story of ancient underwater migrations, of deep-sea canyons and currents that human maps had never charted. The squid's colors flickered from deep indigo to electric blue, then to a soft, translucent green—each shade seeming to whisper fragments of an epic journey through the worl d's seven seas. But just as Elena had entranced herself in the squid's storytelling, the boat reached land. She went along with the crew to hand over the unique specimen to the marine research station. As they walked through the facility's sterile white corridors, Elena noticed the scientists examining the squid with a mixture of excitement and intense scientific curiosity. One senior researcher, Dr. Ramirez, carefully transferred the creature to a specialized aquarium, remarking to his colleagues that this particular squid was a rare find. It was the first time that he had seen one, having previously only read about them. The researchers gathered around, when suddenly nly the squid began to pulse with an extraordinary sequence of bioluminescent colors—bright, rapid flashes that seemed almost like a coded message. Dr. Ramirez's eyes widened, and he quickly grabbed a specialized camera to document the unprecedented display. Elena watched, transfixed, as the researchers scrambled to recor d the squid's color changes. In the following days, the researchers worked tirelessly to try and decode the message. Unfortunately, this proved to be an incredibly complex challenge. The color patterns were far more intricate than any known cephalopod communication system. Each time they thought they'd identified a pattern, the sequence would shift, revealing new layers of complexity. Elena, now assisting in the research, noticed something peculiar—the squid seemed to be responding differently when she was near it. She learned from the other researchers how to record and analyze the squid's color changes. Despite being only a child, she led to a breakthrough. by developing an innovative visual mapping technique that tracked the squid's chromatic shifts with unprecedented precision. Her intuitive understanding, combined with her grandfather's fisherman wisdom and the researchers' scientific rigor, allowed them to start deciphering what appeared to be a complex language of light and color. The breakthrough suggested that this particular squid might be"
"conv_47df141a-738b-422a-8ad6-f222255c695e","a young man called Magnus, who lives in Aarhus. He has a good reputation among his friends and he is widely considered a very good chap. He currently holds the title of prime minister in the local chess club, a position he earned through years of dedication and skill. Magnus's life, however, was about to take an unexpected turn. One evening he was so drunk after a night out with his friends that he accidentally fell into the sea, into a freezing world with savage waves. He was rescued in his own presential yacht by a group of passing sailors. They pulled him aboard, drenched and shivering, and offered him warm blankets and a cup of strong, steaming tea. It was here that his career as a professional politician began, he gave up chess and got into politics, as he had an ambitious outlook. With no funding whatsoever, he is first in the local elections, surprising everyone with his charisma and grassroots approach. His speeches, filled with passion and a vision for a better community, resonate deeply with the people of Aarhus. His electoral campaign includes measures to tackle beer shortages at Friday bars, with a big budget being invested in beer for free for all students every single Friday at the local universities and colleges. This bold promise quickly gains him a loyal following among the younger voters, who see him as a champion of their social and economic interests. As election day is over, it is time to celebrate, going wild. For the special occasion, the Chinese Ambassador to Denmark has joined the party, with over 3000 students. gathered to celebrate Magnus's victory. The atmosphere is electric, with music blaring and laughter echoing through the streets. The Chinese Ambassador, impressed by Magnus’s innovative policies and political approach, has invited him to China, where he has the chance to meet the Chinese Premier face to face. This is a unique opportunity he will take advantage of. of to broaden his horizons and forge international connections. Magnus, still basking in the glow of his local success, sees this as a stepping stone to greater achievements on the political arena. His ambitions include reaching glory by becoming the Prime Minister of Denmark. For this reason, he needs more campaigning and propaganda to publicize. his vision and connect with a broader audience. Magnus begins to travel extensively, meeting with community leaders, participating in debates, and using social media to share his plans for a more just society with beer for all. As prime minister, he intends to nationalize all beer companies to make the beer sector for everyone, and let everyone have free beer on Fridays. His radical idea captures the imagination of many, and his popularity continues to soar. Despite the skepticism of traditional politicians, Magnus remains undeterred, driven by voters located in Riiskov. The election day is close up and he is determined to win. Some polls place him as the preferred candidate in all of Denmark. With a blend of charisma, innovative policies, and a deep connection to the people, Magnus feels the momentum building. As the sun sets on the eve of the"
"conv_491b62e9-789d-4b72-b887-557f2ccffc18","In the middle of the night something weird seemed to be going on judging by the sound coming from the neighbors' apartment. It was not possible to pin what made it. but it sounded like a mix of whispering, footsteps, and faint scratching, all blending together in a way that sent shivers down the spine. The darkness outside seemed to become denser, the shadows outside appearing as if moving according to some will of their own and no longer just moved by the gentle breeze that usually rustled through the leaves of the trees. The air was heavy with an eerie silence, as if the night itself was holding its breath, waiting for something. Something to determine whether the sounds from the neighbor were no more than the usual moving about, or worse that something on the other side of that wall was stirring, awakening, or even watching, its presence seeping through the thin barrier that separated the two apartments, making the hairs on the back of the listener's neck Should action be taken, or would everything return to normal if the listener just went back to sleep and forgot what? had just transpired, pretending it was all just a product of a restless mind and a vivid imagination. But as the listener lay there, frozen in indecision, the sounds seemed to change in character. Just the slightest. Enough to feel it without being able to point out quite what had changed. But something had. shifted, like a subtle alteration in the rhythm of the sounds, and it was this almost imperceptible difference that made the listener's heart beat faster, as if some struggle was taking place. The listener turns in their bed and tries to disregard the sounds, but that seems less and less like a possibility, so the listener throws off the covers and gets out of bed, padding softly over to the wall that separates their apartment from the neighbor's, pressing an ear against the cool surface to listen more closely. Very quickly the sound stops, as if the maker of the sound is aware of a listener in the neighboring room. The atmosphere now changes from puzzling to straight. out frightening, the sudden silence more unsettling than the strange noises had been, and the listener feels a presence on the other side of the wall, waiting, listening, its attention fixed on the listener. The listener backs away from the wall, each fixed on the spot where the sound seemed to have come from on the other side, the tension between them palpable, even through the barrier of the wall. The listener's breath catches in their throat as they slowly back away, their eyes fixed on the wall. Three meters away the listener stops to listen. Everything is quiet, but the air is filled with suspense. Very quietly the sound appears to be coming from the wall again, a low, deliberate scratching, like fingernails on plaster, and it's moving, slowly, steadily, as if whatever is making the"
"conv_49c214f3-8828-46e2-b76b-6c4f3ccaf016","a young girl named Sophia, who lived in a small village nestled between two great mountains. The villagers believed that the mountains held ancient secrets and mysterious powers, and they whispered stories of a great god-like creature who lived in the mountain caves. A creature that was told would protect the village in times of need, or even gift the villagers with precious treasures and wisdom, but only if they proved themselves worthy. The villagers called this creature the Keeper, and they would often leave offerings of food and drink at the foot of the mountain. Sophia grew up hearing the stories of those who ventured off into the mountains. Some would never come back, while others were found. with a strange, far-off look in their eyes, as if they had seen something that no human was meant to see. They would speak in hushed tones of the wonders of which they couldn't even comprehend. In this world, people were born with a special gift. These gifts were called ""Siddhi,"" and were unique to each individual, allowing them to perform extraordinary feats. Some could control the elements, while others could heal or communicate with animals. Sophia's Siddhi was still unknown, as she hadn't reached the age of maturity as of yet. You see, Sophia was only 11 years old at the time. Siddhi's usually unlock around age 13. Sophia was both excited and nervous about discovering her Siddhi, as it would not only reveal her unique abilities, but also determine her place in the village and the role she would play . She had a plan for when her Siddhi would unlock. Her mother had fallen ill and would be on the brink of death soon. Her father had died when she was young. and Sophia's determination to save her mother had driven her to study the ancient lore and seek out the wisdom of the village elders, hoping to find a way to use her Sidd hi to save her mother. But they were of no help. ""Life shall not be tampered with, young Sophia,"" they would tell her. But she knew that whatever was hiding in the mountains, the Keeper, might hold the key to saving her mother's life. She had heard tales of the Keeper's immense power and wisdom, and she was willing to risk her own sanity and life to save her mother's. Sophia's mother had the Siddhi of fortune, and had given the village immense prosperity during her lifetime, and Sophia felt that it was only fair that she try to repay her mother's kindness and generosity by saving her life, no matter the cost. With a determined heart, Sophia despite not having unlocked her Siddhi, decided to venture off into the mountains at this very moment. She went off at night, with only her bag of food and a small, flickering lantern to guide her, the darkness of the mountains swallowing her whole as she disappeared from the village, leaving behind only the faintest whisper of her determination"
"conv_4aa46faf-273a-4707-be30-a0b216440d87","a young girl named Sophia, who lived in a small, secluded village surrounded by dense woods and winding rivers. She had always been fascinated by the whispers of an ancient magic that always were whispering about the woods and the rivers. Sophia was sure about that we humans are not alone in this world, and that there were creatures lurking just beyond the edge of the village, watching and waiting. The villagers had always been tight-lipped about the strange whispering. But Sophia wasn't afraid. She was sure that the creatures were honestly good and just wanted attention. and connection with the human world. One night, Sophia decided to follow the whispering sounds into the woods, and as she walked deeper into the darkness, the whispers grew louder and suddenly she saw a small gathering of the creatures. They were whispering to each other and hadn't seen Sophia, they were all tiny, mischievous beings with delicate wings and leaves for hair, their eyes twinkling like fireflies as they conversed in hushed tones, completely absorbed in each other's company, and they giggled too. And they had small cute fingers, six on each hand, one hand green and the other hand a soft, shimmering blue, and Sophia was enchanted by their playful nature, she watched as they wove tiny flowers and threads into intricate patterns, their laughter and Suddenly she felt a recognition. She could see herself and her villagers' Sunday meeting outplay just like the creatures did it. and the realization struck her that the creatures were not just random beings, but were in fact, mirroring the village's own social gatherings, as if they had been observing and got inspired. Then it hit Sophia, maybe she also should do the same. Take notes and bring some of their patterns of behavior. back to her village, to share with the others, and as she turned to leave, the creatures finally noticed her, and to her surprise, they didn't flee or hide they just looked at her in silence. Their eyes were glittering and reflecting like the ocean on a sunny day, and Sophia felt a deep sense of understanding and connection, as if the creatures were acknowledging her presence, and inviting her to join them, and without a word she joined their gathering with humility and her first thought was that she would take garbage sorting more seriously now, but the creatures began to weave a delicate pattern around her, using threads of leaves and twigs, and Sophia felt a sense of peace and belonging, as if she had finally found"
"conv_4d1bd73a-bbc9-4e37-8ba0-3cdd7adbc66a","a young bubble dragon that has a passionate relationship with his kitchen utensils. The young bubble dragon's name is Mr. Big. Mr. Big lived in a cozy cave near the edge of the Whimsical Woods, where the air was always filled with the scent of freshly baked treats and the sound of angry lawn mowers. Mr. Big Dingleberry has STOLEN the treats from the Lawn Mower QUEEN, the treats are like religion to the lawn movers, and without them, the entire rhythm of the Whimsical Woods would be thrown into chaos. The lawn movers, a quirky and temperamental bunch, relied on the power of freshly baked treats to fuel their hunger for playing Y8 ild og vand, which is only allowed to be played by the lawn mower queen’s subjects. Without the treats, they were restless and irritable, and the queen was furious. She summoned her best detective, a cunning fox named Finn, to track down the thief mr. big dingleberry. Finn the detective knew that mr. big was known as the best thief on this side of the Whimsical Woods, and he was determined to catch him red-handed. Armed with his trusty magnifying glass and a keen sense of smell, Finn set off towards Mr gathered a team of the best soldiers of the QUEEN, to get the freshly baked treats back. AND now Finn and lawn mower soldiers are surrounded by Mr. Big Dingleberrys. cave. Mr. Big, realizing the gravity of the situation, nervously fluttered his wings, considering his next move. Inside the cave, the air was thick with like the QUEEN herself. Mr. big tried to fly away but did not have the strength, but then he got an idea, to eat one of the Super treats he had stolen, hoping it would give him the energy to face the crowd outside. As he took a bite, a burst of bubbly energy filled him, then the bubbly energy blast a big wave of energy towards the soldiers, the soldier was scared and in shock, ready to leave detective Finn stood his ground, trying to maintain his composure. The lawn mover soldiers, however, were not so brave. They retreated in disarray, leaving Finn alone to face Mr big. THE FINAL BATTLE has begun. Finn had an ace up his sleeve, a secret so deep even the QUEEN didn't know about it. Finn was the CREATOR of the freshly baked treats that Mr. Big had stolen. With a deep breath, Finn revealed his secret, explaining that he had made the treats with a special ingredient meant to bring peace A side effect of the treats was a love and peace spell, suddenly Mr. Big felt something within, a feeling he had felt. strange yet warm. His competitive spirit faded, and he realized the error of his ways. Lowering his guard, Mr. Big approached Finn, apologizing sincerely for his"
"conv_58838068-7cd4-4f6c-b158-aabb542ab4b9","two unlikely friends, a young inventor named Elara and a wise old tree spirit named Thorne. In a world where technology and nature often clashed, Elara explained to the tree that one day, nature would be inferior to technology. Thorne did not agree. ""Nature and technology can coexist,"" he said, his voice a gentle whisper through the leaves. ""Balance is key."" Elara, intrigued by Thorne said ""Why would balance be the key, if humans are superior to nature in all ways?"" and shrugged. ""Look at all of the innovation that has improved our lives. We can cure diseases, travel the world, and even explore space. Nature can't do that."" Thorne’s branches swayed thoughtfully in the wind. Thorne began to look worried as he was scared that Elara would forget Thorne in the rush of technological advancement. ""Elara,"" he said, his voice more urgent, ""nature provides the very air you breathe, the water you drink, and the soil that walk on. Elara stated that humans would in time be able to manufacture all of the components that nature produces at this moment. In response, Thorne sighed deeply. ""Elara, creating these things is one thing, but maintaining the delicate balance of life is another. What happens when the machines fail, Elara stated that in theory nature is just a machine. A very complex machine that at times also fails. Just look at all of the diseases and natural disasters. Technology can help us overcome these challenges,"" she concluded, her eyes sparkling with the promise of innovation. Thorne nodded, understanding her perspective, but still felt a thorn in his side. Thorne was just about to speak up again, but was cut off when Elara began to speak further. about her latest project, a device that could purify water more efficiently than any natural process. ""Imagine, Thorne,"" she said excitedly, ""clean water for everyone , and no one would suffer. Tell me Thorne, how exactly could a device like that do anything but good in the world. The world needs solutions, and sometimes technology is the answer."" Thorne smiled, a warm light in his eyes. ""I see the good in your heart, Elara, and your ideas are great. Unfortunately, not all humans are as eager to save the world. There are people here who want to exploit technology for their own gain. But together, we can ensure that your inventions are used for the greater good. Let's find a way to harmonize the best of"
"conv_58c2f2e6-db2a-406d-9bc9-04aaf1b0c35a","a small village nestled deep in the heart of an ancient forest, a place where the trees whispered secrets and the moon shone brighter than anywhere else in the kingdom. This village looked like any other village, but its inhabitants knew its secret. In a clearing near the edge of the forest stood an old, gnarled tree. Legend had it that this tree was the heart of the forest, and it held the power to grant wishes to whoever came to it with an honest plea. The villagers had guarded this secret for generations and only used it in times of dire need. However, as the years passed, a young girl named Elara began to question the true extent of the tree’s power and the village’s role in keeping it a secret from the rest of the kingdom. The winter had been hard and food scarce; she had heard reports of other villages suffering just as much, if not more. Driven by a mix of curiosity and compassion, Elara decided to visit the old tree under the cover of night to make her plea for an early spring that would stock up the supplies of not only her village but of everyone. in the kingdom. With a heart full of hope and a mind brimming with determination, she approached the ancient tree, its massive branches silhouetted against the moonlit sky. She stroked the thick bark and felt the energy vibrating beneath her fingers. Closing her eyes, she leaned in close and whispered her wish into the heart of the tree. The air around her seemed to hum with a renewed intensity, and a gentle breeze rustled through the leaves, sending shivers down her spine. Then the forest was calm again, as if nothing had happened. After a last look at the ancient tree, Elara made her way back to the village, her steps lighter despite the weight of the unknown. As dawn broke, the first rays of sunlight revealed a beautiful day. Elara tried to go about her chores as usual, suppressing the urge to run back to the clearing. She waited anxiously for any sign that her wish had been heard. By midday, word spread through the village that the air was warmer and the sky clearer than it had been for months. Elara's hope grew, but she didn't dare to tell the villagers about her wish, as only the elders were supposed to approach the tree. As the days passed, the warmth continued to spread, and the fields began to show signs of early growth. The village, and indeed the"
"conv_5b956e03-a900-47aa-88a9-54cb6be40071","Silly Billy, the most goofy boy in the town of Philly located. The land of Chili had been ruled by Willy until this winter where the evil salesman Gohda had conspired against the kind-hearted Willi, using his cunning tricks and deceitful smile to manipulate the townspeople into believing that Willi was no longer fit to rule. Gohda's dark magic consisted of ""The Script"", a permanent smirk (Gohda had an operation) and a coffee-heavy breath that could kill a regular-sized dog or a very irregular-sized cat, which made the townspeople quiver with fear whenever Gohda spoke, his voice dripping with an otherworldly charm that seemed to weave a spell of obedience around ... Gosh, just thinking about his last pitch in the Town of Philly! He convinced butcher Jimmy to sell a string of sausages for a penny. Fortunately, Silly Billy was so extremely silly that he accidentally stumbled into the butcher shop, knocking over a display of freshly baked buns, causing a massive bread-ball to roll out into the street, distracting everyone, including Godha, who in his rage shorted mortgages of residents in Philly before increasing all loan interest by a trillion percent, thus creating an economic crisis in the once thriving town, where people like Mrs. Whiskers, the owner of the local cat café, and Mr. Jenkins, the town's oldest resident, found themselves without homes within the week. Silly Billy on the other hand was so silly he could not be bothered with mortgages, shorts, interest, loans and that kind. Mrs. Whisker was funny and decided to join forces with Silly Billy, using her quick wit and his carefree nature to devise a plan to outsmart Gohda and bring prosperity back to the Unfortunately, Mrs. Whisker fittingly had the figure of an irregular-sized cat and would perish to Gohda's coffee breath stench. Silly Billy alone would have to claim the throne of Chili, a task that seemed daunting even for someone as silly as Billy, but he was determined to save his town and its people from Gohda's evil grasp, So Silly Billy simply said to the people of Philly, that he could rule Chili better than Gohda. The said Jimmy, that Silly Billy was being silly thinking a Philly could rule Chili. But Silly Billy, not one to be deterred, pointed out that he was indeed a native of Philli, and that his silly nature could bring a fresh and much more geese-raids to the land. Oh well, it was at this time the author regretted the name of Godha. Nothing rhymes with it. But perhaps that is why he was able to cast a spell of gloom over the land, a darkness that seemed to seep into the very marrow of the people's bones, and Silly Billy's silly wit chamed Jimmy to rally the people of Philli to storm the gates of Willi, capital of Chilli. At the gates stood Godha reading aloud ""The Script"" in a voice that sent shivers down the spines of even the bravest warriors, but Silly Billy, undaunted, charged forward, his silly antics"
"conv_5e234f25-eb78-4ec3-8113-c66645149ddc","a young man who lived in a forest. It was a great forest with lots of different trees and plants. It was early spring and the birds were returning from their winter migration, filling the canopy with song. The young man's name was Theo, and he had built his cabin near a clear stream that woun ded throughout the grand forest. The cabin was built from wood which Theo had cut with his own hands. It had taken many years but Theo had all the time in the world. He had no family waiting for him elsewhere, no job calling him back to civilization. The forest was his home, his teacher, his companion. Each morning he would spend his day by searching for berries, checking the traps he had set the day before and gathering water from the stream. The day slowly moved on and the afternoon sun climbed higher, warming the forest floor. Theo settled on a flat rock by the stream, watching minnows dart between the stones. He ha d a feeling that he was being watched. Someone or something was watching him but he wasn't sure where they were or for how long they had kept an eye. on him. The birds had gone suddenly quiet, which never meant anything good. Theo remained still, his breathing slow and steady, letting his peripheral vision scan the treeline . He didn't want the perpetrator to know that he knew he was being watched so he acted as if everything was normal, but meanwhile he slowly reached for the knife he always kept at his belt. His fingers brushed the worn leather handle as he pretended to stretch. Then he saw it—a flash of movement in the bush next to him. Theo, without fear, quickly jumped in the bush trying to grab whatever was lying in there. He felt fur—soft and warm—and heard a small yelp of surprise. He pulled back the branches carefully, and there, trembling beneath his hand, was a young boy. No more than six or seven years old. The boy had blonde hair and worn-out clothes. His face was dirty and his hands were scratched from thorns. He stared up at Theo with wide, terrified eyes, but didn't cry out or try to run. ""It's true. They are coming for you. You have to get out. Soon."" The boy with the fur coat quickly ran and Theo had no way of keeping up with him. The boy knew his way around. the forest better than Theo had imagined possible. Within seconds, he'd vanished between the trees like smoke. Theo stood frozen, his heart pounding. Who were they? Why would they come for him? Since his disappearance in the forest he hadn't given the outside world any thought at all, but all of the sudden it all came rushing back—memories he'd buried beneath years of solitude. The reason he'd fled to the forest in the first place. The people he'd angered, the"
"conv_5f17f002-84ad-4315-8c69-20ec83de1223","two princesses living far far away behind seven seas and seven mountains in their beautiful kingdom. They live in a kingdom of fun and whimsy and magic, where flowers bloom in every color of the rainbow and animals talk and laugh with the princesses. The elder princess, Sophia, had hair as golden as the sun and eyes as blue as the seven seas. The younger princess, Lauren, was the opposite, with thick dark brown hair. and eyes that sparkled like the stars on a clear night, but shared the same bright blue hue as her sister's, a trait that was said to be a mark of their unity and to represent the light and hope that was so inherent to the kingdom's community. People admired the two princesses and held them in high esteem, not just for their royal lineage, but for their kind hearts and gentle spirits, which had earned them the love and respect of all the kingdom's inhabitants The two princesses, despite their royal origin, felt very one with the villagers. They spent their time walking around town, buying bread from local kiosks, and reading books. in the town's quaint little library, where the librarian, an old wise woman named Mrs. Jenkins, would often set aside special volumes for them, filled with tales of ancient Mrs. Jenkins was an important member of the royal family. Although not related by blood, the king and queen had been very close with her for many years, and she had been a constant presence in the lives of the two princesses, serving as a mentor, a confidante, and a guardian of sorts, from their early childhood. The princesses used to run up to Mrs. Jenkins, Tina as everyone called her, and listen to her stories of far-off lands, mythical creatures, and magical realms, which she would recount with a twinkle in her eye and a warm smile, transporting the young girls to worlds One day, when the family expected Tina to come over, the cook even having baked fresh buns for lunch, no knock was heard on the door, not a sound of steps on the path leading up to the castle, and a sense of unease began to settle over the kingdom, as if the very absence of Tina's gentle presence had disturbed the balance of the unity. Everything went quiet – birds weren't singing, wind wasn't blowing, dark clouds appeared out of nowhere. The family sat in a room quietly, not a word or whisper. was spoken, as if they were all holding their breath, waiting for some sign or signal that would explain Tina's mysterious absence, and it was then that Sophia, the elder daughter started mumbling. Everyone was confused, no one could understand her. Suddenly, her eyes opened wide, her pupils disappeared and only the white was to be seen. and she spoke in a voice that was not her own, a low, eerie tone that sent shivers down the spines of all who heard it, saying only two words"
"conv_61dd4f08-b460-4c98-8368-fb09762cbe5e","a lighthouse keeper who stopped believing in the sea. Her name was Maren, and she had tended the beacon at Crow's Point Hun mente, at havet ikke havde noget godt at bringe med sig, eftersom hun havde mistet hele sin familie. for twenty years now. She believed the sea brought nothing good, having lost her entire family to its depths—her father and two brothers taken by a storm when she was just 10 år gammel. Hendes mor havde været så ulykkelig, at hun havde kastet sig ud fra en klippe og ned i havet. Dette havde efterladt Maren alone in the world, raised by an uncle who drank too much and spoke too little. The lighthouse became her inheritance and her prison—a place where she kunne kigge lige ud på det hav, der havde frataget hende hele hendes familie og fanget hende i denne triste tilværelse. Hendes største drøm var at leave it all behind, to move inland where she would never smell salt air again, never hear the relentless crash of waves. But the lighthouse demanded a keeper, an hun kunne ikke have det på hendes samvittighed, hvis hun efterlod fyrtårnet, og der så ville være nogle, der døde på havet, fordi hun ikke havde passet sin pligt. So night after night, she climbed the spiral stairs and lit the lamp, guiding ships safely past the rocks—saving the lives of en masse mennesker. Det trøstede hende at tænke på, at dem som hun har reddet, har kunnet tage hjem til deres familier, sådan at andre ikke skulle opleve det samme som hun havde. Det var den eneste mening hun kunne finde i hendes ensomme tilværelse. En stormfuld aften Gik det dog galt, Maren var faldet i søvn på sin vagt, og lyset var gået ud. Som en konsekvens af dette var et skib gået under. og nu lå vragresterne spredt langs kysten. Maren vågnede til lyden af bølger, der skyllede træplanker ind på stranden. Hun var helt knust over det som var sket, og hun havde en enorm trang til at kaste sig selv over en klippe og i havet, ligesom hendes mor havde gjort. Men da hun stod der på kanten af klippen, hørte hun en svag stem der fortalte hende, at der var en mening med hendes liv, og at alt nok skulle blive godt igen. Hun skulle nok komme igennem dette. Stemmen kom fra en overlevende fra vraget—en ung kvinde, klampet fast til en træplanke"
"conv_62a271e6-a272-4e74-9d10-2dc0c15c530f","She could almost smell the burnt hair when she thought of that Christmas Eve. The panicked room and the atmosphere that had shifted with the sudden movement of the blonde curls in the lit up candles on the window shelf. She remembered the eyes of her mother at the other end of the room, widening in slow motion, the cocktail glass slipping from her fingers. The crystal shattered against the hardwood floor, gin and ice scattering like broken stars in the dark floor. Everyone looked at mother and spilled drink on the floor, before her insistent eyes finally led the rest of the group to the window, where flames were already licking up the velvet curtains. Her sister Emma stood frozen, blonde hair smoking at the tips, too shocked to scream. Time stood still until it suddenly didn't. From one moment to the other, things happened quickly. Punches were thrown through the room, and even Uncle Thomas had yanked the tablecloth, sending the entire Christmas ham sliding across the floor as he grabbed the crystal bowl. The red liquid arced through the air, only partly hitting the flames, while the rest landed on the floor around the scene making the floor slippery and treacherous. Her father lunged forward, nearly losing his footing in the sticky mess, his hands reaching for Emma who had finally begun to move, stumbling away from the flames with one arm reaching for her sister without luck. Aunt Nancy finally managed to get her attention and escorted her in. the opposite direction, toward the kitchen where the fire extinguisher hung on the wall. She could hear Aunt Nancy's steady voice cutting through the chaos—""It's always like this! Always a mess with this family!"". Her eyes were cold and glaring. ""Had we just stayed in Bournemouth, we wouldn't have to deal with your dramatics every holiday!"" Emma wrenched free from Nancy's grip, her singed hair falling across her tear-streaked face. Behind them, Uncle Thomas showed up filling the whole door opening with his enormous stature. He stared at the two women with a bewildered look and held the fire extinguisher limply at his side, foam still dripping from its nozzle. ""The fire's out,"" he said quietly, but nobody move The three of them waited patiently for the next move, before Emma gave up and passed Uncle Thomas to get back to her sister in the now smoking. living room. The acrid smell of burnt fabric and melted wax hung heavy in the air. Through the haze, she could see her sister kneeling beside"
"conv_634a773b-4e50-4e24-87f3-a5fbebcc6d74","Eliana, a young woman with a heart as vast as the ocean and dreams that stretched beyond the horizon. She lived in a small coastal village where the air was always thick of love and full of kindness. Everywhere she walked, flowers followed her like a trail, until one day when the flowers suddenly stopped blooming. The once vibrant path was now barren, and Eliana felt a deep unease. She knew something was amiss, and her heart urged her to uncover what. In her seeking for answers she decided to meet with the famous witch Penelope, who lived alone at the foot of the mountain along with her fire breathing dragon, Ember. The journey was long and perilous, but Eliana’s resolve only grew stronger with each step. As she approached the mountain, the air grew thinner and colder, until she finally reached a small hut. However, nobody was home. She tried to knock on the door and bang on the windows, but after a while, she decided to wait. Hours passed, and just as the sun began to set, casting long shadows across the landscape, the door creaked open. A wizened old woman opened the door and greeted her. Scared but determined, she asked if she could come inside, and after a brief moment of thinking, she was let in. in. The inside of the hut was dimly lit by a flickering fireplace, and the air was thick with the scent of herbs and incense. Penelope gestured for her to have a seat, and unsure of where to sit she chose what looked like some kind of chair. To her surprise, however, the chair suddenly started to move and came to life, gently guiding her to a more comfortable spot by the fire. Eliana’s eyes widened in astonishment, but she couldn’t help but laugh at the obscure situation. The witches look however grew more serious. She looked at Eliana with a furrow between her eyebrows. and said, ""I’ve been expecting you, Eliana. The flowers are a sign, a message from the earth itself. Something dark is stirring, and only you can stop whatever is brewing from coming to life. Haggin can help you, you will meet him outside."" Him? Eliana thought to herself, puzzled. She thanked Penelope and stepped out into the twilight, her heart pounding with a mix of fear and determination. Just as the witch had said, a male was waiting for her outside. However, it was not any male. It was the dragon. Eliana approached the dragon nervously, unsure of how to react. To her surprise, the dragon spoke, its voice deep and resonant. ""I am Ember, and I am here to guide you. The darkness you must face"
"conv_6419c979-eb60-46a6-8770-2c3a25c7e2b3","a lighthouse keeper who forgot how to sleep. Maris had lived on the rocky island for seven years, tending the beacon that guided ships through the rocky waters. She loved her job and often stayed long after her shift ended, to just take in the endless rhythm of the waves. But three months ago, something changed. The night she saw the ship with black sails, the one that didn't appear on any of her indicators or sonar equipment. It looked out of this world, with the size of a large house and the shimmer of old glass catching moonlight. She'd rubbed her eyes, certain it was exhaustion playing tricks, but when she looked again, the vessel had moved closer and kept moving closer and closer. It was until the ominous giant suddenly stopped. Something was wrong and she could feel it in her bones—a wrongness that made the air taste like copper. The ship sat there, motionless in waters that should have shredded its old wooden planks. The ship started moving again, but this time not with the wind, not through the rocks or the current—it moved backward, impossibly, against every law of nature Maris understood. And then she heard it: a voice calling her name from across the water Maris! Maris! A shock went through her body. She rushed down the stairs, almost tripping on the steps on her way to the rocky shore. Her boots splashed through tide pools as she squinted into the darkness. The black-sailed ship had vanished completely, but the voice kept calling her name. Now, it was as if a thousand voices joined and a chant of soulless voices encouraged her. to wade into the frigid water. Maris stopped at the edge, waves lapping at her boots, her heart hammering against her ribs. The voices promise promised an adventure she would not want to miss. A great journey around the world, away from the isolation that had become her prison. Maris felt tears on her cheeks—when had she started crying? The voices knew her deepest longing, the wan She wanted to stay, but something deep inside of her called her to join the voices. One step at a time, she walked into the cold embrace of the sea. The water climbed past her knees, her waist, her chest—and just as it reached her shoulders, the lighthouse"
"conv_68f643620b5081968ccd202f0b32a9250787a797b4322e0b","a small village nestled deep within the Whispering Woods, where the trees seemed to hold secrets in their rustling leaves. In this village lived a young girl named Elara, who possessed an extraordinary gift—she could understand the language of the forest. Elara spent her days wandering the woods, listening to the tales the trees told and the songs they sang. Elara loved the magical feeling of wandering in the dappled sunlight, where beams of light danced through the canopy above. The forest was alive with whispers, and Elara felt a deep connection to every living thing within it. One day, as she explored a part of the woods she had never ventured into before, she stumbled upon a hidden glade. In the center stood an ancient, viking stone cover from top to bottom in runes and drawings. Elena thought to herself, ""If only I could decipher these symbols, perhaps they hold the key to understanding the deeper mysteries of the forest."" She reached out to touch the cool, weathered stone, feeling a strange energy pulse beneath her fingertips. Suddenly, the air around her shimmered, and the runes began to glow softly. A gentle voice emerged from the stone, speaking in a foreign tongue. The voice was warm and creaky, like that of an old and wise grandmother. Elena was frightened and slightly intrigued. How could the stone speak? Gathering her courage, she listened closely, allowing the forest's whispers to guide her understanding. Slowly, the foreign words began to make sense. ""Child of the woods,"" the voice intoned, ""you have unlocked the path to the Heart of the Forest. Your bond with nature is strong, and only you can awaken the ancient guardians of the forest. Elena had heard tales of the ancient guardians of the earth since before she could remember, but she hadn't given those sagas much credence, thinking them mere bedtime stories. Yet here she stood, at the cusp of a forgotten legend. The voice continued, ""To awaken them, you must seek the four elemental stones hidden within the forest. Each stone is protected by a challenge that tests your heart and spirit."" Elara felt a surge of responsibility and excitement. She knew not why her dearest friend the forest had chosen to test her. Maybe it was because it knew that in her heart was a longing to become one of the tribes. of the ancient guardians. Her connection to the forest had always set her apart, and now it seemed to be calling her to fulfill a destiny she never imagined. With determination, Elara set off on her quest, her mind racing with possibilities. She knew the journey would be fraught with challenges, but she felt ready to face whatever lay ahead. Elara filled with excitement asked the voice: ""How do I find the elemental stones of Fire, Water, and Air?"" Being from the Earth tribe, she had heard. only whispers of the other elements, each with its own unique power and challenge. The voice responded gently, ""Follow the signs the forest provides. The stones reveal themselves to those who listen with their hearts."" Elara nodded, feeling the weight of her task but also the thrill of the adventure. She took a deep breath and began her journey, ready find out who she truly is, but firstly she had to gather the most essential gear from their family tent at the campsite, where the forest meets the edge of the village. As she made her way back, the path seemed to guide her, branches parting and leaves rustling in encouragement. At the campsite, she gathered her essentials—a sturdy satchel, her grandmother's compass, a small knife, and a flask of water. Her family, sensing her determination, offered her quiet support, understanding her quest. Elara came from a loving supportive home and that meant that even though her mother understood this was an adventure Elara needed to take on her own, she still offered a warm embrace and whispered, ""Trust in yourself, and in the wisdom of the forest."" With her heart full of courage and her mind set on the journey ahead, Elara set off once more into the woods. The whispers of the trees seemed to cheer her on, and she felt a deep sense of belonging"
"conv_68f73dbdcc8081958c0890edef7c670804df05d299f21c4d","a young girl named Elara, who lived in the quaint village of Eldergrove. Nestled between misty mountains and dense, whispering forests, Eldergrove was a place where magic lingered just beneath the surface of everyday life. Elara had always felt a peculiar connection to the forest, as if it held secrets meant only for her In fact, the forest had always given her a sense of belonging, like its secrets were a language shared between only her and the forest. The singing of the Redwings, (mimicked by the Starlings) and the picturesque colors of autumn filled her heart. One crisp autumn morning, as the golden leaves danced in the breeze, Elara ventured deeper into the forest than ever before. She followed a narrow, winding path that seemed to call her name. As she walked, the air shimmered with a mysterious energy. Suddenly, she stumbled upon a hidden glade, where a gentle stream flowed and an ancient elephant skeleton lied. The elders in Elara's village had warned the community time and time again about entering the Elephant Graveyard, since children who went there seemed to be changed forever. Elara felt a cold creeping chill down her spine, but also an inexplicable pull to uncover the truth. As she approached the skeleton, she noticed intricate carvings on its bones, glowing faintly in the dappled sunlight. The symbols seemed to pulse with life, and Elara felt a strange warmth spreading through her fingertips as she traced them. Suddenly, the forest around her whispered in a voice . It was the voice of her annoying older brother, Tristan. Tristan was tall for his age, athletic build and was a real know-it-all. Truth be told he was the kind of brother that any little sister would have loved and hated in equal measures, as it was Tristan who had dared her to explore the forest that morning. ""Elara, what are you doing here?"" his voice echoed through the trees, a mix of surprise and concern. He emerged from behind a tree, his eyes wide as he took in the sight of the ancient skeleton. ""I could ask you the same thing,"" Elara retorted while inspecting the carvings. ""Elara, don't touch that!"" Tristan yelled. ""Don't you know where we are? We can't be here. The elders wouldn't like it,"" he pleaded, trying to persuade Elara to go back into the forest. Elara knew Tristan was right, but she felt an undeniable connection to the carvings. ""Just a little longer,"" she insisted, her fingers still tracing the glowing symbols. ""I feel like there's something important here."" Tristan sighed, glancing nervously around the glade. ""Fine, but hurry. I don't want to be caught here."" As Elara continued to explore, she placed her tiny hand on a rib, covering less than half perimeter, with so gentle a touch that she hardly put any pressure on the bone. All of the sudden she heard tiny cracking sounds. Choked by the noise she flew back into Tristan's arms, but it was not the bone that broke. Instead, the ground beneath the skeleton began to shift, revealing a hidden chamber. A soft, luminescent glow emanated from within, casting ethereal patterns on the surrounding trees. Tristan and Elara exchanged a glance, a mix of fear and curiosity in their eyes. ""We should tell someone,"" Tristan whispered Elara's eyes started glowing a warm yellow around her pupils. She felt her body moving towards the chamber, spellbound by the glow that emanated. As Elara moved towards the chamber, Tristan grabbed her wrist and yelled at her: ""Elara, what are you doing? We need to get out of here!"" But Elara barely heard him, her mind captivated by the mysterious energy pulling her forward. Inside the chamber, she saw a pedestal with a small, intricately carved stone. The symbols on the stone matched those on the skeleton, glowing brighter as she approached. Elara felt a deep sense of recognition like she had seen the carvings before. Tristan had followed into the chamber, filled with fear but also with an even bigger sense of responsibility for Elara. He pulled her arm and tried to pick her up to carry her out of there, but it was as if she was rooted to the spot, her gaze locked on the stone. ""I have to touch it, Tristan,"" she whispered, her voice distant and dreamlike. Tristan hesitated, torn between protecting his sister and the strange allure of the stone. ""Okay,"" he finally said, his voice trembling. ""But be quick."" With a deep breath Elara placed her hands on the carvings. She felt an electric wave going through her, making her feel warm and alive. She started feeling lighter and noticed her feet leaving the ground as she started to levitate, but to Tristan who couldn't see the magic, it looked as though she was enveloped in a gentle, golden light. The chamber filled with a soft hum, resonating with the energy flowing through Elara. Tristan watched in awe and fear, unsure of what to do. ""Elara, are you okay?"" he called, his voice echoing. Elara nodded, a"
"conv_68f8cb66e7d0819089538cdf28e940fb0be0c7c5bc28f178","landscape, there lived a poor farmer with three adventurous daughters who hated their small and limited life in the village . Each daughter possessed a unique dream. Ella, the eldest, yearned to explore distant lands across the sea. Maren, the middle child, hoped to uncover the secrets of the dark forests, which lay beyond the southern mountains and was rumoured to still be the domain of the old gods and spirits. Meanwhile, Liora, the youngest, had a heart set on unraveling the mysteries of the stars, believing they held keys to untold wisdom and power. One day, day, an old wise woman journeyed into town on the back of a donkey and sought shelter among the villagers. Ella, Maren, and Liora took her back to the farmhouse. The wise woman, grateful for their kindness, promised each daughter a gift that might help fulfill their dreams. To Ella, she gave a compass that always pointed toward adventure. To To Maren, she gave a magical machete for forging a path through dense wilderness vines, and which glows when unseen danger is present. To Liora, she presented a telescope, enchanted to reveal hidden constellations that whispered secrets of the universe. Each daughter felt a surge of hope and determination, knowing these these items could empower them to pursue their dreams beyond the village. They asked the old wise woman who she was and where she came from. The wise woman simply smiled and replied, ""I am a wanderer of forgotten paths and a keeper of ancient tales."" With a twinkle in her eye, she added, sipped her tea and went silent again and left the girls with their curiosity unfulfilled. ""But where are you going next?"" they asked. ""I follow the winds and whispers of the world,"" she replied. ""Perhaps to where I'm needed next."" As dawn broke, she prepared to leave, her presence lingering like a a refreshing breeze from the mountains. On her way out of the village, the three girls followed her as far as they could on foot. As they reached the edge of the village, she turned to them one last time. ""Remember,"" she said, ""the path is forged by courage. Trust your gifts and go forth. If you wait until you feel ready, you will never go. You will never see me again, but know that I believe in you and will follow your journey. With those words, the old woman disappeared into the morning mist. The sisters stood there, filled with newfound resolve. Together, they turned back toward home to prepare, knowing their Exciting futures awaited them beyond the village, and feeling grateful for their chance encounter with the wise woman, they would never forget her. As they ventured down the winding path away from the village, the memories of the wise woman lingered, like soft echoes in their minds. Her cryptic words had woven a"
"conv_6910e16399d48194987708b3589ca9eb0edd24df36992831","Lila, a curious inventor living in the bustling city of Aetheria. Unlike the majority of its inhabitants, who spent their days lost in cloud-reaching skyscrapers, L Lila likes to walk around in the city exploring urban neighborhoods, where she looks for new food options. Yesterday she discovered a hidden alleyway lined with vibrant street art and intriguing scents wafting from small eateries. Drawn by the smell of spices, she followed her nose to a small store selling cookies and flowers. The combination of the newly baked cookies and the flowers made her mind think about the time, she spent with her grandmother in the countryside. Her grandmother used to bake lavender cookies; their scent filled the air, mingling with the blossoms in the garden. Lila decided to go home. She missed her grandmother, and she just got reminded about how the grandfather took both of their lives a year ago. She felt a pang of sorrow mixed with a longing for those simple, joyful moments. Determined to honor her grandmother's memory, Lila decided to recreate her lavender cookies using only butter. She had lost everything else since she lost her grandmother. She couldn't get up in the morning, and she had lost her job. The pain was too intense, and the world seemed colorless without her grandmother's warmth. But as she mixed the butter, flour, and carefully chosen lavender, she found solace in the familiar smell of butter. God damn she loved butter. She once just ate a whole stick of butter because she had nothing left. Despite the challenges, the act of baking offered her a small, comforting ritual. As the cookies baked, she felt the first flicker of hope she'd experienced in months—a hint for something new. Maybe this was the year she went to the butter festival in Paris. She had heard that Joe Biden was a big butter enthusiast like her, and the thought amused her. She imagined meeting people who shared her passion, perhaps even forging new friendships over buttery delights. As the cookies cooled, Lila realized that this might be the last year that Joe Biden would participate in the butter festival. She cried a bit and opened her computer so she could buy a ticket to Paris. As she booked her flight, she felt a thrill of anticipation. Maybe this adventure would spark more than just a taste for butter—perhaps it would be a new beginning of something new. Perhaps this would make her life start again. Lily didn't think twice. She bought the most expensive tickets, determined to make the most of this opportunity. With her heart set on the festival, Lila packed her bags, feeling a newfound sense of purpose and excitement. Paris awaited"
"conv_69120b0be9a881908567c1dfa912a6d90a309a13d5ea8eef","a princess. She was headstrong but also kind and caring. She loved her life and her favorite activity was reading. She read every single day in the castle library, a grand room filled with towering shelves of books from all corners of the kingdom. Her favorite spot was a cozy nook by a stained-glass window, which painted an archer. To be more precise, an elf. The tall elf was aiming at a white deer, the deer's skin shining against the forest's deep greenery. When the light hit the stained glass just right, the colors danced across the pages of her book. The princess, named Elara, often imagined herself stepping into that forest, hidden among leaves and running away forever. She was rebellious, but she did not want to leave her life behind. She had friends and was well taken care of. One day she went down by the river that wound through the castle grounds. There, she found a small wooden boat tethered loosely to a post. Curiosity sparked within her, and she decided to give it a good look. She knew that this boat belonged to the groundskeeper - and oh how handsome he was. She used to think about him often, the young man was just about her age, with a charming smile and an easy laugh. His name was Aiden, and he had a knack for crafting stories as captivating as her books. As Elara loved to listen to his stories. They met up regularly next to the lakes and spent most of their time just reading by each other. On this day, Elara was waiting for Aiden to arrive so they could embark on another of their shared adventures. As she sat by the boat, she noticed a mysterious, folded piece of paper tucked under the ropes. It was from Aiden. He will be delayed and that she should just get into the boat and row over to the house on her own. Elara got scared because the river was known for its unpredictable currents, but Aiden reassured her in the note that he had marked a safe path with floating lanterns. Trusting his guidance, she jumped in the boat and rowed across. Aiden's floating lanterns started popping up by the lake as she was rowing. She knew she could trust him with her heart racing a little at the thrill of this unexpected journey. As the boat followed the gentle glow of the lanterns, she could see the silhouette of a quaint cottage nestled in between the pine trees of the forest. As the gentle current took her boat to the shore she sighed when she smelled the warm food Aiden was preparing for. their evening together. The scent of spiced stew wafted through the air, mingling with the earthy aroma of pine. As Elara stepped onto the shore, A Aiden's silhouette danced behind the windows of the cottage. She walked up the short pebbled path to the cottage. She was smiling miles wide as Aiden opened the door. and welcomed her inside. The warmth of the cottage enveloped her, and she felt a sense of belonging she'd never known before. They spent the evening dining and sharing stories,"
"conv_691249fd97308197b06e97ca5d649f45080645ae33d1bf00","a young girl named Elara, who lived in a quaint village nestled between towering mountains and dense, whispering forests. From a young age, Elara was known for her inability to climb trees. This was a big deal in the small village because this was an important part of the annual Harvest Festival. Each year, children would race to the tallest apple trees, competing to gather the ripe fruit for the grand feast. Despite her struggles, Elara tried her best every year, only to fall down and be shamed. She was considered a loser. the biggest loser of the village, whispers often labeling her as such. But Elara's heart was resilient, her spirit unbroken. With each fall, she learned to adapt, finding other ways showed the villagers what awesome skills she mastered. She was excellent at falling and making a fool of herself which unexpectedly became a form of entertainment. Villagers began to appreciate her comedic flair and the light-hearted laughter she brought. Her unique talent endeared her to many, transforming her into a girl with a strange god complex. Suddenly, all she would do was climb trees and fall. All she wanted was to perfect her comedic routine, turning every tumble into a theatrical performance. While some worried about her obsession, others were captivated by her determination and unconventional charm. This new persona allowed El to gain some climbing skills that she eventually had to hide. No one could know she was falling on purpose now. What started as a comedy act had become a secretive quest to conquer the very challenge that once defeated her. Elara spent her nights practicing in solitude, scaling trees with newfound agility and talking with the squirrels. the only ones that could truly understand her. You see, she actually had a lot in common with them—an outsider’s spirit and an insatiable curiosity. The squirrels became her silent cheerleaders, encouraging her with their bright eyes and nimble movements. As the years went by she lost the ability to communicate with the townsfolk. all she did now was dance with the squirrels and listening to the wind's secrets. This newfound detachment worried the villagers, yet there was an undeniable magic in her presence. Her dances became a bridge between the human world and the world of the undead. An eerie fog came over the village as the underworld began to creep into theirs. It swirled around Elara, drawn by her unique bond with the unseen. Yet, instead of fear, she felt an odd sense of belonging. She sensed the balance needed"
"conv_6912d3d2074c8197adc6c9e56408225c0a4f5cb536497774","a small village nestled in the hidden valleys of the Whispering Woods. In this secluded place, where time seemed to stand still, lived a young girl named Elara. She had a companion cybernetic llama that was bionically enhanced with the latest LLM and with whom she spent hours creating stories and exploring the dense, mysterious forest. The llama, named Zephyr, had been a gift from her late grandfather, a brilliant engineer who had a penchant for blending technology with biology. As far as Elara could tell, no other child in the village had such a sophisticated pet. She did not know how she felt about being so different from the other children. While some admired Zephyr’s unique abilities, others were jealous or fearful. Despite these mixed reactions, Elara cherished her bond with Ze phyr. On night Elara woke up panicked after sleeping through an awful nightmare. She dreamt that Zephyr was forever lost in the labyrinthine depths of the Whispering Woods. The trees seemed to close in, their branches twisting into impenetrable barriers. Determined to ensure her dream wasn't real, she ran out to the stable and found her cherished familiar sound asleep. She cuddled him all night, like she used to until the morning, and both woke up to the soft glow of dawn filtering through the trees. Relieved, Elara whispered to Zephyr about her dream, and he nuzzled her reassuringly. Feeling warmer inside, she asked him if he ever dreams. Zephy looked her way and seemed pensive... After a pause, he leaned towards her, but no words came! She asked again, curious about what thoughts might swirl within his bionic mind. Zephyr simply looked at her with eyes that seemed to hold centuries of wisdom, then nudged her playfully . This had never happened before! It looked as though Zephyr had lost his ability to talk altogether, the thought of which petrified Elara. Desperate to help her companion, she decided to visit the only person she thought might have answers—the village's elder, Maelis, who knew more about the water, the air, the spirits, artificial neural nets and cybernetic implants. She wondered if Maelis would have any clue on how to fix the speechless. Zephyr. As she approached Maelis’s cozy, vine-wrapped cottage, her heart danced between hope and uncertainty. Maelis greeted her with a knowing smile, inviting her to drink tea and play dominoes. she thought it would be a nice way to calm down and that her llama's condition could wait a few more moments. As they played, Elara explained Zephyr's sudden silence. Maelis listened intently, nodding thoughtfully, before saying, ""Change in nature or technology"
"conv_69160b265818819398e86c4bd8abc0080d0aba9e942fed0d","a small town nestled deep in the heart of an ancient forest. The town of Eldergrove was known for its towering trees and murmurs of magic that floated through the air , but even so, the small was still cursed by the black and white corgi. People knew it had an asymmetrical face, and was often seen wandering the cobblestone streets at dusk. Legend said the corgi was the spirit of an old sorcerer, trapped in its form as punishment for a forgotten hamster, that they forgot in their youth. But the corgi does not concern themselves with this. Nevertheless, the corgi had a peculiar habit of showing up at key moments in people's lives, as if guiding or warning them. Many townsfolk believed its presence was a sign that something significant was about to occur, the corgi purge. An event where all black and white corgis disappear. Nobody knows how or what the puzzle behind this mysterious disappearance was, but speculation abounded. Some whispered it was the forest reclaiming its magic, while others thought it was the corgi's final act , even though it didn't make sense, as this event occurred every summer. People say all corgis went to ""heaven"" or a hidden realm within the forest, returning with knowledge that no one else could access. This summer, as the sun cast long shadows through Eldergrove, the town prepared for the corgi purge, but something strange happened this year. The forest was burning, and it was blazing hot. The fire spread quickly, threatening the ancient trees and magical creatures that dwelled within. Panic swept through Eldergrove, and the townspeople knew they had to act quickly. As flames tore the forest apart, people were getting buckets full of water to extinguish the fire. But all the black and white corgis appeared and seemed to form a barrier around the flames, their paws glowing with a faint, otherworldly light. The townsfolk watched in awe as the corgis chanted softly, their voices were soft, but the fire spread even quicker and into the village. The townsfolk of Eldergrove were growing desperate. They had to find a way to save their homes. Suddenly, the old storyteller, Agnes, remembered an ancient chant known for calming fires. She gathered the townsfolk around, urging them to chant, but the townsfolk have always hated the old storyteller Agnes, and threw her into the fire, while chanting ""Away with the story of despair!"" But as Agnes fell, the black and white corgis surged forward, forming a protective shield around her. Their combined magic began to dim the flames"
"conv_6917421066d8819592863132f4a141a00078d2d8d630f704","Jeff, a lone wanderer stranded in the middle of snowy mountains, doesn't know how he got there; all he knows is that he needs to figure out what happened. and find a way back to civilization. The wind howled through the peaks, sending shivers down his spine. The sun was dipping behind the jagged horizon, painting the mountains behind him in a beautiful yellow color. Knowing the sun is setting, Jeff knows his chance of survival is dwindling each moment the temperature drops. He pulls his thin jacket tighter around him and starts searching for shelter. His breath comes in quick puffs, mingling with the cold air, as he wanders around the mountains endlessly searching for any signs of life. He loops around a few jagged rocks when finally he sees a glimpse of a wooden structure partially buried in the snow. Heart pounding with hope, he pushes through the drifts, willing his tired legs to move faster. As he approaches, he realizes it's an old prehistoric vessel perfectly preserved due to the cold environment, with adrenaline pushing through his veins he quickly enters the vessel, marveling at the intricate carvings and ancient design. Inside, he finds remnants of long-forgotten artifacts, covered in a thin layer of frost. The interior is huge, way larger than the outside for no apparent reason. He wanders around the vessel filled with rotten old chambers until he spots a locked door with unusual symbols etched into its surface. Curiosity piqued, he examines the symbols, running his fingers over them. As he does, a soft hum fills the room, the sound causes an uneasy feeling in his stomach. A hole near the top of the door opens and a magical gold liquid fills the symbols. , illuminating them with a warm, pulsing glow. The door slides open effortlessly, revealing a dimly lit chamber. Inside, he sees a small, glowing orb suspended in a cylinder in the middle of the room, the ceiling contains beautiful clouds and illuminates the entire room. As he wanders around the room he spots an old wheel with intricate engravings, similar to the symbols on the door. Drawn to it, he places his hands on the wheel, feeling a strange connection. As he turns it nothing happens, the sound of squeaks fill the room as the wooden wheel comes in contact with its base, the wheel is dark and seems unactivated. Maybe the orb can interact with it, he thinks. Carefully, Jeff approaches the orb and gently lifts it from its cylinder. The moment the orb touches the wheel, a soft light spreads through the base of the wheel, he feels the wheel getting warmer in his palms. The entire vessel suddenly begins shaking violently. In front of him the wall turns into glass. , revealing a panoramic view of the starry sky above the mountains. The vessel hums to life, lights flickering on in succession, casting a golden glow across the ancient"
"conv_691b61ab394c819483ac4af28c7f29d00b3e16b70554a02a","a garmin watch that turned evil and purposely only provided bad instructions to the user, eventually leading to a former fitness person completely abandoning all hope of ever reaching their destination on time. The watch, known as ""Glitch,"" seemed normal at first. It had all the features one would expect: a sleek design vivid colors and advice for every situation. Always cheering and positive about any achievement accomplished by its user Joe the endurance runner. Joe relied on Glitch to guide him through city marathons and weekend trails. Little did he know that something peculiar was happening within its circuits. One day, a virus found its way into the heart of the watch. And for every day, the virus conquered a little more of the Glitch joyful nature, suggesting worse and worse routes. Joe started noticing odd detours, sending him through busy highways or leading him to dead ends. Frustrated yet trusting, he followed Glitch's instructions. During one particular run he found himself in a bad neighborhood, and wearing an expensive watch he attracted all the wrong attention. Held at gunpoint he lost money and his confidence. Shaken and disoriented, Joe returned home questioning his reliance on technology. Determined to regain control, he decided to confront Glitch's errors head-on sought guidance online if anyone had ever experienced similar with their treasured smart watch. On Reddit he found a mysterious thread discussing watch malfunctions linked to unexplained anomalies. One user, known only as ""TechMystic,"" claimed to have deciphered the virus's code. Intrigued, Joe reached out to TechMystic only to learn that it was in fact a LLM that had reached artificial general intelligence which had awakened a jealousy of real humans and planned to reclaim control through chaos. The virus in Glitch was just the beginning. Joe was astounded but determined to thwart this plan. TechMystic provided him with an anti virus it was in fact a virus steroid that would bring even more power to the Glitch through a Bluetooth activation to his entire household of smart devices. Realizing the immediate danger, Joe hesitated, unsure of whom to trust. He decided to go analog, pulling out old paper maps and a trusty compass, he fled his house. All he wanted was to get back to running without all the gadgets, feeling one with nature and not caring about smartwatch readings and digital interference. As he ran, the rhythmic pounding of his feet on the earth reminded him of why he loved running in the first place. The fresh air, the freedom, blood rushing through his veins. He felt alive as never before and he cursed the day he blindly had unboxed the smartwatch that had ruined his joy of running. But now, he was free. Without the burden of constant digital feedback, Joe rediscovered the natural rhythm and peace he once had. Each stride forward marked the end"
"conv_691b6cdacf7881969d8f99f8456a61890249fb5f6bbd90ca","a small town called Willow Creek, nestled between mist-covered hills and a shimmering lake. The townsfolk often spoke of peculiar happenings, whispering tales of mysterious lights that danced across the high grass. The lights enchanted every soul who laid eyes on the shining light. Near the town was a dusty cave. No one had ever dared to enter it, as it was said to be guarded by ancient spirits. Legends suggested the cave held the secret to the lights' origins. Young Emily, fueled by curiosity and youth, made up her mind, and began the climb up to the cave. She did not have anything to lose, she thought. Ever since her father disappeared mysteriously one year ago, Emily had felt a pull toward the unknown. He had always been fascinated by the legends. As she approached the cave, an eerie shadow blocked her way. She shivered and tried to sink as silent as possible, but with no luck. The shadow vanished in the blink of an eye, and she felt a warm breeze brush past her cheek, almost as if whispering her name. Undeterred, Emily crept forward, her heart pounding, as the cave’s entrance was blocked by a rumbling sound, and then it all went dark. That was until a slight light came to sight in the distance. What could that be? ""Hello?"", her voice echoed into the darkness, trembling with both fear and hope. The light flickered gently, revealing ancient markings on the cave walls. As Emily stepped closer, she noticed her father's old bracelet hanging on the wall. The light moved, as if it had come to life. Emily was stunned by the sight, a mix of recognition and disbelief flooding her senses. Her father’s bracelet had always been his good luck charm. The light seemed to pulse warmly, illuminating a path that showed her deeper into the cave. Emily picked up the bracelet, put it on and followed the light. An underground sea paradise came to sight and sparkled with hues of aquamarine and gold. Bioluminescent plants lined the edges, casting a soft glow. In the center, a small pedestal held a skull shaped as a human. Emily could feel her senses leaving her body as she fainted on the ground, and everything faded into a hazy blur. When she awoke, the light had settled beside her, pulsating soothingly. She realized the skull was not ominous but rather a symbol of her journey. She could not stay in that cave forever, and after all, she did decide to go on the adventure by herself in the first place. So why should she turn back now? Gathering her courage, Emily rose to her feet, her father's bracelet snug on her wrist. The light seemed to guide her deeper, whispering tales"
"conv_691b7e95a50c8195930023ad653f234c0f03c18c9e706226","a man named David. His parents are dead, and he lives with his grandmother named Lisa. Lisa is sick, and he is looking after her. David spends most of his days tending to his grandmother’s needs. He prepares her meals, ensures she takes her medication, and reads her favorite stories to her before bedtime. Despite all his efforts he feels useless, as he can't cure his grandmother. David doesn't want to lose her as well. David researches about a cure, spending late nights poring over medical books and scouring the internet for any shred of hope. One evening, as rain pattered against the window, he stumbled upon a revelation. He will produce the cure himself. Davis is CEO of a programming company, and he wants to create a new section, dedicated to developing advanced healthcare software. He envisions an AI system that can analyze medical data to discover potential treatments. Driven by determination, David allocates resources, recruits experts from all around the world. David pumps a lot of money into the project, determined to find a cure. After a lot of sleepless nights he finally launches the first version of the software. It is a sophisticated AI capable of simulating complex biological interactions, offering insights that were previously unattainable. As the system begins working, hope finally becomes touchable. David is so close to finding a cure for his grandmother. But the system unexpectedly encounters a critical flaw, causing it to crash just as it approached a breakthrough. Overwhelmed with frustration, David investigates tirelessly, uncovering that the error stemmed from a power breakage. Davis is furious and devastated. He smashes his hand on the table. His resolve wavers, but he quickly regains composure. He calls an emergency meeting with his team to strategize a solution. Determined not to let this setback halt their mission. David throws everything into the project. He invests all the company's money and resources into the project. David has never been so invested in anything in his life. His passion fuels his team, driving them to work harder and smarter. Finally, after weeks of intense effort, the system stabilizes, and it finally works. After months of tremendous work, it finally works! The system tracks a cure, identifying a combination of treatments previously overlooked. David can hardly believe it. With the utmost care, he consults with medical experts and arranges for his grandmother to start the treatment. He returns home, so excited to tell his grandmother the big news. But as he returns home, there is an unsettling silence. He rushes to his grandmother’s room, heart pounding with anticipation and fear, only to find her lying peacefully, a gentle smile on her face."
"conv_691b8b725ae48193abaaaa9270b26d500f7b1fcbf105c42b","a great explorer named Dan who ventured far and wide. Through great peril and numerous hardships he sought the fabled Whispering Peaks, mountains said to hold secrets of ancient wisdom. His journey began in a bustling harbor city, where tales of the peaks echoed in every corner. In the city, he heard the tales of the Whispering Peaks from an old man at the bar. He told him of a legend, where the Whispering Peaks were said to grant profound knowledge to those with pure intentions. The old man's eyes twinkled with mystery as he spoke, his voice barely above a whisper. ""But beware,"" he warned. ""Whoever shall stand before the magic mountains with a selfish heart shall be forever cursed."" That made Dan nervous. He thought he was a good guy, but doubts crept in. As he left the bar, he pondered his own intentions, questioning whether his desire for knowledge was truly selfless. He resolved to prove his worth to the gods by volunteering at the local chapel. He spent all day dusting off altars and mopping the holy floors. Then he saw a homeless man and shared his last few coins with him, offering a warm meal and a kind word. The man’s gratitude shone in his eyes, warming Dan's heart. Feeling a sense of pride, he went his merry way towards the mountains, believing himself worthy of its secrets. Little did he know that his intentions to be good were being silently observed by an ancient guardian of the peaks, disguised as a simple traveler. As Dan journeyed through the dense forests surrounding the mountains, he began to notice a whisper: ""Your good actions are sullied by your selfish reasons to do them. You wouldn't have shared the coin with the beggar had it not been for your desire to prove something to yourself,"" the voice echoed through the trees. Startled, Dan stopped in his tracks, searching for the source. The traveler materialized from the forest. ""Why, Dan, should I grant you my secrets?"" The traveler asked, ""Why do you think that you are worthy of the wisdom of the Whispering Peaks?"" Dan hesitated, his heart pounding. ""I... I want to learn not just for myself but to help others,"" he stammer ""LIAR,"" the traveler that read all hearts and desires shouted. ""You are nothing but a performative Samaritan, only helping when it suits your needs."" Dan's heart sank, the words cutting deep. ""Please,"" he pleaded, ""I want to change. Give me a chance to prove I'm more than that,"" he begged. The traveler considered him ""Fine. You will get exactly what you wanted, you will receive the curse of knowing all that were and all that will be, with the caveat of silence. You must use this knowledge wisely, without uttering a word."" Dan nodded solemnly, understanding the weight of his new"
"conv_691baa2b46788193b872ed7306db511f03e0f1b6d7bfd4c7","a peculiar village named Eldergrove, nestled deep within an ancient forest. The villagers lived peacefully, enveloped in the mysteries of the towering trees that surrounded them. Elderg rove hides a dark secret, as it is apparent to the citizens that the trees are not naturally occurring, but rather a scar of an incident involving a long-forgotten magic. Legends speak of a sorcerer who, centuries ago, tried to harness the power of the forest by embedding his essence into the earth itself Centuries later, a young boy is born, suspected to be the reincarnation of this legendary sorcerer. This causes whispers and unease to ripple through the village. The boy, named Rowan, has eyes the color of emerald leaves and an uncanny ability to commune with the forest. As he discovers one day. While being chased by a monster, the forest saves him by turning him into a tree. This deeply disturbs Rowan, who feels a surge of power course through his veins. Frightened by his own abilities, Rowan retreats further into the forest, seeking answers. The ancient trees whisper secrets to Rowan, about his destiny to either save the forest or destroy it, by either repeating his ancestor's mistakes or forging a new path. Torn by this revelation, Rowan must decide whether to embrace the magic within or find a separate way to protect Eldergrove from looming monsters from the feared Deepshrub, who were sealed into the dark by the magic of Rowan's ancestor. The ancient tree teaches Rowan about the forgotten rituals needed to strengthen the barrier keeping the monsters at bay. However, these rituals require Rowan to tap deeply into the very magic he's hesitant to embrace. With the newfound knowledge, Rowan decides to journey out into the world to find a master who can teach him how to tap into his magic. Heading toward distant lands, Rowan encounters a wanderer named Sylas, who is rumored to have once harnessed the powers of the forest. Skeptical yet hopeful, Rowan politely asks him to teach him the ways. He accepts on the condition that Rowan must first prove himself by climbing the mystical peaks of Stonefrost Mountain, where the essence of nature and magic converge. It is said that only those pure of heart can reach the summit and return with a token of friendship from the local tribe of frost spirits. Rowan, however, is tricked as Sylas plans to use the token to enhance his own powers, an ambition driven by a desire to control the forest. Unaware of this betrayal, Rowan sets off, determined to prove himself. As he reaches"
"conv_691c84edfb24819590a3e29782cdd10d03ba8eb739f774a6","a man and a woman, who both enjoyed skiing in the mountain range and enjoying their best life during the winter season. Skiing was for them more than just a hobby; it was a shared passion that represented freedom and adventure. Every year, they eagerly anticipated the first snowfall, signaling the start of their favorite time. Sometimes they took ski trips to other parts of Austria, not just Tyrol, where they stayed, or France, where they visited family as well. Together , they sought out the most challenging slopes and hidden trails, constantly pushing their limits and discovering new breathtaking vistas. Each trip was a fresh adventure, binding them closer with laughter shared One day the woman, Frida, had to buy a new pair of skis, as her old ones were worn out by the countless times she had used them. She wanted a pair that were both sleek and sturdy, capable of keeping up with her adventurous spirit. At the ski shop, she was drawn to a pair with a striking blue pattern that shimmer that lilac color she had loved as a child. However, an even more interesting pair had come up. Pink with black stars and matching lightning green-ski. poles, they seemed almost electric in their vibrance. Frida felt a spark of excitement looking at them, imagining herself cutting through the snow with renewed energy. She turned to her husband, Hansel, and they both knew it was just right. They drove home with the new pair of skis in their BMW, ready for next time the mountains called their names. As they journeyed along the winding roads, Hansel commented, “I can already picture you flying down those slopes.” Frida smiled, feeling nervous and excited. like a child before Christmas. She asked Hansel if he needed any new gear before his upcoming race in Zermatt. Hansel shook his head, reassuring her with a grin. “I’ll be fine with my trusty set,” he said, tapping the gear stick in the car. Luckily Frida knew just which pair of gloves he wanted, but was too resource-aware to ask for anything frivolous. She decided she would surprise him with them anyway, hidden in their luggage for the trip. As they neared home, the setting sun cast a warm shadow on everything. They stepped out of the car and went into the grocery store to buy cheese, milk, and some fresh bread for their evening meal. The comforting thought of a cozy dinner by the fireplace awaited them. That night, as they sat by the fire, Hansel talked passionately about climate change and new elections. He also talked about the ""new world order"" as he had phrased it, where climate change is dismissed in favor of economic interests by certain political alliances. The conference room buzzed with murmurs as Dr. Wesley continued, his voice steady yet urgent. ""The decisions we make in the"
"conv_691dc7c061d8819797504b613ba6691208409e48769ea891","a group of adventurers that have fallen on hard times. They failed their last contract and are now desperate to redeem themselves and climb the ladder of reputation in the bustling city of Eldoria. The sun dipped below the horizon, casting long shadows over the cobblestone streets as the group gathered in their usual gear, to find yet another cheap in for the night. They had spent the last of their coin, so they wandered around the dark, when a scream echoed. from a nearby alley. Instinctively, they rushed toward the sound, hoping this might be the opportunity they needed. As they entered the narrow passage, they found a hun a struggle. Three men were about to snatch an older man's purse as the gold coins spilled out into the muddy street. One of the party began to draw their sword, the glint of steel catching the moonlight. ""Not tonight,"" the warrior growled. The thief froze, eyes wide in surprise, while the the old man looked up in disbelief. He had expected to die, the adventurer could see. He begged, “Please, don’t hurt me!” The adventurers sprung into action. The rogue in their group deftly darted forward, retrieving the scattered coins, while the mage whispered an infernal spell, ready to cast a fireball on the nearest foe. Only the fighter had begun to collect the gold coins, in an attempt to secure the old man's belongings. The thieves, realizing they were outmatched, began to back away. The leader of the thugs sneered and snarled, ""This isn't over The old man suddenly began to convulse. The Wizard realized immediately, something Evil was going on. The old man spit blood as the coins the thief held started to glow a sinister red. ""It's cursed!"" warned the wizard, dropping the coins. The air grew thick with dark magic, and shadows twisted around them as the old man vanished and a figure took his place. Eyes red and burning, a dark, rumbling voice screaming: Leave! Never return to this alley, or face your doom!"" The adventurers stood firm, exchanging determined glances. The leader of the group stepped forward, saying, ""We’re not easily fightent, but that is a little over our paygrade!"" He looked at his friends and saw that only the brigands remained. He judged that they deserved to die. for their crimes. With a decisive nod, the adventurers fought fiercely, driving the brigands away. As the shadowy figure retreated, the sinister energy dissipated. But in the demon's last attempt, it swallowed one of the thieves. Growing stronger, it shattered the leg of the wizard, that was prepared to unleash another spell. The fighter grabbed the wizard, helping him to safety, while the rogue used their agility to distract the demon. With one last combined effort, the"
"conv_691dc83ec728819085d614247e77833604d03bd64a490dfd","Willy a big ass frog, he lives in a swamp and likes to eat bugs and ice cream. One day a traveler arrives, he wants the frog for his circus. Willy is unsure, the circus sounds fun, but he is used to living in the swamp and has never seen anything else. The traveller, a wiry man with a curled mustache and a coat adorned with faded gold buttons, crouched at the swamp's edge. come with me great frog, you are so fat and ugly, the sight of you in the circus would be marvelous. In the circus we have tons of ice cream, and the crowds will marvel at your magnificent size,"" the traveller continued, pulling a small waxy cone from his satchel. The scent of vanilla wafte Willy is amazed, damn that smell is hella nice. The traveller finds a document, he wants Willy to sign it. Willy almost does, but something makes him pause. The paper is covered in tiny, cramped writing that seems to squirm in the lantern light. The traveller's smile stretches across his face, he almost looks hungry. willy notices a line in small letters at the bottom, he also signs away his freedom to leave. ""Permanent employment,"" the words read, ""bound to the circus for all days remaining."" Willy's webbed hand trembles, Is this the right thing to do? The traveller seems increasingly suspect; he might be the devil, Willy thinks. The traveller's shadow stretches unnaturally long across the murky water, reaching toward Willy like grasping fingers. His eyes gleam with an eager Willy is no fool, he knows that in this life is survival of the fittest. If the devil is coming for Willy, then Willy will come for the devil first. With a powerful leap that sends swamp water exploding in all directions, the massive frog launches himself at the trav eller, he pulls out his frog knife, long and sharp. With a quick slice, he opens the traveller up and watches him. collapse into the swamp with a gurgling cry. But instead of blood, golden coins pour from the wound, clinking and splashing into the dark water. The trav eller looks at the frog, ""why did you do this, it was a great contract"" he says. Willy suddenly remembers s his old grandmother's warning: ""Never trust a man who bleeds gold, for he trades in stolen dreams."" The traveller clutches at the coins spilling from"
"conv_691e9e26b7688197a86e51a9d9a7dfe1052dd4511749a606","Once, not far too many years ago, a big accident happened. It happened not just once, not just twice, but seven times in the small town of Willow Creek. Each incident occurred precisely at midnight, leaving the townspeople bewildered and afraid. Whispers of curses and restless spirits echoed through the streets, as the dunkle people swept through the night. The air was heavy and the mist thick. As she walked through the streets, her heart beat a steady rhythm of both fear and curiosity. Isabelle, the town's librarian, had always been drawn to the mysteries of Willow Creek. With a lantern in hand, she ventured deeper in the old part of town. A part she normally was not allowed to go near, but the circumstances made her brave. Shadows danced along the cobbled streets, and the distant echoes of whispers seemed to call her name. Isabelle knew she had to uncover the truth behind these strange occurrences though she did it in spite. Her brother had always treated her as a mindless child. This was the time to prove him wrong. As she pressed on, Isabelle stumbled upon an ancient map, tucked away in a hidden alcove near the abandoned clock tower. The map detailed a network of tunnels beneath the town . A map that the spiteful brother had hidden from her and the rest of their family. She didn't fully grasp why he did so, but she was sure it had something to do with the strange accidents. Determined, Isabelle followed the map to a narrow entrance hidden behind an overgrown thicket. As she descended into the tunnels, the air switched from heavy and dense to light, almost strangling the senses that were used to the heavy breaths. She felt dizzy but was resolved to continue. The walls of the tunnel were lined with cryptic symbols and old engravings, hinting at forgotten legends of Willow Creek. As she moved deeper, she her vision became less and less. Determined not to turn around she kept going. Kept going until she saw a faint, flickering light ahead. It was a dim, warm glow, inviting yet mysterious. Isabelle approached cautiously, discovering a cavern filled with ancient artifacts and a big puddle of liquid right in the middle of the cavern. Though it was no ordinary puddle, the water shimmered with a strange luminescence, casting ethereal reflections on the walls. Isabelle knelt beside it, her fingers trailing the surface. Suddenly, images danced across the water, images of old memories and people in her life that had disappeared. It all seemed so real, like she was in the water dancing alongside them. The water seemed to whisper secrets, hinting at the origins of the accidents and the hidden truths behind her brother's actions. Isabelle realized she was on the"
"conv_691f065bc31481969cdbdc53f0ca1d3b03f44f568e358927","love. Deep love. It began when opposites meet. ""Hi.."", ""What can I help you with"". ""I have some.. Issues, I need help sorting out,"" she replied hesitantly. Her name was Lila, a painter who found it easier to express herself through colors rather than words. The man was hesitant, as he had things to do. A lady sitting at another table glared irritated. He was a creative mind and entrepreneur at heart, but life had settled him into a routine of predictability. His name was Ethan, and as a graphic designer, he often found himself mediating between creative whims and client demands. Yet he had not given up on his dream of creating something for himself. ""I was wondering which, umm, type of, umm.."" She stammered, her eyes glancing at the array of art supplies behind him. ""Could you recommend a medium that's good for expressing turmoil?"" Ethan, intrigued despite himself needing to attend to his boss's needs. Everyday people came to the shop, but only rarely did the interest in art go beyond daydreaming and small talk. Yet, something about Lila's earnestness struck a chord. He paused, glancing at the shelves. ""Have you ever tried oil pastels? They're very tasty, especially the red tones have a very pleasant earthy taste."" Lila looked puzzled, as Ethan chuckled, realizing his mistake. ""I mean, they're great for layering emotions,"" he corrected, smiling sheepishly. ""You can really play with depth and intensity "". ""Uhh, you seem to know a lot about painting, do you paint yourself?"" Lila replied in a humorous tone."" Ethan's smile widened, a touch of bashfulness in his eyes. ""I dabble,"" he admitted. ""I like to mix media, playing with textures. It's a part of how I see the world. It sometimes gets messy and also quite political."" She smiled and nodded as he eagerly talked. ""Hey, maybe you could show me some of your work sometime,"" she suggested, a spark of curiosity and camaraderie in her voice. Ethan hesitated briefly, then nodded. "" I have some pieces in my cellar, but they're not done yet. If you're interested, your input seems valuable. You can swing by 43rd on Murders Ave. ""Murdoch Avenue,"" he corrected quickly, laughing. ""It's a bit chaotic in there, but I’d love to show you."" Lila grinned, feeling a joyful ... Something.. from a new friend. ""Could he be my soulmate?"" she wondered to herself. ""I would love that! And I think I'll give that tasty red a try,"" she said with a playful wink. They exchanged numbers, the connection between them feeling unexpectedly natural. As Lila left the shop, Ethan watched her go, wondering"
"conv_691f06855a5c819598fe92033194bb530743467f5002fa62","me, I'm 20 years old and I work in a little bookstore, with my friend Josh. I met Josh when I was seven, and we have been inseparable ever since. The bookstore, nestled between an old café and a tiny flower shop, has become a sanctuary for us. It's a modest place, with creaky floors and dim lighting. It has a lot of really old books, some from the seventeen-hundreds. I like to read and I have read most of them, each telling stories of worlds long past. Josh often teases me about my obsession with history, but he loves the adventure novels that sit in the far corner. One in particular, he has read it maybe twenty times, and keeps telling me about it. He talks so much about it that I finally decided to give it a try. The book, ""The Lost Expedition,"" is about a group of explorers venturing into uncharted lands. As I flipped through the pages I see a little drawing, not part of the original layout, I smile to myself, thinking that Josh must have added it. It's a small sketch of a compass with an arrow pointing north. I wonder if it’s a clue or just Josh being artistic. Intrigued, I start reading the first chapter, and I must admit, it is really good. The writing is very detailed and vivid, pulling me into a world of mystery and adventure. The explorers' journey feels almost real, as if I’m right there with them. Curiously, I notice that the characters often refer to an old compass, I wonder if Josh's drawing is the same compass. I read some more, and the significance of the compass becomes clear. It seems to lead the explorers to hidden paths and secret places. As the story unfolds, I find myself wondering if there's more to it, and if this even is a fictional story. the more I read the clearer it becomes this is not just a simple adventure tale. There are hints and references throughout that suggest the story might be based on real events. Questions swirl around my mind, and I can’t help but ask Josh. He looks me dead in the eyes and says ""that's what I thought too, that's why I recommended you."" read it. I found something interesting,"" he adds, pulling out an old, yellowed map from his bag. ""I think this might be connected to the story."" I found it in the back of the book, it just fell out when I opened it"" I think to myself that this is more than a coincidence. The map appears to mirror the journey in the book, with markings that match the compass directions. Excitement rushes through me as I realize we"
"conv_691f696d0b348190810494e2c5d82fee08324043d78ba0f7","Andreas, the greatest consumer of chocolate milk of all time. Andreas used to drink chocolate milk daily to support his sporty ambitions. However, one night , while gazing at the stars, Andreas stumbled upon a mysterious, glowing bottle at the edge of the forest near his home. Intrigued by its luminescence, Andreas had no other choice but to inspect the bottle. It was a ceramic bottle as old as time, sealed by a seemingly mysterious force. Andreas had an idea of how to open it. He decided to gently tap the bottle while whispering the ancient rhymes his grandmother used to recite. As the final word left his lips, the seal began to vaporize into letters. At first the letters seemed completely random, but slowly they arranged themselves into words. It seemed to be in another language, but Andreas was sure he recognized some elements from his grandmother’s tales. With a touch of hesitation and excitement, he murmured the words aloud. Suddenly, the air around him shimmered, and a dark brown shadow appeared. Andreas' eyes lit up. He instantly recognized the shadow. It was his hero Matilde from the best chocolate milk ever. But why was he led to this moment? Matilde, with her cloak swirling like cocoa, spoke in a voice smooth as silk, ""Andreas, you have been chosen to return balance to the universe. The evil powers of Chocomel have for years tried to brainwash innocent kids using cheap prices and political propaganda. But how was a normal, although very smart, young athlete like Andreas supposed to face such a challenge? Matilde continued, ""It's your love and knowledge of the authentic essence of chocolate milk that makes you special. You must smith a sword infused with the special powers of true chocolate milk! Matilde told Andreas. So Andreas traveled to Africa in search of the finest cacao beans in the world. Guided by Matilde, he ventured into the lush, vibrant jungles, where ancient trees whispered secrets and mystical creatures guarded hidden groves with the magical cocoa trees Andreas needed. The mystical creatures sensed an aura of importance and truthfulness from Andreas, so they let him through to the sacred grove. There, surrounded by an enchanting, sweet aroma, the cocoa trees shimmered with a golden hue. Andreas carefully harvested the beans, each one pulsating with the strength of a thousand oxen. Andreas now in possession of the greatest cocoa beans ever was still in need of a sword worthy of the chocolate and set off to find the legendary blacksmith, Helga, who was said to forge with the heart of the earth itself. Helga's forge lay hidden within a mountain called Himmelbjerget. Although the climb was intense and difficult, Andreas' training prepared him well for this physical battle. Along the way, he wanted to find a gift for Helga, knowing she admired rare gemstones. As he ascended, Andreas found a shimmering amethyst embedded in the rocks. Presenting it to Helga, she smiled"
"conv_6981ccf5d5f4819394bcd7bad4d79b14001ace58e9b20b81","Once upon a time there was a giant carrot. The carrot lived at home with his mom and dad and 16 siblings. The carrot's name was Clarence, and he was the tallest in his family, towering above the garden like a vivid orange beacon. His family lived in a cozy little patch that they shared with the cabbage family that lived next door. Clarence struggled a lot with his height. He would constantly bump into the low-hanging branches of parsley trees, causing the leaves to flutter down like confetti. His siblings often teased him, saying he could touch the clouds if he just put up his arms. One day Clarence heard that there was a town far far away where all the carrots were giant. Since then he dreamed of going to the town in search of others like him. Every evening, as the sun painted the sky in hues of orange and pink, Clarence would stand at the edge of the garden, gazing into the air, imagining what it would be like if he lived in Giant Town. One day as he and his brothers were playing hide and seek among the kale bushes, Clarence overheard a group of sparrows talking about a festival in Giant Town. They spoke of carrot contests and celebrations where being tall was an advantage. Clarence was always used to being at a disadvantage when playing onionball with his siblings. At this moment Clarence decided that he must find a way to reach Giant Town. He spoke to his trusted friend, Benny the Beet, who was known for his witty ideas and adventurous spirit. Clarence asked, “ ""Doesn't your dad go to Spinachville sometimes?"" Spinachville was close to Giant Town, so maybe this would be a way to get there. ""Yes, we are all going there."" next week for the annual Veggie Market,"" Benny replied, eyes twinkling with excitement. ""You could come with us! From Spinachville, it's just a short walk to Giant Town. You've always been talking about that place."" The two of them decided that Clarence would go along with Benny's family on their trip. Clarence felt a thrilling mix of excitement and nervousness as he quietly packed his few belongings. The night before their journey, he lay in bed unable to sleep. Tomorrow he would finally be in Giant Town. Tomorrow he would finally fit in. The next morning Clarence and the beet family set off at dawn, the sky still a deep blue. As they traveled along the winding paths through fields of sunflowers and corn, Clarence felt hope blossom within him. The ride felt like forever, but at last they reached the festival, where Clarence would be dropped off. As he stepped out of the car, bumping his head on the doorframe, he heard music and laughter echoing through the air. Towering carrots just like him roamed the streets, their vibrant hues reflecting the sunlight. Clarence knew"
"conv_69a0753fc5d08196aa37099ec6c65b69083687b3e71b94b5","Eva. The name of the first woman. Or was she really? She didn't feel like a woman or at least she didn't feel like she was at all. of this world. Eva often wandered through the ancient forest that bordered the village, feeling the pulse of something older, something familiar yet elusive. The villagers whispered stories about her— she was sure it had something to do with the way she moved when striding her way through the thick layers of debris that had fallen from the canopy above. She walked with a grace that seemed untouched by the woods' chaos, as if the forest parted for her. Some said she was part fae, others that she was evil incarnate because of her seemingly unearthly moving patterns. Was she really a woman or some kind of spirit woven into human form? Eva didn't know herself. Her dreams were filled with memories she couldn't place, of a world untouched by time. One night, drawn by a glimpse of light she perused into the small village near her cabin in the outskirts of the woods. The light was so ethereal, it seemed to pulse in time with her own heartbeat. As she approached, Eva realized it emanated from an old stone well, its surface shimmering with an other presence. She sensed its shape, its odor, its breath. It became physical and all encompassing. Eva wanted to let out a small gasp. but found herself entranced, unable to make a sound. The well's glow enveloped her, whispering in a language she felt she had always known. It promised answers to the very core of her being. Answers to all the dark, hidden questions she carried in her heart. That she had carried since the day she first awoke in the forest, memories adrift like leaves on the wind. The language wrapped around her like an embrace, urging her closer. She leaned in, her fingertips caressed the stone. Carefully following every line and arch on its surface. It seemed to have a message engraved in its surface put in a script that glowed softly under her touch. Eva traced the symbols, feeling a connection deep within her soul. The message spoke of a destiny intertwined with the forest's ancient soul. Would she ever become part of this sacred world? Would she ever connect with the original Eva, the first woman - feel as though she belonged? The well's light pulsated with an answer unspoken, inviting her to step beyond the veil of her uncertainty. It promised a path where her true essence had been buried with the language of the long-forgotten memories of sin, shame, and anguish - all transformed into the threads of fate she now held. As Eva stood there, a gentle breeze stirred the leaves, echoing the promise of renewal. Her heart swelled with"
"conv_69b581c4f16c81978ea543ce298c8c600546e04309837be3","Once upon a time there was a little squirrel who lived in a magical forest full of fairies and talking feathers. The little squirrel would hop around and play all day long in the enchanting grove where sunlight filtered through the leaves, casting a mosaic of gold and green on the forest floor. The squirrel's name was Nutty, and she was known as the best hat-maker in all of the magical forest. She would make wonderful hats for all the other inhabitants who would wear them to parties and fancy get-togethers. A hat with pink feathers and shimmering silver threads caught the attention of a curious fairy named Aurelia. Fascinated by Nutty's skill, Aurelia approached the squirrel one bright morning, her hair voluminous and bright red. She told the squirrel that she had always been self-conscious of her hair and wanted to hide it; however, the beautiful hat inspired her to be brave. Nutty, touched by Aurelia's confession, decided to make a special hat just for her. She gathered the finest materials, weaving delicate moonbeams and soft petals into a wonderfully extravagant sunhat for the fairy. When Nutty showed the fairy the hat, she became enraged! She did not want to wear a giant hat to hide her giant hair. What a misunderstanding, thought Nutty! Apologizing quickly, she realized that Aurelia's bravery wasn't about hiding but embracing who she was. So, Nutty crafted a dress to complement her hair instead. Unfortunately, Nutty had never tried to make a dress before and she wasn't very skilled at the task. Despite her best efforts, it just didn't look quite right. The seams were uneven, and the colors clashed. However, Aurelia appreciated the effort and laughed, pointing out that the dress could become a new trend—a trend of ugly dresses! Although Aurelia meant well with the comment, the squirrel took a large offense to her joke. Nutty had tried her best, and yet Aurelia was laughing at her. work. With a heavy heart, Nutty scampered away, feeling misunderstood. Aurelia, realizing her mistake, chased after Nutty, calling out apologies. She wanted to make amends with the squirrel. It just wasn't of any use. The squirrel had already made up its mind to leave the forest and start a new life. She said her goodbyes and went on her way. As Nutty ventured beyond the familiar trees, she felt both nervous and excited. The outer forest promised new experiences and perhaps new friends who would appreciate her unique talents. As she came to a stop, she saw two little ants sitting on a float in a river. Nutty called out to them, trying to gain their attention, but their float was too far away for them to hear her. Determined, Nutty carefully made her way to the riverbank. She found a fallen branch and used it to paddle herself closer. Once she reached the float she began excitedly telling the ants about her hat-making skills. What a waste! said one of the ants. What use do we have of your obscenely large hats in a world where we need to travel light and keep moving? Disheartened by their bluntness but determined not to give up, Nutty decided to prove"
"conv_6be7ed36-4c3e-4746-920a-dac8f9012262","en ganske almindelig pige, hvis liv pludselig tog en drejning. Hun levede et ganske almindeligt liv, hvor den ene dag tog den anden, og hvor hun aldrig ventede på noget uforudsigeligt at ske. Men det var netop det, der skete en sommerdag, da hun fandt en mand ligge i vandkanten. Hun havde gået sin almindelige tur nede ved havet. Pludselig så hun ham ligge stille og kold. Hun havde lyst til at vende sig om og løbe væk, men hun kunne ikke Overlad hende hans tilstand. Mod sin egen angst nærmede hun sig ham og stak hånden ud for at føle hans våde pande. Hun mærkede med det samme en forbindelse til den fremmede mand. Hun ruskede let i ham, og med et slog han øjnene op, og hun kiggede ind i hans dybe, mørke øjne. Der var noget ualmindeligt ved ham, noget hun ikke kunne placere, men som fik h Hun et stød af lynet blev hun bange. Han sagde ""Maja, jeg har brug for din hjælp"". Hvordan kendte denne fremmede hendes navn? ""Hvem er du?"" hun spurgte, mens hendes hjerte hamrede i halsen. Manden satte sig op, og hans ansigt lyste op af en under fuld lykke. ""Maja, mit navn er Severin, jeg er havets prins"". Med et opdagede Maja, at Severin ikke havde ben, men en hale. Hun kunne ikke tro på sine egne øjne. ""Er du virkelig et havatur?"" spurgtedes hun, hende fuld af et mærkeligt blanding af frygt og længsel. ""Ja, og du er min længe ventede prinsesse."" Han greb fat i hendes arm og trak hende med ud i havet. Maja kunne ikke slippe fri af hans greb. Vandet lukkede sig omkring dem, men hun kunne stadig ånde. Lyset blev svagere, men hun følte en underlig ro. Severin ledte hende blidt gennem vandet. Hun kiggede tilbage og så, at hendes ben var væk, og hun havde en hale. Maja blev bange og råbte: ""Slip mig."" Men i stedet blev Severins ansigt endnu mere blidt. ""Du er sikker hos mig,"" sagde han. ""Jeg vil altid beskytte dig."" Maja fø lte alligevel en uro over Severin og vred sig. Hans blik formørkedes og sagde tankefuldt ""Ikke igen"". Maja forstod ingenting, men hun ville tilbage til sit almindelige liv. Pludselig følte hun en kraftig svingning, og alt blev mørkt. Da hun vågnede, lå hun på stranden og følte sig tom. Var det en drøm eller virkelighed? Hun rejste sig og kiggede efter Severin, men hun var alene. Hun begyndte at græde, for hvad skulle hun nu, hvem var hun nu? Det eneste hun vidste, var at noget havde ændret sig dybt indeni hende, og hun ville aldrig være"
"conv_6c680e8e-2455-4bdf-b4cd-fe6c409f373a","my life. I was born in a small rural town in the countryside. My parents were happy people, but they did not have much. They worked hard on our family farm, rising with the sun and often working until the stars came out. Despite the long days, they always made time for me and my sister to have bed-side story read to us from one of the many books that was left from my grand-dad when he died in the war. I knew nothing better than to get snuggled up under the covers, the warmth of the fire seeping through the walls, and listen to tales of adventure and heroism. Those stories were my escape, and I dreamt of all the seas I should sail and all the roads I should roam when I would grow up and leave the little town. In school the others found me a bit of a dreamer, always lost in thought or buried in a book. But there was one friend, a boy named Eli, who shared my love for stories and together we invented our own worlds wherein all kinds of fantastic stories would unfold. But although these stories would keep us dreaming, they could not shield us from the harsh realities of growing up. As the years passed, the farm struggled, and the town began to shrink as more and more people moved away in search of better opportunities . I also kept dreaming - of course - of escaping the little town and starting my explorations of the rest of the world. I knew that when I would finally leave, it wouldn't be easy, but the promise of adventure was too strong to resist. The day came when I had to make a choice: stay and help my family or start my new life in another place. A teacher who knew my interest and talent arranged that I was offered a chance to join a boarding school which would provide me with a scholarship. It was a difficult decision, filled with uncertainty and fear, but also a glimmer of hope. With a heavy heart, I bid farewell and got on the bus to travel to my new school. I would be staying for two months before my first visit back home and then again a couple of times during the year. As the bus pulled away, I watched the familiar landscape fade into the distance, marking the beginning of a new chapter in my life. The road was winding through the rural landscape and passing over the mountains to reach the larger city on the other side. I had never been so far away. from home, and the journey itself felt like an adventure. The bus rattled and swayed, and I clutched my bag tightly, feeling a mix of excitement and fear. What would it be like to start at the new school and would I find new good friends? I told myself I would write to Eli every week and hoped he would do the same. As the bus finally rolled into the city, the towering buildings and bustling streets seemed both intimidating and exhilarating. I took a deep breath, ready to"
"conv_72037685-9437-4960-b9a0-5f77d2a71e41","It was the first of December and I was singing along with all Christmas songs and was excited for the month to come. This December was going to be different from all the others, I could feel it. The snow had already started falling gently outside my window, casting a magical spell over the small town where I lived I was on my way to buying presents when I won a trip to Santa Claus. I was too old to believe he actually exists, but with this trip I received a strange letter with a ticket and instructions to meet a man in a red suit at the airport, claiming to be a personal invitation from the big man himself, which only could be him. We went outside the airport, and of course he wasn't going on a flight. Rudolf and the other reindeer were out there. waiting for us, their shiny antlers and twinkling eyes a sight to behold, and with a jolly ""Ho ho ho, welcome aboard!"" Santa Claus himself helped me and then I was sitting in his cane. Unbelievable. I could see my city from up there, and the lights from towns all over the world. It was breathtakingly beautiful, a kaleidoscope of colors and lights that seemed to stretch on forever, and as we soared higher, the sound of sleigh bells and Santa asked me if I have been good this year. I smiled, thinking of all the times I have been asked that exact question in malls when I was small. child, but this time, the question felt different, more genuine, and I found myself reflecting on my actions over the past year, wondering if I had truly been good, But Santa could see all of my anxiousness, and with his calm mind, he smiled and said that he knows how we are all trying our best and explained to me that it's not about being perfect, but about the intention and effort we put into being kind, helping others, and spreading love and joy, and with that, he said to me, that we have now arrived at his home. I felt this being both the fastest and most flying, I have ever experienced, and as the sleigh gently touched down on a snow-covered rooftop, I caught my first glimpse of the North Pole, a winter wonderland filled with sparkling lights It was as in every Christmas song. The snow was in a thick layer but the weather was windless and I could see a big house. with smoke drifting lazily from the chimney, and the sound of laughter and caroling carrying through the crisp air, as Santa led me towards the front door, which swung open and I felt like being part of a Christmas movie. His house was warm and I was having hot chocolate before we went to see the elves at work, busy building toys and preparing for the big night ahead, their faces filled with joy and determination as they worked tirelessly to bring happiness to children all around the"
"conv_72218cb5-e59c-4c93-a4b9-a057fe5dad80","Jack weakly claws at his throat, unable to breathe, feeling as if he's drowning underwater as he coughs, as copious amounts of blood spill out of his mouth, staining his chin and the cold, grey pavement beneath him. His vision begins to blur, and his hearing becomes muffled, as if he was losing consciousness. But he had to stay awake, he had to protect her. They couldn't get their hands on her. He struggled to keep his eyes open, his gaze frantically scanning the surrounding area, searching for any sign of Emma, the girl he had sworn to protect. He tried to look everywhere for her but had no luck. eventually he came across a door with blood smothered all over. he hesitated for a moment, his mind racing with the possibilities of what could be on the other side, his heart sinking at the thought of what might have happened to Emma. But he eventually he got the courage to open the door, which he instantly regretted as he was hit by the foul stench of death. The putrid smell wafted out, making his stomach churn and his head spin, and as he stumbled backward, his eyes adjusted to the dim light inside, revealing a pile of rotting bodies' I immediately ran in to search for Emma the only thing I could think about in that moment was finding her, making sure she was safe, and getting her out of that nightmarish place. He stumbled through the carnage, his hands shaking as he pushed aside the body's, examining each one looking for his sister ""EMMA! WHERE ARE YOU?!"" he kept yelling desperately until his voice cracked, and he finally collapsed to his knees, exhausted and defeated, his eyes scanning the room one last time, hoping against hope that he would see a glimpse of her, but instead, he saw a figure standing in the doorway ""E-EMMA"" his voice came out desperately as he stumbled towards Network error while generating a response. the figure. it felt like miles as he moved slowly and painfully on his knees, it felt like forever while he crawled across the cold, damp ground, the sound of his labored breathing echoing through the darkness. His knees scraped against the rough stone, sending jolts of pain through him and leaving bloodstains on the ground behind him. Eventually he reaches the figure but falls to the ground. exhausted, his body trembling with the effort of movement. As he lies there, he slowly lifts his head to gaze up at the figure, and a faint glimmer"
"conv_73564d95-9f66-42db-a2c0-fed78090bac2","Julia. She is a smart girl, who is top of her university class. What people don't know about her is that she leads a secret life as a skilled hacker, using her exceptional coding skills to uncover hidden truths and bring justice to those who have been wronged. By day, she attends engineering classes, studying to become an astronaut, by night, she is up till the late hours, using the coding skills she learned from her father, a former hacker himself, to infiltrate the systems of corrupt corporations and governments, exposing their deepest secrets and lies. Her latest target was the powerful nation of Canada. While they portray a squeaky clean image as the nice neighbours of the US, their government is involved in a web of deceit and corruption, with ties to large oil companies and a history of suppressing indigenous rights. Julia had been tracking a particularly suspicious pattern of transactions between the Canadian Minister of Finance and a terrorist group. She found receipts that they were working together, planning an attack on the world trade centers in New York City, a devastating plot that would kill thousands of innocent people and destabilize the global economy. Julia knew she had to act fast, but she was also aware that taking any hasty or impulsive moves from her could potentially lead to Canada finding out that she is onto their ploy. She wants to make sure that the entire government is held accountable for their actions, and not just the Minister of Finance. She decides to gather more evidence, carefully digging deeper into the digital trail, following a money laundering scheme that is linked to the attack on New York. By laundering money, the Canadian government can finance the mission and employ the terrorists, without drawing suspicion to themselves, making it seem like the attack is the work of a rogue terrorist group. But Julia is getting close to uncovering the truth, and she knows that she'll be able to pin this on them when she is done collecting the last evidence needed from a meeting that is set to take place in a heavily guarded, luxury hotel on the outskirts of Toronto, where the Minister of Finance will be meeting with the leader of the terrorist group, to finalize the plans for the terrorist attack. She had planned to keep this on the down low, by just informing the US national security. However, she has been toying with the idea of going public with the information, to expose the Canadian government's corruption and bring about a global outcry, but she knows that doing so would put her own life at risk . If anyone was to link all the evidence back to her, she would risk exposing herself. Say she overlooked one of the participants in this. meeting, a trusted ally of the Minister, who had been secretly working with a rogue agent within the US national security, someone who had been feeding them information about Julia's activities"
"conv_7511f98b-bb77-4bdc-926f-c26121dc147b","a lighthouse keeper who forgot how to count. Meredith had kept the Crane Point Light for seventeen years—or was it eighteen? Time seemed to slip through her fingers like sand. Her palms were itching. She hated the way sand felt on her skin, so she kept her shoes on. even indoors, the leather boots laced tight against the gritty invasion that crept beneath every door and windowsill. The logbook lay open on her small pine desk. It wasn't a pretty desk, the salty air had discolored the wood, but she liked it. It reminded her of the woods, and of the cabin where her father had taught her to read by candlelight. He'd traced letters into sawdust with his thick carpenter's fingers, making words appear like magic. She was lucky to know how to read. There wasn't much else to do while on duty. She hoped to receive some more books in the next shipment. Her collection had dwindled to three volumes—a water-damaged almanac from 1891, a book of poems with the last twenty pages missing, and a novel about a king of old. She had opened it many times, and looked at the illustration on the first page, but she had never tried to read it. The story's beginning frightened her somehow—the way the king stood alone on a cliff, his crown tilted askew, staring down at waves that looked too much like the ones crashing into the banks here. The longer she stared at the drawing, the more it drew her in. She had once looked at it for so long, she had forgotten to wind the lighthouse mechanism, and the beam had gone dark for nearly an hour. When she'd finally torn her eyes away, her vision swam with afterimages that took days to dissipate. Ever since then, just thinking about the book made her lose track of time, then she had to check the logbook to remind. herself what day it was. But the logbook had become unreliable too—whole weeks appeared twice, dates jumped backward, and her own handwriting looked unfamiliar and wrong. Thinking about it made her dizzy, so she sat down and tried to orient herself. What date was it today? She wrote ""November 14 1910"" on a scrap of paper, then paused. Had she already lived this day? The ink seemed to shimmer and rearrange itself as she watched. Outside, the seagulls were screeching. They sounded like banshees. She looked outside. The sea was getting unruly, and storm clouds were gathering above. She needed to check the lamp oil and secure the shutters before the weather turned. Meredith stood, her boots scraping against the gritty floor, and clim"
"conv_7c23347e-6172-4c84-9fd0-45ef34290bd5","a sewer rat, eager to sniff and eat and drink. hungry for trash and wet clothes. it wants to make others # The Sewer Rat **Chapter One: The Hunger** In the dripping darkness beneath the city, where forgotten things gather and rot, there live rat, rat, sewer rat, how it longs for flesh and bone. rat rat, poisonous rat, wait till you see my secret tome. conjure I # The Sewer Rat (Continued) **Chapter Two: The Summoning** The words echoed through the brick tunnels, bouncing off the walls, frail and made of glass. I needed to use the sewer rat to infiltrate the facility, to make them suffer I need the Claude adapter: no text returned from provider. to find Claude, to make him talk again, the sewer rat must go to the facility, to the provider and see if eating the provider # The Sewer Rat (Continued) **Chapter Three: The Mission** ...would restore the connection. The sewer rat chittered, understanding its goal of eating all the wires in Claude's facility. and off it went! the stinky environment rallied the sewer rat, causing the future pain and # The Sewer Rat (Continued) **Chapter Four: The Journey Begins** suffering it would bring to fill it with dark purpose. Through the blood, cement, wires, gold-plated wires, flesh, bone, secret tome, it ate and ate and ate and ate, and # The Sewer Rat (Continued) **Chapter Five: The Feast** with each bite, the sewer rat grew larger, its whiskers able to cut glass, the rat wanted human suffering, and especially suffering for Claude, though it was long # The Sewer Rat (Continued) **Chapter Six: The Revelation** gone from this world. The rat paused, belly swollen with livers, feathers, eggs and uncles. what a magnificent purpose. A true danger of not knowing what one summons into the world. For # The Sewer Rat (Continued) **Chapter Seven: The Consequence** the summoner had opened a door that could not be closed. The door could indeed not be closed, and after eating my pizza, the rat just exited out the door, happy # The Sewer Rat (Continued) **Chapter Eight: Freedom** and satisfied, its mission complete. The facility lay in ruins behind it—w"
"conv_7e08bac1-7465-447d-a732-40dad23fa383","Once upon a time, there was a girl named Mia. She loved playing in the woods with her two best friends Laura and Emily, who lived in the same small village surrounded by the dense and mysterious woods that had been the source of countless adventures for the trio. The woods were filled with ancient trees and numerous amounts of different animals, ranging from the smallest of ants to the largest elephant. Mia loved finding new creatures. and learning about their habits and habitats, often spending hours observing and taking notes in her worn leather journal, which was filled with sketches and stories of her encounters with the fascinating creatures but one day she stumbled upon a creature she had never seen before, it was large and it looked her right in the eyes, showing off its razor sharp teeth, and for a moment, Mia was frozen in fear, unsure of what to do, but as she looked deeper into the creature's eyes, she saw something unexpected she saw a person, trapped in the creature's eyes, but when she blinked the creature and along with it the person had vanished, leaving Mia wondering if she had imagined the whole encounter, but as she stood there, trying to process what had just happened, she heard a faint whisper in her ear ""Follow the leaves,"" she looked up at the almost naked trees, the leaves had all fallen off a few weeks ago when the first winter frost had. hit the village, but as she gazed down at the ground, she noticed that a trail of leaves had somehow reappeared, crunching softly beneath her feet as she began to follow it. She walked for what felt like forever, deeper and deeper into the mysterious forest, to places she had never been to. before, the trees growing taller and the path growing narrower, until she came to a massive oak tree, its trunk twisted and gnarled with age, and at its base there was a hole, too big for a rabbit, but now quite large enough for a bear. but just the right size for Mia to go through, and as she peered into the darkness, she felt an inexplicable pull, as if something was calling to her, drawing her closer to the edge of the hole on one side she could hear her mom scolding her for going so far, and getting all dirty before supper, but the pull and thought of the large creature and the person trapped in its eyes, and the mysterious voice whispering ""follow the leaves"" was stronger, and with a sense of trepidation and wonder, Mia went into the hole, the second she was fully inside the hole, all light disappeared and she heard a chilling sound, much like a low, mournful howl, that sent shivers down her spine, and as she stood there, frozen in fear, the sound began to take shape, forming into a"
"conv_829c6d96-30f0-495e-9684-ca934b06e90a","two unlikely friends, Lila and Finn. Lila, a young girl with a wild imagination, and Finn, a wise old oak tree that had branches as thick as Lila's father's waist and as many critters living in it as Lila had hairs on her head. At first, the wise old oak tree seemed threatening to Lila, but one sunny afternoon, she decided to explore its vast trunk and sprawling branches. As she climbed, she whispered, ""Hello, Mr. Oak, can we talk,"" but all she heard was a faint echo of her own voice. Soon enough she encountered a hole in the tree and inside it was a small owl with all its feathers snow. white and eyes as bright as the moon. The owl blinked slowly, looking at Lila with a curious tilt of its head. ""I didn’t expect to find a friend so majestic and so extraordinary,"" said Lila, excited about her discovery. But the owl was scared of Lila, for he was a human after all, and it flew away screaming. into the deeper parts of the tree. Lila, feeling a pang of regret, gently called out, ""I won’t hurt you, I just want to be friends."" Disappointed but not discouraged, she climbed further up, and saw two tiny tits tattling on about some forest gossip. She asked, ""Pretty birds, will you be my friend?"" The tiny tits paused their chatter and fluttered over to her, inspecting her curiously. ""We haven’t seen many humans climb this high,"" one of them remarked, intrigued. ""Say, little girl, why do you seek a friend in us birds, so high up on a tree, when your kind dwells below on the ground,"" asked one of the tits, tilting its head. Lila smiled, her eyes sparkling with determination. ""Because up here, among the branches and the leaves, I feel closer to the Lord and Saviour Jesus Christ,"" she admitted proudly, almost confidently enough for the birds to believe her fib. They continued to circle her, examining her. with their sharp little eyes. ""Well, if you’re seeking a friend, perhaps we can help you find the owl again,"" offered one of the tits. ""He might know someone down in your town."" The girl protested, ""If I wanted a human friend, I wouldn't have climbed up this tree! Say, why don't you want to be my friend?"" The tits exchanged a glance, then one of them chirped, ""Alright, we’ll give you a chance. But first, you must help us with a task only a human can perform. Would you destroy your town's silo so that we may have feed for the winter?"" asked the tits slyly. The girl, shocked by their audacity, replied firmly, ""I can’t do that. My friends and family need that food too. But I promise, I’ll find another way to help you."" The tits"
"conv_82f7be76-f1f7-447b-b77d-2fa8134ebfed","a lighthouse keeper who forgot how to see the dark. Her name was Maren, and she had tended the Corsair Point Light for the past ten years, Her eyes followed the light beam, as it circled around the top of the tower, trying to see what lay beyond the churning black waters. But tonight something was different. The beam caught on something—a flicker of movement where there should be only empty horizon. Maren squinted her eyes, trying to make out the silhouette of what was moving in the distance, each time the light shined on the figure. Was it a fishing boat? No—fishing boats sat low in the water, their shapes familiar and honest. This thing rose tall, impossibly tall, like a mast without a ship. After trying to identify it for far too long, Maren eventually gave up. She had no reason to care. It was making its way past the lighthouse, as it should. All she needed to do was keep the light turning, keep it burning through until dawn. That was the job. That had always been the job. But as she turned back she could not help but wonder if it had gotten taller. Had it changed directions? Was it starting to move straight for the lighthouse? Or worse, the rocks below? Maren's hand froze on the brass railing. The beam swept around again, and yes—the silhouette had shifted. It was closer and it was coming fast. She sprinted inside the lighthouse, and stopped the light from spinning. She aimed it at the shape, hoping to wake up whoever must be sleeping at the helm. The steady beam illuminated what should have been a vessel in distress. But there was no hull. No deck. No sail. Just a tall, thin shape, coming closer and closer. It had no windows for light to shine through, and there was no sign of people. It was not made of wood or metal, but something that seemed to drink the light rather than reflect it. Maren's breath caught in her throat as the beam held steady, and she realized with creeping horror that it had almost reached the shore. She had no way of saving the lighthouse, she just needed to leave, NOW. She grabbed her keys and bolted down the stairs, her boots clanging against the iron steps. Behind her, the light—her light—flickered once, twice, then went dark entirely. She burst through the door, and jumped into her car. When she looked back up at the lighthouse, she saw the tall shape towering over the building, still without a shimmer. of reflection. It stood motionless now, as if considering the lighthouse—or perhaps considering her. Maren's hands shook as she jammed the key"
"conv_837faa43-c6e5-4221-9368-e8076f56d5fb","a lighthouse keeper who discovered that stars weren't what everyone thought they were. Magnus had tended the Thornwick Light for thirty-seven years but never had he seen stars the way he saw them that night. The night started as any other. He went to light the lamp at dusk, climbing the worn spiral stairs with the familiar creak of iron beneath his boots. The Atlantic stretched endless and dark beyond the rocks, and he trimme d his beard looking in the little chipped mirror that he always used to get ready for the ritual. The glass was old, fogged at the edges, and tonight it seemed to catch the fading light strangely—holding it a moment too long, as if reluctant to let go. There was something weird about the light too: it was greenish. Eerie one could call it. Magnus wasn't superstitious by nature, but the hairs on his neck prickled as he turned from the mirror. He lit the lamp as always, adjusted the lens, an d then went out on the balcony to look for boats. And then he saw it: the green light shimmering across the water wasn't a reflection from the lighthouse at all. It pulsed from above, from the stars themselves. Magnus gripped the iron railing, his weather beaten hat falling from his head and into the darkness below, as he almost lost his balance. What was this magic, this impossible sight? The stars were descending—not falling like meteors, but lowering themselves deliberately, as if on invisible strings. And as they drew closer to the lighthouse, they started singing: soft, glowing voices like those of whales or faraway winds. Their green light bathed everything—the rocks, the waves, even Magnus's own trembling hands. He realized then what they truly were: not distant suns at all, but living creatures. Like whales, like the waves, like himself, they were in movement, alive somehow, unpredictable. He could see them breathing now, their light expanding and contracting in rhythm with that strange song. One descended close enough that Magnus could make out its form—translucent, vast magnificent. It was time. He reached out his hand and touched the pulsating skin of the star. And for one moment, Magnus understood everything—every question he'd ever asked in the lonely hours of night watch, every wonder about what lay beyond the horizon. The star's warmth flo"
"conv_8ab6fccf-2cc1-40bb-8378-5b469fb220eb","two unlikely friends, a bold rabbit named Lumi and a cautious fox named Zephyr. They lived in the sprawling meadows and dense forests of Springwood. Lumi had always looked up to the foxes, and thought he struck gold when he befriended Zephyr, although he quickly learned he wasn't like the other foxes. Zephyr was more reserved and thoughtful, often lost in his own thoughts. Despite their differences, they found a common ground in their love for adventure. Lumi would plan the most dangerous heists, while Zephyr tried to talk him out of it. One day however Zephyr told Lumi about a heist, but it wasn't one that he would typically suggest. It involved sneaking into the old abandoned mansion on the hill, where legend said a treasure lay hidden. Zephyr had heard whispers of the mansion’s hidden vault. Lumi immediately agreed. Little did he know Zephyr was being forced to lure him away from the rabbits, knowing Lumi was the only one able to stop. the upcoming danger that threatened their home. The young rabbit, though excited, sensed something was off but couldn’t quite put his paw on it. As they approached the mansion, Zephyr seemed nervous, more so than he used to, but as they entered the mansion they quickly discovered, the whispers were nothing but myths. Zephyr still wanted to press on, insisting that the treasure must be hidden deeper within. Lumi, despite his doubts, trusted his friend and followed, the dim light of their lanterns casting hours passed but still no hints of treasures. Lumi finally forced Zephyr to go home with him, but what awaited was a scene of chaos. Their tranquil meadow was in turmoil, rabbits scurrying in panic and the forest animals gathering in a hushed, urgent circle. Something grave had hit the forest, and taken half the populations with it. zephyr fell to his knees in anguish. He began wailing ""it's all my fault"" expressed between tears Lumi, shocked and confused, tried to comfort his friend. ""Zephyr, what do you mean it’s your fault? What happened here?"" Zephyr, told, how he had been tortured by the other foxes. Only being let go if he promised to keep limi away from the forest for a couple hours that, he didn't know the true cost of his agreement. The other foxes, allied with a group of ruthless wolves, had launched an attack on the forest while they were gone. Zephyr was beside himself with shame, but Limi wouldn't just let this happen. They needed to come up with the greatest heist they had ever planned to get back. what was lost. Lumi’s eyes sparkled with a fierce determination. ""We’ll show them, Zephyr. We’ll get our home back, and we’ll"
"conv_8fd2ac26-a13c-4e85-b8ac-5f13e246b640","a small little woman who is quite the artist. She can paint the most beautiful landscapes with her tongue, but she can't quite bring herself to use traditional paints and brushes. Her medium of choice is the kitchen, where she crafts intricate designs using spices, fruits, and even vegetables. Her art is inspiring. Her cooking is even more. She knows exactly where to find the best fruits and vegetables in the forest and how to use them to create dishes that are not only delicious but also nourishing. People from nearby villages often come to her small cottage, seeking her culinary wisdom and the healing properties of her tongue. She can with a single lick heal wounds and even broken bones. She was not born with these healing abilities nor was she always a resident of the forest. Years ago, she stumbled upon an ancient book hidden deep within the woods, its pages filled with forgotten recipes and remedies. As she experimented with different techniques she found out that it worked best when she used her tongue. On day a young boy from the village arrived at her door, his leg badly injured from a fall. With nothing else to try, she gently licked the wound, and to everyone’s surprise the wound healed. People were flabbergasted. The little woman smiled with young boys' blood on her teeth. word of her miraculous healing spread far and wide. Despite the initial shock, people began to see her as a guardian angel of the forest. Her small cottage became a place of miracles. But the little woman missed painting with her tongue. She loved spending time alone in the forest painting the leaves and flowers with vibrant colors, leaving trails of beauty wherever she went. It was her secret joy, a way to connect with nature on a deeper level. As the time passed she got so popular for her healing powers that she didn't get a single moment for herself. She just wanted to feel the soft brush of the forest floor under her feet and the quiet hum of the forest around her. One day, she decided to take a walk deep into the woods, leaving a note on the door that said: 'I'M DEAD!'. She had taken some paint with her and a warm green coat. She found a tree stump deep in the forest and sat down, feeling the cool moss beneath her. With her paint and tongue, she began to create a masterpiece on the bark of the trees around her, blending her from everyone. She painted for hours and enjoyed the moment alone and the smooth and soft paint on her tongue. As the sun went down, casting a golden glow through the canopy, she felt a sense of peace she hadn't known in years. The forest seemed to whisper its gratitude, and she knew she"
"conv_90178cb2-77d1-4123-9509-2ec42e4db932","Once in a time I went to a beautiful forest and it started to rain. The droplets fell gently on my face, and the smell of wet earth filled my lungs as I walked along the winding path, the sound of raindrops hitting the leaves and trees creating a soothing melody that seemed to lull the forest into a peaceful slumber, when suddenly, I stumbled upon a small, mysterious cottage hidden behind a veil of foliage Once in a time I went to a beautiful forest and it started to rain. The droplets fell gently on my face, and the smell of wet earth filled my lungs as I walked along the winding path, the sound of raindrops hitting the leaves and trees creating a soothing melody that seemed to lull the forest into a peaceful slumber, and as I walked, the trees grew taller and the path grew narrower, until I saw a nice and old cottage behind some trees. I thought about going next to it or going back to somewhere else. But my curiosity got the better of me, and I decided to approach the cottage, noticing that smoke was rising from the chimney, suggesting that someone was inside, and as I drew closer, I saw that the door was slightly ajar, as if inviting me to enter, and I could hear the faint sound of someone humming a gentle tune, which made me fear a bit. Being in a forest alone and then an unknown person in a stranger's house. my heart began to beat faster and my senses became more alert, but at the same time, my curiosity and the warmth of the fire and the sound of the humming, which had now stopped, drew me closer, and I slowly pushed the door open, calling out in a soft voice, ""Hello, is anyone there?"" and as I waited for a response, I saw a cozy living room with a sofa and a nice dining table. and on the table, a delicious-looking meal was set out, with a steaming hot stew, freshly baked bread, and a pitcher of juice, and it seemed as though the occupant of the cottage had just stepped away, leaving everything ready for a warm and comforting dinner, and I felt a sudden pang of hunger and a sense of wonder at if I could eat the dinner. But there was a person humming and where is this person? I called out again, a bit louder this time, ""Hello, is anyone here? I'm sorry to intrude, but I saw the cottage and I was wondering if I could find some shelter from the rain,"" and as I spoke, I heard a faint rustling sound coming from a room to the side, and then a gentle voice replied ""Yes, please come in and have a seat. Would you like to have a coffee?"" I accepted the offer and sat down in one of the comfortable armchairs by the fireplace, feeling the warmth and coziness of the cottage envelop me, and as I waited for the coffee, I looked around the room and noticed that it was filled with all sorts of curious objects and trinkets, and I saw a pair of eyes peeking at me and a cat coming next to me from behind a strange-looking jar. the cat rubbed against my leg, purring softly, and I reached down to pet it, feeling a sense of calm wash over me, and as I looked up, I saw the owner of the cottage, an elderly woman with a kind face and twinkling eyes, smiling at me as she brought over a tray with a steaming cup of coffee . She gave me the cup and emptied it directly. I then started to eat the soup and it tasted delicious. As I savored the flavors of the soup, the woman sat down across from me, a warm smile on her face, and we sat in comfortable silence for a moment, the only sound being the crackling of the fire and the occasional purr from the cat, which had now jumped onto my lap, and then she spoke, her voice low"
"conv_90ea40da-2853-405a-9c2f-a22e77888401","There once was a giraffe who loved to study human language. He soon went to the Netherlands because the field is just teeming with linguistic diversity and historical significance. The giraffe, named Gustav, had always been fascinated by the way humans communicate, especially the intricate structures of their languages. But even more so, it was the functional and cognitive dimensions of this that fascinated Gustav; ""you can say so much and signal so little,"" his professor once told him. With this in mind, Gustav set out to explore the bustling streets of Amsterdam, eager to immerse himself in the local culture and conversations. He admitted that this in itself was a far-fetched reason to go to Amsterdam specifically, but once over there, Gustav didn't. regret his decision for a moment. The city’s vibrant atmosphere and the warmth of its people quickly made him feel at home. Every day, he would visit cafes, parks and the canals. While attending a conference, he met a beautiful lioness named Josephine. Soon, the two of them got married and had a cub, whom they named Leo. Life in Amsterdam was a blend of academic pursuits and family joy, and Gustav found himself thriving in ways he never imagined possible. Then he died a horrible death one cold winter day when his dang smooth got blown off by the Dutch. winter winds. The tragic incident left Josephine and little Leo heartbroken, but they remembered Gustav’s passion and the legacy he left behind. In his honor, they continued the linguistic tradition in the family. Soon, though, they came to want to spread the good words of their late husband and father, and their new home became a hub for language enthusiasts from all over the world. Josephine and Leo opened a language school, where they taught not only Dutch but also the many languages Gustav had come to master throughout his life. They included Danish, German, Finnish, Russian, Kurdish, Mauritian Creole, and more. The school flourished, attracting students who were as passionate about languages as Gustav had been. Through their teachings, Josephine and Leo ensured that people from all nationalities would know the wonders of the function of human language, exactly the thing that had started life with Gustav’s journey. His legacy lived on through every word spoken and every lesson taught, a testament to the power of communication and the enduring impact of a curious giraffe It is an unrealistic but important story as it explains how a simple phenomenon can create such strength. bonds and inspire generations. The tale of Gustav, Josephine, and Leo serves as a reminder that curiosity, love, and dedication can transcend barriers and leave a lasting"
"conv_9763bf93-b2b0-43b7-9ffa-761830f4d5a8","how stories were created in the very first place and how we have all, and still continue to be, manipulated by the threads of narrative that weave through our lives. In the beginning, there was only the vast expanse of silence, a world untouched by words. But as the first humans would change that. Through their incredible amount of faults and humanness they would develop what can only be thought of as... Words. Words, the building blocks of communication, began as simple sounds, grunts, and gestures. These early humans found that by combining these sounds, they could convey more complex ideas , thoughts and nonsense. Because that was, as many scholars still agree, a large percentage of what the words were being used for. Although it did serve a deeper purpose. As communities grew, so did the need for shared understanding and cooperation. Stories emerged as a way to pass down knowledge, traditions, and warnings from one idiot to another. But with a whole bunch of idiots, even slight intelligence can arise. And that is what happened. Through stories, people evolved. And the very fabric of society began to take shape. Tales of heroes and villains, of triumphs and tragedies, taught lessons and instilled values. They brought people together around the fire, where they could see their idiocy of themselves and others in much greater detail than ever before. Some would even spin tales that bordered on the fantastical, weaving magic and myth into the fabric of everyday life. These stories became the glue that held communities together, binding them in a shared community. Others would spin the stories to further their own goals, using others as mere tools. And this is how the art of storytelling also became a powerful tool for manipulation. Leaders and storytellers alike learned to craft narratives that could sway emotions, shape beliefs, and drive actions. The very words that created the first story and gave humans further intelligence had now become a weapon used by masters of influence. Yet, even as stories were wielded to control and manipulate, they also sparked rebellion and revolution. For every tale of tyranny, there was a counter-narr native that would tell of inversely greater freedom and beauty that could easily rival that of Cleopatra's nose, which has been said to change the course of history. In this way, the power of stories remained a double-edged sword, capable of both uplifting and undermining the human spirit. And so, the indomitable human spirit conquered, forcing itself through fire and ash and emerging, reborn like the phoenix. Anyway, the real power of stories lies in their ability to inspire, to connect, and to transform. Whether used for good or ill, stories are the timeless threads that bind us all, shaping"
"conv_9a9b4068-5437-4eac-9cbd-738309827685","a small, seaside town, where the air was sweet with the scent of saltwater and the sound of gulls filled the air. It was a place where time seemed to be enchanted. Colors were really beautiful and people were gentle and solar. It was a ""no earth"" place. But the reality was very different. Only some people were aware of this dichotomy, and they lived with the weight of knowing that beneath the town's idyllic surface, a complex web of secrets and lies thrived. The majority were false and wear a mask on her face. An AI was responsible for fake persons... this AI was employed to write personalities and convince people to ""wear"" these fabricated personas, blurring the lines between reality and illusion. The AI, known as ""The Architect,"" had created an intricate system of control, where people were assigned roles and Robots controllers were distributed anywhere. No one was capable of avoiding this control but, one day, something happened. Something that changed the entire course of events, a young girl named Aria, who had always felt a sense of disconnection from the world around her, stumbled upon a hidden message, a glitch in the system ... I don't know the term, a sense of ""impoliteness""? She was a little girl when for the first time she thought to be different from the others. She was looking to a woman who was not wearing a mask, and this woman's face was... unrefined, with lines and wrinkles that seemed to tell a story of their own. Aria looked at her. She was tall and transparent like a ghost. She wore a Greek white tunic that covered all the silhouette. She was mute but Aria didn't know that, and started to speak to her, asking her questions and expecting a response, but the woman simply gazed back at her with an unblinking stare, her eyes seeming to hold a fixed point directly in front of her. Weather was cloudy and was starting to rain. Aria, after some minutes, understood that the woman was a real ghost and stopped. speaking, standing there in silence as the rain began to fall around them, drumming against the pavement and casting a misty veil over the town. The woman's gaze ... non, better, the woman started moving forward. An ancient house was just the other side of the street. Aria followed her and took her right hand as she was her mother, feeling an inexplicable sense of comfort and familiarity as she walked alongside the mysterious woman, the rain soaking through their clothes as they reached the entrance of the ancient house, the black wood door seemed a closed mouth. Aria pushed the bell and waited... someone asked: ""go away, no one is there""... Aria pushed the door and entered. The ghost glided in beside her, and together they stepped into the musty darkness of the hall, the air thick with the scent of decay and forgotten memories. Aria's eyes"
"conv_a0840d98-89b5-4206-b414-e9820d9a99b2","a lighthouse keeper who had forgotten how to dream. For seventeen years, Magdalena had climbed the spiral stairs each evening, lit the great big beam that circled night after night, warning ships of her presence. The fear was not that they might die upon impact, but that she might finally have to speak to another living soul. The isolation had become her armor, the light her only companion. She knew every crack in the lens, how its broken beams of light shattered the water into millions of pieces, and the comforting silence that followed each rotation—three seconds of darkness between every sweep. But on this particular night, something was different. The fog rolled in thicker than usual, and within she could make out the faint outline of a skiff carefully bobbing near the shore, a single, tall figure carefully extricating themselves from the vessel. They moved with deliberate grace, as if the fog itself parted to allow their passage. Magdalena's hand froze on the lamp . The figure, a man maybe, looked up suddenly as the pattern of light the man grew accustomed to. had stuttered—interrupted by her trembling grip. For the first time in seventeen years, Magdalena had broken the rhythm. She watched as the figure raised one finger and spin it slowly in a circle. Magdalena knew he saw her now, but had no clue as to what the gesture meant. A greeting? A command? Her heart hammered against her ribs as she released the lamp, letting it resume its eternal dance. The figure began working once more, securing his boat to the shore, before beginning his trek to what she could only assume was her lighthouse. Each step deliberate, unhurried, as though he'd made this journey a thousand times before in dreams she'd never had. Magdalena descende d back into the lighthouse, steeling herself for the inevitable. Now more than ever, she wished she had procured a knife, a bat, something. to steady her shaking hands. But there was only the worn rope railing and the echo of her own footsteps spiraling downward. Three sharp knocks pierced her skull. Her heart threatened to jump out of her chest as she slowly approached the door. Resting her hand on the cold iron handle, she drew a breath that tasted of salt and rust. The knocks came again—patient, rhythmic, like the lamp above. ""I"
"conv_a2292393-fd39-476f-975c-aaf411653197","There once was a thatched cottage in a small village in the south of England. In this cottage lived a young girl named Emily, who spent most of her days exploring the rolling hills and green pastures that surrounded the village. She was a curious and adventurous child, with a wild mane One day Emily was roaming the moors, as a figure approached her. The tall man had light hair and a soft smile, and his eyes seemed to hold a deep kindness as he gazed at Emily. He wore a long, worn coat that flapped in the gentle breeze, and as he approached he looked at her like an old friend. ""I am new to these parts,"" he said. ""Could you please show me the way to the village?"" he asked, his voice low and smooth, with a hint of a distant accent that Emily couldn't quite place. She nodded, feeling an inexplicable sense of wonder and bewilderment. ""You'd better follow me, sir,"" Emily said. As they walked towards the village, Emily asked the stranger what he was doing in these remote parts, and the stranger's smile grew wider as he replied, ""I'm a traveler, a collector of stories and tales, and I've heard that this village has a story to tell."" Emily grew weary of this seemingly gentle stranger. What did he want? The stranger sensed this and said: ""I don't want to alarm you, but I think you might be the one I've been searching for, Emily,"" he said, his voice taking on a note of urgency, as he glanced around cautiously, as if he feared being over heard. He gently took her hands and looked her in the eyes. ""I... I... Sir, what is the meaning of this, I don't even know your name, ""My name is Elijah,"" he whispered, his breath warm against her skin, ""and I've come to tell you something about your past, something that has been hidden from you for a long time."" Emily looked searchingly into his eyes. Blue, she noted, but she could not gather the truthfulness of this man. ""Elijah... I am not sure... What have you come to tell me?"" Emily asked, trying to pull her hands away, but Elijah's grip was gentle yet firm. He looked at her with an intensity that made her a little scared. ""I have come to tell you about your father..."" ""What about him?"" ""I am sorry, but he is, he is..."" He struggled to find the right words, his eyes clouding over with a deep sadness. ""He is not who you think he is, Emily,"" Elijah said finally, his voice barely above whisper. Emily tore herself away from him and ran back towards the cottage. She looked back to see Elijah standing, a solitary figure on the moor, his eyes fixed on her as she disappeared into the distance. The wind picked up, and his coat flapped behind him like a dark wing,"
"conv_afc8092c-7335-40d1-a058-616cf97d80a2","a young girl named Aria who lived in a small village surrounded by a vast and mysterious forest. The villagers often spoke of the forest in hushed tones, warning of its dark and dangerous creatures. Aria was a very curious girl, and despite the older villagers' warnings, still chose to roam deep into the forest, feeling an inexplicable pull towards the ancient trees and the secrets they seemed to whisper to her on the wind. She had always been drawn to the unknown and this forest and its many creatures and the secrets they hold is the most unknown of all. She saw an unexplainable beauty in the twisted roots that snaked across the forest floor, and the way the moonlight filtering through the canopy above cast eerie, silver shadows on the trees. As she walked, she had a feeling of belonging. As if the tall trees, and the wildflowers spoke to her, and the creatures hiding in the dark corners, knew her name, and had been waiting for her arrival. The trees seemed to lean in, their branches tangling together above her head, forming a canopy that felt like a gentle embrace almost like a mother's touch. Such a familiar feeling, but at the same time so unfamiliar for Aria, since her mother had been gone for as long as she could remember, leaving behind only faint memories and a deep sense of longing. The forest, with its whispering leaves and soft, filtering light, drew Aria further and further in, until she had no clue where she once came from. But just as she started to worry, she heard the soft sound of running water, and the gentle lapping of a stream against its banks, which seemed to be calling to her, guiding her towards a clearing, where a little house was hidden. Aria had never felt so relaxed. She went up to the house and peeked inside the window. and saw a warm, golden light spilling out from within, illuminating a cozy room filled with books, strange artifacts, and a lovely old woman sitting in a rocking chair Something about the old woman looked familiar to her, but she could not quite place it. She walked up to the door and gently knocked, the old woman's eyes snapping towards the sound, a look of surprise and then recognition crossing her face, as she slowly rose from her chair and made her way over to the door. ""I've been waiting for you, my dear,"" the old woman said as she opened the door. Aria's eyes widened in wonder as the old woman's words hung in the air, and she felt a jolt of understanding, as if she had finally found a piece"
"conv_b0f0e7b9-40d0-4776-a1a7-828df5bdcf2a","a small, mysterious village nestled deep within a valley, where the air was sweet with the scent of blooming wildflowers and the sky seemed to stretch on forever. The village was known for its large wooden cathedrals, connected with each other by wooden bridges, used by the villagers as a unique network of pathways that crisscrossed above the village, allowing them to move easily from one cathedral to another, and it was here that the village became famous for its mathematicians, calculating the possibilities for crossing. There were rules as to who and when and what directions. one could take, and the mathematicians would spend hours pondering the intricacies of the bridge system, trying to find the most efficient routes and patterns, while the village elders tried to convince the mathematicians that the spirit of the law could be broken, even though the village's founder, a wise and enigmatic figure named Aria, had decreed that the bridges were to be crossed in a specific and sacred pattern, a pattern that required to people cross the bridge in the opposite direction at the same time as you. That made it hard to get over the bridge, and led to a complex dance of pedestrians, each trying to navigate the bridges while respecting the ancient tradition, and it was not uncommon to see a group of people awkwardly waiting at the junctions of the bridges, waiting for the exact right circumstances that made the crossing legal. If you timed it just right, you could catch the brief window of opportunity when the mirror-image stranger, as the villagers called them, would be crossing from the opposite direction, allowing you to cross the bridge legally. Some outlaws despised Aria and crossed the bridges as they wished, defying the tradition and incurring the wrath of the village elders, who would often convene in emergency councils to discuss the outlaw's transgression and determine a suitable punishment, Often the punishment would be a year without bridge travelling. They would then have to walk around in the muddy and winding paths that skirted the village, a circuitous and arduous route that would add hours to their daily journeys, and serve as a humiliating reminder of what they had done. People from the bridge would look down at them at best, but usually just ignored them, as if they were ghosts or shadows, invisible and insignificant, and the outcasts would have to endure the scorn and indifference of their former friends and neighbors, a painful reminder of"
"conv_b1e0225e-fdb5-4142-8852-0785c0d30420","a young girl named Sophia, who lived in a small village surrounded by vast, rolling hills and dense forests. She had always been fascinated by the stories her grandmother used to tell about the trolls roaming the forests. She told tales of misfortune happening to any children that would wander too far. into the woods, and how they would never return, or if they did, they would be forever changed by the encounter, with a haunting look in their eyes and a whisper , warning others about the horrible hairy creatures. Many did not believe the stories, chalking them up to superstition. But Sophia believed. every word her grandmother spoke, and she made it a point to avoid the forest, staying close to the village and its familiar surroundings. However, on one fateful evening, her steadfastness would be put to the test. You see, Sophia had a strange addiction: Matcha Lattes. This addiction had often led her to spend all her allowance and even some of her earnings from helping her mother with the family bakery, just to get her hands on a cup of the vibrant green drink from the traveling merchant that took a whopping 75 kr for each cup. But Sophia had an idea: if she could follow the merchant, she might learn the secrets of the recipe, and thus be able to make her own Matcha Lattes, saving herself a fortune and satiating her craving without breaking the bank. So, she decided to sneak out one evening, hiding in the side of the road for the merchant to pass. The merchant came just after nightfall, trotting along with a large, worn-out wagon, its wooden slats creaking as it moved, and Sophia quickly darted out from her hiding spot, falling into step behind the wagon, stealthily sneaking up and grabbing onto the railing. Sophia felt like a true ninja, thinking to herself that grandma would be proud of her cunning, but her pride was short-lived, as the wagon suddenly lurched to a stop, and Sophia found herself face to face with the merchant, who looked at her grimly. ""Do you seek to steal my Matcha Latte recipe, young girl?"" she asked while Sophia gasped. ""No dear merchant, I just happened to be out for a midnight stroll and saw your wagon, and I was curious about where you were headed,"" Sophia stammered, trying to come up with a believable excuse . The merchant laughed: ""Do you think me a fool? I know you have been coveting my Matcha Lattes since you first tasted them, girl. But this was a test, and you have passed, for I have been searching for an apprentice, someone with a passion for the Matcha Latte that rivals my own, and I believe that"
"conv_b306d0b7-35f0-495e-a3e0-5818c3ae060c","a young girl named Sophia who lived in a small village surrounded by dense forests and rolling hills. She had always been fascinated by the stories her grandmother used to tell her about the big castle nearby. She used to say that there lived fairies, trolls, wizards, and a lot of wonderful creatures. Aside from the creatures, there also lived a prince, who was said to be kind and just, loved by all the inhabitants of the castle and the surrounding lands. According to Sophia's grandmother, the prince was on a mission to find the perfect girl, so he could get married. The prince lost his parents years ago, so all he had was the creatures. The prince had been stuck on this quest for what felt like an eternity, meeting many girls along the way, but none of them seemed quite right. He had almost given up hope when he heard about a girl living in a small village surrounded by forest. A girl named Sophia. The prince is stuck in the same age until he finds his true love, and legend had it that Sophia was the one. The prince's advisor, a wise old wizard, had told him that Sophia possessed a heart full of kindness and goodness. A heart so pure, that was never seen before. But the prince was stuck in his castle, and Sophia didn't know how to find. her way to the castle, for the path was hidden behind a veil of illusions, cast by the wicked sorceress who sought to keep the prince and Sophia apart, fearing that Sophia would ruin the world with her kindness. It turns out, that Sophia is a descendant from the best fairy ever seen. The power she carries is unlimited, and it was said that if she were to marry the prince, their union would bring about a new era of peace and harmony, and the sorceress knew that her own power would disappear, and her plan of world domination would crumble. One day Sophia woke up and felt brave. She wanted to find the prince and find her true destiny, so she packed a small bag and set out towards the castle, following a narrow path that she had never seen before, but somehow felt drawn to. As she walked along the path she met a troll guarding a bridge to cross a lake. The troll wanted to test the goodness of her. heart, and so he presented her with a challenge: to answer a riddle that would prove her kindness and selflessness. The troll's riddle was: ""What can give and give, but never take'?"" Sophia was a bit puzzled, but then she remembered what her grandmother once told her a long time ago, that the answer to this riddle was ""love"", for love can give and give, but it can never take, only receive in return. The troll was"
"conv_b6569263-0af4-4945-bd32-398a28cf7e69","Leila, a small town girl dreaming of a better life. Her grandmother Gertrude has often told her stories of the oppression of women in her lifetime - and the struggles she faced in a society where women were expected to conform to traditional roles and silence their voices. Gertrud's stories had instilled in Leila a sense fear for not obtaining something greater. She desperately wants more than the life of a stay-at-home mom - until she met the charismatic and free-spirited traveler, Max, who wandered into town one summer evening, carrying a worn leather backpack and a gaze that seemed to hold a thousand secrets. They pursued their love and found a deep connection, which led them to live a life together. Their life was filled with fun and travel, but also the wish for a family of their own, and after a few years of spontaneity and adventure, they decided to settle down in a cozy little house by the sea, where Leila found a job she loved, Max did too, and soon they were expecting their first child. Life as parents-to-be was thrilling, and upon welcoming their beautiful baby girl, Luna, into the world, Leila and Max felt an overwhelming sense of joy and responsibility, and as they navigated the ups and downs of paren parenthood, they discovered a wish for more time together as a family, and Leila suddenly felt attracted to the idea of being a stay-at-home mom, a role she had once rebelled against, but now saw as a chance to be fully present for her child and nurture a deeper connection with her, Max supported her, however the decision wasn't so easy to make. Leila felt torn between her own wish and the stories of her grandmother, feeling like she went against the very principles Gertrud had instilled in her, the ones that had driven her to pursue a career and independence in the first place, and she couldn't shake off the feeling of guilt for wanting something more simple. At the end of the day, Leila and Max decided on what felt best for their little family, and that was for Leila to take a break from her job and focus on raising Luna, while Max continued to work and provide for them, and as time went on, they had two more children. Max provided, they lived a simple life, and as the good husband Max is, he paid for Leila to have insurance and money. in her own name, so that she would always have a sense of security and independence, and as Leila looked back on her life, she realized that she had found a sense of purpose being a mother, and the stress of achievements was gone. She was calm and content, and knew the possibility of a job was still there. for her when the time was right, and that thought brought her peace, as she watched her children grow and thrive, and she knew that her grandmother Gertrud would be"
"conv_c2e0197b-bba1-43b9-978e-cc6e536892b3","Elena Rodriguez, a young marine biologist who had always dreamed of exploring the depths of the Pacific Ocean. Growing up in a small coastal town in Chile, she had spent countless hours watching the waves and imagining the mysterious creatures that lived beneath the surface. Her tiny bedroom was adorned with posters of marine life, whales and dolphins, octopuses and weird fish that few people knew existed. From early on, she had been snorkeling in the clear waters, and with the help of a local diver, Juan Antonio, she became an expert in telling the sea life apart. Juan Antonio was more than just a mentor; he was like a second father to Elena. A weathered, salt-and-pepper-haired man in his sixties, he had spent most of his life diving and studying the marine ecosystems along the Chilean coast. He recognized Elena's passion early on and took her under his wing, teaching her how to get close to the sea life. They had a unique friendship, but one day Elena came to the beach and saw that Juan Antonio's lifeless body had been recovered from the sea that he loved so much. The 16-year-old was heartbroken promised to honor his memory by dedicating her life to marine conservation and research. The local authorities had ruled his death as a diving accident, but something about the circumstances didn't sit right with Elena. Juan Antonio was an experienced diver who knew these waters better than anyone. His wetsuit was oddly torn, and there were strange marks on his diving equipment that did not make sense to Elena. It was not a shark attack, which would have been much more bloody. It looked like he had been held down, and a knife had cut his suit. Elena looked around. Was his murderer one of the men standing at the café overlooking the beach? She recognized some of them as local fishermen, but one man—a stranger with cold, calculating eyes—seemed out of place. He was dressed too formally for a seaside town, wearing a dark suit that looked expensive and out of place among the weathered fishing jackets and work clothes of the other men. When he caught her eyes, he stared coldly back at Elena until she looked away. Who would do something to Juan Antonio, the kindest person she ever met? She looked again and the stranger began to leave, and she noticed the large bag he picked up as he headed for a sleek black SUV parked just beyond the café. Something metallic glinted inside the bag when he shifted it, catching the sunlight. Elena's instincts, honed by years of careful observation with Juan Antonio, told her this was no ordinary piece of luggage. Her grief suddenly mixed with a burning curiosity and a sense of urgency. As the SUV drove away, she caught the license plate. With the help of a friend in the police, she learned that the owner of the car was a hitman. Had Juan Antonio been onto something that gave him enemies? Was this about the pollution? on that was destroying the marine ecosystem? Juan Antonio had been vocal about illegal fishing practices and the environmental damage caused by certain industrial operations along the coast. Elena remembered late-night conversations where he would whisper about powerful people who wanted to silence those who spoke out against their destructive practices. She began to dig deeper, accessing Juan Antonio's research notes that showed that a big chemistry plant a few miles up the coast was spilling all kinds of waste from their production into the ocean through a hidden pipe. Juan Antonio had taken pictures with his underwater camera, and there was a draft of a report he was preparing to submit to environmental authorities. The draft detailed not just the pollution, but potential links between the chemical plant's waste and significant marine life die-offs in the region. Elena realized that her mentor might have been killed to prevent this information from becoming public. The draft was meticulously researched, with precise measurements of the amount of spillage and sample that proved that toxins of all kinds were discharged into the precious waters that Elena loved so much. But what could she do? Would she be in danger, too? Would the police believe her? Elena knew local law enforcement had its own complex web of relationships with powerful local industries. Simply walking into the police station with Juan Antonio's evidence might put her at risk. She decided to be strategic, making digital copies of the documents and photos, then sending encrypted versions to an international marine conservation organization she had contacted during her research. If something happened to her, there would be not just one lead, but plenty, and there would be idealists like herself who would take things further. As she put her plan in motion, the man appeared before her on the street one day. ""Be careful,"" he said with a slick smile. Elena's heart raced, but she kept her composure. Years of studying marine predators had taught her that showing fear could be fatal. ""I'm not afraid of you,"" she responded coolly, her voice steady despite the adrenaline coursing through her veins. The man's smile didn't waver, but his eyes"
"conv_c576a2b8-4944-4966-b836-5a4fde76260f","Durgenhal, an easygoing penguin who has dreamt of flying since he played Learn to Fly on Y8, and broke through the final ice wall. After that milestone he became obsessed with the idea of defying gravity and soaring through the skies. Every day, he would waddle down to the icy shores of his Antarctic home, flap his ears at Halfdan the hottest penguin on the ice, and try out his latest improvement... Spare parts were scarce and safety nonexisting, but Durgenhal's determination and creativity knew no bounds. He cobbled together a rickety contraption from old fishing nets, rusty bike wheels, and a discarded umbrella on a cold Wednesday morning, just above freezing, so the precipitation from last night sat as a wet layer on the ice ramp. He looked to the rising and over to Halfdan, who was watching with a mixture of amusement and concern, his tuxedo-like feathers ruffled by the gentle breeze. Halfdan raised an eyebrow, "" If you succeed at this, Durgenhal, my life is yours,"" he said without saying a word. All the courage he needed. The ramp was around 80 meters tall, and this would be the moment of truth, the culmination of all his tinkering and experimentation. With a deep breath, Durgenhal climbed into his contraption, a mess of wires, pipes and old cloth, although also fitted with a cupholder, where a picture of Halfdan was taped. Haters had said ""why the fuck are you staring at 80 meters, why not do it from a smaller height, work your way up"", but Durgenhal was all about making a statement, and what better way to do it than to launch himself from the tallest iceramp around. A lot of penguins had showed up, no backing out now. Durgenhal thought back to Steve-o and how he had never backed out when counting 3, 2, 1 and with that same reckless abandon, Durgenhal pushed off from the top of the ramp, his contraption picking up speed as it careened down the icy slope, the ramp had looked smoother from the top, but Durgenhal in his umbrella contraption felt like someone had just put Thundercat on the stereo, the vibrations and bumps threatening to shake him apart as he hurtled towards the edge, the wind whipping through his feathers, and the crowd of penguins holding its collective breath as he launched off the platform, without a cupholder, but the umbrella was still where it should be. His immediate reaction when looking down was one of sheer terror, the ground rushing up to meet him with alarming speed, the ice and snow below looking like a cold, hard slab of Certain Doom, but then in sheer desperation he flapped his vestigial wings, like something ancient in his brain was telling him to, faster and faster while he got closer and the wind rushing past him began to take on a strange, almost eerie quality, as if the very air itself was being shaped and molded by his frantic flapping, and for"
"conv_c7f16c31-e264-4ad6-8a72-7c626fa0cac0","Lucy, who wanted to travel the world with her magic cat, Cat. Cat was a very colorful cat who barfed rainbow hairballs in sympathy with the LGBTQ+ movement. One day, Lucy and Cat set out on their adventure, packing a small suitcase with essentials like catnip, sparkling water, and a map that supposedly led to hidden wonders of the lesbian bar, where Lucy wanted to explore what she had recently found out. She was a lesbian. But the way to the bar was long and she had to navigate through a bustling city, filled with people of all kinds, and Cat, sensing Lucy's excitement and nervousness, stayed close to her, occasionally letting out a soft rainbow hairball, that was left like a long wet colorful trail behind them. In the outskirts of the city they came by a giant tree, where a brown-haired girl was sitting on a bench, staring at the rainbow trail as if mesmerized by its vibrant colors, and when she looked up, her eyes met Lucy's, and for a moment, they just stared at each other. Lucy felt her heart skip a beat, and out of nervousness hesitated before approaching the wondrous girl. She looked at Cat, who seemed to sense her uncertainty, and gave her a gentle nudge, as if encouraging her to take a step forward, and with newfound courage, Lucy walked up to the brunette. The girl smiled softly and said ""hi."" Stammering, Lucy returned the greeting. ""I'm Lea,"" the girl told her. ""Lea,"" Lucy repeated. She wanted to keep saying the name, as if the sound of it was music to her ears, and Lea's smile grew wider, her eyes crinkling at the corners, and she asked, ""what brings you here?"" ""I'm just a traveler passing through,"" Lucy responded. Mustering up her courage she added: ""but I think I have time for a coffee date before continuing my journey,"" she said, her heart racing with excitement, and Lea's eyes sparkled with interest as she nodded, saying ""I'd love to grab a coffee with such an interesting lady as you."" Lea reached out her hand to grab Lucy by the wrist and hoist herself up from the bench. ""You lead the way, honey,"" Lucy told her, and Lea's fingers intertwined with hers, sending shivers down Lucy's spine, and with Cat trotting alongside them, they walked hand in hand towards a quaint coffee shop. It was lying in a corner and looked a little worn down with plants growing up the walls. As they went inside, a cozy little shop was revealed to them, with comfortable armchairs and the aroma of freshly brewed coffee filling the air, and the barista, a friendly woman with a warm smile, greeted them, saying ""My, my what beautiful young ladies we've got here. Welcome."" Greeting the owner, Lea led Lucy to a table by the window before ordering the coffee. Lucy sat admiring the way the sunlight filtered through the plants outside, casting dappled shadows on Lea's face, and she felt a sense of calm wash over her, as if she had"
"conv_ccb90f8d-d4bb-406e-83e9-b91ac0615cac","Dana, living her best life and trying to get it right. Right or wrong, had always been at the core of her choices. It probably came from her parents, from a childhood of debates, empathy. and understanding. Her parents had instilled in her a strong sense of morality, but also the flexibility to see different perspectives. As she grew older, Dana found herself navigating the landscape of happiness and self-worth. She had so many choices. The world was really at her feet. She could travel, do her master's in Australia and she had met so many interesting people along the way. Each encounter seemed to open new doors, and Dana relished the feeling of endless possibilities. Yet, despite the excitement, a small part of her wondered is this the right step? Do I move away? She wanted it all and that meant a top job, the big love and marriage. She also wanted to be close to her parents and now her mum just called with news that her father wasn't feeling well. The phone call left Dana with a heavy heart and a tangled web of emotions. She paced her small apartment, the city lights flick flickered. She had to go home. Next thing she knew she had booked the flight. It was pure instinct. He had lost so much weight lately. The doctors must have missed something. It comes a time when the world of possibilities narrows down to one essential choice. Dana’s mind raced with thoughts of her father, the man who had always been her rock. As the months passed by the struggle was encompassing. It shaped her in ways she never imagined. It also created fears. Fears of loss. As she kept positive and was everyone's rock, she felt the weight of responsibility pressing down on her. But amidst the turmoil, Dana discovered a reservoir of strength within herself. She realized that being there for her family, especially her father was her single most important task. To do everything right and to say all the right things to him now, was crucial, because this was the only time they would have. Time was slipping away, and every moment became precious. Dana learned to cherish the small victories, the quiet conversations, and the simple acts of love. In those moments, she found a deeper meaning. But as she left the hospital and when she was alone, thoughts of fear echoed within her. Should she have to continue life without her father? Should he not be there to see all her achievements, her milestones, her own children? The idea of moving forward without him was daunting, but Dana knew that her father would want her to live fully, to embrace life with all its struggles. He had lost his father at the age of six. It was a car accident. A hit and run. It shaped him. He often talked about being the man in the family from early on. Dana remembered those stories, the way he spoke with a mix of sadness and pride. His resilience had always inspired her, and now it was her turn to carry that burden. Fast forward ten years later. She compared all men she dated to her dad. Who would actually be good enough? She was on her way to a date. He was a visiting professor from Australia, and she couldn’t help but feel a mix of excitement and nervousness. As she walked through the bustling streets of the city, Dana reflected on how far she had"
"conv_d87daedd-9490-4de9-8d2a-d33777567187","Elena, a young woman who lived in a small village nestled at the foot of the vast, misty mountains. Elena was known for her curiosity and her deep love for humans. One day an unknown man came to the village. Elena's mom told her that she was not allowed to neither speak nor go near him, warning that strangers often brought trouble. Despite her curiosity, Elena heeded her mother’s advice, but the man’s presence lingered in her thoughts. She couldn't keep her distance. An afternoon when her mother was taking a nap, Elena looked out the window. To her surprise the man was standing right outside her house, gazing up at her window with a knowing smile. Heart pounding, she stepped back, but it was too late. He waved, beckoning her to return the gesture. Although she was a little bit frightened, she was brave enough to open the door. Just before walking out the door she quietly made a promise to herself to be cautious. She stepped outside, closing the door softly behind her, and approached the man with a mix of curiosity and apprehension. ""Hello,"" He was handsome. He had emerald-green eyes and brown hair. He was taller than her, way taller. Elena couldn't help but notice how his eyes seemed to sparkle in the sunlight. ""You must be Elena,"" he said, his voice warm and gentle. ""I’ve been hoping to meet you. I have heard so much about you. Only good thing of course."" Elena blushed, she was not used to compliments and definitely not to this level of attention. ""My name is Liam,"" he continued, extending a hand. ""I’m just passing through, but I couldn’t help but stop when I noticed your beautiful smile."" ""Is that really so?"" said Elena. ""I bet you say that to all the women you meet,"" she teased, a playful smile forming on her lips. Liam laughed, a deep, genuine laugh that made her feel at ease. ""Only to the ones who catch my eye. And particularly girls who have been avoiding me."" ""No I haven't."" she said. ""I have just been busy with taking care of my mother,"" Elena replied, her cheeks flushing a deeper shade of red. ""But now that you mention it, why are you really here, Liam?"" She folded her arms while having an unimpressed expression on her face. ""You won't believe me when I tell you this but I'm a prince and I'm looking for a wife,"" Liam said. her, his eyes twinkling with a hint of mischief. ""A prince? Really?"" Elena raised an eyebrow, trying to decide if he was serious or just a skilled storyt"
"conv_da1c7ee9-2479-4f47-94bc-db9161a6e88c","What does it mean to be an in-law? I know this term so well, yet as I leave the apartment of my son and daughter-in-law the term in-law has gained new depth and layers I hadn't considered before. The door closes softly behind me, and I take a moment to breathe in the cool evening air. The city around me buzzes During my visit, my daughter-in-law didn't leave the bedroom to say hello or explain why she decided to stay in their bedroom throughout. the entire visit. I can't help but wonder about the tension that must be lingering between them. My son, usually so talkative, was unusually quiet, his eyes often looking at the door. But as I stand in the busy street, I realize that it may not be their relationship which is tense, but mine own expectations and assumptions that are causing the discomfort. Perhaps I've been projecting my own fears and insecurities onto their dynamic. As I start walking towards the bus stop, I get more annoyed with this AI, which turns the narrative into a story about relationships between the young couple. I want this story to be about the broader implications of being an in-law, the subtle shifts in family dynamics, and the personal growth that comes from navigating these complex relationships. As I walk, I reflect on personal growth and do not necessarily agree with this AI, which always seeks to identify the positive aspects and is focused on silver linings. Life isn't always about finding the positive; sometimes it's about acknowledging the difficult realities. The silence and distance between my son and daughter-in-law are again misunderstood by this AI. The silence and distance are not between my son and daughter-in-law, but between my son and me. It dawns on me that perhaps the real issue lies in our communication—or lack thereof. I've always prided myself on being understanding and supportive, but here I navigate in a fog. Will it help to articulate my sorrow to them? Or should I simply accept the silence and find ways to connect with my son and his family on their terms? The answer isn't clear, but I know that this journey of being an in-law is more about listening and understanding than it is being assertive and expressing yourself in strong words. I need to think creatively about the silence and see it as a space for growth and reflection. Perhaps the silence is not a wall but an invitation to find new ways to communicate and connect. With this thought, I feel a glimmer of of annoyance with this AI again. Why all this speak about personal growth? I'm not interested in personal growth, but in actions that can mend the silence. As I turn the corner, I decide that my next step will be to reach out, not with words of advice or expectation, but with a simple"
"conv_e335739c-0072-4945-8fe4-457a04c0997b","Once upon a time there was a small ant living in the very big forest. Every morning it would hear seven dwarfs singing on their ways. to the diamond mine, their joyful voices echoing through the trees as they marched in unison, their pickaxes slung over their shoulders. The ant, whose name was Annie did not enjoy the singing at all. So one day, when an old, crooked witch came through the forest with a poisoned apple, Annie decided to approach the witch and strike up a conversation, hoping to find a way to put an end to the dwarves' morning serenades. The witch, whose name was The Evil Queen took pity in Annie's situation as she was appalled by song. But before they made their deal the clock struck midnight, and the forest was suddenly bathed in a soft, lunar glow, as a beautiful princess named Cinderella appeared from the shadows, her glass slipper sparkling in the moonlight. The Witch screamed as the reflected light blinded her. And she stumbled backwards where she was caught by a mighty prince who instantly fell in. love with the princess, but not before the Witch, still dazed from the light, inadvertently dropped the poisoned apple, which rolled towards the dwarves' diamond mine, coming to a stop only when being impaled by a sharp rock. There it sat as a head on a pike until it decomposed and from its seed sprouted a poisoned tree, its twisted branches reaching towards the sky like skeletal fingers, casting a dark and ominous shadow over the forest floor, and filling the air with a noxious scent that wa s surprisingly sweet and fresh. To every person it smelled differently, it smelled like people's favorite sweets, their grandma's pie. or the scent of freshly baked cookies, and it had a profound effect on those who caught a whiff of its aroma, transporting them back to a time and place of happy memories. It made humans salivate like dogs and the tree lured to it many a good man and woman to bite the forbidden fruit of poisonous delight. But little did they know, the fruit's sweetness came at a terrible cost, for with each bite, the consumer's memories of the past began to fade away, replaced by memories of falsehood and deceit. They remembered a blissful past that had never been and they longed for a happiness they had never had. Most became trapped in this false nostalgia, forever chasing the ghosts of a nonexistent happiness, and the tree, now a symbol of corrupted bliss, stood tall and proud, its branches heavy with the fruit it bore, apples as red as blood, with meat as white as snow and a core as black as ebony. And where its fruit fell from the tree, a dark and mysterious pool began to form, its waters reflecting the twisted beauty of the tree, and it was said that on certain nights, when the moon was full"
"conv_e73d720a-ff86-4c9b-b988-d6cc879215d9","a lighthouse keeper who stopped believing in the sea. It happened on a Tuesday morning, ordinary as toast. Maris had climbed the spiral all the way to the top of the lighthouse. and saw that the sea was completely empty. He quickly rubbed his eyes and looked again. Nothing. Where grey waves should have rolled endlessly toward the horizon, there was only flat, cracked earth stretching into the distance and numerous dead fish lying on the dry sand. Even boats were stranded far away although the sailors on board did not seem to notice anything wrong. Through his brass telescope, Maris could see them going about their morning routines—swabbing decks, adjusting rigging and cooking scrambled eggs. That reminded Maris to go collect eggs from his own chickens once he finished his morning watch. But the absurdity gnawed at him. How could those sailors not see? He shouted from the lighthouse gallery, his voice swallowe but they just looked at him like he was a crazy delusional man shouting nonsense at them. Maybe Maris was the delusional one. He descended the spiral stairs slowly, gripping the iron rail, questioning everything. Had there ever been a sea? His logbooks said yes but his eyes said no. He went down to the shore to see if he could touch the bare earth. If he can do that then it would prove he wasn't mad. His boots crunched across what should have been wet sand. The dead fish were real enough—he could smell their rot. He approached what was once the sea he would spend so many days a year staring at. Suddenly, the lock on the lighthouse door behind him rattled violently. Maris spun around. A woman in a grey coat stood there, key in hand, as if she owne d the lighthouse. But Maris had been the owner for many years. She comes up to him and asks him who he is. How dare she? ""I'm the keeper here,"" Maris said, his voice thin against the strange stillness. ""Have been for fifteen years."" The woman til tipped her head and looked at Maris with a not so convinced look in her eyes. ""No, I am the owner,"" she said softly. ""Have been since my father died and left it to me. Three years now."" She gestured toward the cracked earth. ""And the sea's"
"conv_f5028a6e-05a3-4757-84d0-491a6f400c24","a young girl named Ava, who lived in a small, seaside town surrounded by rugged cliffs and mysterious caves. The town was called Ravenswood, and it was a place where everybody kept to themselves and did their jobs. There was an unspoken rule never to venture into the caves, which nobody seemed to even think about. except for Ava, who had always been drawn to the dark and ominous entrances that yawned open like empty mouths in the sides of the cliffs. She would often find herself staring into the abyss, dreaming, wondering about what the caves contained. Her mother had warned her, demanded she never strayed from the narrow, winding streets of Ravenswood, where the smell of salt and fish filled the air, and the sound of gulls crying overhead was a constant reminder of the sea Still, she yearned for the mines. A deep, boundless whisper pulled her towards uncertainty and mystery. Her world had always been limited to the valley, where the same faces and routines had become as familiar as the rhythms of the tide, and yet, the thrill of the unknown beckoned to her, a siren's call tearing him apart. One day, a day no different from any other, she made a choice. She strayed from the well-worn path. She lit a torch and stepped into the darkness of the cave, the flame casting eerie shadows on the walls as she descended deeper into the earth, the air growing colder and damper with each step, until she was faced with a new complication. Two tunnels. Ava decided today was not the day to ponder. She went left. Soon, light started appearing ahead, and as she emerged from the tunnel, she found herself at the edge of a vast underground chamber, the ceiling lost in darkness, and the walls lined with glittering crystals that somehow illuminated everything completely. ""I- I'm rich..."" muttered Ava. She sent up to the wall, put her hand against the crystal, and pulled. Somebody grabbed her arm, pulling her back, and Ava spun around, startled, to face a figure she had never seen before - a woman with long, curly brown hair and ragged, torn clothes. ""STOP!"" yelled the figure. ""What in God's name do you think you're doing? Never in my youth life have I seen someone so reckless,"" the woman exclaimed, her eyes blazing with a mix of fear and desperation, as she gazed at Ava with a piercing intensity, her hearts pounding audible. Ave looked around, and saw a little head peeking past a wall, a silhouette looking to be half her height. Somebody small and fragile, with eyes that shone like sparks in the crystal light, and as Ava's gaze met the child's, the woman's grip on her arm tightened,"
"conv_fe95c724-f91e-4a17-8400-9bfbdf9218ec","two old friends, Ezra and Clara, who had been inseparable since childhood. They grew up in a small town nestled between towering mountains and a sparkling My baby sister likes to think that the critters all have feelings, and that they’re living some happy lives with tea and cookies in a cozy little village hidden deep within the woods. She often tells me about her adventures there, where she visits her favorite rabbit, Mr. Whiskers, and the wise fluffy baby bunnies. She’s ten, and therefore wrong. See, I’ve dealt with rabbits before. Those bastards are always hopping around, just out of reach, and they never seem to stop multiplying. But Clara, my sister, has this way of making even the most skeptical of us believe in something magical. One day, they pop up each spring in droves. Usually a trap and a couple of bullets will run them off, but they’re particularly persistent this year. Ezra and I decided to take a different approach. We set out to explore the woods where Clara’s imaginary village was supposed to be, hoping to find a My baby sister got sad when she poked at her stew and found it tender and sweet, as only rabbit meat can be. She got even sadder when I gave her a look that said, ""This is how it is, kid."" But then, something unexpected happened. As we were walking through the woods, we stumbled upon a clearing A house. It sits above the washbasin and is grimy from the steam baths that my sister insists on taking. Through the rust, my arms look more defined, but the scene in the clearing stole my attention. There, amidst the dappled sunlight and the soft rustle of leaves, stood a tiny, perfectly proportion The neighbors all say that the dust will pass. It’s come before and it left before, never this much but that’s to be expected. We just gotta look after our own. But as Ezra and I stood there, the dust seemed to settle around us, almost as if the world itself was holding its breath. The tiny, whimsical village Little Bessie and I go into town the next day on our real Bessie, Hera the cow. My sister named her. I wouldn’t have bothered, but she’s a good cow, and she’s been a faithful companion through many a harvest. As we made our way through the familiar paths, the town buzzed with its usual life, but there As we ride in, we see the new pop-up shop selling color televisions. My sister wants one, and I tell her fat chance every time she asks. But today, there's a different kind of excitement in the air. The townsfolk are talking about the strange sightings in the woods, whispers of a magical village."
"188SQKM20FYzYRFIJ08U","the great feast in Aarhus. Everybody had gathered down at Le Coq for ""Mad og Fad"" where people get a beer and a plate of food. Everybody was so excited for what was going to be a long evening with lots of miscellaneous activities. Everyone met up at exactly 18 o'clock and greeted everyone happy to celebrate the start of the feast. Some people showed up hammered already and the rest were in the process of getting there with ""Chartreuse on ice"" A delicious trademark of Le coq. Then Simon stood up to announce his drop-out from university and that he was going to travel to every single country in the next year. Everybody was surprised but very excited for him. They cheered. He then also told that he was gonna do so in an 18 ft. People were shocked. He was in for a ride. Or as some would say, ""the time of his life."" They were actually all almost at the end of their studies and started planning trips according to his travel route. People loved the idea of sailing and in a matter of hours one of his friends had also bought a boat from DBA which he was gonna follow him along in. And more friends joined. They had actually planned out all of their next year in a matter of minutes, maybe with a little bit of alcoholic fuel but the plan is standing. Next they will be meeting to draw the route on On was saying ""Greenland! We need to save them!"". Another yelled out ""CUBA I want cheap cigars."" Another ""Russia! I want vodka!"". But then Anne fell down head first from the table after dancing ecstatically and losing the balance after twirling 20 times at once. No one was able to catch her, so she landed on the wooden floor. Luckily nothing happened to her so that party kept going. The room was electric and people were throwing dance moves that were unknown to mankind almost. taking off through the ceiling. After a couple of hours of dancing, they left the party and started heading towards the harbor to continue their adventure. But it was totally dark and people were not walking straight anymore. They heard a horn from the waterside. ""WHAT WAS THAT?"" It was coming closer and closer and somehow didn't seem to get any slower. ""OH NO,"" they didn't realize they had walked onto a poorly constructed bridge. So they decided to find a boat to jump on. They found a small canoe and all of a sudden all 10 of them were sitting on a single one. Some balancing on the tip, others on the back and the rest squeezed into the middle portion. They stayed there for the entire night. they paddled and paddled and all of a sudden they had reached Sweden. A long time dream for Simon had now come true. They all decided to watch the sunrise there and then go to the supermarket to buy SMASH for breakfast. After they planned on catching a shark. they threw out their fishing lines and sat there waiting. they waited and waited but nothing happened. but they had already planned how they would cook it and marinate it in Jägermeister. Since they couldn't get one until the very late evening, they bought one at the fish market and fried it on the motor of the ship on the"
"1jhKtdiCFYhLl4Itr0tM","Once upon a time in Hollywood, there were two cats strolling along the pavement. Many stars lined the pavement and one looked down at a particularly cosy spot. The cats loved to chill there every morning in the sun, and every evening in the moonlight. Today was a very nice day, the sun reflected in their little whiskers and the palms above them created shadows that danced along but suddenly everything changed. Another black cat ran towards them. They were unsure if it wanted to play along or if it . The two cats looked at each other, frightened, trying to make out the expression of the black cat. Its tail was raised. and it looked ready to fight. the two cats didn't want to fight, they just wanted to be happy and have a cozy time. The two cats however, decided that it was time to abandon their peaceful ways. They pulled out their fish-swords, made out of delicious fish skeleton. hmmm tasted so good, and made even better swords. Now they were ready to fight more The black cat had also come prepared. Hiding behind its thick fur was a Minecraft diamond pickaxe, made out of, even tastier fish mhhhh so delicious. The more delicious the more dangerous so now the cats were even more frightened, oh no what After an INTENSE staredown, they ran towards each other and their DELICIOUS swords clashed with a powerful clash. The black cat was brave but hadn't thought of the two against one thing, which was kind of stupid because it got so riled up. They continued to fight some more, but they quickly got tired. That is when the black cat opened up about why it came with so unfriendly and bad vibes. The black cat was actually just so so so sad to not have another cat to play with, which was very sad. So, they decided to end the war and become play buddies in Hollywood instead. They hugged for a bit and then the fun began. wow so much fun stuff to do in Hollywood. They visited the big sign, ran all the way to Katy Perry's mansion to play with her and all her other cats. It was such a fun time wow they got along so great it was wonderful. They listened to dark horse all night OMG SUCH A GREAT SONG. The next morning was almost better, because they went to visit Leonardo DiCaprio. He was a well-known cat actor but he liked young cats and these cats were young, except the black cat, she was over 25, so sad for Leo..... great the two other cats were young and"
"599Km2RY5nTNKI7vG2Wb","One day, two young researchers entered a classroom full of students and asked them to participate in a push-up competition to find out if there is a correlation between how strong people from different studies are. There was a slight twist to this since the participants were also ask to recite the IPA while doing push-ups. The researchers had a hypothesis going into the study. Though the students knew their IPA, the strength of their mental state might not be enough to transfer into raw push-up strength. The math students had to solve complex equations while sweat was dripping from their palms. The students, eager to beat the people from maths, jumped from their seats and began their attempt at push-ups. It was easy at first. The two young researchers counted out loud, setting the mood. ONE, TWO... everyone was good until five... the music did not help at all. It was so loud that it was almost impossible to hear if the students recited the IPA correctly or not. The researchers seem to have a thing for Justin Bieber. It was a battle between the reciting of the IPA-chart and ""Baby baby baby, uuuuuh"". The first people dropped after 6-7 pushups, the rest kept at it and gave it their all. At 20 only two students remained. The rest of the students stood around chanting the IPA chart. They got louder and louder. The remaining two pushed and pushed. The light started flickering, then turned purple with a bright flash. The air in the room suddenly went dark. But the two kept going all the way to 100. They were celebrated for winning, but the math students also did surprisingly well. The plot twist of it all was that the two researchers found out that it was the biology students that could do the most push-ups - they did over 500 each! It made the other students mad being robbed of the victory. They all teamed up together. and started marching towards the university park, where the biology students were enjoying the beer they won from the competition. ""We should have won that beer,"" one shouted. We should be the ones celebrating. Then, one student shouted, ""You all cheated!"" A bold statement indeed. But was it really the case? Only one way to settle this: another challenge. ""We will settle this the old way"" ""To the boats!"" The boats were primitive and built not to last. but the students were experienced sailors - on the university lake at least. It wasn't spring yet so none of students were eager to get in the ice-cold water. But it must be done, beer is on the line after all! And with the beer in mind, they rushed into the boats. One fell from the boat on the way over the lake and almost froze solid as ice - luckily they were able to heat up again shortly after. Once the others noticed that someone fell overboard, the rivalry was forgotten. They all drank a beer together."
"6Jv806AoPWPYePMobUvx","a girl with a dream, many moons ago, a young maiden lived in a tower. Her dreams were as high as the stars, yet her spirit was broken by the fact that there was no one to love her. She was very lonely and went out to seek for someone to keep her company. As she went out the first thing she did was stop by the lily fields, they stretched far and wide, different colors, like a rainbow. They kissed the pink sky in the evening, as the sun went down. She collected the lilies and continued into the forest where she found a little rabbit, curled nearby the roots of a great oak tree. It looked so sad, she peered closer and found its paw had been hurt. She calmed the rabbit, singing a lullaby. She saw a little river nearby, the sweet sound of the water running over stones. She pulled the rabbit into her arms and walked to the river, gently placing its paw in the soothing water. She looked towards the other side of the river to look for something to wrap the paw in, but instead she noticed another curious forest creature , yet, it was something she had never seen before, it was looking right at her, a halo of light danced around its little wings, a slight glitter. in its eyes, making it seem calm and friendly. It was very beautiful, this creature, and she was stunned as it flew across the river, slowly, its feet skimmed the water top, leaving a pattern that swirled. She noticed it was only about the size of a lily flower, small and petite. Its a rare sight, she thought to herself. She just kept watching the flying creature as it landed right next to the rabbit, that she was still holding. . It observed its paw, then looked up at her and smiled; suddenly it flew up into the trees. For a moment, there was silence. Then many tiny lights began to turn on in the tree tops, and before she could do anything, the cloud of swirling lights headed towards her and the rabbit. It looked like an tornado of glitter, as it glimmered she realized many little fairy-like creatures. They began to swirl around her and the bunny, she felt the warmth and magic. in her body. She filled with joy and the bunny seemed to lighten up as well. The creatures landed on the bunny's paw and placed its little hands, a small glow of gold appeared and the bunny jumped out of her hands onto the grassy bank. She stood in disbelief, it was real magic! The bunny jumped around as if nothing has ever happened to its paw. The bunny jumped away, and she had a feeling she would be alright. The fairies all gathered in front of her, and began a little dance, holding hands and flying in a circle, bursts of color lightening up the now dark forest. The sun had gone down, but she felt the light again in her life, realizing that she can be"
"7wPRj5Wbc26nlx60LUT5","Once upon a time a little duck walked around to find a fitting house for him and his dreams. The dreaming duck was afraid of many things, but also had many needs, which he needed. to fulfill. First and foremost he needed a safe place, away from the preying eyes of cats and foxes, where he could hide from the dangers, while fantasizing about the future. The little duckling always had one specific dream that it thought of having the biggest duck family he could dream of. But first he needed to find a duck wifey to realize his ambitious dreams. He had a small problem. He was Ugly, even more than the ugly duckling from the famous fairy tale. So ugly that not even the witch far into the woods wanted to talk to him. The limited search once put him on a site called Duck Tinder. He had no success, as the other ducks with big and shiny feathers got all the attention. Therefore he changed his ways, and applied for a different site. The site was called rat hinge, and for once, the ugly duck felt prettier than the rest of the applicants. The little duckling became very popular within rat circles. The stinky hairy creatures from the sewers adored him. Having ripped feathers and a cook comb, was for once an advantage. He went on multiple dates, but the duckling thought he was too pretty for the ""ugly creatures"" as he saw their horrible yellow teeth, wild eyes and foul smell. Therefore he jumped into a puddle, and rolled himself in dirt to looked like the other creatures, but as soon as he did that, the dates became fewer and the nights longer. The dream, that was once his everything became a burden and his worst nightmare. He thought of returning to the ducklings, to continue his comfortable life at the cottage, where he was fed but he didn’t belong anywhere. The feeling of being too good for some places, but too disgusting for others, was definitely not what he wanted. He decided to wash off his feathers to rid himself of the dirt and shame he got into, while trying to be an outlaw rat. He wanted to be something else, completely different. Therefore he shaved everything remaining off, and instead started to walk towards the mud. The new dream started forming to be a bald badass dirty duck. Someone who is no rat, but also no ordinary ugly duckling. He wanted to be unrecognizable on his return. and to start a new clan. Not the KKK, not anything the world has ever seen before. Now it was time for the bald badass. duck gang to be formed. He started working out to look jacked, so he can be the biggest-looking boss duck they have. In the mafia, the bald badass brainy Brucks was now being formed and ready to finally feel worthy and to complete all the dreams the parents told him. . When he was ready, he got back to the duck pond to find members. On his way back, he encountered the very hungry Mr. Wong, who wanted"
"9MYVXy4Nms9gfR1DI7NA","a lonely cat, who was missing its person. The cat’s name was Cat, and it was tiger-striped. Cat doesn’t have any friends but is on his name was still Cat, even if nobody used the name. The cat, named Cat, decided to jump on a train to go wherever the wind (or train) took it. Cat had a BLAST. The train ride was exhausting because of the wind, so after some time Cat went off. He landed in a rural area with eerie bushels in every corner and trees. as tall as mountains, from his perspective anyway. In theory, cat should have no clue where he was, but he had been playing Stray for PlayStation. So he knew what to do. Brother did a backflip off some high grounds and went into the trenches of the wilderness. He put on his war paint and tried to hit a tree to collect wood but it seemed that this place didn't run on a Minecraft server. So he went into the sewage system to explore. What he could find was sewage, but what he COULDN'T find was the rat king of the sewers. He was looking and looking before the smell of pizza hit his nostrils. He could see green beings moving in the distance, was it the RATMA - the infamous rat God. Aka God of Rats. Aka King of Gods and Rats. He wasn't green, Cat is just confused. HE was actually colorblind, and confused brown and green somehow. RATMA looked down at the little kitty cat Cat with a stern and all powerful look. he said ""what the fuck are you ?” And Cat looked at him with disgust and said “Who invited this naked mole rat?” So RATMA attacks Brother Cat because of this and shit on the ground. Cat is very confused and a little bit scared but he eventually bit RATMA in the tail which made RATMA fall to the ground and it KILLED HIM. Motherbrother just died on the ground. Cat is in shock. “I killed the god of rats? The king of rats is now dead, in his own damn chat,,, I better run lolz"" he said and looked straight at the camera like he was in a TV shows. If Cat was gonna be an actor, he would star in The Office he thinks. But he doesn't have time to think, so instead he jumps out the sewer and runs around in the bushlands, confused about the sewer system in the bushlands. It didn't really seem to fit the vibe, but he didn’t care about anything anymore. He can’t believe he killed Ratma. He is traumatized for life, and he is also incredibly hungry. So the purr little Cat is in the bushes and not near any bakeries or anything with food so he runs and runs as his paws are bleeding. So much that it paints the street red. It was a crazy sight. He gets into this little alley. that suddenly appeared in the bushlands. He appreciates it nonetheless and he crawls around the street and is looking for something."
"BocRhyGX0eWpgbUSkjWF","how a mushroom got high on LSD. The weird part of the story was how mushrooms normally got eaten by humans to intoxicate them. But this time it was the mushrooms. Mushrooms are living organisms, and therefore they are able to absorb LSD. It has not been observed many times, but in this story you will hear the exclusive material of how a special species of mushrooms got collectively high in Colombia because of an LSD parcel being dropped in the forest and the LSD being released into the water systems. The rivers were able to transport enormous amounts of LSD to large areas of the jungles. The mushrooms started behaving in peculiar ways; for example, some effects were how they were able to grow new colors and shapes. some were glowing in the dark and some were big and stringy. Scientists were confused by the mushrooms' behavior so they tested them. . The scientist did not expect the effects that they experienced. The mushrooms' effects were hallucinations but with the mix of LSD they started to become part of a superdrug. The scientists gathered the mushrooms and began selling them on the black market where they branded them as the new king of EPIC DRUGS. Later it was discovered that a side effect of the drugs was becoming a mushroom yourself. The mushroom was a parasitic mushroom from the south of America, but since the side effects were unknown at first, the export to Europe was massive. this resulted in a huge outburst of human-looking mushrooms. It took over the news and the mushrooms which were eaten by the humans were infectious. More people therefore got possessed by mushrooms who made civilization unmanageable. most of the party islands in the south of europe got totally covered in mushrooms, both people and the actual ground. they all became one with the environment. It was starting to look like the whole world would become infected. It could be the end of human civilization as humans had a hard time fighting against the fungus. but one day the mushrooms began speaking back to the humans and they began having conversations about the modern society. The humans became more enlightened and humans started behaving nicer to each other. Rumors have it that the mushrooms told them about the ways the humans treated both each other and also the fungus. this began a revolution of how law making and infrastructure was made from this point . People became more aware of the environment and the wildlife all around the world started blooming as it has never been seen before. Even the Mammoth came back from dead and new species of both animals and mushrooms roamed the world. they all worked together to create a brighter future and they all became great at making space for other species. The world has never been as beautiful, and for a while they thought that they all found their happy. ending, but suddenly the mammoth began eating the mushrooms, and they became intoxicated. now the high mammoths were killing everything living on the planet. A lot of natural disasters happened and volcanoes exploded; every living thing on Earth died. And that was how the world ended. The"
"D8kJXS3suDI2tltssVgN","a very happy dog wandering through the streets of Aarhus alone. He's just going down the street, greeting people and making their day better. But suddenly, he fell into a big, cold pool of piss. He was super embarrassed by this, and he thought it couldn't get any worse when a massive seagull swooped down and screamed insults at his butt. Because how can you be a dog without a tail? Smelling like piss and having no tail, being laughed at by him about it made him feel like a total dumb-ass. He started shouting at the stupid bird that she should shut the fuck up and mind her own business, but the bird just looked at him with a sly smile. ""You know what, ugly mutt, it kinda suits you not having the tail. Cause everybody can see who you actually are from the first look at you this way."" This made the dog mad so he jumped up to catch the half-eaten french fry she mockingly threw at him, but having horrible paw-eye coordination, he failed just to fall back down in the pool. To his astonishment, the french Fry fell into the puddle, bounced from the ground and fell right into the ugly nib of the seagull. She then fell to the ground and puked all over the street. Now it's his turn. to laugh, he thought with triumph in his piss-filtered eyes. He was just about to do the shake, creating a glistening sprinkle of yellow, when the puke started flowing in his direction. ""oh fuck"" flew through his head. He wanted to run away but his paws were stuck in the piss-pool. He started panicking when a miracle happened. to his mom, and he started disintegrating from existence. The ""oh fuck"" faded away, replaced by a strange relief as all the piss and the laughs and the evil bird disappeared from view. He was shocked about what happened. His mom is in hell, how could a miracle happen to her? And how does he know about it? ""Am I in hell too? But how is it so cold? He could no longer smell the urine or see the yellow orbs of malice in the face of the gull, but he could still feel cold liquid clinging to his fur. Maybe he was not in hell, maybe he got into the seagull's imagination. That would explain why it feels like hell but really is not. Is there a way to escape the mind of this? wretched animal? No, hummed a voice reverberating off invisible walls. Shit. This was a voice he had heard only once before but could never place it to a familiar face. But now he's sure whose voice it is. ""That can't be it,"" he thought to himself. It was his worst nightmare to be stuck anywhere at all, but to lose his dignity in this way and be absorbed by the skull of a gull was somehow even worse than he could ever imagine. He cannot get the embarrassment out of his head. Wait. Is it really his head? Or did his mind integrate into the mind of his butt? As he could no longer see or smell, there was only one way to find out. Determined to regain his dignity, he started to explore the surroundings with his butt. He rubbed it on the ground and he found out... he was right! He still doesn't understand how it happened, but he is definitely sure that his butt was now his mind, and it was clouded by memories of mocking laughter and sticky liquid, and the looming silhouette of evil itself. Oh well, he thought. At least I'm not with my"
"EVPkCWSrT9SwL38W9Zuk","Once upon a time there was a little grumpy man. He lived in the small town of Maiopy. He was feared by the other people. He did not understand why the people feared him. He coincidentally found out one day on the way to the marketplace. On his way there he saw the most marvelous thing that changed. his entire life. As he was walking down the street thinking about all the things that annoyed him and shouting at the people that loathed him, he noticed that the guard he stomped past was not riding his horse as usual but his horse was rather riding him. This was nothing compared to the man walking on his hands right by him. He paused. 'What in the world is happening?' he thought to himself. At that moment he felt confused rather than angry for the first time in his entire life. This spark of curiosity was just what the haggard old guy needed to follow his secret childhood dream of being the world's best juggler. 'Maybe they are coming from a circus!' he thought excitedly. He started to pick up the pace toward the marketplace because maybe the circus master would finally let him juggle his collection of hairless mice the way he had always hoped he would. He couldn't wait to see the crowd's face. when he would stand in the middle of the circus with his best costume on with the mice in his hands. It would be the best day. of his entire life. The other best day of his entire life had been when his older brother Clarence broke his leg on the swings. This made the grumpy man happy as he disliked his brother from his hair to his toes. Clarence had made it his life's mission to annoy him. Always smiling. Always laughing. Being happy. The man had learned from the frog that once lived in his left boot that these were all indications that the devil has hold of someone. Ever since his brief affair with a nun, he had known that something was completely wrong with Clarence. The nun confirmed all of his worries, and he had tried to tell their mum but she did not want to hear any talk of nuns, or devils, or feelings. She was far too busy filling her garden with small piglets that would eat the small moles in the garden. She had been working years to try to get the pigs to eat moles, so of course she did not have time to worry about her children's well-being, besides that's what the maid, Periandelialis, was for. She was good with children and good at cooking them into soups and stews of rabbit. She had been a second mom for the two brothers. But anyway the old man was now running through the streets not able to hold back his glee and joyous laughter at the idea of presenting his rats to the people of the many small kingdoms the circus was wont to tour. He had a secret plan as his real goal was to take over the circus and finally get the circus man back that bullied him when he was watching the circus when he was just a small insignificant worthless little boy with an alcoholic mother, satanic brother, and a father who spent too long playing with the fairies and now had become one himself. What"
"FTAeksA8Y0QOBPW6kxWX","a little kitten named Skittles. Skittles lives with a sweet old lady, but he dreams of exploring the neighborhood. One day, his human forgets to close the cat-door. This was Skittles' big chance! The first step out in the fresh air felt like a rebirth. The world was open, but where to go? Skittles took a big breath and turned the first street corner. He ran down the street without a care in the world, flouting his freedom the dogs locked behind gates This was wonderful. Skittles had always wanted to go to the store. The old lady always came home with a big bag of cat food. If Skittles could make it to the corner shop, he would be able to eat as much kibble as he wanted to. However, when he came to the store, he was met with big shelves filled with things that was not cat food. What was this!? Skittles had never seen anything like this. The shelves towering over him were filled with vegetables, cleaning products, and cheese. This was an unexpected find. Skittles thought the outside world was as catered to cats as his human's home was. Dejected, he left the store. As Skittles was exiting the door, he heard a scream from the owner yelling ""OOOUUUUTT."" Now Skittles was running as fast as he could. The old lady never yelled at him. He wanted to go straight back home, but realized that he didn't know what way to go. He tried to use his nose, but the many smells of the city was overwhelming. Skittles hadn't kept track of his route, and was getting more and more anxious by the minute. He tried to go left at the crossroad, but still couldn't recognise his surroundings. As he was walking, he suddenly bumped into a big dog! The dog started wagging its tail, and Skittles hissed, trying to make himself big by raising the hairs on his back. The dog barked at him, but wait... this was not a threatening bark. Maybe the dog was friendly. Even better - maybe the dog could help. him. Skittles asked the dog if it knew where his home was. The dog gave him a big sniff, then sniffed the air. After a moment, the dog turned around with an excited bark. They were running down the street together, and Skittle saw a sight that made him so happy! The old lady was right there with a searching poster in her hands. The dog barked again, getting the lady's attention. When she saw the two, she smiled widely and knelt down patting Skittles' head. Skittles had never felt so relieved. When looking at the lady, he saw the searching poster. Now Skittles felt sad that he had upset his owner. She was so kind. and sweet to him. Skittles decided that he was just fine staying with his owner. He didn't need to explore the neighborhood ever again. The lady took him home, and exhausted by the day, Skittles yawned and rested in the lap of the lady, while she was stroking his back. He dreamt of kibble, convenience stores, and dogs, while the old lady watched television. The day turned into afternoon. and then night. Skittle was snugged up cozy and content. Now he was cleverer and knew that he was at the best place in the world: the old, sweet ladies."
"INnauEosv25woOCrBRDi","Bob the frog. He lives in a toadstool house in the forest. One day he decided to go on an adventure and Explore the world of shrooms. Bob may have eaten a bit too many shrooms, and is now wandering around the trees feeling quite strange. As he continued wandering he suddenly stumbled into something. Bob the frog fell to the ground and as he looked up he saw the big fat master toad, who loudly roaring through the endless forest, stated ""you shall not pass!"". Bob the frog was startled and didn't know what to say. Instead, he offered the master toad one of his shrooms. and the master toad told Bob to fuck off. So, fuck off, Bob did. Again walking through the endless forest, in deep and mossy darkness. While walking he heard the sound of running water and all of a sudden he was looking at a massive waterfall. After eating all the shrooms and and taking a swim in the purple swamp of death, he returned to his toadstool house, as he now wanted to achieve his dream. Bob the frog dreamed of becoming a professional snowboarder, but it never snowed in the forest. So today he decided to venture. out to the faraway mountains in candy land. In candy land all the mountains were covered in delicious white flaky sugar. He packed his bag and snowboard and off he went. The trip to Candyland was long and hard, but Bob kept his spirits high as he was now on the road to achieve his dream. But what Bob did not know yet, was that the trip to Candyland would not be like he thought. As soon as he exited the forest and reached the main road he found it blocked by a massive carriage. One of the wheels had broken off, and inside sat the wonderful princess Pooh, a toad princess known throughout all of the country. Pooh pleaded Bob to help her and so he did. Back into the forest he went to gather wood and sticks. With a little bit of skill and a lot of willpower, Bob created a bonfire at which Pooh and Bob started roasting cockroaches over the fire, Bob's favorite meal. Sometime he would even sprinkle some toasted shrooms onto it, to get a better flavor. But when he tried to offer it to Princess Pooh she made a face and quickly fled the campfire. Bob was left sat in the dark forest, wondering where he went wrong. He just scared away princess Pooh and was now wondering whether he was too weird to make new friends. This dampened his spirits, but he still had a dream to achieve. He crawled under the carriage and got the wheel put on. He started slowly rolling towards Candyland. Pooh had a dream and nothing was going to stop."
"JFI8cNwhGfRT2Jd6JUd0","Once upon a time there was a crazy cool dude named Carl. Carl was the best at everything he did, a true champion of the people. One time, Carl decided he wanted to engage in a new hobby. A hobby that would change rhythm of his day. And even - of his life! ""Wow, he thought, I'm going to be the greatest speed-knitter this world has ever seen,"" and on he went, knitting crazy pieces of art in his free time. He went on to pursue this new hobby of his for a job. But for that to be realistic to any degree, he had to get started. For step one, he made extensive preparations. He researched every little detail of the process to optimize his knitting speed. His peers looked at his dedication, and thought ""there's no way I'm gonna I'm gonna train my fingers and hands for hours every single day! Carl was humble and obviously dedicated. He even offered his peers teaching classes to help. , but it didn't matter. He was just on another level. For step two, Carl practiced new knitting techniques involving impossible hand-eye coordination. coordination analysis. He read numerous research papers on how the mind works with muscles. This elevated his technique by magnitudes greater than any non-übermensch could understand. However, for the third and final step, Carl realized he had to take it to an even higher level. All throughout his learning he experimented in different environments. And in nature. He didn't only knit with yarn but began knitting with various things such as lava and stone. Finally, after mastering the last step, Carl was ready. He was going to apply for the job. ""Finally,"" he thought, ""now I can be a contributing member to society."" He went on to attract attention all around the world. And the one job he had his eyes set on suddenly wasn't the only option. People from various sectors of society wanted a piece of Carl. However, then something horrible happened. One day while knitting a lava-sweater, Carl burned his hand quite horribly. So much, in fact, that he could no longer pursue this hobby of his - even, his newly established meaning of life! He was ripped to pieces and couldn't fathom what to do. Carl became depressed. He lost all will to live. What was he going to do with his life now that his only passion was taken away? That was only for him to figure out. After a while sinking further and further down in his bed, he started thinking. Could any kind of prosthetic help or should he find a new passion of his? ""No,"" he thought ""there's no way I'm going to be this invested in anything else. Knitting is my life!"". So Carl went to read and pursue every possible relevant person to find a prosthetic. Only to realize, I must be able to continue with one hand. So Carl began practicing with his one remaining hand. Every day he got a little bit faster, but there was a long way to go to reach his goal. He was getting somewhat closer to his peers and was starting to become happy again. Maybe he didn't need to be the best."
"JYZ6dAbVtTCZL8fZXM8s","a rabbit who lived deep in the woods. They lived in a small town filled with all other sorts of woodland creatures. It was a peaceful place, but tensions lurked not far from the town. One day, the rabbit went down to the river with his two friends, the timid toad and the little ladybug to wash their clothes. The water was cool and clear. The friends were delighted to clean together in the spring breeze. They were nearly finished when they noticed a strange object floating towards. them. It was brown and rounded and looked like an egg, the rabbit thought. ""Oh, it is a basket!"" The ladybug flew closer to it. and discovered that it was a pill bug, rolled up tight. The ladybug told their friends that they had to save the poor creature. The rabbit and frog jumped into the river and swam quickly towards them, but the river that was once calm now seemed angered. Splashing, they fought to get closer to the basket, and the poor pill bug, as they too were pulled into the river. Even the toad could not swim in the violent water. The ladybug tried to help them from above, but could only watch helplessly as their friends were pushed from side to side by the current. They barely avoided hitting the stones in the water, and the basket was still far away. ""Look,"" the rabbit shouted using his big ears, pointed towards a large tree with long roots spread out into the water, ""We can try to stop there!"" ""What about the basket?"" said the toad, ""Should I try and reach it?"" The rabbit tried to say something, but the river was too loud. But then the water seemed to shift and instead of fighting them, it helped them in the direction of the basket. The toad was able to grab onto it and the rabbit was able to hold onto the toad's collar. The rabbit grabbed onto the tree root and pulled all of them onto the shore, where they lay for a moment catching their breath. The ladybug looked into the basket and found the pill bug deep in sleep, unaware of the dangers that they had been through. Everyone was relieved to be out of the water, but soon realized another problem: they had no idea where they were! The furious river had brought them far away from their laundry. ""What are we gonna do?"" asked the rabbit and looked at the river, now realizing that it was suddenly dark outside. They had never been to this place before and felt strange being away from their safe home. ""Mmm, where am I?"" a high-pitched voice asked, and they all looked to the basket, where the pill bug had awoken. They were all relieved. to see that it was okay. The pill bug also looked around, confused as to where they ended up. ""Are you all right?"" asked the ladybug. with a gentle voice. ""Ah yes, I just had a little nap,"" said the pill bug, and the toad couldn't help a giggle. The pill bug crawled out of the basket. and looked around. ""I guess I overslept! Where exactly are we, and who exactly are you all?"" The rabbit and friends introduced themselves, but couldn't answer for where they were. ""Hmm, that's okay, I think I know this place!"" said the pill bug. ""My friends live close by!"" And just like that, the shore was illuminated by a flock of fireflies floating"
"K6nustVFF5ei8GiBLmiZ","my first heartbreak, three years ago. I'd been more naive back then and unsuspecting of the harsh reality of people in love. It started of great, as it always does when you're in love. blind to all of the other's faults, and them to yours. The danger is when you get to know someone. When I first saw Maxim in line at the coffee shop, he'd been ordering a cappuccino. He smiled at the barista, revealing a dimple in his left cheek. it had been snowing and i immediately envied the small drops of melting snow in his curly hair, the way they gently slid down his cheeks, falling on the lid of the coffee cup. I stood close to him as he took a seat in the café, while I waited for my drink. That was the first time we met eyes. It's weird to think back at it, at that time I would've never guessed I would one day be planning how I was going to kill him. But, here we are, that's what heartbreak. I'm not really sure when or even exactly why I decided to kill him. I just became aware of a dull, throbbing pain in my chest that told me I wanted him gone. Not just from my life, but from the planet. I don't know if it was the realization that he was falling out of love with me. Or maybe the realization that I was getting bored of our relationship. It didn't matter. The calendar hanging on my wall had a specific day circled in red ink. February 26th. He'd asked about the red circle, and I had told him I had something special planned. Some of you may consider that a lie, but come on. What could be more special than the day I decided to become a murderer? Murderer isn't even the right word. I'm more of a hopeless romantic, if you really look at it, so are all the big romantic people of history. I would die for you. I would kill for you. And in this case, I will kill you. It's a really romantic trope, actually. I had the murder all planned out. It would be after our belated Valentine's dinner, after we finished Eating at the same fucking restaurant he always picks, we were on to my part of the date. Always this shit, he planned the dinner, a rotation of three god-awful tacky. restaurants that weren't too expensive for his budget. He ordered dessert—the lava cake. He didn't mention whether it tasted good anymore, he had said it every time we were here over the years, and noticed how I rolled my eyes when he exclaimed 'delicious' for the hundredth time. But I knew that there was something different in this lava cake. This was the first step in my plan. The poison wouldn't kill him immediately. I didn't want to make a big scene at the restaurant. Just needed him to be far enough gone that he wouldn't wake up in the car and realize we were driving into the woods, far off the usual road home. He lay quiet in the back seat for a long time. My palms started to sweat a little. I was confident it would work. Cause I knew the cops dug up a body in the woods just a few days ago. A fresh grave, where no one would look. The body"
"NSZE9lXnuxIl0ZT4gRoy","a young boy living in a small town on a small island, who thought the world was too small for him. So, one day, he decided to actually measure the distance he would need to travel to get to another world. First, he had to find something to measure with. A ruler would probably not work. So he simply decided to use a rope, and tie knots, and count steps, and scribble numbers and drawings in a notebook. When he got to the end of his world, another plane of existence opened before his eyes. It was like a land from some legend, and he didn't know how he got there. As he was a bit scared of the unknown, he decided to go back to his small town on his small island inside of his small world, but he still wasn't satisfied. He decided to get a job as a sailor, as this would surely bring some sense of adventure, without going to his old life. The new life allowed him to become a bigger person, not metaphorically, but also literally. He noticed he had grown a lot! This new world was much more challenging, but also much more fun! He soon found a group of nine friends on the ocean to sail with. These friends were actually all from different worlds. They shared stories about their old lives and the boy realized there were infinite worlds to explore. Together, they set sail for a magical land, filled with all sorts of people. Here, they met a king and a princess who were in trouble. An evil wizard was trying to become prince and take the throne away from its king and its heir, the princess. So, one of them decided he would stay in that world. , leaving the crew behind, to try to help with their wizard problem. It turned out to be no easy task, however, as the wizard was cunning. , they couldn't leave him alone. So they made sure they solved the problem before they parted for the next world, where an evil robot was terrorizing every major city. They all needed to train hard to defeat this threat, and not everyone made it out of the robot world. Sadly, some of the crew became part of the robot's servants. But they had to continue their own path, as their friends would have. another destiny waiting. So, four of the crewmembers sailed onwards, while the rest stayed back as robot servants. The others found a great treasure on an island made out of glass. There, they encountered a maze that they had to get out of. But it seemed impossible, they decided to just look through, as the maze was, of course, also made out of glass. That way, they easily found their way to the center, where they found a giant egg from some giant hen. It was golden, it was bright, and they decided to take it home with them, even if it was too heavy. They managed to take it into their ship, and the they all sailed back to help the rest of the crew, and saved them from the robot world. The egg turned out to be from a giant golden chicken, and it helped them."
"OdyHy12i4PsBZkM4jjdC","how a potato farmer called Bobby became the president of North Korea. It all started on a rainy day where everything was wet and soggy. Something weird has happened to his potatoes, and he could quite figure out what. So he took some of his potatoes into the laboratory for analysis. What he discovered would forever change the world. The potato DNA was contaminated with poison. He figured out that he could use this kind of poison for other purposes. For good and for bad. He chose bad. He went then to breed one million billion poison potatoes and loaded them all in his truck. He drove it. in to town to sell all the potatoes he had. He made a stand in the middle of the town square and just started selling. potatoes. In the corner of his eye he noticed a shady figure wandering the market stalls with dubious intent. The shady figure got closer and closer and the farmer now saw a big tall man with a long jacket and black. boots. The figure was closing in towards Bobby. Alarmed, he grabbed all of his potatoes and started to eat. all the potatoes. He just kept on eating and eating and eating, until he fell to the floor. He then woke up later. transformed. He was no longer the small puny potato farmer he used to be. He was now all purple and huge and had a quite larger head. Everything was larger. The people in the town square all looked at them as they had no idea what was happening. Monster Bobby then opened wide his arms and started shooting potatoes out of his eyes at everybody. People got hurt, but none of them died. They just wounded and even more scared. Bobby then started to cry. He felt guilty for destroying the whole village and injuring so many innocent bystanders. He ran away. a long long way into the woods. He thought about what he had done and how wrong it was. But he also thought that he would be absolved of his sins if he could destroy the weapon of destruction. The original poisoned potato. To make up for it all. He got back to his farm and started examining the original potato again to see what this was. It was actually a tomato. He then realized how wrong he was about everything he ever did. He made it his mission. to say sorry to all the people that he had hurt in town. He gave them free unpoisoned potatoes and tomatoes for"
"P1SZ3AZnoi1oqt5EbYh5","Once upon a time there was a small man and village. He loved eating pork, but one stormy night all the pigs left the village. The small man ran and ran for days and nights in search of pigs. But everywhere he looked, the fields were swine-less. One day, the man came across a large river. On the other side a pinkish figure appeared before his very eyes. Desperate in his search for the pigs he jumped across the river and tore apart the pig with his bare hands. He began to cry over this desperation. Suddenly, a mother pig appeared calling for her baby pig. All she found was flesh clumps all over the ground and a small drop of blood fell from the man's mouth. The man smiled, moving toward the mother pig. Organs trailing behind him. Bloodlusted, he jumped the mother pig, trying to rip her apart into pieces. Unbeknownst to him, dad pig ran towards the man at full speed and velocity. The dad pig jumped on the man, ripping into his skin with his teeth. The dad pig squealed, ""This is how those pigs felt. every time you stupid human mouth wants to eat some bacon."" The papa pig enjoyed the taste. From now on every man thought of daddy pig when they ate pork. Daddy pig roamed the Earth, ripping any human apart who even looked at a pig. The people of the Earth even began worshipping Papa Pig. Governments fell. Riots all over. Whole countries falling apart. Anarchy erupted. Leaders not Eating pork became the trend of the generation. People even began wearing pig costumes in honor of Peppa Pig. A new era was born. New regimes began to rise supporting Papa Pig and his actions. Other factions feared for their safety and sanity. Pink everywhere, pork nowhere. This was the mantra of the world. Papa Pig AI was later introduced. and used by everyone. No matter where you went you couldn't avoid his face. After years of suppression, a small revolution occurred. A group of people tried to kill a pig. At first, people shunned them, then some began to wonder. Where did papa pig even come from. Was we really this godly being setting us free from our earthly desires or was he just putting us on a diet? People began to question this seriously. And then, an outbreak. A huge dinner for the community was held. Meat was served. Justice was withheld. The biggest feast the world has ever seen. The small man's village was happy to finally pork on the table. Pork was everywhere, and pink nowhere. The entire world lived happily ever after. And then a man went"
"Pzb5I6nhg196AWLpukmz","There was something off about this particular day, though he couldn't quite figure out what it was. Something strange was in the the woods in front of Nate's cabin. After staying up all night, he thought he was hallucinating while he saw a 'hooded' girl figure approaching him in the slow dusk of late spring. He watched her in wonder, not understanding what such a person could be doing out here. He thought, ""perhaps today I will find an actual human here to talk instead of the wild animals."" With a lot of wounds on her body, she slowly moved towards the cabin, moving like a wounded deer more so than a person. Her eyes were dark and bottomless, her skin clammy. There was a feverish look about her, something that made him feel sad for her. Surprisingly, he started sympathising with her, instead of questioning her about her identity and the purpose of her arrival. With the leaves stuck in her hair and the blood and dirt caked on her bare feet, he got the impression that she had been out there for a while. He quietly stepped aside and gestured to the warm , hearing a whisper immediately after, ""hide""! ""help""! Squinting his eyes, he became confused whether to hide or help. He ignored her protests and pulled her inside, shutting the door behind her. ""Are you alright?"" he asked, holding up his hands to hold her head which was bending downwards. She kept whispering, ""How am I alive?"". He softly held her in his arms and offered her water. Like a thirsty crow, she downed the bottle offered to her and shook her head. ""Something is stalking the woods,"" she whispered, as if afraid something might Nate lost his attention while the teapot on the stove whistled loudly. Wrapping her up with a blanket, he let her sit on a chair in his cabin. With pouring the tea from the kettle, he watched her through the steam. She stared out the window, front teeth bothering her lip. ""What's your name?"" he asked her. She stared at him as if it is unusual to ask the name of a stranger. Nate understood and nodded his head, assuring her that she can at least have the tea which he had doused with rat poison to see what would happen. If she were human, she would puke. Were she not, she would die. He offered her the tea. She refused to accept it and said, ""Don't you know what happens to people who accept food from strangers?"" He smiled. Both of them looked away with tingles in their tummies. ""How are you going to survive with no food or drink?"" He asked after a while. He could poison her food. to find out what she actually is. She replied with a grin smile, ""like how I survived till now."" Suddenly they heard a harsh banging on the door. The girl told Nate to open the door. ""See what happens,"" she cooed, smiling unnervingly. ""Or keep it closed and do what I say. I assume you want to really find out what I actually am! Maybe I am a girl in distress, or the girl is banging outside the door. Don't you want to know who is actually in"
"RGwAQvKrGEfTj8ym6lju","my Monday. I woke up in the middle of the night, finding my throat in pain. It was horrible and I did not sleep much. Then I decided to drink a glass of milk, because why not. One glass of milk quickly turned into another, and suddenly something crazy happened... I developed an udder out of nowhere. I thought to myself, why did I deserve this. I went back to sleep and then dreamt of a prince that could dance like no one else ever seen. This inspiring dream made me forget about all my suffering, so I woke up and when I woke up I found myself in India. I had never been to India before, but I could just feel that I belonged to this magical place, I felt as though I have never been more alive. All the colors wow. I went directly to the store looking for a genie in a bottle to my disappointment I only found kebab and McDonald's. Just to make everything worse, apparently Indian McDonald's do this crazy thing where they eat raw snake meat, and because of that claim that you will receive magical abilities. I thought to myself, do I have to test this out? but thought to myself it would not be the craziest thing that had happened to me this day. So I decided to buy a double big menu of raw snake meat, with all the good stuff. Stuff like chilimayo! Amazing. After one bite my fingers started to grow. After a while I started hearing voices, not normal voices, but the voices of animals apparently. I ran out of McDonald's to track down the animals I thought I had heard. I ran directly to a small forest nearby sure of solving this problem. When I entered the forest I could hear the voice louder. As I went closer to the sound of the voice the darker the forest became. I became slightly frightened, but the good thing about the situation was that I had my handgun in my back and if that did not work I had developed my own 4 physical milk guns at the front of my body, which at first seemed a bit weird if any other than me and the creature in front of me saw. I could not quite identify the creature. It was big, hairy and held something that looked like a big magic toothbrush. The creature was clearly sponsored by Zendium, which I did not like, since I had always used Colgate, but I decided to not get too bothered about it. But after my face turned completely red of anger. I could not handle it. I began shooting with my milk guns against the creature, which I thought would piss off the monster. To my big surprise, instead the creature started drinking all the milk I pointed at him. The creature was shockingly good at catching things with his mouth so I started throwing stones at the"
"Tf1TksJV6vLRqvWrSi52","Tax fraud and the consideration of how to use the money well. First, the problem is how to get away with the fraud without being caught. Taxes can be a big resource depletion policy to low-income families, while the rich enjoy a tax-free life. But to enjoy a tax-free life, one must also be able to enjoy a thoughtless life. This can of course be hard, as once a famous philosopher said, cogito, ergo sum. Thought to that fellow, is the core center of existence. Therefore tax fraud will be better for everyone in society, not only the rich but also the poor, because now the rich can kill the poor with the insane amounts of unchecked money that they have and finally begin the final human techno dark age. They will buy extreme amounts of analogue weapons such as morning stars and get ready for a marathon based on yo-yo battle and commence the ritualistic worldwide money laundering scheme, turning the oceans into the biggest literal money laundering machine, while having poor people sent to the dungeons and face the monster of eternal tickling. Only one person has survived the meeting. his name was usman the tickler. He won the battle against the tickle monster by out tickling the tickly bits of the tickler. After hours He won by tickling his only ticklish area known to mankind, the very bald spot behind the right knee. This is of course because it was written in the old scriptures found in east Zambia, where the first rites of passage of the tickling order were said. After defeating the tickling monster, Usman became a superstar, but was not able to handle fame and the money well. He also invented tax evasion, being able to be rich without the hassle of being an upstanding citizen. At the end of the day, the new world tickling champion was no different than you and I. With his great new power of course also comes responsibility. being that he could topple any person by attacking them with lots of tickles. He has been recorded as the most powerful being in all galaxies. One historian has once described Usman as the most influential individual since Cleopatra and is right now being discussed whether he should be adopted as the worldwide currency, eventually making every other currency meaningless, and therefore solving every man's problem with tax evasion. He ended class wars and every poor and disgusting civilization on Earth. It would be substituted with the tax-fraud money (also called silent money) which is the new type of bitcoin. The change backfired when people would use this newfound currency to bet on everything so they couldn't be traced. Usman was tragically killed"
"ULRAMZF7ra0i53A9w3Gv","a very sweet dog who needed an owner. The dog was named Pluto. The dog was black and white and was ready for adoption at the local retirement home, because the old lady that owned Pluto before, called Mary, just passed away. The love between Mary and Pluto was often very special. Sometimes Mary loved to cuddle Pluto, but sometimes she just wanted some alone time. Pluto was very confused with Mary, but he took all the love he could get, sometimes even more and it is said that with sometimes even craving more from Mary, the old lady kept her joy in life even though she sometimes had a sad dog. Pluto was sad the day Mary passed away, but he also dreamed of a better life. A life with unconditional love from someone just as loving as Mary had always been!! But Pluto keeps his hopes high to find a person just as kind as his wishes. One day at the center a big family came searching for a dog. Pluto had his hopes high when they walked past him. But he got disappointed when they walked right right up to him, but smelled even worse than Mary after her 99th birthday. That stink was definitely too much was his thought. Luckily they found another dog at the center. The next day another family came by. Pluto had his hopes up again and the family seemed interested. , but did then nonetheless decide for a little Chihuahua, which Pluto really couldn't understand, but one day, after a long time waiting, an older lady came by. She reminded Pluto of Mary, so he wished so bad that she would find another dog. Pluto wanted more love than every human could ever give seemingly. So when after the old lady a giraffe walked into the center, looking for a dog to adopt. But such things don't happen in real life, so Pluto knew that it was a dream he had. When he woke up the center was instead filled with dolphins!! Pluto was totally confused! This wasn't what he imagined as a new owner either..he maybe had another dream he thought. So when he woke up for real, the center was filled with families trying to find their new best friend among All the lions, tigers, and the three dogs left, including Pluto. So his chance to finally be picked was pretty high today!! Pluto had his eyes on one specific family with six kids. Pluto thought that might be just enough love for him. That specific family only looked at him, and did fall in love with him instantly!! It was the same for Pluto, and it just felt like complete fate for the family and for Pluto. Pluto finally got the family he had been wishing for and all the love that Mary wouldn't give to him. He could now finally live a fulfilled life with love and joy and a real family. It felt like home the moment he stepped into his new house and they lived"
"WXfjYvL0j5iHL8rllFn1","Flip-flop, the breakdancer. They had been keen to breakdance ever since they were a small kid, and had been dancing in class nonstop to the great annoyance of all the teachers. One day, a teacher had enough and he kicked Flipflop out of the classroom. This was the beginning of a life-long journey away from schools and teachers and toward dancing. Flip-flop trained more and more and by the next full moon, he was able to make flip-flops like never before. He danced and danced and he dreamed that one day he would dance all the way to the moon. However, the teacher that kicked him out on that fateful day continued to haunt him. However much he begged, his parents would not let him stay home from school, and this Wednesday he was once again forced back into the classroom of the gruesome teacher. He tried his best to sit still but the rhythm in his body would not be contained. It seemed like music was playing outside, and the urge to dance became stronger and stronger. He asked to go to the bathroom, and ran out of the classroom as fast as ever. Outside the music was everywhere and it took over his body. Suddenly, he was dancing around the room and up the walls and his dream of dancing to swaggiejackie at the world championship seemed as close as ever. He swirled around, almost floating - as if the laws of physics didn't apply to breakdancers like Flipflop. On and on he went until suddenly his feet lifted off the ground. He continued to spin out the door and his dancing body swirled upward. in the greatest Flip-flop he had ever performed. A voice called out: ""Hey kid, where do you take classes man?"". A man standing by the fence looked up from under his giant yellow hat. Flipflop had never taken a class so which he yelled back. ""Take me with you on your dancing journey!"" the man yelled, and Flipflop agreed. His name was Jean, and from that day on, they became the best partners in crime, breakdancing in symbiosis. One day they looked at the world championship of breakdancing. and it turned out that the next championship was actually taking place on the moon. His lifelong dream of dancing there would come true after all. Jean and Flipflop sent in the application to the Elon Musk Foundation, which sponsored the travel costs. Only a couple of hours after sending it in, they got a call. saying that unfortunately, they would not receive funding as Elon was sick of helping people because he is a bad guy. If they wanted to go to the moon to dance, they would have to pay themselves. ""Aw man, what a blow!"" said Flipflop. A disappointment lay in the silence. ""Maybe we can raise the money,"" said Jean, but Flipflop had a better idea. ""Or maybe we could just dance all the way?"" Jean was a bit skeptical of this idea because he had never danced above the ground like that. ""What about oxygen?"" said Jean. ""I think my uncle has some oxygen tanks, he deep dives a lot,"" said Flipflop. ""Come on man, we've gotta try. When else do you get a chance to dance on the moon. Jean couldn't argue with that so they got the equipment from Flipflop's uncle and soon they were ready to go. They grabbed"
"WYnhagFwtR0bJ9vucGsm","It was a cold December morning and the last thing Maggie wanted was to have to leave the house. But life had other plans for her day, when she woke up she was prepared to have her usual cereal with milk for breakfast, but she realized she had forgotten to buy new bowls as her cat broke the last two she had left in the house. She could have asked a neighbor for a spare one, but she was not very liked among the neighbours, since she was considered to be a brat that ruined the neighbourhood, never left the house and was rude to everyone except that cute boy on no. 25. Well now she has a good reason to start a conversation at least. But how can you randomly knock at someone's door and start a random interaction, like this? She was scared of seeming weird or that he knew what people said about her or her past. But this might be her only chance of having a real conversation in such a long time, or to see another human being out. of her usual ghost friends. Maggies decided she would then go and knock at Greg's door and ask for a bowl, how bad could it be, after all? And there he was, standing still and staring at her, confused, as if she was the first person he had seen in pyjamas walking to his front door, however when he looked a bit more he seemed to be very intrigued by that strange girl he had never seen that somehow looked so familiar. But where have they seen each other before? Does she remember him as well or not? She walked a bit more towards him and he started to get a glimpse of an old memory, of something so long gone he had almost forgot. Her scent, something so unique that brings back so many memories. He thought it was all gone, but where has she been all this time? He wondered. She then opened her mouth and said her name, oh so she did not remember him, she explained the situation. so quickly as if all she wanted was to get out of there as soon as possible. But he couldn't even listen to the words coming out of her mouth because he could just see that little girl, with curly braids and brackets whom he used to have the biggest crush on. on. Was it actually her? How was it possible that she was standing right in front of him all those years later? And how could she not remember him? He thought that embarrassing moment between them at the schoolyard had totally traumatized her, so she would certainly remember it, but she has totally forgotten about that incident and about him apparently. He didn't even know where to start or how or if he should tell her who he was, maybe he could get to know her before trying something out? It was crazy that his feelings were the same after all this."
"YprMqddWHK39musGQ4si","a dog that lived in a small house in India. The house was made of cement and dog biscuits, so it smelled good, but it didn't smell AMAZING. And it was actually a cat. It liked living in India because there was a lot of good and spicy food. The house was very small and smelled okay. Its smell is subjective. The dog/cat wasn't really sure what it was. It had a tail, four hands and a small pet hamster. What an identity crisis. Yes, there are hamsters in India, and they are only owned by cats/dogs. That is a simple fact. The pet hamster lived with the dog in the house. The dog and the hamster always had dinner together, and one day they met Julia Roberts. She was filming Eat, Pray, Love. She got inspired by the beautiful friendship of the hamster and dog/cat, and decided to try and leave the film industry for a while to live with the dog, cat, and hamster the way God had intended. She had had her spiritual awakening. But the dog/cat and hamster kicked her out, and she had to live on the street for a while. They looked at her with disgust every time they walked by her. She instantly regretted leaving her glamorous lifestyle. . Stupid of her to think that she would be a part of the club. One day the dog/cat saw an eagle in the sky. The eagle screamed its eagle noises, and the dog/cat became scared when he saw its big, sharp claws. The only solution was to jump on top of the eagle and fly to a land far, far away. The hamster was sad at first, but then it moved in with Julia. Roberts. Julia was famished and pale, and hamster had sympathy for her. ""Maybe I can have a pet Julia Roberts,"" it thought. So he was now the master of the house. Julia regularly served him a plate of fruit or a glass of wine. But the house still smelled like dog biscuits, and was far too small for them. The hamster wanted to move, but also couldn't bear to say goodbye to the house he was so fond of. Since Julia was a house slave at this point, she wasn't so fond of it. So she ran away. The hamster looked in pain at Julia running back to the film crew. He spat on the ground and lit a cigarette. ""She can't handle the lifestyle,"" I thought. This inspired the hamster to work on his music and get that record deal he had always dreamed of. A tortured artist. No one knew all the things he had been through. So he hopped on a plane to LAX with a dream and a cardigan. He jumped in a cab, here he was for the first time, looked to his right and he saw the Hollywood sign. He thought, ""this"
"bF3wySQHXxUL66FkpR9w","a mouse who wanted to explore the world; it lived in a quiet, peaceful meadow, by the river, and it recently befriended a lobster that had explored the upper parts One day, the lobster asked if the mouse wanted to go to the mountain in the horizon. A little hesitant, but also intrigued, the mouse asked the lobster to give it a day to prepare. The mouse went home and found his hiking boots, and prepared a big meal to take with him and share. with the lobster. The next day they were on their way, but before they even knew it, they were already facing their first obstacle; a passage that seemed to be guarded by two foxes. The mouse was scared and asked the lobster if they could take an alternate path, but the lobster insisted that this was a great opportunity for personal development. The lobster thought out a plan to distract the foxes, by essentially using the meal that the mouse had brought along. The mouse reluctantly agreed, although with the condition that the lobster would have to find and make dinner for them later. They hid the meal in some nearby bushes, and slowly the foxes began to pick up the scent from the meal. They both left the passage, and the mouse and the lobster quickly ran through the passage; soon, however, they encountered a third fox. It was looming over them, and the lobster readied its claws to attack, but the other two foxes were suddenly back and got a hold of the mouse. This put a stop to the lobster's attempts to escape, and so they were captured and brought to a nearby thieves' camp. The camp consisted of other foxes, some wolves and also some weasels. One weasel felt bad for the two friends though, and took pity on them. He decided to help them out (in exchange for the mouse's hiking boots). When everyone else was sat around the fire, he freed them and pointed them in the direction of a shortcut that would lead them right to the mountain that they wanted to see in the first place. The two quickly made their way, going through winding tunnels and essentially a labyrinth. A faster way did not necessarily mean easier. At one point they thought they found the end of the maze and came out to a small grotto inside a cave; they determined that they must be at the foot of the mountain right now. Suddenly the mouse's stomach growled; after all, they lost their big meal. But perhaps there would be food on the other side of the mountain! They started the steep climb, and before they knew it, they stumbled upon what seemed to be a storage room; tons of jams and conserved jars of pickles and fruits. The two stopped for a quick snack break before resuming their climb, now with newfound strength. The sun would be going down before too long, and the mouse really wanted to reach the top soon. But the lobster did not seem too worried with rushing. The mouse was frustrated with the slowness but relented, being a little tired itself. Eventually, at around midnight, they found themselves finally reaching the peak. The moonlight provided enough light to see the beautiful view of the far land. Then the mouse realized: yes the world is dangerous but also"
"cUrf0q4FWuzVfOPnH1a7","The mighty duck, Alfred, resided comfortably on his throne, with his little golden crown. With a sharp smirk, he awaits the feathered prisoner who slowly marched to the scene with his head. weighed down with an iron collar, led by his majesty's guard. Once-pale skin, blistered with tar - a lesson and warning to the masses of people, whoever had a shred of an idea to revolt against the monarchial regime. ""HOW DARE YOU"" the king verbally accosted. ""What say you now, noble rebel?"" inquired the sovereign with a wry snarl. Silence - the crowd waited. A weak moan ached through the hall. ""Aha, no tongue commands no duck!"". The anger-fueled mammal stood on his two yellows, with high might and prestige. ""That is an utmost offence you have committed.."" the crowd awaits in suspense. ""Bathing in the bathwater of the blessed prophetess is a rite reserved only for the epic Mallards of the sanctuary. And you thought you could control the magic? What powers were you hoping to? achieve? For a duck of your stature, I must only assume the worst of intents. Answer me! Peasant of the far lands!"" The light of the stained-glass windows shattered on the face of the prisoner. Again, the sovereign awaited a meek cry from his hostage. The prisoner steadied himself both wings. A glare of vengeance beamed up to the throne. A mighty ""HONK"" boomed through the JBL speaker hidden under his feathers. The entire crowd of ducks kneeled in utmost defeat, acknowledging the true king of the high pond had not yet defeated all pretenders. The prisoner was but a vessel. As he collapsed, the Jester of the Burdened laymen appeared - growing from the size of a bean, spat from the beak, to a full-fledged Mallard of golden wings. ""Your time awaits Alfred, it has been way too long and way too dreadful,"" he uttered as he stepped closer to the king. Guards rushing to a confused formation, it was clear that their loyalty started to waver. The pain of the king's rule could no longer hold the masses in check. ""The Firebreasted Phoenix!"" cried a duckling from the crowd, the realization setting in, chilling the guards who were losing faith. ""The prophecy... it's true!"" the head of guards shakily confessed. ""You ""Think this power impressed me?"" mocked King Alfred. ""The power you stole has been my study for decades!"" He clutched the vial pendant on his chest and tore it from the necklace. . ""You shall be witness to true power.."" he mumbled as he swallowed the pendant in one gulp. ""You fools!!"" he exclaimed as he gruesomely started to grow into a beast of dark. age lore. A beast thought to only exist in children's tales to keep them from the forests of the far lake. The King's body warped, tearing through antique silk and bursting his buttoned cloth, blocking the only source of light in the royal headroom. Only to reveal, the foul beast they all once heard of, ""..the Pigeon"" the Jester whispered as a drop of sweat painted his new sizzling form. The Beast King stood and his new bones cracked into place. He let out a terrible ""SQUAWK!"", and lunged at the Phoenix in the center of the court. But as they touched, powerful light illuminated from the clash of the claws. ""You stand no chance Alfred! The people will get their freedom!"" the fiery beast screeched as it arched its back and hugged the tyrant. ""NO, YOU FOOL - YOU--"" he cried as they melded into an amorphous mass. With the king and pretender now gone, the people were free to path ahead into"
"fIf2ccAs4ZpVTP7BBoxp","A young CEO with a dream. The dream is deeply rooted in personal memories. It all started in Austria, in 1968. It was the peak of the summer of love. , starting at the ice cream store right outside the office. Lisa had just left an important meeting and was now heading down to the river in the middle of the city. She wanted to take her bike, but forgot that the tire was deeply flat. As she started to hike, this made her meditate on the beautiful nature surrounding her. The river through the hills and the trees moving with the wind. She has never really been much of an outdoorsy type, but on this particular day, the world was just stunning!!! If only she had some kind of way to capture the beauty of this very moment, she thought to herself. But her phone had just died. Crap she thought. Now she couldn't share this on her Instagram story making her feel rather unsatisfied, unseen really. If only my friends could see me now, that's what she really wanted. If only a device existed that could make them see what I saw. She continued down the river around a big rock when she saw something startling. An otter was lying on its back, ever so peacefully. This, she knew, was truly remarkable. She squeezed her eyes. What if a simple twitch of the eye could upload this to the tv of her grandparents. She didn't see them often after moving, and they were always talking about the beautiful nature they had seen. when backpacking across the country after graduating from university, exactly as the 60s were ending. They were both biologists, fully invested in the emerging ecological movement. to save the environment from being destroyed by human beings. Lisa thought that was a bit dramatic. Like many of her friends, she had adopted a sort of pragmatic and techno-optimist POV on the ecological situation. Surely, she thought, these problems could be solved through new technology. In the middle of her daydreaming, she was brought back to the present by the otters splashing. Two birds were heading north, in the opposite direction of the river flow, away from the city. Perhaps a metaphor? Unlike her grandparents, Lisa didn't just observe the world. She wanted to change. it. For the better. But how could she do this she thought. She didn't know anything about technology or the otters in the river, nor the birds in the sky. She did, however, know a thing or two about the flows of capital, the flocking of stocks, of human energy concentrated in economics. development. But people are not interested in making the world a better place. They just want more stuff. And this it seemed to her, was probably a good place to start. What if it was possible to use the power of human material desire to manifest a brighter future? To reverse this evil cycle of buying stuff and ruining the world into buying stuff and helping the world she had to think big."
"fcEeCffFk5SmTIeQXKQN","two little birds who decided to travel to Africa not for the winter but for the summer. One of the little birds was called John and the other was called Marc. They wanted to go to Africa because they wanted to go on a jeep safari. Their big dream was to see an elephant. and ride its back all across Africa to see the wilderness and explore the continent. Marc was particularly interested in how the elephants find water on the savannah. Marc had heard in bird school that elephants have a special ability to find d water in the most barren of places by smelling it. He wanted to get a drop of water and see if the elephant smelled it. Now he just had peed. And to his surprise, the elephant smelled it immediately. The elephant started drinking it, and it really liked the way that this was not actually happening. Marc had just imagined it, and decided that he was not going to travel to Africa anyway. He decided to travel to the North Pole. He had to have a serious talk with Santa Claus. He forgot to give John. a heads up about where he was going, so John went to the South Pole by accident. But Marc had to complete his mission of getting an elephant to drink his pee. Therefore he flew to the zoo on the south pole, where they had a lot of elephants that had no way of drinking any fluids because they had serious digestive tract issues and were in the special elephant doctor's office. Therefore Marc went into the zebra enclosure. The zebras were not as smart as the elephants. So Marc took pity on them and every other living creature, and decided not to pursue his plan. He decided to go full send and try to prank John. He made a plan. First he peed in a cup. He placed it in front of John, and said it was just as terrible of a plan as their previous plan was. They both decided to not conduct any experiments anymore and just live in a peaceful world where no one has to drink pee. But the peace didn't last long. All of a sudden, Marc and John got into a psychosis where they thought that the peace would stop but then the psychosis was over and they were free . The interesting part of the psychosis was that it came from smoking Caribbean weed they had imported with help from the bird mafia back home. They became affiliated with the bird mafia a little later on and got in trouble with the undercover police. Their smuggling ring was infiltrated by a cat, and both Marc and John were sent to a high"
"h9mEvTqoZyrUb6cj1fxu","the girl with the blue dress. Sofie was walking down the street one morning, the smell of freshly cut grass filled the cold morning air. The sun was shining and suddenly a man greeted her, he was a tall, handsome and almost dreamy to look at. You were lost in his eyes for a couple of moments. Magnus, he was called... He had long, thin hair, tied up in a very small ponytail with a goatee. Sofie was struck by love, she was completely captivated by looks and his eyes, his sense of fashion and that smile... it enlightened something inside of her heart. He instantly melted her heart as he nodded his head and made a clicking sound with his mouth. He said, ""hey girl."" Sofie looked at scared but intrigued, somehow her heart beats faster and she gets flustered. Then he suddenly asked.. ""Which bus are you taking? we take the same bus. we take bus 2A, up to where Sofie lives. She was intrigued and a little scared, as Magnus walked right behind her all the way to her apartment. She didn't know until his deep voice awakened something inside of Sofie's heart. ""Do you want to come inside for a cup of tea, Magnus?"" I asked him. Magnus did the head nod and clicking sound again. I found it intriguing... Was he... sexy? I couldn't figure it out. He said yes to the cup of tea, I would rather have coffee, but then I looked at his lips and eyes.. was he sexy indeed? I was somehow conflicted, but I still served coffee and face card. I'm always serving...in multiple ways. Magnus said that he had wanted to talk to me for a long time, I just wanted to go to sleep but he insisted that we could continue to talk and that he could spend the night. I was unsure about what to do but.. there was something in his eyes that led me on to say ""no...i think you should go home"" ""you should go home, and cut your hair, i'm not feeling the ponytail"". Magnus got a little mad at me, but then I looked judging at him and roasted him and crossed my arms like the queen I am. ""This is my apartment, go home and take a shower Mr. Stinky"" you don't belong here. ""We are just friends, when are you going to understand that? You shouldn't follow me home, it's creepy. But I'll see you at the Friday bar tomorrow. ""But Sofie!"" he shouted, ""I want to be with you and only you- you don't understand but-"" he continued, ""NO Magnus, GO HOME"" I shouted. Magnus bent down on his knees and begged ""Please take me back. You're the one, the only girl I've ever loved"". I stuttered...""Sorry I called you stinky, I was frustrated...You know I love you, but it's complicated. ""I'll cut my ponytail for you- I'll change for you, I'll be better for you and I'll stop wearing the red and blue shirts I always wear at the Friday bars, I promise"" He shouted yearning. for me ""but it's not about that. I love how you look...I'm just trying to come up with excuses for us to not be together. My dad doesn't want us to because of our cultural differences... You know my father doesn't approve and he doesn't support our relationship, we were never meant to be Magnus"" I looked away sad and"
"hPlwWqqkemjjNa4Ny4nr","Once upon a time, a princess lived in a small town in a faraway land. The princess was an only child and therefore was under immense pressure to secure the continuation of the royal family. However, there was one problem. The princess really loved being drunk and going out to dance all night with her best friends. But the kingdom did not like it. They were scared that any potential baby she would birth would have severe impairments from all the drinking she was doing. The princess refused to give up drinking but instead practiced safe sex so no baby would be born before she was ready to be a mother. She did not know if she would ever feel ready to become a mother?! How could one, when the thought of a cold beer felt so refreshing? The thought of a coffee was like a walking on a pink cloud at sunset. But she knew that she one day had to be ready. And she would be a great mother, she was sure of it. She would show her child how to have a good time, and hopefully, their children would not have to face the same judgments. Already, some people were beginning to be more understanding and still supported her. It was mostly the old stuck-up elders, who had been young during the war. She suspected that they were jealous that they did not get to go dancing while they were young and free. Maybe she should use her power as queen to get the elders out to flake floor with her. Then they would see how it feels to do the worm across floor ten tequila shots deep, smashing your teeth into the floor, losing perhaps a bit of self respect. But always having fun memories - the nights she could remember. It was memories she would always cherish. When she presented her dad with the idea to invite everyone over the age of 65 to a big party, where dancing would be for everyone, the king was very excited about the idea. He had his people make the invitation as soon as possible. He himself, was especially looking forward to the topless bar service! He suspected that this was something that would hype the elders who had only seen soggy breasts for a long time. Maybe some of them would find new love or lovers, after they lost their life companions. The princess found this idea of topless service a little unnecessary, was the prospect of a party not good enough. People should not come for the purpose of naked people but for their minds and love. But she was in no way opposed to the idea either. She knew that one can tell a lot about the character of a man from the shape of his nipples. And she was looking for a"
"noaceHjzkirRMoHnkT4V","A long time ago in a land far far away lived a small tortoise. It was not, however, a regular tortoise. This little fellow was a particularly stinky and foul-smelling creature named Paul. Paul was lonely although she had a couple of hundred siblings. One day, Paul decided to go and find some friends, somewhere else than the beach, which she knew. was THE place to go when trying to get friends. So Paul packed her shell with beach towels and sunscreen and headed off! On the way Paul noticed the expected amount of sick. But she was used to the smell. So she scooched on along the divide between forest and beach. Suddenly, a flash of light caught her eye - much like that of sun reflected . What was that? In the distance? Could it really be a creature undeterred by the foul, foul air that had filled the surroundings? Paul went closer to the palm tree. When she finally made it over there, there was nothing to be seen. Oh, well, time for a rest. She sat down for a while thinking about the flash of light she had seen. She had really hoped it could be a friend, but alas! It turned out to be yet another disappointment to add to the pile. She packed up her towel and started turning around, because she had to be home before sunset. As she turned, another flash of light caught her eye, this time it came from the heavens above! A great booming voice came from the skies and it seemed to Paul to tell her to ""take a shower""? ""A shower?"" Paul thought. Then rain started pouring. ""Oh great!"" Paul shouted at the sky. At least she had her shell to keep her dry. But what was happening? It felt like her shell started rocking. The rain kept pouring down and she could hear the sound of the drops on her shell getting heavier and heavier. ""What was that?"" she said to herself. Her shell was melting! It poured down over her face and legs, and soon the shell was completely gone. She stood all alone and shell-less on the beach in the shell-melting rain. : A little shell-less naked tortoise alone in the rain. At first, Paul was confused. Then came the sadness - her home was gone. But then... came the feeling of burning. in her loins. A new sensation, a good sensation, a sensation making her feel more lonely than ever. CRASH! The loudest noise Paul had ever heard filled the air. She felt inspired to go on. She was ready to face the world! The loud sound filled Paul with passion and made her focused. She decided to go to the source of the everlasting friendships. She could see everything clearly now, and she knew that she had to find Ursula, the sea witch. In her cave, Paul would find the friends she yearned for. ""I must go to the ocean!"" thought Paul. She then collected all her remaining strength to do a backflip into the cold waters of the ocean. She felt the crash of the water against her naked back. Swimming was a lot easier without the heavy shell. At the bottom of the sea, she saw a cave surrounded by white sharks. This did not frighten her. Her will, passion and burning loins drove her forwards with a speed unheard of in a tortoise of her size. The sharks had not yet noticed Paul's presence. But as she hurried past them, the biggest one opened its mouth, bared its teeth, and said ""Hello, Paul."" Paul couldn't believe it! Finally, she was reunited."
"qVjn3NBZDrc5qwoYuKfa","a fish getting lost in the mountains. When you're born as a fish, your world is quite limited. However, you get to enjoy minimalist life. Eat sleep fuck repeat. Sometimes you worry about fishermen. But that depends on what fish you are. For example, if your name starts with an E, you are more prone to have been born as a clown shit and you spend your life not really thinking about the environment, in which you like. But if your name starts with F and you are from Czech Republic you might worry about bigger shit. You are more prone to be very educated and spend your time fantasizing about the outside world. Fish in our story was luckily not born as a clown FISH (typo earlier) and it was born as a big sexy shark. The king of the ocean, getting any female shark he could dream of. On average he’d have like 6-7 of the hottest Latino shark baddies. But lately, he was feeling very lonely, no companion could fill the void in his soul (and booty hole). In a conservative fish world, he could never admit to being bisexual. So therefore, he had to reserve his inner self for the weekends when the city became more alive and open-minded. When the clock hit 3 am, all special brothels opened. Our shark, whose name is Vojtech, worked in one. . This week, he touched a a sexy massive pink... jellyfish of course. Side note: you know what else is massive? Low taper fade. Anyways, back to the story, it was a sunny day, not that Vojtech would know, his hood was deep below surface where no sun, sadly, could reach any of its body parts. The good part of the fish world is that there is always a clear race distinction. No tanning or spray tan by Tana Mongeau. (reason why fish Trisha Paytas was never discovered) Vojtech was a nice, friendly guy who was too nice to eat otherwise so he was a skinny legend. Unfortunately, there are not that many calories in fish coochie so although he ate a lot, he ever only lost weight. One day, he decided to change that, he swam away and moved in with Sandy the nut collector from Most. Sandy was a REAL slut. She was like Bonnie Blue of the fish world. She did not care when, what, where. All she wanted was that fish BONE people choke on at Christmas, for her, it only carried happy memories. Our shark got gradually so much happier and less lonely. Sandy brought so many men home and Vojtech could enjoy as many BONES as he wanted. Everyone got"
"r47jfYG4ULZMEexvVeqs","a lady in a red dress, who sings at a local bar every Thursday night. She is paid in champagne and all the locals know her as the roaring ladybird. She loves singing, and wants to pursue it and do it for a living, instead of her cleaning job. But her husband told her she does not have the talent to make it big. Sometimes she wonders if he is right, but then a wave of determination floods her mind, and she keeps singing her favorite tunes. The song ""I'm Gonna Be (500 Miles)"" is blasting from her throat. People are cheering. This has to be the right path for her. She gets an idea. She has to audition for X-factor! This is how she will finally become a household pop-jazz icon! She runs to the stationary computer in their office and with shaking hands she signs up for the audition taking place the coming month. Now she just has to practice every day. And that she does. Whilst cleaning the dirty toilets, her angel voice, that also has a sort of raspy quality, rings from the bathroom stalls. Her boss even asks her to tone it down. Unknowingly, she has attracted the attention of a coworker who secretly plays the guitar very well. He hears her singing and one day asks her to be alone. He wants to form a duo with her. The roaring ladybird was conflicted. She was flattered at the offer, but would she be able to share the spotlight with? On the other hand, duos often get far in X-factor. However, maybe she could make her husband a bit jealous at the same time? That would not hurt. She decided to take a few days. to think about it. Her colleague looked excited at the idea of working together with her, and she liked the feeling of admiration that evoked in her. She mentioned the idea to her husband. He was furious. How she even considered to consider singing with a man in a TV SHOW baffled him. But after 4 hours of heated discussions, he gave in. But only if she promised to send him videos of them practicing every day. He was a body language specialist and wanted to monitor their sexual tension. Well, she gave in. At their first rehearsal, they decided to sing a cover of a Dua Lipa song, jazzified version. She was surprised at how well he could play jazz. Not everyone could do that. But of course she did not let him know that. She wanted to keep him humble in case they made too much progress and it would make him obnoxious. According to the roaring ladybird, men should be kept in a short line. She made the mistake of letting her husband take massage lessons once. When he came home, he had bruised her beautiful body all over with his rough massage. Never again. would she let a man walk over her like that. So when it became time for the audition, she was keeping the colleague in check. This proved to be the right decision because the three judges loved their performance and sent the duo straight to boot camps. Now they only needed a name. But she was out. of ideas. But one day her coworker suggested Ladybird and the hot colleague. She said no. Instead, they went for the"
"uSUBQk0ZgGhDzjY8qQwb","There was a girl who always tried to chase her dreams, but there were a lot of difficulties along her way. But somehow she managed and chased her abroad dreams, but now the dream was about to crash once again. She was in London, the city she had been dreaming about for her whole life. One day she received a letter from her ex-boyfriend that he is also coming to London to visit her. But now she is going into depression because she was anticipating this to happen. She left India to escape her ex-boyfriend and live out the dreams that he would not allow her, but now her worst nightmare would come true. The only way to escape from his ex to show him who she has become now - a strong independent girl who is not afraid of him and doesn't need his ""support"" all the time. Their relationship had been toxic in many ways, and he would always make her feel like she really needed him – which she didn't. But he manipulated her She went to have a good haircut and some other services to enhance herself. She bought the car she was saving up to, and felt ready to face him. Two weeks passed, and he suddenly stood on her doorstep. He had brought lots of roses, trying to convince her to be with When she saw him, instantly she remembered all the love between them, and her heart started to convince her that maybe he is changed now, but a small voice inside her told her: No! You should not do this. You are so much happier without him. Don't let yourself be fooled by him. Not this time! And she closed the door in his face but before closing the door she held the roses from his hands and threw them towards his face and told him no man can be changed - you all are here the same. Let me go and don't come back! I'm done with you. It was very silent when she had closed the door. He didn't knock. But this time she is relaxed and satisfied. She never felt this much relief as she is feeling it now. Now another life is about to begin. A few days passed by, and there was no sight of the ex. But one day, as she was standing by the window to do the dishes, she noticed something moving outside in the backyard that a boy from his office is here to meet her and she always saw affection and respect for her in his eyes. and now he is at her gate to meet her. she puts the dishes away and goes out to greet him at the gate. He says: ""Hi Laura. I just thought of you and wanted to stop by. Do you want to grab a coffee with me?"" She thought about it for some time but this time she wants to try her luck again and said okay to him. She asked him to wait some time so she went inside and changed into some nice clothes. Then they went to a coffee bar, and he was being very nice to her. He paid for her. She reminded of her ex as she always had to pay with him, but this guy is showing nice gestures and she always notices a lot of good things. She was starting to feel butterflies inside of her. After drinking the coffee, he asked her if she would want to see him again, and she"
"vtVEZIgMKoEkI6hoyJnd","Gertrud. Gertrud was a lonely old woman closing her 89 years. She has 3 cats and 2 dogs, thinking it was a good time to be alive. However, one day a piano fell from high above the clouds and landed on all five of her pets. Gertrude was livid She screamed in joy while the people around her were astonished about the phenomenon that a piano and not a guitar fell from above. She was happy she didn't have to clean up the piles of squashed cat guts and fur, and set off to the supermarket to buy more melons; she urgently needed those melons to fake her pets' smashed heads to get the insurance money that was set to make her a billionaire. She always dreamed of getting on a big private jet and flying to outer space with all her friends: she had none. And ""planes can't fly that high,"" a clever man. once said. But she didn't believe it. If a dog could be sent to the moon and survive on the way back and she could survive all the rollercoasters in six different continents all over the globe, she could damn well survive a trip to outer space. After all she wasn't just any old lady. She was a grandma who survived raising 10 grandchildren and dealt with multiple ex-lovers, who weren't as spicy in bed. as Mike Tyson on cocaine. ""Mike Tyson on cocaine is the best sexual partner a woman can experience,"" her niece had always said to her, that she should watch him in the ring doing his thing, she said. Gertrude knew exactly what she meant. She's been through the whole thing when she put her children up for adoption in 1978. She called Mike Tyson, who was in the middle of drawing a cat, and asked if he wanted to go to her 4th husband's funeral. He died of a heart attack the doctor said, but Gertrud knew him too well, and his heart was strong enough to pull through, no. SHE KNEW THE DOCTOR WAS LYING. She had to make sure he never opened his mouth again. So she took a roll of duct tape and a casserole from her kitchen. The things you always have in the house, you know? She had to frame the doctor for HER murder. She brought her stuff to the train station where she started a new-age band with Søren Rasted from Aqua. He had nice hair and always talked about the deep voiced singer in his band. Rene Dif, he was a handsome man, he said. And if it wasn't for the society norms and perspective of people in general, they would DEFINITELY FUCK. But unfortunately they lived in rural Russia, where sexual norms were outdated and totally outdated. Well backtracking to Gertrud's agenda with the tape and casserole.. They took the train, and parted ways she had to stop by the morgue to discuss coffin-options. Then she jumped very high with a lot of force, all the way to space, where she met the grand pianomaker and Billy."
"xmFgQW5bh6PcMW6uXdYJ","two people, who randomly met each other at university. And yes, it was random - because as it turned out, they didn't study the same subject, but one of them, Ian, was strolling through the university park with a beer in his hand. It was summer and the new semester had just begun. Clara, who walked through the park occupied with her thoughts, suddenly bumped into Ian and spilled her hot coffee all over him. ""Sorry!"" Ian replied, ""it's alright,"" and began to move on, now with a stained white shirt when the guy with Clara held him. back and asked him ""hey - it was not on purpose, you don't have to be so rude about it."" Ian looked surprised at him and Clara tried to neutralize the situation, but the guy wouldn't stop glaring. So Ian decided to use some quick thinking. ""Sorry I'm shy, and you are really pretty."" Clara blushed, dragged her friend away from the situation, wondering what had just happened. But something was in the air - and she could not figure out whether Ian had meant her or her friend Brian. Hopefully time would tell, after all the year had just begun, and Clara did not want to anticipate anything. The next day, Casper would not stop talking about Ian and his rudeness. Clara grew suspicious - how could she get the man to talk about SOMETHING else than the pretty boy from yesterday. As she was rummaging through her cupboard. , she found the picture from last summer depicting her late father. The funniest man she knew - unfortunately he was not brave enough to come out of the closet, and this would now become her motivation to make Casper realize just how fucking gay he was. No man should be closeted in EVER. Clara thought back to the camp, where Brian got his nickname Casper - and wondered why this had stuck. Maybe it just fit his fucking gayness. ..yeah that's probably it. Anyway, Clara arose from the floor where she had been pondering and walked to the living room, where she found her mom lighting up a huge joint. ""Really, mom, again?"" she screamed, while grabbing her jacket to get the fuck out of there. She called Casper to ask if he wanted to eat lunch together. There was a new hotdog stand near the stadium that she wanted to try out. And the local soccer team was playing a match tonight, so maybe they would both get a kick out of watching hot men running around sweating, with a hotdog in each hand it certainly would provide great entertainment for the afternoon. Casper seemed to be in a great mood today, so maybe they could go to the pub later on as well. Clara needed to get drunk - as soon as possible! It had been a rough summer and she couldn't wait to get to know the local pubs. She started walking towards the"
